gene	R570_mean_TPM	lost_in_Saccharum_hybrid_cultivar	lost_in_Saccharum_officinarum	lost_in_Saccharum_spontaneum	lost_in_Tripidium_arundinaceum
SoffiXsponR570.02Bg029700.v2.1	901.564	no	no	no	yes
SoffiXsponR570.07Ag064600.v2.1	882.662	no	no	no	yes
SoffiXsponR570.02Bg278300.v2.1	526.697	no	no	no	yes
SoffiXsponR570.04Eg065000.v2.1	473.267	no	no	no	yes
SoffiXsponR570.06Eg126400.v2.1	444.582	no	no	no	yes
SoffiXsponR570.05Bg195300.v2.1	422.645	no	no	no	yes
SoffiXsponR570.01Bg230600.v2.1	382.744	no	no	no	yes
SoffiXsponR570.10Bg057700.v2.1	374.879	no	no	no	yes
SoffiXsponR570.8_5Ag056300.v2.1	372.648	no	no	no	yes
SoffiXsponR570.08Eg136600.v2.1	359.545	no	no	no	yes
SoffiXsponR570.01Cg261500.v2.1	357.861	no	no	no	yes
SoffiXsponR570.01Eg096600.v2.1	295.195	no	no	no	yes
SoffiXsponR570.01Bg499400.v2.1	290.816	no	no	no	yes
SoffiXsponR570.09Bg092200.v2.1	277.71	no	no	no	yes
SoffiXsponR570.09Bg037000.v2.1	265.867	no	no	no	yes
SoffiXsponR570.05Bg012600.v2.1	263.739	no	no	no	yes
SoffiXsponR570.04Ag179100.v2.1	263.29	no	no	no	yes
SoffiXsponR570.6_9Ag104800.v2.1	258.959	no	no	no	yes
SoffiXsponR570.09Cg031300.v2.1	255.359	no	no	no	yes
SoffiXsponR570.05Bg116400.v2.1	242.575	no	no	no	yes
SoffiXsponR570.06Eg142300.v2.1	238.399	no	no	no	yes
SoffiXsponR570.07Eg114800.v2.1	235.411	no	no	no	yes
SoffiXsponR570.05Fg042700.v2.1	218.517	no	no	no	yes
SoffiXsponR570.08Eg095200.v2.1	211.439	no	no	no	yes
SoffiXsponR570.01Cg393800.v2.1	205.975	no	no	no	yes
SoffiXsponR570.10Cg068100.v2.1	200.463	no	no	no	yes
SoffiXsponR570.05Eg196400.v2.1	200.042	no	no	no	yes
SoffiXsponR570.05Ag122000.v2.1	198.912	no	no	no	yes
SoffiXsponR570.07Dg060400.v2.1	188.688	no	no	no	yes
SoffiXsponR570.05Eg339500.v2.1	186.488	no	no	no	yes
SoffiXsponR570.06Cg125500.v2.1	181.103	no	no	no	yes
SoffiXsponR570.09Ag037500.v2.1	178.301	no	no	no	yes
SoffiXsponR570.05Bg221800.v2.1	178.225	no	no	no	yes
SoffiXsponR570.07Dg060300.v2.1	162.853	no	no	no	yes
SoffiXsponR570.09Eg040000.v2.1	160.434	no	no	no	yes
SoffiXsponR570.06Ag033700.v2.1	159.981	no	no	no	yes
SoffiXsponR570.9us90g032200.v2.1	158.246	no	no	no	yes
SoffiXsponR570.08Ag159700.v2.1	155.74	no	no	no	yes
SoffiXsponR570.09Ag037700.v2.1	155.138	no	no	no	yes
SoffiXsponR570.03Dg280900.v2.1	151.193	no	no	no	yes
SoffiXsponR570.04Gg029100.v2.1	149.632	no	no	no	yes
SoffiXsponR570.09Ag114800.v2.1	147.36	no	no	no	yes
SoffiXsponR570.01Bg470500.v2.1	145.968	no	no	no	yes
SoffiXsponR570.10Ag097600.v2.1	144.368	no	no	no	yes
SoffiXsponR570.8_10Ag329300.v2.1	144.243	no	no	no	yes
SoffiXsponR570.06Eg123200.v2.1	144.064	no	no	no	yes
SoffiXsponR570.06Fg044100.v2.1	143.87	no	no	no	yes
SoffiXsponR570.03Eg114300.v2.1	140.661	no	no	no	yes
SoffiXsponR570.01Ag520400.v2.1	140.627	no	no	no	yes
SoffiXsponR570.07Cg179500.v2.1	139.891	no	no	no	yes
SoffiXsponR570.10Dg090300.v2.1	139.168	no	no	no	yes
SoffiXsponR570.06Cg183900.v2.1	135.808	no	no	no	yes
SoffiXsponR570.01Ag520500.v2.1	135.58	no	no	no	yes
SoffiXsponR570.04Fg125600.v2.1	132.903	no	no	no	yes
SoffiXsponR570.01Ag549900.v2.1	132.604	no	no	no	yes
SoffiXsponR570.03Ag343100.v2.1	132.007	no	no	no	yes
SoffiXsponR570.05Cg040000.v2.1	129.916	no	no	no	yes
SoffiXsponR570.07Cg129000.v2.1	127.938	no	no	no	yes
SoffiXsponR570.02Eg084300.v2.1	126.75	no	no	no	yes
SoffiXsponR570.6us88g110200.v2.1	126.465	no	no	no	yes
SoffiXsponR570.6us88g109900.v2.1	124.315	no	no	no	yes
SoffiXsponR570.07Dg112100.v2.1	123.293	no	no	no	yes
SoffiXsponR570.05Fg274000.v2.1	122.093	no	no	no	yes
SoffiXsponR570.01Eg041700.v2.1	121.789	no	no	no	yes
SoffiXsponR570.04Ag084600.v2.1	119.582	no	no	no	yes
SoffiXsponR570.5_9Ag045900.v2.1	119.444	no	no	no	yes
SoffiXsponR570.09Eg035300.v2.1	118.725	no	no	no	yes
SoffiXsponR570.04Dg168000.v2.1	116.469	no	no	no	yes
SoffiXsponR570.07Eg183600.v2.1	113.574	no	no	no	yes
SoffiXsponR570.02Dg104700.v2.1	110.27	no	no	no	yes
SoffiXsponR570.01Eg451000.v2.1	109.284	no	no	no	yes
SoffiXsponR570.05Eg032300.v2.1	107.811	no	no	no	yes
SoffiXsponR570.01Bg162100.v2.1	107.038	no	no	no	yes
SoffiXsponR570.08Cg061500.v2.1	106.86	no	no	no	yes
SoffiXsponR570.01Ag331600.v2.1	106.432	no	no	no	yes
SoffiXsponR570.10Ag075000.v2.1	105.821	no	no	no	yes
SoffiXsponR570.07Bg095000.v2.1	103.276	no	no	no	yes
SoffiXsponR570.01Bg313600.v2.1	103.203	no	no	no	yes
SoffiXsponR570.02Dg008500.v2.1	102.445	no	no	no	yes
SoffiXsponR570.8_10Ag031900.v2.1	101.802	no	no	no	yes
SoffiXsponR570.04Dg041100.v2.1	101.424	no	no	no	yes
SoffiXsponR570.09Cg169300.v2.1	101.153	no	no	no	yes
SoffiXsponR570.06Eg025500.v2.1	100.887	no	no	no	yes
SoffiXsponR570.05Fg212800.v2.1	98.808	no	no	no	yes
SoffiXsponR570.1Z008200.v2.1	95.775	no	no	no	yes
SoffiXsponR570.06Dg050600.v2.1	94.259	no	no	no	yes
SoffiXsponR570.04Fg125700.v2.1	93.681	no	no	no	yes
SoffiXsponR570.02Ag029200.v2.1	93.275	no	no	no	yes
SoffiXsponR570.02Bg187500.v2.1	93.038	no	no	no	yes
SoffiXsponR570.7os1g066400.v2.1	91.53	no	yes	no	yes
SoffiXsponR570.03Ag057600.v2.1	91.337	no	no	no	yes
SoffiXsponR570.04Dg052900.v2.1	90.391	no	no	no	yes
SoffiXsponR570.02Ag314900.v2.1	90.236	no	no	no	yes
SoffiXsponR570.02Fg189500.v2.1	90.084	no	no	no	yes
SoffiXsponR570.03Ag054000.v2.1	89.854	no	no	no	yes
SoffiXsponR570.02Fg095400.v2.1	89.666	no	no	no	yes
SoffiXsponR570.09Eg019900.v2.1	89.532	no	no	no	yes
SoffiXsponR570.8_5Ag060000.v2.1	89.308	no	no	no	yes
SoffiXsponR570.04Ag041700.v2.1	88.994	no	no	no	yes
SoffiXsponR570.07Bg052000.v2.1	88.877	no	no	no	yes
SoffiXsponR570.09Ag109400.v2.1	88.138	no	no	no	yes
SoffiXsponR570.05Fg235700.v2.1	88.038	no	no	no	yes
SoffiXsponR570.02Ag199900.v2.1	87.967	no	no	no	yes
SoffiXsponR570.04Dg179200.v2.1	87.863	no	no	no	yes
SoffiXsponR570.7_10Ag272200.v2.1	87.641	no	no	no	yes
SoffiXsponR570.05Gg089400.v2.1	87.11	no	no	no	yes
SoffiXsponR570.02Dg365800.v2.1	87.064	no	no	no	yes
SoffiXsponR570.8_5Ag164300.v2.1	86.971	no	no	no	yes
SoffiXsponR570.02Cg409800.v2.1	86.621	no	no	no	yes
SoffiXsponR570.10Dg021000.v2.1	85.485	no	no	no	yes
SoffiXsponR570.07Bg205400.v2.1	85.39	no	no	no	yes
SoffiXsponR570.05Fg224200.v2.1	84.977	no	no	no	yes
SoffiXsponR570.01Ag373400.v2.1	84.321	no	no	no	yes
SoffiXsponR570.10Dg088600.v2.1	84.043	no	no	no	yes
SoffiXsponR570.08Eg085300.v2.1	84.042	no	no	no	yes
SoffiXsponR570.01Eg183400.v2.1	83.967	no	no	no	yes
SoffiXsponR570.02Eg094500.v2.1	83.965	no	no	no	yes
SoffiXsponR570.4us91g066500.v2.1	83.201	no	no	no	yes
SoffiXsponR570.05Ag377800.v2.1	83.095	no	no	no	yes
SoffiXsponR570.04Dg167900.v2.1	82.746	no	no	no	yes
SoffiXsponR570.01Ag036300.v2.1	82.616	no	no	no	yes
SoffiXsponR570.05Ag389900.v2.1	82.447	no	no	no	yes
SoffiXsponR570.02Ag173300.v2.1	82.374	no	no	no	yes
SoffiXsponR570.03Dg116100.v2.1	82.066	no	no	no	yes
SoffiXsponR570.02Ag218700.v2.1	81.754	no	no	no	yes
SoffiXsponR570.10Ag112900.v2.1	81.262	no	no	no	yes
SoffiXsponR570.10Fg066100.v2.1	80.828	no	no	no	yes
SoffiXsponR570.10Dg150600.v2.1	80.039	no	no	no	yes
SoffiXsponR570.03Eg239200.v2.1	80.027	no	no	no	yes
SoffiXsponR570.05Fg019600.v2.1	79.844	no	no	no	yes
SoffiXsponR570.01Bg489900.v2.1	78.425	no	no	no	yes
SoffiXsponR570.03Cg148600.v2.1	77.428	no	no	no	yes
SoffiXsponR570.09Cg112500.v2.1	77.008	no	no	no	yes
SoffiXsponR570.06Gg079900.v2.1	76.677	no	no	no	yes
SoffiXsponR570.02Eg026200.v2.1	76.386	no	no	no	yes
SoffiXsponR570.07Ag155000.v2.1	76.311	yes	no	no	yes
SoffiXsponR570.01Ag541400.v2.1	75.985	no	no	no	yes
SoffiXsponR570.05Cg077300.v2.1	75.516	no	no	no	yes
SoffiXsponR570.04Eg094700.v2.1	75.237	no	no	no	yes
SoffiXsponR570.01Dg009800.v2.1	74.62	no	no	no	yes
SoffiXsponR570.05Dg325500.v2.1	74.318	no	no	no	yes
SoffiXsponR570.03Ag324400.v2.1	73.427	no	no	no	yes
SoffiXsponR570.03Cg092600.v2.1	72.751	no	no	no	yes
SoffiXsponR570.09Bg108200.v2.1	72.719	no	no	no	yes
SoffiXsponR570.01Eg036100.v2.1	72.582	no	no	no	yes
SoffiXsponR570.01Cg219800.v2.1	71.874	no	no	no	yes
SoffiXsponR570.01Ag040700.v2.1	70.915	no	no	no	yes
SoffiXsponR570.01Dg206900.v2.1	70.849	no	no	no	yes
SoffiXsponR570.02Fg288100.v2.1	70.803	no	no	no	yes
SoffiXsponR570.9os1g058100.v2.1	70.334	no	no	no	yes
SoffiXsponR570.8_5Ag060400.v2.1	70.172	no	no	no	yes
SoffiXsponR570.10Cg077800.v2.1	68.97	no	no	no	yes
SoffiXsponR570.03Cg328100.v2.1	68.497	no	no	no	yes
SoffiXsponR570.02Dg398900.v2.1	68.189	no	no	no	yes
SoffiXsponR570.8_5Ag047800.v2.1	67.968	no	no	no	yes
SoffiXsponR570.05Bg261800.v2.1	67.832	no	no	no	yes
SoffiXsponR570.6_9Ag044400.v2.1	67.567	no	no	no	yes
SoffiXsponR570.02Bg088400.v2.1	67.476	no	no	no	yes
SoffiXsponR570.5_9Ag284800.v2.1	67.283	no	no	no	yes
SoffiXsponR570.07Ag129900.v2.1	66.659	no	no	no	yes
SoffiXsponR570.08Ag158800.v2.1	66.624	no	no	no	yes
SoffiXsponR570.02Bg279500.v2.1	66.551	no	no	no	yes
SoffiXsponR570.06Gg049200.v2.1	66.339	no	no	no	yes
SoffiXsponR570.03Eg081500.v2.1	66.275	no	no	no	yes
SoffiXsponR570.08Dg165900.v2.1	66.16	no	no	no	yes
SoffiXsponR570.05Eg060900.v2.1	66.087	no	no	no	yes
SoffiXsponR570.01Eg056200.v2.1	66.023	no	no	no	yes
SoffiXsponR570.07Dg063600.v2.1	65.907	no	no	no	yes
SoffiXsponR570.07Bg104100.v2.1	65.89	no	no	no	yes
SoffiXsponR570.07Ag127700.v2.1	65.821	no	no	no	yes
SoffiXsponR570.05Bg059900.v2.1	65.762	no	no	no	yes
SoffiXsponR570.07Eg156100.v2.1	65.384	no	no	no	yes
SoffiXsponR570.08Bg156400.v2.1	65.288	no	no	no	yes
SoffiXsponR570.04Eg105700.v2.1	65.004	no	no	no	yes
SoffiXsponR570.04Cg140900.v2.1	64.897	no	no	no	yes
SoffiXsponR570.04Ag202100.v2.1	64.737	no	no	no	yes
SoffiXsponR570.01Ag088600.v2.1	64.675	no	no	no	yes
SoffiXsponR570.1Z297200.v2.1	64.206	no	no	no	yes
SoffiXsponR570.01Eg423700.v2.1	63.873	no	no	no	yes
SoffiXsponR570.06Fg163200.v2.1	63.562	no	no	no	yes
SoffiXsponR570.05Fg279800.v2.1	63.51	no	no	no	yes
SoffiXsponR570.05Gg025700.v2.1	63.317	no	no	no	yes
SoffiXsponR570.02Fg028600.v2.1	63.223	no	no	no	yes
SoffiXsponR570.01Bg469600.v2.1	63.152	no	no	no	yes
SoffiXsponR570.09Bg102800.v2.1	62.747	no	no	no	yes
SoffiXsponR570.05Fg291900.v2.1	62.54	no	no	no	yes
SoffiXsponR570.03Cg286300.v2.1	62.384	no	no	no	yes
SoffiXsponR570.7_10Ag232500.v2.1	62.35	no	no	no	yes
SoffiXsponR570.10Ag213000.v2.1	62.044	no	no	no	yes
SoffiXsponR570.07Bg168500.v2.1	61.186	no	no	no	yes
SoffiXsponR570.9os1g022300.v2.1	60.951	no	no	no	yes
SoffiXsponR570.05Bg023200.v2.1	60.914	no	no	no	yes
SoffiXsponR570.09Dg074800.v2.1	60.824	no	no	no	yes
SoffiXsponR570.05Fg005000.v2.1	60.552	no	no	no	yes
SoffiXsponR570.01Bg170600.v2.1	60.197	no	no	no	yes
SoffiXsponR570.01Eg136200.v2.1	60.106	no	no	no	yes
SoffiXsponR570.05Eg278900.v2.1	59.062	no	no	no	yes
SoffiXsponR570.06Fg128000.v2.1	58.671	no	no	no	yes
SoffiXsponR570.10Ag181500.v2.1	58.619	no	no	no	yes
SoffiXsponR570.06Eg151200.v2.1	58.337	no	no	no	yes
SoffiXsponR570.07Bg214900.v2.1	58.155	no	no	no	yes
SoffiXsponR570.05Bg344200.v2.1	58.093	no	no	no	yes
SoffiXsponR570.03Bg282500.v2.1	57.849	no	no	no	yes
SoffiXsponR570.09Ag008600.v2.1	57.666	no	no	no	yes
SoffiXsponR570.02Gg303600.v2.1	57.662	no	no	no	yes
SoffiXsponR570.02Dg089100.v2.1	57.644	no	no	no	yes
SoffiXsponR570.10Dg116800.v2.1	57.642	no	no	no	yes
SoffiXsponR570.04Bg072800.v2.1	57.287	no	no	no	yes
SoffiXsponR570.10Ag169600.v2.1	56.857	no	no	no	yes
SoffiXsponR570.10Ag025100.v2.1	56.819	no	no	no	yes
SoffiXsponR570.1Z178900.v2.1	56.725	no	no	no	yes
SoffiXsponR570.02Ag429500.v2.1	56.433	no	no	no	yes
SoffiXsponR570.02Bg007600.v2.1	56.104	no	no	no	yes
SoffiXsponR570.03Eg212700.v2.1	55.812	no	no	no	yes
SoffiXsponR570.06Eg013800.v2.1	55.742	no	no	no	yes
SoffiXsponR570.03Gg078800.v2.1	55.673	no	no	no	yes
SoffiXsponR570.05Bg074100.v2.1	55.248	no	no	no	yes
SoffiXsponR570.08Cg191400.v2.1	55.13	no	no	no	yes
SoffiXsponR570.08Bg151100.v2.1	55.004	no	no	no	yes
SoffiXsponR570.03Bg073600.v2.1	54.695	no	no	no	yes
SoffiXsponR570.08Bg169600.v2.1	54.623	no	no	no	yes
SoffiXsponR570.02Ag000400.v2.1	54.56	no	no	no	yes
SoffiXsponR570.10Ag030900.v2.1	53.867	no	no	no	yes
SoffiXsponR570.05Bg305400.v2.1	53.682	no	no	no	yes
SoffiXsponR570.04Eg059900.v2.1	53.679	no	no	no	yes
SoffiXsponR570.06Bg002200.v2.1	53.517	no	no	no	yes
SoffiXsponR570.01Cg120900.v2.1	53.343	no	no	no	yes
SoffiXsponR570.01Fg311000.v2.1	53.328	no	no	no	yes
SoffiXsponR570.10Ag009200.v2.1	53.234	no	no	no	yes
SoffiXsponR570.03Eg284300.v2.1	53.136	no	no	no	yes
SoffiXsponR570.02Fg257000.v2.1	52.921	no	no	no	yes
SoffiXsponR570.5_9Ag345500.v2.1	52.834	no	no	no	yes
SoffiXsponR570.08Dg047100.v2.1	52.535	no	no	no	yes
SoffiXsponR570.09Cg045600.v2.1	52.365	no	no	no	yes
SoffiXsponR570.02Fg109100.v2.1	52.345	no	no	no	yes
SoffiXsponR570.05Fg232800.v2.1	52.189	no	no	no	yes
SoffiXsponR570.03Ag059300.v2.1	52.023	no	no	no	yes
SoffiXsponR570.01Ag480700.v2.1	51.97	no	no	no	yes
SoffiXsponR570.7_10Ag176400.v2.1	51.934	no	no	no	yes
SoffiXsponR570.06Eg072200.v2.1	51.793	no	no	no	yes
SoffiXsponR570.05Bg384900.v2.1	51.694	no	no	no	yes
SoffiXsponR570.02Gg023300.v2.1	51.624	no	no	no	yes
SoffiXsponR570.06Fg113900.v2.1	51.449	no	no	no	yes
SoffiXsponR570.02Fg086300.v2.1	51.422	no	no	no	yes
SoffiXsponR570.07Cg049600.v2.1	51.367	no	no	no	yes
SoffiXsponR570.04Dg023600.v2.1	51.177	no	no	no	yes
SoffiXsponR570.05Cg177900.v2.1	50.927	no	no	no	yes
SoffiXsponR570.07Dg033900.v2.1	50.813	no	no	no	yes
SoffiXsponR570.03Ag281600.v2.1	50.807	no	no	no	yes
SoffiXsponR570.04Gg013100.v2.1	50.737	no	no	no	yes
SoffiXsponR570.10Cg134300.v2.1	50.575	no	no	no	yes
SoffiXsponR570.07Eg172800.v2.1	50.491	no	no	no	yes
SoffiXsponR570.8_5Ag208200.v2.1	50.483	no	no	no	yes
SoffiXsponR570.04Bg163600.v2.1	50.451	no	no	no	yes
SoffiXsponR570.04Eg123500.v2.1	50.427	no	no	no	yes
SoffiXsponR570.07Ag067000.v2.1	50.052	no	no	no	yes
SoffiXsponR570.10Cg053400.v2.1	49.997	no	no	no	yes
SoffiXsponR570.07Ag040700.v2.1	49.814	no	no	no	yes
SoffiXsponR570.07Eg028300.v2.1	49.263	no	no	no	yes
SoffiXsponR570.01Ag046900.v2.1	49.188	no	no	no	yes
SoffiXsponR570.07Ag044200.v2.1	49.12	no	no	no	yes
SoffiXsponR570.04Dg159800.v2.1	48.485	no	no	no	yes
SoffiXsponR570.03Bg177100.v2.1	48.309	no	no	no	yes
SoffiXsponR570.10Dg067300.v2.1	48.247	no	no	no	yes
SoffiXsponR570.07Ag074100.v2.1	48.041	no	no	no	yes
SoffiXsponR570.8_5Ag047500.v2.1	47.879	no	no	no	yes
SoffiXsponR570.02Bg246000.v2.1	47.494	no	no	no	yes
SoffiXsponR570.06Ag011000.v2.1	47.487	no	no	no	yes
SoffiXsponR570.01Cg120800.v2.1	47.262	no	no	no	yes
SoffiXsponR570.03Eg080900.v2.1	47.163	no	no	no	yes
SoffiXsponR570.06Gg127500.v2.1	47.158	no	no	no	yes
SoffiXsponR570.07Dg178900.v2.1	47.132	no	no	no	yes
SoffiXsponR570.02Ag052400.v2.1	47.1	no	no	no	yes
SoffiXsponR570.06Fg109300.v2.1	46.881	no	no	no	yes
SoffiXsponR570.7_10Ag354900.v2.1	46.87	no	no	no	yes
SoffiXsponR570.05Bg053300.v2.1	46.816	no	no	no	yes
SoffiXsponR570.05Dg037600.v2.1	46.761	no	no	no	yes
SoffiXsponR570.03Dg124700.v2.1	46.733	no	no	no	yes
SoffiXsponR570.04Ag056800.v2.1	46.664	no	no	no	yes
SoffiXsponR570.5os2g006000.v2.1	46.455	no	no	no	yes
SoffiXsponR570.01Ag418100.v2.1	46.278	no	no	no	yes
SoffiXsponR570.06Ag194500.v2.1	45.888	no	no	no	yes
SoffiXsponR570.06Ag148800.v2.1	45.847	no	no	no	yes
SoffiXsponR570.01Ag230100.v2.1	45.766	no	no	no	yes
SoffiXsponR570.05Ag323600.v2.1	45.528	no	no	no	yes
SoffiXsponR570.05Bg081500.v2.1	45.476	no	no	no	yes
SoffiXsponR570.03Bg266600.v2.1	45.309	no	no	no	yes
SoffiXsponR570.09Dg006200.v2.1	45.185	no	no	no	yes
SoffiXsponR570.08Bg065700.v2.1	45.029	no	no	no	yes
SoffiXsponR570.07Bg262800.v2.1	44.817	no	no	no	yes
SoffiXsponR570.08Bg191600.v2.1	44.762	no	no	no	yes
SoffiXsponR570.01Bg281800.v2.1	44.729	no	no	no	yes
SoffiXsponR570.07Cg096000.v2.1	44.436	no	no	no	yes
SoffiXsponR570.05Cg069600.v2.1	44.372	no	no	no	yes
SoffiXsponR570.08Ag134000.v2.1	43.944	no	no	no	yes
SoffiXsponR570.08Bg068000.v2.1	43.843	no	no	no	yes
SoffiXsponR570.05Eg144700.v2.1	43.823	no	no	no	yes
SoffiXsponR570.01Eg411800.v2.1	43.715	no	no	no	yes
SoffiXsponR570.6_9Ag210100.v2.1	43.481	no	no	no	yes
SoffiXsponR570.05Eg072700.v2.1	43.252	no	no	no	yes
SoffiXsponR570.07Bg140100.v2.1	43.055	no	no	no	yes
SoffiXsponR570.08Bg154500.v2.1	43.054	no	no	no	yes
SoffiXsponR570.05Gg161800.v2.1	42.947	no	no	no	yes
SoffiXsponR570.05Fg166000.v2.1	42.92	no	no	no	yes
SoffiXsponR570.8_5Ag103600.v2.1	42.788	no	no	no	yes
SoffiXsponR570.01Dg201500.v2.1	42.785	no	no	no	yes
SoffiXsponR570.03Dg139400.v2.1	42.687	no	no	no	yes
SoffiXsponR570.05Fg297500.v2.1	42.673	no	no	no	yes
SoffiXsponR570.05Eg121400.v2.1	42.538	no	no	no	yes
SoffiXsponR570.04Gg006600.v2.1	42.51	no	no	no	yes
SoffiXsponR570.10us89g099600.v2.1	42.482	no	no	no	yes
SoffiXsponR570.01Ag452800.v2.1	42.451	no	no	no	yes
SoffiXsponR570.06Gg097500.v2.1	42.393	no	no	no	yes
SoffiXsponR570.01Eg360800.v2.1	42.215	no	no	no	yes
SoffiXsponR570.10Dg089500.v2.1	42.085	no	no	no	yes
SoffiXsponR570.08Ag181400.v2.1	41.999	no	no	no	yes
SoffiXsponR570.06Ag216000.v2.1	41.704	no	no	no	yes
SoffiXsponR570.5_9Ag447100.v2.1	41.644	no	no	no	yes
SoffiXsponR570.01Ag055000.v2.1	41.369	no	no	no	yes
SoffiXsponR570.05Cg007700.v2.1	41.326	no	no	no	yes
SoffiXsponR570.01Bg481800.v2.1	41.154	no	no	no	yes
SoffiXsponR570.5_9Ag079300.v2.1	41.044	no	no	no	yes
SoffiXsponR570.09Dg074700.v2.1	40.952	no	no	no	yes
SoffiXsponR570.02Ag405900.v2.1	40.893	no	no	no	yes
SoffiXsponR570.02Eg086200.v2.1	40.882	no	no	no	yes
SoffiXsponR570.02Ag336200.v2.1	40.878	no	no	no	yes
SoffiXsponR570.06Fg124800.v2.1	40.853	no	no	no	yes
SoffiXsponR570.02Gg178700.v2.1	40.82	no	no	no	yes
SoffiXsponR570.02Bg257700.v2.1	40.777	no	no	no	yes
SoffiXsponR570.02Cg379700.v2.1	40.589	no	no	no	yes
SoffiXsponR570.05Bg224900.v2.1	40.563	no	no	no	yes
SoffiXsponR570.01Bg255200.v2.1	40.546	no	no	no	yes
SoffiXsponR570.5_9Ag471300.v2.1	40.418	no	no	no	yes
SoffiXsponR570.01Bg317200.v2.1	40.38	no	no	no	yes
SoffiXsponR570.04Dg167600.v2.1	40.295	no	no	no	yes
SoffiXsponR570.02Bg109900.v2.1	40.233	no	no	no	yes
SoffiXsponR570.09Dg066100.v2.1	40.081	no	no	no	yes
SoffiXsponR570.06Fg014800.v2.1	39.922	no	no	no	yes
SoffiXsponR570.06Gg068600.v2.1	39.851	no	no	no	yes
SoffiXsponR570.01Bg358500.v2.1	39.846	no	no	no	yes
SoffiXsponR570.02Bg154600.v2.1	39.798	no	no	no	yes
SoffiXsponR570.02Dg363500.v2.1	39.717	no	no	no	yes
SoffiXsponR570.05Bg282300.v2.1	39.624	no	no	no	yes
SoffiXsponR570.01Cg122800.v2.1	39.543	no	no	no	yes
SoffiXsponR570.02Ag135400.v2.1	39.518	no	no	no	yes
SoffiXsponR570.02Fg111700.v2.1	39.471	no	no	no	yes
SoffiXsponR570.10Eg096100.v2.1	39.357	no	no	no	yes
SoffiXsponR570.05Eg005900.v2.1	39.315	no	no	no	yes
SoffiXsponR570.02Gg032200.v2.1	39.271	no	no	no	yes
SoffiXsponR570.03Dg288500.v2.1	39.175	no	no	no	yes
SoffiXsponR570.03Eg252600.v2.1	39.113	no	no	no	yes
SoffiXsponR570.03Bg055300.v2.1	39.084	no	no	no	yes
SoffiXsponR570.01Ag532200.v2.1	39.027	no	no	no	yes
SoffiXsponR570.01Ag106800.v2.1	38.99	no	no	no	yes
SoffiXsponR570.03Bg181100.v2.1	38.971	no	no	no	yes
SoffiXsponR570.8_10Ag011100.v2.1	38.884	no	no	no	yes
SoffiXsponR570.08Eg084700.v2.1	38.819	no	no	no	yes
SoffiXsponR570.04Dg044500.v2.1	38.784	no	no	no	yes
SoffiXsponR570.07Eg226200.v2.1	38.726	no	no	no	yes
SoffiXsponR570.02Bg133500.v2.1	38.701	no	no	no	yes
SoffiXsponR570.1Z198800.v2.1	38.699	no	no	no	yes
SoffiXsponR570.02Ag428900.v2.1	38.557	no	no	no	yes
SoffiXsponR570.02Bg300400.v2.1	38.511	no	no	no	yes
SoffiXsponR570.02Ag329900.v2.1	38.411	no	no	no	yes
SoffiXsponR570.03Eg123200.v2.1	38.399	no	no	no	yes
SoffiXsponR570.01Cg367300.v2.1	38.354	no	no	no	yes
SoffiXsponR570.05Fg027100.v2.1	37.979	no	no	no	yes
SoffiXsponR570.09Cg088700.v2.1	37.848	no	no	no	yes
SoffiXsponR570.02Cg211000.v2.1	37.665	no	no	no	yes
SoffiXsponR570.04Fg158400.v2.1	37.601	no	no	no	yes
SoffiXsponR570.01Bg255600.v2.1	37.544	no	no	no	yes
SoffiXsponR570.02Fg212200.v2.1	37.522	no	no	no	yes
SoffiXsponR570.03Bg034000.v2.1	37.51	no	no	no	yes
SoffiXsponR570.05Cg276500.v2.1	37.493	no	no	no	yes
SoffiXsponR570.05Dg072900.v2.1	37.314	no	no	no	yes
SoffiXsponR570.07Dg169200.v2.1	37.31	no	no	no	yes
SoffiXsponR570.02Fg008600.v2.1	37.274	no	no	no	yes
SoffiXsponR570.08Cg103400.v2.1	37.255	no	no	no	yes
SoffiXsponR570.05Fg209700.v2.1	37.041	no	no	no	yes
SoffiXsponR570.04Dg016300.v2.1	37.003	no	no	no	yes
SoffiXsponR570.01Dg132700.v2.1	36.944	no	no	no	yes
SoffiXsponR570.03Eg173200.v2.1	36.922	no	no	no	yes
SoffiXsponR570.01Dg361800.v2.1	36.884	no	no	no	yes
SoffiXsponR570.5_9Ag036200.v2.1	36.861	no	no	no	yes
SoffiXsponR570.10Dg152200.v2.1	36.807	no	no	no	yes
SoffiXsponR570.01Cg084400.v2.1	36.747	no	no	no	yes
SoffiXsponR570.05Dg124300.v2.1	36.726	no	no	no	yes
SoffiXsponR570.8_5Ag076700.v2.1	36.721	no	no	no	yes
SoffiXsponR570.01Fg233900.v2.1	36.543	no	no	no	yes
SoffiXsponR570.05Fg286700.v2.1	36.511	no	no	no	yes
SoffiXsponR570.09Cg149400.v2.1	36.495	no	no	no	yes
SoffiXsponR570.06Dg121000.v2.1	36.474	no	no	no	yes
SoffiXsponR570.10Ag003500.v2.1	36.441	no	no	no	yes
SoffiXsponR570.02Cg138600.v2.1	36.229	no	no	no	yes
SoffiXsponR570.06Eg062300.v2.1	36.102	no	no	no	yes
SoffiXsponR570.03Gg011700.v2.1	36.079	no	no	no	yes
SoffiXsponR570.04Ag031100.v2.1	35.954	no	no	no	yes
SoffiXsponR570.03Ag202700.v2.1	35.889	no	no	no	yes
SoffiXsponR570.10Ag003600.v2.1	35.868	no	no	no	yes
SoffiXsponR570.01Bg490300.v2.1	35.859	no	no	no	yes
SoffiXsponR570.01Ag396200.v2.1	35.851	no	no	no	yes
SoffiXsponR570.01Ag272600.v2.1	35.731	no	no	no	yes
SoffiXsponR570.05Gg089600.v2.1	35.667	no	no	no	yes
SoffiXsponR570.01Cg018500.v2.1	35.662	no	no	no	yes
SoffiXsponR570.06Ag106100.v2.1	35.653	no	no	no	yes
SoffiXsponR570.01Eg184300.v2.1	35.594	no	no	no	yes
SoffiXsponR570.06Gg054200.v2.1	35.546	no	no	no	yes
SoffiXsponR570.06Cg089300.v2.1	35.527	no	no	no	yes
SoffiXsponR570.4us91g045200.v2.1	35.485	no	no	no	yes
SoffiXsponR570.09Eg063100.v2.1	35.484	no	no	no	yes
SoffiXsponR570.10os1g012700.v2.1	35.294	no	no	no	yes
SoffiXsponR570.10Ag105600.v2.1	35.288	no	no	no	yes
SoffiXsponR570.04Cg222400.v2.1	35.154	no	no	no	yes
SoffiXsponR570.10Cg118800.v2.1	35.073	no	no	no	yes
SoffiXsponR570.05Eg133700.v2.1	35.03	no	no	no	yes
SoffiXsponR570.05Bg208000.v2.1	35.011	no	no	no	yes
SoffiXsponR570.05Fg241300.v2.1	34.999	no	no	no	yes
SoffiXsponR570.02Eg367900.v2.1	34.876	no	no	no	yes
SoffiXsponR570.02Fg347000.v2.1	34.788	no	no	no	yes
SoffiXsponR570.10Bg151700.v2.1	34.718	no	no	no	yes
SoffiXsponR570.06Eg048500.v2.1	34.691	no	no	no	yes
SoffiXsponR570.05Cg357200.v2.1	34.622	no	no	no	yes
SoffiXsponR570.05Dg265500.v2.1	34.612	no	no	no	yes
SoffiXsponR570.04Bg228100.v2.1	34.553	no	no	no	yes
SoffiXsponR570.08Bg072300.v2.1	34.548	no	no	no	yes
SoffiXsponR570.1Z144000.v2.1	34.343	no	no	no	yes
SoffiXsponR570.06Cg039300.v2.1	34.343	no	no	no	yes
SoffiXsponR570.03Bg221500.v2.1	34.285	no	no	no	yes
SoffiXsponR570.03Gg107900.v2.1	34.165	no	no	no	yes
SoffiXsponR570.7os1g045600.v2.1	34.061	no	no	no	yes
SoffiXsponR570.04Dg015500.v2.1	33.99	no	no	no	yes
SoffiXsponR570.01Cg179600.v2.1	33.984	no	no	no	yes
SoffiXsponR570.8_10Ag279500.v2.1	33.981	no	no	no	yes
SoffiXsponR570.01Ag485400.v2.1	33.872	no	no	no	yes
SoffiXsponR570.03Gg087900.v2.1	33.569	no	no	no	yes
SoffiXsponR570.02Dg309200.v2.1	33.522	no	no	no	yes
SoffiXsponR570.05Fg144600.v2.1	33.521	no	no	no	yes
SoffiXsponR570.01Cg255500.v2.1	33.459	no	no	no	yes
SoffiXsponR570.07Cg034300.v2.1	33.423	no	no	no	yes
SoffiXsponR570.07Dg167300.v2.1	33.401	no	no	no	yes
SoffiXsponR570.01Fg131800.v2.1	33.394	no	no	no	yes
SoffiXsponR570.03Dg058600.v2.1	33.39	no	no	no	yes
SoffiXsponR570.03Cg205100.v2.1	33.389	no	no	no	yes
SoffiXsponR570.06Gg075900.v2.1	33.386	no	no	no	yes
SoffiXsponR570.01Dg017600.v2.1	33.362	no	no	no	yes
SoffiXsponR570.09Eg008700.v2.1	33.253	no	no	no	yes
SoffiXsponR570.02Bg025700.v2.1	33.249	no	no	no	yes
SoffiXsponR570.05Ag232000.v2.1	33.246	no	no	no	yes
SoffiXsponR570.01Fg240800.v2.1	33.212	no	no	no	yes
SoffiXsponR570.04Fg119100.v2.1	33.171	no	no	no	yes
SoffiXsponR570.05Cg026300.v2.1	33.119	no	no	no	yes
SoffiXsponR570.02Eg026300.v2.1	33.105	no	no	no	yes
SoffiXsponR570.06Ag173500.v2.1	33.061	no	no	no	yes
SoffiXsponR570.07Eg163500.v2.1	33.026	no	no	no	yes
SoffiXsponR570.05Fg197100.v2.1	32.96	no	no	no	yes
SoffiXsponR570.02Eg098000.v2.1	32.91	no	no	no	yes
SoffiXsponR570.02Dg315400.v2.1	32.893	no	no	no	yes
SoffiXsponR570.10Dg073500.v2.1	32.85	no	no	no	yes
SoffiXsponR570.01Bg228200.v2.1	32.527	no	no	no	yes
SoffiXsponR570.05Cg246700.v2.1	32.465	no	no	no	yes
SoffiXsponR570.01Eg106800.v2.1	32.456	no	no	no	yes
SoffiXsponR570.10Bg118100.v2.1	32.399	no	no	no	yes
SoffiXsponR570.02Ag354400.v2.1	32.336	no	no	no	yes
SoffiXsponR570.10Eg114200.v2.1	32.324	no	no	no	yes
SoffiXsponR570.04Cg016700.v2.1	32.215	no	no	no	yes
SoffiXsponR570.07Ag204500.v2.1	32.159	no	no	no	yes
SoffiXsponR570.01Eg321000.v2.1	31.958	no	no	no	yes
SoffiXsponR570.04Ag102000.v2.1	31.926	no	no	no	yes
SoffiXsponR570.03Bg057300.v2.1	31.85	no	no	no	yes
SoffiXsponR570.10us89g044500.v2.1	31.815	no	no	no	yes
SoffiXsponR570.06Cg159200.v2.1	31.754	no	no	no	yes
SoffiXsponR570.09Cg107700.v2.1	31.713	no	no	no	yes
SoffiXsponR570.05Gg150800.v2.1	31.689	no	no	no	yes
SoffiXsponR570.03Eg100900.v2.1	31.686	no	no	no	yes
SoffiXsponR570.01Ag146600.v2.1	31.661	no	no	no	yes
SoffiXsponR570.05Eg243200.v2.1	31.653	no	no	no	yes
SoffiXsponR570.03Eg059400.v2.1	31.644	no	no	no	yes
SoffiXsponR570.02Bg298800.v2.1	31.543	no	no	no	yes
SoffiXsponR570.05Fg157700.v2.1	31.48	no	no	no	yes
SoffiXsponR570.02Ag355000.v2.1	31.456	no	no	no	yes
SoffiXsponR570.05Cg131600.v2.1	31.442	no	no	no	yes
SoffiXsponR570.10Dg125700.v2.1	31.394	no	no	no	yes
SoffiXsponR570.10Ag217600.v2.1	31.182	no	no	no	yes
SoffiXsponR570.07Dg152100.v2.1	31.154	no	no	no	yes
SoffiXsponR570.06Fg015200.v2.1	31.122	no	no	no	yes
SoffiXsponR570.06Cg086500.v2.1	31.002	no	no	no	yes
SoffiXsponR570.1Z229700.v2.1	31.001	no	no	no	yes
SoffiXsponR570.05Bg145400.v2.1	30.996	no	no	no	yes
SoffiXsponR570.07Ag195400.v2.1	30.822	no	no	no	yes
SoffiXsponR570.7os1g039400.v2.1	30.811	no	no	no	yes
SoffiXsponR570.02Ag193900.v2.1	30.806	no	no	no	yes
SoffiXsponR570.01Dg355900.v2.1	30.771	no	no	no	yes
SoffiXsponR570.01Cg150800.v2.1	30.764	no	no	no	yes
SoffiXsponR570.01Ag062500.v2.1	30.727	no	no	no	yes
SoffiXsponR570.01Cg228200.v2.1	30.727	no	no	no	yes
SoffiXsponR570.01Ag524600.v2.1	30.676	no	no	no	yes
SoffiXsponR570.05Ag069600.v2.1	30.673	no	no	no	yes
SoffiXsponR570.02Eg095000.v2.1	30.66	no	no	no	yes
SoffiXsponR570.01Eg056000.v2.1	30.622	no	no	no	yes
SoffiXsponR570.01Dg345100.v2.1	30.59	no	no	no	yes
SoffiXsponR570.02Bg336300.v2.1	30.562	no	no	no	yes
SoffiXsponR570.02Bg376200.v2.1	30.529	no	no	no	yes
SoffiXsponR570.07Ag194700.v2.1	30.463	no	no	no	yes
SoffiXsponR570.01Cg260100.v2.1	30.435	no	no	no	yes
SoffiXsponR570.01Fg338300.v2.1	30.42	no	no	no	yes
SoffiXsponR570.03Ag179300.v2.1	30.419	no	no	no	yes
SoffiXsponR570.06Fg124200.v2.1	30.382	no	no	no	yes
SoffiXsponR570.10Eg003100.v2.1	30.315	no	no	no	yes
SoffiXsponR570.05Bg297600.v2.1	30.298	no	no	no	yes
SoffiXsponR570.04Eg110400.v2.1	30.287	no	no	no	yes
SoffiXsponR570.09Cg075400.v2.1	30.253	no	no	no	yes
SoffiXsponR570.03Eg076300.v2.1	30.245	no	no	no	yes
SoffiXsponR570.09Cg043000.v2.1	30.191	no	no	no	yes
SoffiXsponR570.02Fg111500.v2.1	30.124	no	no	no	yes
SoffiXsponR570.06Fg025200.v2.1	30.088	no	no	no	yes
SoffiXsponR570.01Ag112100.v2.1	29.988	no	no	no	yes
SoffiXsponR570.01Ag314200.v2.1	29.888	no	no	no	yes
SoffiXsponR570.03Dg211900.v2.1	29.882	no	no	no	yes
SoffiXsponR570.05Bg207900.v2.1	29.877	no	no	no	yes
SoffiXsponR570.07Eg122000.v2.1	29.869	no	no	no	yes
SoffiXsponR570.08Ag133800.v2.1	29.702	no	no	no	yes
SoffiXsponR570.03Ag188200.v2.1	29.554	no	no	no	yes
SoffiXsponR570.04Ag203400.v2.1	29.507	no	no	no	yes
SoffiXsponR570.05Eg259200.v2.1	29.362	no	no	no	yes
SoffiXsponR570.02Ag335000.v2.1	29.351	no	no	no	yes
SoffiXsponR570.1Z116200.v2.1	29.326	no	no	no	yes
SoffiXsponR570.04Ag099000.v2.1	29.321	no	no	no	yes
SoffiXsponR570.01Cg298200.v2.1	29.32	no	no	no	yes
SoffiXsponR570.06Dg118400.v2.1	29.317	no	no	no	yes
SoffiXsponR570.8_5Ag171200.v2.1	29.259	no	no	no	yes
SoffiXsponR570.07Bg043500.v2.1	29.209	no	no	no	yes
SoffiXsponR570.05Gg126000.v2.1	29.191	no	no	no	yes
SoffiXsponR570.01Eg060300.v2.1	29.162	no	no	no	yes
SoffiXsponR570.07Ag189800.v2.1	29.109	no	no	no	yes
SoffiXsponR570.04Ag084300.v2.1	29.105	no	no	no	yes
SoffiXsponR570.03Ag022700.v2.1	29.079	no	no	no	yes
SoffiXsponR570.5_9Ag046700.v2.1	29.074	no	no	no	yes
SoffiXsponR570.03Cg042000.v2.1	29.021	no	no	no	yes
SoffiXsponR570.01Cg006000.v2.1	28.998	no	no	no	yes
SoffiXsponR570.01Ag192300.v2.1	28.994	no	no	no	yes
SoffiXsponR570.06Dg125400.v2.1	28.992	no	no	no	yes
SoffiXsponR570.05Ag253200.v2.1	28.915	no	no	no	yes
SoffiXsponR570.02Fg025000.v2.1	28.909	no	no	no	yes
SoffiXsponR570.04Ag034000.v2.1	28.809	no	no	no	yes
SoffiXsponR570.07Eg203600.v2.1	28.746	no	no	no	yes
SoffiXsponR570.07Ag118800.v2.1	28.724	no	no	no	yes
SoffiXsponR570.05Eg302000.v2.1	28.651	no	no	no	yes
SoffiXsponR570.03Ag233500.v2.1	28.469	no	no	no	yes
SoffiXsponR570.09Ag086200.v2.1	28.465	no	no	no	yes
SoffiXsponR570.02Fg152600.v2.1	28.46	no	no	no	yes
SoffiXsponR570.08Bg040700.v2.1	28.435	no	no	no	yes
SoffiXsponR570.6_9Ag302000.v2.1	28.41	no	no	no	yes
SoffiXsponR570.01Bg256400.v2.1	28.379	no	no	no	yes
SoffiXsponR570.02Dg326400.v2.1	28.367	no	no	no	yes
SoffiXsponR570.02Ag278400.v2.1	28.344	no	no	no	yes
SoffiXsponR570.08Ag131100.v2.1	28.335	no	no	no	yes
SoffiXsponR570.01Eg200200.v2.1	28.321	no	no	no	yes
SoffiXsponR570.05Fg273700.v2.1	28.294	no	no	no	yes
SoffiXsponR570.5_9Ag367000.v2.1	28.281	no	no	no	yes
SoffiXsponR570.10Dg170100.v2.1	28.251	no	no	no	yes
SoffiXsponR570.01Cg356000.v2.1	28.19	no	no	no	yes
SoffiXsponR570.03Eg278500.v2.1	28.135	no	no	no	yes
SoffiXsponR570.09Eg055000.v2.1	28.131	no	no	no	yes
SoffiXsponR570.09Bg099200.v2.1	28.112	no	no	no	yes
SoffiXsponR570.02Bg023400.v2.1	28.09	no	no	no	yes
SoffiXsponR570.05Cg058000.v2.1	28.058	no	no	no	yes
SoffiXsponR570.02Eg008800.v2.1	28.029	no	no	no	yes
SoffiXsponR570.05Eg249800.v2.1	28.022	no	no	no	yes
SoffiXsponR570.05Fg068100.v2.1	27.969	no	no	no	yes
SoffiXsponR570.07Dg218400.v2.1	27.965	no	no	no	yes
SoffiXsponR570.05Cg386600.v2.1	27.958	no	no	no	yes
SoffiXsponR570.01Dg016800.v2.1	27.956	no	no	no	yes
SoffiXsponR570.02Ag232800.v2.1	27.827	no	no	no	yes
SoffiXsponR570.01Dg357700.v2.1	27.814	no	no	no	yes
SoffiXsponR570.02Cg220200.v2.1	27.797	no	no	no	yes
SoffiXsponR570.01Eg262700.v2.1	27.781	no	no	no	yes
SoffiXsponR570.3os1g003800.v2.1	27.734	no	no	no	yes
SoffiXsponR570.10Bg142600.v2.1	27.703	no	no	no	yes
SoffiXsponR570.01Ag394900.v2.1	27.685	no	no	no	yes
SoffiXsponR570.07Eg101200.v2.1	27.61	no	no	no	yes
SoffiXsponR570.06Ag043000.v2.1	27.595	no	no	no	yes
SoffiXsponR570.01Dg192600.v2.1	27.553	no	no	no	yes
SoffiXsponR570.08Eg127700.v2.1	27.5	no	no	no	yes
SoffiXsponR570.02Fg365700.v2.1	27.49	no	no	no	yes
SoffiXsponR570.10Ag090800.v2.1	27.455	no	no	no	yes
SoffiXsponR570.10Eg110700.v2.1	27.343	no	no	no	yes
SoffiXsponR570.8_5Ag179200.v2.1	27.297	no	no	no	yes
SoffiXsponR570.6us88g034800.v2.1	27.247	no	no	no	yes
SoffiXsponR570.02Bg381600.v2.1	27.221	no	no	no	yes
SoffiXsponR570.5_9Ag270400.v2.1	27.197	no	no	no	yes
SoffiXsponR570.8_5Ag252100.v2.1	27.189	no	no	no	yes
SoffiXsponR570.06Eg018600.v2.1	27.115	no	no	no	yes
SoffiXsponR570.02Ag384800.v2.1	27.104	no	no	no	yes
SoffiXsponR570.10Bg106300.v2.1	27.05	no	no	no	yes
SoffiXsponR570.7_10Ag311100.v2.1	26.956	no	no	no	yes
SoffiXsponR570.05Eg246200.v2.1	26.918	no	no	no	yes
SoffiXsponR570.08Dg142500.v2.1	26.899	no	yes	yes	yes
SoffiXsponR570.02Fg057800.v2.1	26.879	no	no	no	yes
SoffiXsponR570.02Ag143200.v2.1	26.873	no	no	no	yes
SoffiXsponR570.02Ag360100.v2.1	26.813	no	no	no	yes
SoffiXsponR570.01Ag192000.v2.1	26.792	no	no	no	yes
SoffiXsponR570.01Cg220600.v2.1	26.761	no	no	no	yes
SoffiXsponR570.05Bg370400.v2.1	26.711	no	no	no	yes
SoffiXsponR570.04Gg066500.v2.1	26.654	no	no	no	yes
SoffiXsponR570.01Eg053600.v2.1	26.59	no	no	no	yes
SoffiXsponR570.08Dg134600.v2.1	26.555	no	no	no	yes
SoffiXsponR570.02Bg329500.v2.1	26.521	no	no	no	yes
SoffiXsponR570.08Dg106600.v2.1	26.502	no	no	no	yes
SoffiXsponR570.05Cg248300.v2.1	26.411	no	no	no	yes
SoffiXsponR570.03Gg099400.v2.1	26.389	no	no	no	yes
SoffiXsponR570.03Eg074500.v2.1	26.372	no	no	no	yes
SoffiXsponR570.01Bg448700.v2.1	26.364	no	no	no	yes
SoffiXsponR570.02Fg109000.v2.1	26.344	no	no	no	yes
SoffiXsponR570.02Bg271300.v2.1	26.344	no	no	no	yes
SoffiXsponR570.9os1g070100.v2.1	26.306	no	no	no	yes
SoffiXsponR570.02Ag427200.v2.1	26.294	no	no	no	yes
SoffiXsponR570.03Cg198700.v2.1	26.277	no	no	no	yes
SoffiXsponR570.03Ag120900.v2.1	26.264	no	no	no	yes
SoffiXsponR570.8_5Ag076800.v2.1	26.245	no	no	no	yes
SoffiXsponR570.07Cg005200.v2.1	26.24	no	no	no	yes
SoffiXsponR570.02Bg151700.v2.1	26.133	no	no	no	yes
SoffiXsponR570.01Fg064500.v2.1	26.09	no	no	no	yes
SoffiXsponR570.01Dg273700.v2.1	26.057	no	no	no	yes
SoffiXsponR570.01Ag464200.v2.1	26.055	no	no	no	yes
SoffiXsponR570.01Bg382700.v2.1	26.016	no	no	no	yes
SoffiXsponR570.07Eg169400.v2.1	25.961	no	no	no	yes
SoffiXsponR570.06Fg162400.v2.1	25.934	no	no	no	yes
SoffiXsponR570.03Cg085700.v2.1	25.922	no	no	no	yes
SoffiXsponR570.01Ag303500.v2.1	25.863	no	no	no	yes
SoffiXsponR570.06Eg004500.v2.1	25.855	no	no	no	yes
SoffiXsponR570.05Ag005900.v2.1	25.84	no	no	no	yes
SoffiXsponR570.04Fg065200.v2.1	25.825	no	no	no	yes
SoffiXsponR570.03Ag236600.v2.1	25.82	no	no	no	yes
SoffiXsponR570.05Bg102100.v2.1	25.8	no	no	no	yes
SoffiXsponR570.04Cg192700.v2.1	25.791	no	no	no	yes
SoffiXsponR570.05Eg115600.v2.1	25.783	no	no	no	yes
SoffiXsponR570.02Gg042100.v2.1	25.779	no	no	no	yes
SoffiXsponR570.06Cg067600.v2.1	25.76	no	no	no	yes
SoffiXsponR570.01Cg166600.v2.1	25.722	no	no	no	yes
SoffiXsponR570.05Fg286200.v2.1	25.712	no	no	no	yes
SoffiXsponR570.07Dg153000.v2.1	25.685	no	no	no	yes
SoffiXsponR570.02Ag324700.v2.1	25.659	no	no	no	yes
SoffiXsponR570.04Ag055900.v2.1	25.652	no	no	no	yes
SoffiXsponR570.01Bg329200.v2.1	25.632	no	no	no	yes
SoffiXsponR570.07Eg026800.v2.1	25.618	no	no	no	yes
SoffiXsponR570.02Bg202700.v2.1	25.606	no	no	no	yes
SoffiXsponR570.01Ag042000.v2.1	25.605	no	no	no	yes
SoffiXsponR570.06Ag034700.v2.1	25.575	no	no	no	yes
SoffiXsponR570.07Eg135700.v2.1	25.551	no	no	no	yes
SoffiXsponR570.05Eg006000.v2.1	25.482	no	no	no	yes
SoffiXsponR570.06Ag201700.v2.1	25.447	no	no	no	yes
SoffiXsponR570.5_9Ag091500.v2.1	25.4	no	no	no	yes
SoffiXsponR570.09Dg122700.v2.1	25.352	no	no	no	yes
SoffiXsponR570.08Dg078500.v2.1	25.35	no	no	no	yes
SoffiXsponR570.08Eg053400.v2.1	25.335	no	no	no	yes
SoffiXsponR570.06Bg042200.v2.1	25.308	no	no	no	yes
SoffiXsponR570.03Bg043400.v2.1	25.239	no	no	no	yes
SoffiXsponR570.05Fg159900.v2.1	25.234	no	no	no	yes
SoffiXsponR570.02Gg019600.v2.1	25.228	no	no	no	yes
SoffiXsponR570.01Ag410000.v2.1	25.217	no	no	no	yes
SoffiXsponR570.01Ag030900.v2.1	25.196	no	no	no	yes
SoffiXsponR570.7_10Ag339300.v2.1	25.185	no	no	no	yes
SoffiXsponR570.05Gg125100.v2.1	25.16	no	no	no	yes
SoffiXsponR570.05Bg380700.v2.1	25.143	no	no	no	yes
SoffiXsponR570.08Ag158700.v2.1	25.11	no	no	no	yes
SoffiXsponR570.07Eg201200.v2.1	25.074	no	no	no	yes
SoffiXsponR570.05Gg076900.v2.1	25.047	no	no	no	yes
SoffiXsponR570.5_9Ag308000.v2.1	25.02	no	no	no	yes
SoffiXsponR570.05Eg115700.v2.1	25.014	no	no	no	yes
SoffiXsponR570.03Eg062700.v2.1	24.959	no	no	no	yes
SoffiXsponR570.05Dg330400.v2.1	24.843	no	no	no	yes
SoffiXsponR570.05Ag026700.v2.1	24.833	no	yes	no	no
SoffiXsponR570.03Cg318100.v2.1	24.833	yes	no	yes	yes
SoffiXsponR570.02Bg105400.v2.1	24.819	no	no	no	yes
SoffiXsponR570.10os1g004300.v2.1	24.758	no	no	no	yes
SoffiXsponR570.01Cg220900.v2.1	24.696	no	no	no	yes
SoffiXsponR570.08Ag170100.v2.1	24.69	no	no	no	yes
SoffiXsponR570.05Bg223100.v2.1	24.675	no	no	no	yes
SoffiXsponR570.8_5Ag081400.v2.1	24.669	no	no	no	yes
SoffiXsponR570.01Dg125600.v2.1	24.613	no	no	no	yes
SoffiXsponR570.02Dg394500.v2.1	24.613	no	no	no	yes
SoffiXsponR570.02Fg029600.v2.1	24.426	no	no	no	yes
SoffiXsponR570.04Ag180500.v2.1	24.424	no	no	no	yes
SoffiXsponR570.05Eg101200.v2.1	24.42	no	no	no	yes
SoffiXsponR570.01Ag081700.v2.1	24.413	no	no	no	yes
SoffiXsponR570.05Cg071200.v2.1	24.382	no	no	no	yes
SoffiXsponR570.03Eg252700.v2.1	24.333	no	no	no	yes
SoffiXsponR570.01Bg448600.v2.1	24.287	no	no	no	yes
SoffiXsponR570.01Cg232700.v2.1	24.279	no	no	no	yes
SoffiXsponR570.04Eg128500.v2.1	24.275	no	no	no	yes
SoffiXsponR570.03Ag238900.v2.1	24.237	no	no	no	yes
SoffiXsponR570.09Ag052700.v2.1	24.219	no	no	no	yes
SoffiXsponR570.02Fg138300.v2.1	24.172	no	no	no	yes
SoffiXsponR570.06Fg136500.v2.1	24.128	no	no	no	yes
SoffiXsponR570.09Bg038400.v2.1	24.102	no	no	no	yes
SoffiXsponR570.01Dg312500.v2.1	23.912	no	no	no	yes
SoffiXsponR570.06Dg007200.v2.1	23.894	no	no	no	yes
SoffiXsponR570.06Gg153500.v2.1	23.849	no	no	no	yes
SoffiXsponR570.08Cg096000.v2.1	23.829	no	no	no	yes
SoffiXsponR570.05Eg165100.v2.1	23.761	no	no	no	yes
SoffiXsponR570.07Bg053700.v2.1	23.751	no	no	no	yes
SoffiXsponR570.05Fg262500.v2.1	23.745	no	no	no	yes
SoffiXsponR570.05Cg133600.v2.1	23.741	no	no	no	yes
SoffiXsponR570.05Bg063300.v2.1	23.732	no	no	no	yes
SoffiXsponR570.02Ag318700.v2.1	23.729	no	no	no	yes
SoffiXsponR570.03Eg290600.v2.1	23.729	no	no	no	yes
SoffiXsponR570.09Ag101800.v2.1	23.725	no	no	no	yes
SoffiXsponR570.09Bg022400.v2.1	23.714	no	no	no	yes
SoffiXsponR570.07Ag117000.v2.1	23.708	no	no	no	yes
SoffiXsponR570.01Eg165700.v2.1	23.665	no	no	no	yes
SoffiXsponR570.02Dg099600.v2.1	23.65	no	no	no	yes
SoffiXsponR570.02Ag283500.v2.1	23.621	no	no	no	yes
SoffiXsponR570.03Ag209300.v2.1	23.594	no	no	no	yes
SoffiXsponR570.04Gg049000.v2.1	23.594	no	no	no	yes
SoffiXsponR570.07Ag197400.v2.1	23.583	no	no	no	yes
SoffiXsponR570.8_10Ag122000.v2.1	23.573	no	no	no	yes
SoffiXsponR570.06Gg089900.v2.1	23.57	no	no	no	yes
SoffiXsponR570.01Ag433900.v2.1	23.54	no	no	no	yes
SoffiXsponR570.07Dg232700.v2.1	23.503	no	no	no	yes
SoffiXsponR570.06Eg138400.v2.1	23.491	no	no	no	yes
SoffiXsponR570.06Dg059400.v2.1	23.487	no	no	no	yes
SoffiXsponR570.09Ag026200.v2.1	23.483	no	no	no	yes
SoffiXsponR570.01Ag007200.v2.1	23.482	no	no	no	yes
SoffiXsponR570.05Bg252300.v2.1	23.443	no	no	no	yes
SoffiXsponR570.01Dg190500.v2.1	23.44	no	no	no	yes
SoffiXsponR570.05Fg184200.v2.1	23.437	no	no	no	yes
SoffiXsponR570.05Bg091700.v2.1	23.416	no	no	no	yes
SoffiXsponR570.8_10Ag100600.v2.1	23.398	no	no	no	yes
SoffiXsponR570.05Eg080500.v2.1	23.287	no	no	no	yes
SoffiXsponR570.05Fg201600.v2.1	23.237	no	no	no	yes
SoffiXsponR570.07Ag067800.v2.1	23.223	no	no	no	yes
SoffiXsponR570.09Cg167700.v2.1	23.219	no	no	no	yes
SoffiXsponR570.07Dg025100.v2.1	23.193	no	no	no	yes
SoffiXsponR570.06Cg000700.v2.1	23.19	no	no	no	yes
SoffiXsponR570.03Dg215000.v2.1	23.18	no	no	no	yes
SoffiXsponR570.07Dg175800.v2.1	23.148	no	no	no	yes
SoffiXsponR570.8_5Ag237500.v2.1	23.122	no	no	no	yes
SoffiXsponR570.02Ag291200.v2.1	23.118	no	no	no	yes
SoffiXsponR570.01Cg018400.v2.1	23.118	no	no	no	yes
SoffiXsponR570.01Cg121500.v2.1	23.117	no	no	no	yes
SoffiXsponR570.02Eg109800.v2.1	23.081	no	no	no	yes
SoffiXsponR570.02Bg022500.v2.1	23.081	no	no	no	yes
SoffiXsponR570.03Eg271500.v2.1	23.076	no	no	no	yes
SoffiXsponR570.08Eg085400.v2.1	23.07	no	no	no	yes
SoffiXsponR570.06Eg143100.v2.1	23.069	no	no	no	yes
SoffiXsponR570.7_10Ag171600.v2.1	23.005	no	no	no	yes
SoffiXsponR570.04Ag145500.v2.1	22.954	no	no	no	yes
SoffiXsponR570.7os1g043400.v2.1	22.912	no	no	no	yes
SoffiXsponR570.02Ag063200.v2.1	22.897	no	no	no	yes
SoffiXsponR570.03Dg340100.v2.1	22.884	no	no	no	yes
SoffiXsponR570.07Dg047700.v2.1	22.877	no	no	no	yes
SoffiXsponR570.05Fg030000.v2.1	22.867	no	no	no	yes
SoffiXsponR570.04Ag222700.v2.1	22.866	no	no	no	yes
SoffiXsponR570.10Bg005400.v2.1	22.864	no	no	no	yes
SoffiXsponR570.01Cg082000.v2.1	22.861	no	no	no	yes
SoffiXsponR570.05Gg056400.v2.1	22.859	no	no	no	yes
SoffiXsponR570.06Gg066400.v2.1	22.858	no	no	no	yes
SoffiXsponR570.05Ag199700.v2.1	22.789	no	no	no	yes
SoffiXsponR570.05Cg218100.v2.1	22.778	no	no	no	yes
SoffiXsponR570.06Eg026900.v2.1	22.763	no	no	no	yes
SoffiXsponR570.5_9Ag151300.v2.1	22.708	no	no	no	yes
SoffiXsponR570.02Cg107000.v2.1	22.675	no	no	no	yes
SoffiXsponR570.05Gg192100.v2.1	22.668	no	no	no	yes
SoffiXsponR570.02Bg053200.v2.1	22.616	no	no	no	yes
SoffiXsponR570.4us91g040600.v2.1	22.614	no	no	no	yes
SoffiXsponR570.01Bg417300.v2.1	22.597	no	no	no	yes
SoffiXsponR570.09Cg038200.v2.1	22.587	no	no	no	yes
SoffiXsponR570.01Cg117200.v2.1	22.543	no	no	no	yes
SoffiXsponR570.05Bg318400.v2.1	22.511	no	no	no	yes
SoffiXsponR570.03Bg280600.v2.1	22.485	no	no	no	yes
SoffiXsponR570.01Ag300300.v2.1	22.481	no	no	no	yes
SoffiXsponR570.01Dg362900.v2.1	22.466	no	no	no	yes
SoffiXsponR570.05Cg302100.v2.1	22.466	no	no	no	yes
SoffiXsponR570.05Bg154600.v2.1	22.444	no	no	no	yes
SoffiXsponR570.6_9Ag207600.v2.1	22.433	no	no	no	yes
SoffiXsponR570.06Ag119100.v2.1	22.405	no	no	no	yes
SoffiXsponR570.02Ag222000.v2.1	22.389	no	no	no	yes
SoffiXsponR570.02Bg154900.v2.1	22.388	no	no	no	yes
SoffiXsponR570.03Ag128800.v2.1	22.373	no	no	no	yes
SoffiXsponR570.02Eg349000.v2.1	22.353	no	no	no	yes
SoffiXsponR570.01Ag076600.v2.1	22.307	no	no	no	yes
SoffiXsponR570.04Gg014000.v2.1	22.305	no	no	no	yes
SoffiXsponR570.05Cg015200.v2.1	22.301	no	no	no	yes
SoffiXsponR570.05Eg300900.v2.1	22.291	no	no	no	yes
SoffiXsponR570.7os1g064900.v2.1	22.281	no	no	no	yes
SoffiXsponR570.04Ag230700.v2.1	22.28	no	no	no	yes
SoffiXsponR570.10Ag090300.v2.1	22.25	no	no	no	yes
SoffiXsponR570.8_5Ag023100.v2.1	22.241	no	no	no	yes
SoffiXsponR570.04Ag020500.v2.1	22.207	no	no	no	yes
SoffiXsponR570.05Bg206800.v2.1	22.187	no	no	no	yes
SoffiXsponR570.08Eg053100.v2.1	22.186	no	no	no	yes
SoffiXsponR570.06Ag179800.v2.1	22.167	no	no	no	yes
SoffiXsponR570.07Ag256500.v2.1	22.162	no	no	no	yes
SoffiXsponR570.07Bg265600.v2.1	22.152	no	no	no	yes
SoffiXsponR570.02Dg099700.v2.1	22.132	no	no	no	yes
SoffiXsponR570.04Bg267700.v2.1	22.129	no	no	no	yes
SoffiXsponR570.08Cg209700.v2.1	22.126	no	no	no	yes
SoffiXsponR570.03Bg177600.v2.1	22.118	no	no	no	yes
SoffiXsponR570.02Gg039500.v2.1	22.037	no	no	no	yes
SoffiXsponR570.03Bg264100.v2.1	22.036	no	no	no	yes
SoffiXsponR570.09Ag000900.v2.1	22.036	no	no	no	yes
SoffiXsponR570.02Gg025300.v2.1	22.021	no	no	no	yes
SoffiXsponR570.02Eg010500.v2.1	22.018	no	no	no	yes
SoffiXsponR570.05Bg203800.v2.1	21.951	no	no	no	yes
SoffiXsponR570.03Cg273800.v2.1	21.947	no	no	no	yes
SoffiXsponR570.07Dg150500.v2.1	21.861	no	no	no	yes
SoffiXsponR570.08Bg015400.v2.1	21.849	no	no	no	yes
SoffiXsponR570.07Dg112200.v2.1	21.838	no	no	no	yes
SoffiXsponR570.07Ag205400.v2.1	21.8	no	no	no	yes
SoffiXsponR570.04Ag019100.v2.1	21.735	no	no	no	yes
SoffiXsponR570.8_10Ag287000.v2.1	21.731	no	yes	no	yes
SoffiXsponR570.10Dg053400.v2.1	21.706	no	no	no	yes
SoffiXsponR570.04Eg145900.v2.1	21.693	no	no	no	yes
SoffiXsponR570.01Dg366900.v2.1	21.688	no	no	no	yes
SoffiXsponR570.07Eg169300.v2.1	21.662	no	no	no	yes
SoffiXsponR570.03Dg118000.v2.1	21.633	no	no	no	yes
SoffiXsponR570.5_9Ag057800.v2.1	21.617	no	no	no	yes
SoffiXsponR570.03Bg234000.v2.1	21.61	no	no	no	yes
SoffiXsponR570.01Cg115200.v2.1	21.589	no	no	no	yes
SoffiXsponR570.01Ag447600.v2.1	21.588	no	no	no	yes
SoffiXsponR570.01Cg263600.v2.1	21.587	no	no	no	yes
SoffiXsponR570.05Cg197400.v2.1	21.556	no	no	no	yes
SoffiXsponR570.09Dg038300.v2.1	21.532	no	no	no	yes
SoffiXsponR570.05Eg042100.v2.1	21.515	no	no	no	yes
SoffiXsponR570.03Eg194900.v2.1	21.5	no	no	yes	yes
SoffiXsponR570.05Cg073600.v2.1	21.473	no	no	no	yes
SoffiXsponR570.04Fg001200.v2.1	21.469	no	no	no	yes
SoffiXsponR570.03Fg122100.v2.1	21.439	no	no	no	yes
SoffiXsponR570.07Bg096200.v2.1	21.434	no	no	no	yes
SoffiXsponR570.06Fg068000.v2.1	21.413	no	no	no	yes
SoffiXsponR570.05Cg253800.v2.1	21.398	no	no	no	yes
SoffiXsponR570.05Fg292800.v2.1	21.395	no	no	no	yes
SoffiXsponR570.05Gg050900.v2.1	21.369	no	no	no	yes
SoffiXsponR570.10Cg071900.v2.1	21.364	no	no	no	yes
SoffiXsponR570.02Eg148100.v2.1	21.353	no	no	no	yes
SoffiXsponR570.01Bg389400.v2.1	21.347	no	no	no	yes
SoffiXsponR570.04Cg156500.v2.1	21.335	no	no	no	yes
SoffiXsponR570.06Fg100600.v2.1	21.335	no	no	no	yes
SoffiXsponR570.03Ag003600.v2.1	21.318	no	no	no	yes
SoffiXsponR570.03Gg121200.v2.1	21.295	no	no	no	yes
SoffiXsponR570.01Bg281300.v2.1	21.265	no	no	no	yes
SoffiXsponR570.02Cg179100.v2.1	21.231	no	no	no	yes
SoffiXsponR570.09Ag056300.v2.1	21.227	no	no	no	yes
SoffiXsponR570.09Dg043400.v2.1	21.221	no	no	no	yes
SoffiXsponR570.02Bg376300.v2.1	21.214	no	no	no	yes
SoffiXsponR570.01Eg427800.v2.1	21.214	no	no	no	yes
SoffiXsponR570.02Fg087700.v2.1	21.181	no	no	no	yes
SoffiXsponR570.03Cg324000.v2.1	21.176	no	no	no	yes
SoffiXsponR570.07Bg049100.v2.1	21.139	no	no	no	yes
SoffiXsponR570.09Ag070800.v2.1	21.127	no	no	no	yes
SoffiXsponR570.01Ag304200.v2.1	21.118	no	no	no	yes
SoffiXsponR570.07Eg203700.v2.1	21.115	no	no	no	yes
SoffiXsponR570.08Eg100900.v2.1	21.105	no	no	no	yes
SoffiXsponR570.05Cg073200.v2.1	21.103	no	no	no	yes
SoffiXsponR570.06Dg027800.v2.1	21.092	no	no	no	yes
SoffiXsponR570.07Bg038900.v2.1	21.091	no	no	no	yes
SoffiXsponR570.04Fg107200.v2.1	21.072	no	no	no	yes
SoffiXsponR570.05Ag229400.v2.1	21.049	no	no	no	yes
SoffiXsponR570.05Gg177700.v2.1	21.02	no	no	no	yes
SoffiXsponR570.02Ag177100.v2.1	21.02	no	no	no	yes
SoffiXsponR570.02Ag210000.v2.1	20.968	no	no	no	yes
SoffiXsponR570.06Eg027300.v2.1	20.961	no	no	no	yes
SoffiXsponR570.09Bg036400.v2.1	20.949	no	no	no	yes
SoffiXsponR570.09Cg122500.v2.1	20.927	no	no	no	yes
SoffiXsponR570.02Fg181600.v2.1	20.903	no	no	no	yes
SoffiXsponR570.05Cg174400.v2.1	20.854	no	no	no	yes
SoffiXsponR570.10Cg056300.v2.1	20.819	no	no	no	yes
SoffiXsponR570.04Ag017100.v2.1	20.795	no	no	no	yes
SoffiXsponR570.01Bg351600.v2.1	20.793	no	no	no	yes
SoffiXsponR570.08Cg145500.v2.1	20.792	no	no	no	yes
SoffiXsponR570.02Ag281600.v2.1	20.783	no	no	no	yes
SoffiXsponR570.02Ag348700.v2.1	20.748	no	no	no	yes
SoffiXsponR570.04Bg240300.v2.1	20.732	no	no	no	yes
SoffiXsponR570.03Dg203600.v2.1	20.732	no	no	no	yes
SoffiXsponR570.10Cg098800.v2.1	20.647	no	no	no	yes
SoffiXsponR570.10Dg088200.v2.1	20.643	no	no	no	yes
SoffiXsponR570.05Bg268700.v2.1	20.64	no	no	no	yes
SoffiXsponR570.06Fg039300.v2.1	20.625	no	no	no	yes
SoffiXsponR570.08Eg099000.v2.1	20.621	no	no	no	yes
SoffiXsponR570.01Eg414200.v2.1	20.621	no	no	no	yes
SoffiXsponR570.05Gg158800.v2.1	20.604	no	no	no	yes
SoffiXsponR570.02Cg277000.v2.1	20.596	no	no	no	yes
SoffiXsponR570.02Gg210200.v2.1	20.593	no	no	no	yes
SoffiXsponR570.10Eg072000.v2.1	20.54	no	no	no	yes
SoffiXsponR570.01Ag063300.v2.1	20.526	no	no	no	yes
SoffiXsponR570.02Ag206300.v2.1	20.514	no	no	no	yes
SoffiXsponR570.04Gg008200.v2.1	20.5	no	no	no	yes
SoffiXsponR570.02Gg277300.v2.1	20.48	no	no	no	yes
SoffiXsponR570.8_5Ag167600.v2.1	20.469	no	no	no	yes
SoffiXsponR570.06Ag208000.v2.1	20.457	no	no	no	yes
SoffiXsponR570.10Cg173000.v2.1	20.456	no	no	no	yes
SoffiXsponR570.01Ag374000.v2.1	20.411	no	no	no	yes
SoffiXsponR570.04Dg097300.v2.1	20.406	no	no	no	yes
SoffiXsponR570.09Ag095300.v2.1	20.4	no	no	no	yes
SoffiXsponR570.03Cg090100.v2.1	20.39	no	no	no	yes
SoffiXsponR570.03Bg244900.v2.1	20.388	no	no	no	yes
SoffiXsponR570.10Ag182900.v2.1	20.377	no	no	no	yes
SoffiXsponR570.02Bg050800.v2.1	20.376	no	no	no	yes
SoffiXsponR570.07Dg178700.v2.1	20.375	no	no	no	yes
SoffiXsponR570.02Gg116400.v2.1	20.373	no	no	no	yes
SoffiXsponR570.03Cg026400.v2.1	20.364	no	no	no	yes
SoffiXsponR570.01Fg191000.v2.1	20.349	no	no	no	yes
SoffiXsponR570.02Gg115600.v2.1	20.33	no	no	no	yes
SoffiXsponR570.09Dg098500.v2.1	20.31	no	no	no	yes
SoffiXsponR570.10Dg107000.v2.1	20.238	no	no	no	yes
SoffiXsponR570.03Eg246200.v2.1	20.223	no	no	no	yes
SoffiXsponR570.06Dg033000.v2.1	20.21	no	no	no	yes
SoffiXsponR570.10Eg061700.v2.1	20.21	no	no	no	yes
SoffiXsponR570.01Fg130600.v2.1	20.187	no	no	no	yes
SoffiXsponR570.03Dg296900.v2.1	20.185	no	no	no	yes
SoffiXsponR570.02Ag310700.v2.1	20.183	no	no	no	yes
SoffiXsponR570.06Ag176900.v2.1	20.183	no	no	no	yes
SoffiXsponR570.08Bg126900.v2.1	20.167	no	no	no	yes
SoffiXsponR570.02Ag333100.v2.1	20.152	no	no	no	yes
SoffiXsponR570.04Fg141700.v2.1	20.127	no	no	no	yes
SoffiXsponR570.07Cg004800.v2.1	20.127	no	no	no	yes
SoffiXsponR570.8_10Ag067300.v2.1	20.106	no	no	no	yes
SoffiXsponR570.01Cg116300.v2.1	20.106	no	no	no	yes
SoffiXsponR570.06Ag134500.v2.1	20.072	no	no	no	yes
SoffiXsponR570.02Eg003500.v2.1	20.051	no	no	no	yes
SoffiXsponR570.08Bg172800.v2.1	20.041	no	no	no	yes
SoffiXsponR570.05Eg298800.v2.1	20.032	no	no	no	yes
SoffiXsponR570.10Ag007000.v2.1	20.014	no	no	no	yes
SoffiXsponR570.04Dg087000.v2.1	19.997	no	no	no	yes
SoffiXsponR570.02Bg040800.v2.1	19.997	no	no	no	yes
SoffiXsponR570.05Fg144900.v2.1	19.979	no	no	no	yes
SoffiXsponR570.1Z064300.v2.1	19.913	no	no	no	yes
SoffiXsponR570.02Ag395900.v2.1	19.865	no	no	no	yes
SoffiXsponR570.02Cg083500.v2.1	19.85	no	no	no	yes
SoffiXsponR570.09Dg107000.v2.1	19.844	no	no	no	yes
SoffiXsponR570.01Eg250400.v2.1	19.84	no	no	no	yes
SoffiXsponR570.04Ag080900.v2.1	19.834	no	no	no	yes
SoffiXsponR570.7_10Ag174400.v2.1	19.811	no	no	no	yes
SoffiXsponR570.10Cg178000.v2.1	19.809	no	no	no	yes
SoffiXsponR570.02Fg170900.v2.1	19.806	no	no	no	yes
SoffiXsponR570.05Fg297100.v2.1	19.752	no	no	no	yes
SoffiXsponR570.05Bg339600.v2.1	19.749	no	no	no	yes
SoffiXsponR570.1Z101600.v2.1	19.747	no	no	no	yes
SoffiXsponR570.05Fg136300.v2.1	19.668	no	no	no	yes
SoffiXsponR570.05Bg339700.v2.1	19.664	no	no	no	yes
SoffiXsponR570.03Ag266800.v2.1	19.653	no	no	no	yes
SoffiXsponR570.05Bg278900.v2.1	19.596	no	no	no	yes
SoffiXsponR570.08Eg082000.v2.1	19.566	no	no	no	yes
SoffiXsponR570.03Bg171300.v2.1	19.556	no	no	no	yes
SoffiXsponR570.04Ag092200.v2.1	19.549	no	yes	yes	no
SoffiXsponR570.08Cg209600.v2.1	19.537	no	no	no	yes
SoffiXsponR570.01Bg459400.v2.1	19.536	no	no	no	yes
SoffiXsponR570.09Cg158100.v2.1	19.53	no	no	no	yes
SoffiXsponR570.03Eg059800.v2.1	19.513	no	no	no	yes
SoffiXsponR570.03Eg297500.v2.1	19.509	no	no	no	yes
SoffiXsponR570.02Eg309200.v2.1	19.479	no	no	no	yes
SoffiXsponR570.04Gg007300.v2.1	19.441	no	no	no	yes
SoffiXsponR570.02Ag058600.v2.1	19.44	no	no	no	yes
SoffiXsponR570.02Cg190400.v2.1	19.428	no	no	no	yes
SoffiXsponR570.05Bg264300.v2.1	19.41	no	no	no	yes
SoffiXsponR570.01Ag111100.v2.1	19.401	no	no	no	yes
SoffiXsponR570.07Eg164200.v2.1	19.384	no	no	no	yes
SoffiXsponR570.10Eg112600.v2.1	19.377	no	no	no	yes
SoffiXsponR570.02Ag322000.v2.1	19.371	no	no	no	yes
SoffiXsponR570.05Fg205100.v2.1	19.364	no	no	no	yes
SoffiXsponR570.06Ag135600.v2.1	19.334	no	no	no	yes
SoffiXsponR570.6_9Ag303200.v2.1	19.331	no	no	no	yes
SoffiXsponR570.07Dg145100.v2.1	19.298	no	no	no	yes
SoffiXsponR570.05Fg205900.v2.1	19.287	no	no	no	yes
SoffiXsponR570.03Ag081800.v2.1	19.281	no	no	no	yes
SoffiXsponR570.02Fg065200.v2.1	19.278	no	no	no	yes
SoffiXsponR570.05Cg020200.v2.1	19.275	no	no	no	yes
SoffiXsponR570.03Ag124700.v2.1	19.263	no	no	no	yes
SoffiXsponR570.08Dg162500.v2.1	19.247	no	no	no	yes
SoffiXsponR570.02Ag316200.v2.1	19.247	no	no	no	yes
SoffiXsponR570.8_5Ag167300.v2.1	19.224	no	no	no	yes
SoffiXsponR570.02Fg310100.v2.1	19.221	no	no	yes	yes
SoffiXsponR570.02Eg083600.v2.1	19.212	no	no	no	yes
SoffiXsponR570.7os1g076900.v2.1	19.178	no	yes	yes	yes
SoffiXsponR570.03Cg006200.v2.1	19.162	no	no	no	yes
SoffiXsponR570.04Cg074700.v2.1	19.137	no	no	no	yes
SoffiXsponR570.02Ag001200.v2.1	19.098	no	no	no	yes
SoffiXsponR570.01Cg334600.v2.1	19.093	no	no	no	yes
SoffiXsponR570.03Eg137900.v2.1	19.069	no	no	no	yes
SoffiXsponR570.04Bg103000.v2.1	19.048	no	no	no	yes
SoffiXsponR570.02Dg031000.v2.1	19.034	no	no	no	yes
SoffiXsponR570.04Ag006600.v2.1	19.024	no	no	no	yes
SoffiXsponR570.01Cg295500.v2.1	19.021	no	no	no	yes
SoffiXsponR570.09Bg149700.v2.1	18.987	no	no	no	yes
SoffiXsponR570.01Ag541600.v2.1	18.985	no	no	no	yes
SoffiXsponR570.10Ag079600.v2.1	18.964	no	no	no	yes
SoffiXsponR570.02Ag084000.v2.1	18.951	no	no	no	yes
SoffiXsponR570.03Cg321100.v2.1	18.943	no	no	no	yes
SoffiXsponR570.06Ag099600.v2.1	18.927	no	no	yes	yes
SoffiXsponR570.02Eg077500.v2.1	18.927	no	no	no	yes
SoffiXsponR570.02Dg114700.v2.1	18.901	no	no	no	yes
SoffiXsponR570.02Fg105900.v2.1	18.899	no	no	no	yes
SoffiXsponR570.4os1g000700.v2.1	18.898	no	no	no	yes
SoffiXsponR570.05Fg125300.v2.1	18.88	no	no	no	yes
SoffiXsponR570.03Eg232200.v2.1	18.872	no	no	yes	yes
SoffiXsponR570.05Fg310400.v2.1	18.866	no	no	no	yes
SoffiXsponR570.03Ag206100.v2.1	18.85	no	no	no	yes
SoffiXsponR570.06Cg162900.v2.1	18.836	no	no	no	yes
SoffiXsponR570.07Bg118800.v2.1	18.836	no	no	no	yes
SoffiXsponR570.02Ag228800.v2.1	18.829	no	no	no	yes
SoffiXsponR570.6us88g132200.v2.1	18.818	no	no	no	yes
SoffiXsponR570.03Ag253500.v2.1	18.811	no	no	no	yes
SoffiXsponR570.03Ag344400.v2.1	18.802	no	no	no	yes
SoffiXsponR570.01Cg310000.v2.1	18.775	no	no	no	yes
SoffiXsponR570.08Ag138600.v2.1	18.772	no	no	no	yes
SoffiXsponR570.02Fg155300.v2.1	18.766	no	no	no	yes
SoffiXsponR570.8_5Ag265000.v2.1	18.75	no	no	no	yes
SoffiXsponR570.02Ag334600.v2.1	18.748	no	no	no	yes
SoffiXsponR570.08Bg035700.v2.1	18.708	no	no	no	yes
SoffiXsponR570.01Bg119900.v2.1	18.695	no	no	no	yes
SoffiXsponR570.03Dg134600.v2.1	18.689	no	no	no	yes
SoffiXsponR570.3os2g007400.v2.1	18.662	no	no	no	yes
SoffiXsponR570.07Ag221800.v2.1	18.651	no	no	no	yes
SoffiXsponR570.02Fg298400.v2.1	18.63	no	no	no	yes
SoffiXsponR570.09Dg111500.v2.1	18.628	no	no	no	yes
SoffiXsponR570.02Cg114800.v2.1	18.623	no	no	no	yes
SoffiXsponR570.04Dg065100.v2.1	18.572	no	no	no	yes
SoffiXsponR570.02Bg255700.v2.1	18.567	no	no	no	yes
SoffiXsponR570.03Dg060500.v2.1	18.564	no	no	no	yes
SoffiXsponR570.01Eg132200.v2.1	18.542	no	no	no	yes
SoffiXsponR570.02Ag374700.v2.1	18.538	no	no	no	yes
SoffiXsponR570.01Ag197900.v2.1	18.524	no	no	no	yes
SoffiXsponR570.03Bg052200.v2.1	18.491	no	no	no	yes
SoffiXsponR570.8_5Ag178900.v2.1	18.491	no	no	no	yes
SoffiXsponR570.10Ag011800.v2.1	18.488	no	no	no	yes
SoffiXsponR570.05Bg293800.v2.1	18.475	no	no	no	yes
SoffiXsponR570.01Dg309600.v2.1	18.469	no	no	no	yes
SoffiXsponR570.07Bg034500.v2.1	18.462	no	no	no	yes
SoffiXsponR570.07Cg201400.v2.1	18.46	no	no	no	yes
SoffiXsponR570.03Bg280200.v2.1	18.46	no	no	no	yes
SoffiXsponR570.04Bg061800.v2.1	18.437	no	no	no	yes
SoffiXsponR570.02Ag421200.v2.1	18.423	no	no	no	yes
SoffiXsponR570.03Cg075600.v2.1	18.406	no	no	no	yes
SoffiXsponR570.08Bg197400.v2.1	18.399	no	no	no	yes
SoffiXsponR570.02Ag382700.v2.1	18.378	no	no	no	yes
SoffiXsponR570.01Cg006800.v2.1	18.37	no	no	no	yes
SoffiXsponR570.02Gg156900.v2.1	18.368	no	no	no	yes
SoffiXsponR570.09Eg008300.v2.1	18.366	no	no	no	yes
SoffiXsponR570.04Ag153900.v2.1	18.365	no	no	no	yes
SoffiXsponR570.06Dg062000.v2.1	18.362	no	no	no	yes
SoffiXsponR570.08Bg190600.v2.1	18.362	no	no	no	yes
SoffiXsponR570.08Cg197500.v2.1	18.347	no	no	no	yes
SoffiXsponR570.02Gg269800.v2.1	18.336	no	no	no	yes
SoffiXsponR570.02Ag204400.v2.1	18.335	no	no	no	yes
SoffiXsponR570.01Bg469800.v2.1	18.334	no	no	no	yes
SoffiXsponR570.01Ag196100.v2.1	18.315	no	no	no	yes
SoffiXsponR570.02Bg310000.v2.1	18.31	no	no	no	yes
SoffiXsponR570.01Ag363900.v2.1	18.308	no	no	no	yes
SoffiXsponR570.05Ag242700.v2.1	18.266	no	no	no	yes
SoffiXsponR570.05Fg248300.v2.1	18.256	no	no	no	yes
SoffiXsponR570.01Dg265100.v2.1	18.252	no	no	no	yes
SoffiXsponR570.06Cg018200.v2.1	18.246	no	no	no	yes
SoffiXsponR570.03Cg135900.v2.1	18.216	no	no	no	yes
SoffiXsponR570.05Eg075900.v2.1	18.2	no	no	no	yes
SoffiXsponR570.02Ag180200.v2.1	18.192	no	no	no	yes
SoffiXsponR570.08Bg123500.v2.1	18.154	no	no	no	yes
SoffiXsponR570.02Fg255900.v2.1	18.145	no	no	no	yes
SoffiXsponR570.06Dg104100.v2.1	18.113	no	no	no	yes
SoffiXsponR570.8_5Ag121000.v2.1	18.096	no	no	no	yes
SoffiXsponR570.02Bg271400.v2.1	18.089	no	no	no	yes
SoffiXsponR570.06Fg021300.v2.1	18.078	no	no	no	yes
SoffiXsponR570.07Ag015500.v2.1	18.069	no	no	no	yes
SoffiXsponR570.10Eg128800.v2.1	18.053	no	no	no	yes
SoffiXsponR570.10Cg049500.v2.1	18.051	no	no	no	yes
SoffiXsponR570.07Bg201700.v2.1	18.037	no	no	no	yes
SoffiXsponR570.02Cg345100.v2.1	18.03	no	no	no	yes
SoffiXsponR570.04Ag175600.v2.1	18.017	no	no	no	yes
SoffiXsponR570.03Eg290300.v2.1	18.016	no	no	no	yes
SoffiXsponR570.10Cg110300.v2.1	18.008	no	no	no	yes
SoffiXsponR570.09Ag106700.v2.1	18.008	no	no	no	yes
SoffiXsponR570.03Cg074900.v2.1	17.971	no	no	no	yes
SoffiXsponR570.10Cg001700.v2.1	17.969	no	no	no	yes
SoffiXsponR570.09Eg069100.v2.1	17.965	no	no	no	yes
SoffiXsponR570.01Ag058600.v2.1	17.962	no	no	no	yes
SoffiXsponR570.05Dg308300.v2.1	17.955	no	no	no	yes
SoffiXsponR570.09Ag006500.v2.1	17.939	no	no	no	yes
SoffiXsponR570.10Eg073500.v2.1	17.931	no	no	no	yes
SoffiXsponR570.8_5Ag133300.v2.1	17.927	no	no	no	yes
SoffiXsponR570.08Eg025400.v2.1	17.926	no	no	no	yes
SoffiXsponR570.05Bg255600.v2.1	17.877	no	no	no	yes
SoffiXsponR570.01Bg280400.v2.1	17.872	no	no	no	yes
SoffiXsponR570.05Bg006500.v2.1	17.861	no	no	no	yes
SoffiXsponR570.5_9Ag006100.v2.1	17.856	no	no	no	yes
SoffiXsponR570.05Eg322500.v2.1	17.842	no	no	no	yes
SoffiXsponR570.02Bg194800.v2.1	17.825	no	no	no	yes
SoffiXsponR570.10Fg071200.v2.1	17.82	no	no	no	yes
SoffiXsponR570.09Cg041100.v2.1	17.809	no	no	no	yes
SoffiXsponR570.01Bg254000.v2.1	17.805	no	no	no	yes
SoffiXsponR570.02Ag184400.v2.1	17.763	no	no	no	yes
SoffiXsponR570.01Ag047100.v2.1	17.762	no	no	no	yes
SoffiXsponR570.06Eg145100.v2.1	17.741	no	no	no	yes
SoffiXsponR570.03Cg329000.v2.1	17.732	no	no	no	yes
SoffiXsponR570.04Eg118100.v2.1	17.731	no	no	no	yes
SoffiXsponR570.8_5Ag227200.v2.1	17.723	no	no	no	yes
SoffiXsponR570.06Ag035100.v2.1	17.714	no	no	no	yes
SoffiXsponR570.03Cg054700.v2.1	17.691	no	no	no	yes
SoffiXsponR570.01Ag138300.v2.1	17.685	no	no	no	yes
SoffiXsponR570.07Eg201300.v2.1	17.682	no	no	no	yes
SoffiXsponR570.07Eg067700.v2.1	17.676	no	no	no	yes
SoffiXsponR570.03Cg329100.v2.1	17.636	no	no	no	yes
SoffiXsponR570.03Ag271100.v2.1	17.598	no	no	no	yes
SoffiXsponR570.02Fg094800.v2.1	17.598	no	no	no	yes
SoffiXsponR570.01Fg225400.v2.1	17.593	no	no	no	yes
SoffiXsponR570.03Gg084200.v2.1	17.588	no	no	no	yes
SoffiXsponR570.06Bg003600.v2.1	17.587	no	no	no	yes
SoffiXsponR570.03Gg145100.v2.1	17.577	no	no	no	yes
SoffiXsponR570.07Bg128500.v2.1	17.566	no	no	no	yes
SoffiXsponR570.06Cg176900.v2.1	17.559	no	no	no	yes
SoffiXsponR570.05Bg273200.v2.1	17.524	no	no	no	yes
SoffiXsponR570.05Fg173200.v2.1	17.52	no	no	no	yes
SoffiXsponR570.8_5Ag086700.v2.1	17.502	no	no	no	yes
SoffiXsponR570.06Ag142000.v2.1	17.502	no	no	no	yes
SoffiXsponR570.06Cg010600.v2.1	17.498	no	no	no	yes
SoffiXsponR570.06Ag211000.v2.1	17.488	no	no	no	yes
SoffiXsponR570.02Dg345400.v2.1	17.463	no	no	no	yes
SoffiXsponR570.09Dg074000.v2.1	17.463	no	no	no	yes
SoffiXsponR570.04Dg179300.v2.1	17.453	no	no	no	yes
SoffiXsponR570.01Eg132300.v2.1	17.436	no	no	no	yes
SoffiXsponR570.02Ag324800.v2.1	17.42	no	no	no	yes
SoffiXsponR570.08Bg095400.v2.1	17.402	no	no	no	yes
SoffiXsponR570.04Fg156500.v2.1	17.339	no	no	no	yes
SoffiXsponR570.8_5Ag062900.v2.1	17.336	no	no	no	yes
SoffiXsponR570.01Dg344000.v2.1	17.331	no	no	no	yes
SoffiXsponR570.02Ag306300.v2.1	17.325	no	no	no	yes
SoffiXsponR570.06Gg090900.v2.1	17.322	no	no	no	yes
SoffiXsponR570.07Ag148400.v2.1	17.299	no	no	no	yes
SoffiXsponR570.05Fg316100.v2.1	17.284	no	no	no	yes
SoffiXsponR570.05Ag210000.v2.1	17.25	no	no	no	yes
SoffiXsponR570.04Dg182300.v2.1	17.22	no	no	no	yes
SoffiXsponR570.06Ag000600.v2.1	17.216	no	no	no	yes
SoffiXsponR570.02Fg289200.v2.1	17.204	no	no	no	yes
SoffiXsponR570.05Fg120900.v2.1	17.182	no	no	no	yes
SoffiXsponR570.03Ag185900.v2.1	17.181	no	no	no	yes
SoffiXsponR570.01Ag095900.v2.1	17.178	no	no	no	yes
SoffiXsponR570.06Fg085000.v2.1	17.167	no	no	no	yes
SoffiXsponR570.07Bg189400.v2.1	17.165	no	no	no	yes
SoffiXsponR570.02Bg283800.v2.1	17.158	no	no	no	yes
SoffiXsponR570.02Ag300200.v2.1	17.148	no	no	no	yes
SoffiXsponR570.02Eg023200.v2.1	17.141	no	no	no	yes
SoffiXsponR570.06Ag147600.v2.1	17.13	no	no	no	yes
SoffiXsponR570.01Ag297600.v2.1	17.124	no	no	no	yes
SoffiXsponR570.03Eg243500.v2.1	17.111	no	no	no	yes
SoffiXsponR570.03Gg066200.v2.1	17.109	no	no	no	yes
SoffiXsponR570.7_10Ag148600.v2.1	17.107	no	no	no	yes
SoffiXsponR570.05Eg065400.v2.1	17.101	no	no	no	yes
SoffiXsponR570.01Fg070700.v2.1	17.078	no	no	no	yes
SoffiXsponR570.03Eg231300.v2.1	17.076	no	no	no	yes
SoffiXsponR570.01Cg119200.v2.1	17.059	no	no	no	yes
SoffiXsponR570.07Ag197300.v2.1	17.036	no	no	no	yes
SoffiXsponR570.08Ag127800.v2.1	17.035	no	no	no	yes
SoffiXsponR570.05Bg075800.v2.1	16.998	no	no	no	yes
SoffiXsponR570.07Eg157600.v2.1	16.996	no	no	no	yes
SoffiXsponR570.05Gg124900.v2.1	16.988	no	no	no	yes
SoffiXsponR570.08Ag154300.v2.1	16.976	no	no	no	yes
SoffiXsponR570.08Bg038700.v2.1	16.959	no	no	no	yes
SoffiXsponR570.05Bg358000.v2.1	16.94	no	no	no	yes
SoffiXsponR570.02Dg274800.v2.1	16.919	no	no	no	yes
SoffiXsponR570.02Fg220700.v2.1	16.91	no	no	no	yes
SoffiXsponR570.02Fg173600.v2.1	16.893	no	no	no	yes
SoffiXsponR570.02Fg242800.v2.1	16.888	no	no	no	yes
SoffiXsponR570.06Cg093800.v2.1	16.879	no	no	no	yes
SoffiXsponR570.10us89g068000.v2.1	16.863	no	no	no	yes
SoffiXsponR570.03Ag343200.v2.1	16.839	no	no	no	yes
SoffiXsponR570.01Cg160100.v2.1	16.839	no	no	no	yes
SoffiXsponR570.10Cg122100.v2.1	16.839	no	no	no	yes
SoffiXsponR570.03Ag261500.v2.1	16.819	no	no	no	yes
SoffiXsponR570.09Ag093100.v2.1	16.801	no	no	no	yes
SoffiXsponR570.01Ag004300.v2.1	16.797	no	no	no	yes
SoffiXsponR570.05Eg289900.v2.1	16.795	no	no	no	yes
SoffiXsponR570.02Cg202500.v2.1	16.792	no	no	no	yes
SoffiXsponR570.10Ag167500.v2.1	16.784	no	no	no	yes
SoffiXsponR570.01Cg116200.v2.1	16.78	no	no	no	yes
SoffiXsponR570.02Dg279100.v2.1	16.78	no	no	no	yes
SoffiXsponR570.06Ag054800.v2.1	16.764	no	no	no	yes
SoffiXsponR570.10Bg025200.v2.1	16.748	no	no	no	yes
SoffiXsponR570.06Dg162000.v2.1	16.743	no	no	no	yes
SoffiXsponR570.03Bg194000.v2.1	16.742	no	no	no	yes
SoffiXsponR570.08Ag156800.v2.1	16.739	no	no	no	yes
SoffiXsponR570.1Z131400.v2.1	16.721	no	no	no	yes
SoffiXsponR570.03Ag008000.v2.1	16.698	no	no	no	yes
SoffiXsponR570.05Bg220100.v2.1	16.66	no	no	no	yes
SoffiXsponR570.9os1g028100.v2.1	16.653	no	no	no	yes
SoffiXsponR570.1Z195900.v2.1	16.651	no	no	no	yes
SoffiXsponR570.09Dg080700.v2.1	16.645	no	no	no	yes
SoffiXsponR570.01Cg115700.v2.1	16.635	no	no	no	yes
SoffiXsponR570.02Cg198300.v2.1	16.623	no	no	no	yes
SoffiXsponR570.03Ag334000.v2.1	16.59	no	no	no	yes
SoffiXsponR570.7_10Ag265800.v2.1	16.584	no	no	no	yes
SoffiXsponR570.03Eg203100.v2.1	16.56	no	no	no	yes
SoffiXsponR570.04Ag277300.v2.1	16.556	no	no	no	yes
SoffiXsponR570.01Ag372200.v2.1	16.555	no	no	no	yes
SoffiXsponR570.05Ag030500.v2.1	16.55	no	no	no	yes
SoffiXsponR570.07Dg043400.v2.1	16.528	no	no	no	yes
SoffiXsponR570.05Fg204600.v2.1	16.504	no	no	no	yes
SoffiXsponR570.05Dg159000.v2.1	16.501	no	no	no	yes
SoffiXsponR570.03Dg131200.v2.1	16.488	no	no	no	yes
SoffiXsponR570.05Eg029100.v2.1	16.481	no	no	no	yes
SoffiXsponR570.05Bg300300.v2.1	16.48	no	no	no	yes
SoffiXsponR570.03Cg311000.v2.1	16.476	no	no	no	yes
SoffiXsponR570.05Ag189700.v2.1	16.467	no	no	no	yes
SoffiXsponR570.10Dg176000.v2.1	16.466	no	no	no	yes
SoffiXsponR570.01Bg351500.v2.1	16.448	no	no	no	yes
SoffiXsponR570.09Ag041500.v2.1	16.413	no	no	no	yes
SoffiXsponR570.05Bg369600.v2.1	16.41	no	no	no	yes
SoffiXsponR570.08Cg049500.v2.1	16.38	no	no	no	yes
SoffiXsponR570.01Ag380800.v2.1	16.37	no	no	no	yes
SoffiXsponR570.05Eg182600.v2.1	16.368	no	no	no	yes
SoffiXsponR570.7_10Ag262900.v2.1	16.361	no	no	no	yes
SoffiXsponR570.8_5Ag198000.v2.1	16.355	no	no	no	yes
SoffiXsponR570.10os1g003300.v2.1	16.347	no	no	no	yes
SoffiXsponR570.05Eg203400.v2.1	16.347	no	no	no	yes
SoffiXsponR570.03Ag314600.v2.1	16.337	no	no	no	yes
SoffiXsponR570.02Cg076700.v2.1	16.33	no	no	no	yes
SoffiXsponR570.10Dg110700.v2.1	16.329	no	no	no	yes
SoffiXsponR570.02Bg339600.v2.1	16.315	no	no	no	yes
SoffiXsponR570.05Fg248900.v2.1	16.313	no	no	no	yes
SoffiXsponR570.03Cg233700.v2.1	16.302	no	no	no	yes
SoffiXsponR570.05Ag200700.v2.1	16.277	no	no	no	yes
SoffiXsponR570.02Fg364700.v2.1	16.271	no	no	no	yes
SoffiXsponR570.04Gg013500.v2.1	16.266	no	no	no	yes
SoffiXsponR570.09Eg067000.v2.1	16.258	no	no	no	yes
SoffiXsponR570.10Bg057300.v2.1	16.249	no	no	no	yes
SoffiXsponR570.03Dg340600.v2.1	16.239	no	no	no	yes
SoffiXsponR570.06Gg124800.v2.1	16.233	no	no	no	yes
SoffiXsponR570.09Cg104800.v2.1	16.23	no	no	no	yes
SoffiXsponR570.05Ag087300.v2.1	16.23	no	no	no	yes
SoffiXsponR570.05Eg235600.v2.1	16.176	no	no	no	yes
SoffiXsponR570.5os1g003400.v2.1	16.164	no	no	no	yes
SoffiXsponR570.10Dg122900.v2.1	16.163	no	no	no	yes
SoffiXsponR570.01Cg167800.v2.1	16.154	no	no	no	yes
SoffiXsponR570.02Eg085000.v2.1	16.141	no	no	no	yes
SoffiXsponR570.06Gg060200.v2.1	16.122	no	no	no	yes
SoffiXsponR570.02Ag087000.v2.1	16.103	no	no	no	yes
SoffiXsponR570.05Gg051000.v2.1	16.092	no	no	no	yes
SoffiXsponR570.03Eg161100.v2.1	16.089	no	no	no	yes
SoffiXsponR570.09Eg063900.v2.1	16.078	no	no	no	yes
SoffiXsponR570.03Ag064300.v2.1	16.063	no	no	no	yes
SoffiXsponR570.8_5Ag066500.v2.1	16.06	no	no	no	yes
SoffiXsponR570.5_9Ag379500.v2.1	16.042	no	no	no	yes
SoffiXsponR570.06Dg159700.v2.1	16.017	no	no	no	yes
SoffiXsponR570.05Fg206400.v2.1	16.004	no	no	no	yes
SoffiXsponR570.05Ag059200.v2.1	15.99	no	no	no	yes
SoffiXsponR570.08Ag153800.v2.1	15.983	no	no	no	yes
SoffiXsponR570.06Fg076600.v2.1	15.98	no	no	no	yes
SoffiXsponR570.05Fg183800.v2.1	15.972	no	no	no	yes
SoffiXsponR570.06Bg003100.v2.1	15.948	no	no	no	yes
SoffiXsponR570.03Ag160900.v2.1	15.943	no	no	no	yes
SoffiXsponR570.10Ag028500.v2.1	15.938	no	no	no	yes
SoffiXsponR570.03Cg336400.v2.1	15.917	no	no	no	yes
SoffiXsponR570.05Gg060200.v2.1	15.913	no	no	no	yes
SoffiXsponR570.02Cg370800.v2.1	15.9	no	no	no	yes
SoffiXsponR570.01Bg297200.v2.1	15.885	no	no	no	yes
SoffiXsponR570.03Bg173700.v2.1	15.879	no	no	no	yes
SoffiXsponR570.04Bg216400.v2.1	15.877	no	yes	no	yes
SoffiXsponR570.01Bg103600.v2.1	15.877	no	no	no	yes
SoffiXsponR570.05Fg240300.v2.1	15.876	no	no	no	yes
SoffiXsponR570.09Ag155700.v2.1	15.869	no	no	no	yes
SoffiXsponR570.09Bg059500.v2.1	15.852	no	no	no	yes
SoffiXsponR570.09Cg141700.v2.1	15.814	no	no	no	yes
SoffiXsponR570.03Gg038900.v2.1	15.791	no	no	yes	yes
SoffiXsponR570.01Eg277700.v2.1	15.781	no	no	no	yes
SoffiXsponR570.01Ag059000.v2.1	15.775	no	no	no	yes
SoffiXsponR570.1Z136400.v2.1	15.757	no	no	no	yes
SoffiXsponR570.03Dg063600.v2.1	15.751	no	no	no	yes
SoffiXsponR570.08Dg170100.v2.1	15.74	no	no	no	yes
SoffiXsponR570.02Fg236100.v2.1	15.74	no	no	no	yes
SoffiXsponR570.03Gg144700.v2.1	15.737	no	no	no	yes
SoffiXsponR570.05Ag219900.v2.1	15.705	no	no	no	yes
SoffiXsponR570.02Gg127700.v2.1	15.693	no	no	no	yes
SoffiXsponR570.04Bg026200.v2.1	15.683	no	no	no	yes
SoffiXsponR570.08Ag013800.v2.1	15.676	no	no	no	yes
SoffiXsponR570.05Bg111000.v2.1	15.667	no	no	no	yes
SoffiXsponR570.05Eg313100.v2.1	15.643	no	no	no	yes
SoffiXsponR570.07Dg196100.v2.1	15.636	no	no	no	yes
SoffiXsponR570.09Ag051200.v2.1	15.633	no	no	no	yes
SoffiXsponR570.09Cg165800.v2.1	15.633	no	no	no	yes
SoffiXsponR570.05Bg189800.v2.1	15.633	no	no	no	yes
SoffiXsponR570.02Fg259700.v2.1	15.623	no	no	no	yes
SoffiXsponR570.06Fg163600.v2.1	15.621	no	no	no	yes
SoffiXsponR570.01Fg112700.v2.1	15.607	no	no	no	yes
SoffiXsponR570.07Cg233000.v2.1	15.595	no	no	no	yes
SoffiXsponR570.02Cg405600.v2.1	15.591	no	no	no	yes
SoffiXsponR570.01Bg051100.v2.1	15.589	no	no	no	yes
SoffiXsponR570.04Ag165200.v2.1	15.575	no	no	no	yes
SoffiXsponR570.02Fg174700.v2.1	15.563	no	no	no	yes
SoffiXsponR570.02Bg059100.v2.1	15.555	no	no	no	yes
SoffiXsponR570.07Dg048300.v2.1	15.535	no	no	no	yes
SoffiXsponR570.07Cg185200.v2.1	15.519	no	no	no	yes
SoffiXsponR570.05Fg166300.v2.1	15.516	no	no	no	yes
SoffiXsponR570.06Gg070000.v2.1	15.512	no	no	no	yes
SoffiXsponR570.05Fg289600.v2.1	15.504	no	no	no	yes
SoffiXsponR570.04Bg107900.v2.1	15.5	no	no	no	yes
SoffiXsponR570.05Dg330300.v2.1	15.486	no	no	no	yes
SoffiXsponR570.04Gg025500.v2.1	15.479	no	no	no	yes
SoffiXsponR570.10Cg172700.v2.1	15.448	no	no	no	yes
SoffiXsponR570.08Cg177100.v2.1	15.446	no	no	no	yes
SoffiXsponR570.03Ag202300.v2.1	15.445	no	no	no	yes
SoffiXsponR570.05Fg043400.v2.1	15.423	no	no	no	yes
SoffiXsponR570.02Gg002500.v2.1	15.418	no	no	no	yes
SoffiXsponR570.02Gg247400.v2.1	15.414	no	no	no	yes
SoffiXsponR570.07Bg154400.v2.1	15.413	no	no	no	yes
SoffiXsponR570.02Gg151200.v2.1	15.411	no	no	no	yes
SoffiXsponR570.03Ag033600.v2.1	15.408	no	no	no	yes
SoffiXsponR570.10Dg095600.v2.1	15.402	no	no	no	yes
SoffiXsponR570.05Cg292100.v2.1	15.399	no	no	no	yes
SoffiXsponR570.05Bg232700.v2.1	15.396	no	no	no	yes
SoffiXsponR570.07Dg144300.v2.1	15.377	no	no	no	yes
SoffiXsponR570.05Eg130100.v2.1	15.367	no	no	no	yes
SoffiXsponR570.02Fg110600.v2.1	15.358	no	no	no	yes
SoffiXsponR570.07Bg188800.v2.1	15.353	no	no	no	yes
SoffiXsponR570.06Cg133300.v2.1	15.353	no	no	no	yes
SoffiXsponR570.07Eg188000.v2.1	15.349	no	no	no	yes
SoffiXsponR570.02Fg168300.v2.1	15.321	no	no	no	yes
SoffiXsponR570.10Eg065900.v2.1	15.31	no	no	no	yes
SoffiXsponR570.02Gg254900.v2.1	15.309	no	no	no	yes
SoffiXsponR570.10Ag195600.v2.1	15.294	no	no	no	yes
SoffiXsponR570.02Ag185600.v2.1	15.291	no	no	no	yes
SoffiXsponR570.03Eg294500.v2.1	15.289	no	no	no	yes
SoffiXsponR570.02Ag379700.v2.1	15.288	no	no	no	yes
SoffiXsponR570.02Ag094300.v2.1	15.265	no	no	no	yes
SoffiXsponR570.05Bg233300.v2.1	15.257	no	no	no	yes
SoffiXsponR570.04Ag112600.v2.1	15.248	no	no	no	yes
SoffiXsponR570.01Dg194200.v2.1	15.241	no	no	no	yes
SoffiXsponR570.07Eg113900.v2.1	15.229	no	no	no	yes
SoffiXsponR570.05Bg275300.v2.1	15.218	no	no	no	yes
SoffiXsponR570.06Cg089600.v2.1	15.214	no	no	no	yes
SoffiXsponR570.10Dg005300.v2.1	15.205	no	no	no	yes
SoffiXsponR570.01Ag408300.v2.1	15.19	no	no	no	yes
SoffiXsponR570.05Eg315800.v2.1	15.19	no	no	no	yes
SoffiXsponR570.09Dg048800.v2.1	15.175	no	no	no	yes
SoffiXsponR570.10Ag211700.v2.1	15.171	no	no	no	yes
SoffiXsponR570.02Fg088900.v2.1	15.168	no	no	no	yes
SoffiXsponR570.07Dg232600.v2.1	15.144	no	no	no	yes
SoffiXsponR570.01Eg082000.v2.1	15.142	no	no	no	yes
SoffiXsponR570.01Fg215000.v2.1	15.14	no	no	no	yes
SoffiXsponR570.07Ag194400.v2.1	15.128	no	no	no	yes
SoffiXsponR570.06Cg106800.v2.1	15.128	no	no	no	yes
SoffiXsponR570.02Cg187600.v2.1	15.125	no	no	no	yes
SoffiXsponR570.09Eg026000.v2.1	15.12	no	no	no	yes
SoffiXsponR570.02Bg033800.v2.1	15.115	no	no	no	yes
SoffiXsponR570.05Bg261300.v2.1	15.11	no	no	no	yes
SoffiXsponR570.07Dg218700.v2.1	15.105	no	no	no	yes
SoffiXsponR570.01Ag228800.v2.1	15.103	no	no	no	yes
SoffiXsponR570.05Fg146700.v2.1	15.101	no	no	no	yes
SoffiXsponR570.8_5Ag101800.v2.1	15.085	no	no	no	yes
SoffiXsponR570.02Bg313700.v2.1	15.083	no	no	no	yes
SoffiXsponR570.09Bg155800.v2.1	15.074	no	no	no	yes
SoffiXsponR570.10Fg101300.v2.1	15.072	no	no	no	yes
SoffiXsponR570.06Dg058100.v2.1	15.064	no	no	no	yes
SoffiXsponR570.02Ag209500.v2.1	15.027	no	no	no	yes
SoffiXsponR570.07Ag165900.v2.1	15.019	no	no	no	yes
SoffiXsponR570.07Eg151000.v2.1	15.008	no	no	no	yes
SoffiXsponR570.02Bg160800.v2.1	15.002	no	no	no	yes
SoffiXsponR570.8_5Ag119000.v2.1	14.997	no	no	no	yes
SoffiXsponR570.03Eg099200.v2.1	14.986	no	no	no	yes
SoffiXsponR570.10Dg172800.v2.1	14.98	no	no	no	yes
SoffiXsponR570.03Ag334900.v2.1	14.979	no	no	no	yes
SoffiXsponR570.05Bg363900.v2.1	14.951	no	no	no	yes
SoffiXsponR570.01Bg352800.v2.1	14.95	no	no	no	yes
SoffiXsponR570.8_5Ag097100.v2.1	14.945	no	yes	yes	yes
SoffiXsponR570.02Bg278000.v2.1	14.942	no	no	no	yes
SoffiXsponR570.01Dg112200.v2.1	14.94	no	no	no	yes
SoffiXsponR570.09Dg071500.v2.1	14.939	no	no	no	yes
SoffiXsponR570.9os1g006100.v2.1	14.931	no	no	no	yes
SoffiXsponR570.01Bg400100.v2.1	14.929	no	no	no	yes
SoffiXsponR570.05Fg182400.v2.1	14.908	no	no	no	yes
SoffiXsponR570.06Ag074000.v2.1	14.904	no	no	no	yes
SoffiXsponR570.03Ag037300.v2.1	14.894	no	no	no	yes
SoffiXsponR570.02Bg102300.v2.1	14.887	no	no	no	yes
SoffiXsponR570.07Bg248700.v2.1	14.868	no	no	no	yes
SoffiXsponR570.02Ag173900.v2.1	14.861	no	no	no	yes
SoffiXsponR570.07Ag087700.v2.1	14.859	no	no	no	yes
SoffiXsponR570.09Bg091900.v2.1	14.854	no	no	no	yes
SoffiXsponR570.01Eg267300.v2.1	14.853	no	no	no	yes
SoffiXsponR570.08Eg050200.v2.1	14.839	no	no	no	yes
SoffiXsponR570.9os1g054400.v2.1	14.836	no	no	no	yes
SoffiXsponR570.01Bg491800.v2.1	14.834	no	no	no	yes
SoffiXsponR570.04Gg105100.v2.1	14.794	no	no	no	yes
SoffiXsponR570.03Cg041500.v2.1	14.788	no	no	no	yes
SoffiXsponR570.01Cg059200.v2.1	14.783	no	no	no	yes
SoffiXsponR570.09Cg116600.v2.1	14.781	no	no	no	yes
SoffiXsponR570.09Ag007900.v2.1	14.773	no	no	no	yes
SoffiXsponR570.8_10Ag143200.v2.1	14.772	no	no	no	yes
SoffiXsponR570.04Ag106700.v2.1	14.771	no	no	no	yes
SoffiXsponR570.03Cg101200.v2.1	14.77	no	no	no	yes
SoffiXsponR570.08Bg089800.v2.1	14.768	no	no	no	yes
SoffiXsponR570.10Cg106600.v2.1	14.763	no	no	no	yes
SoffiXsponR570.5_9Ag073100.v2.1	14.762	no	no	no	yes
SoffiXsponR570.03Cg075700.v2.1	14.759	no	no	no	yes
SoffiXsponR570.08Cg092800.v2.1	14.755	no	no	no	yes
SoffiXsponR570.02Bg300500.v2.1	14.749	no	no	no	yes
SoffiXsponR570.05Eg213800.v2.1	14.745	no	no	no	yes
SoffiXsponR570.10Fg025400.v2.1	14.737	no	no	no	yes
SoffiXsponR570.03Bg172500.v2.1	14.721	no	no	no	yes
SoffiXsponR570.7_10Ag332200.v2.1	14.719	no	no	no	yes
SoffiXsponR570.01Ag236100.v2.1	14.717	no	no	no	yes
SoffiXsponR570.03Eg209200.v2.1	14.716	no	no	no	yes
SoffiXsponR570.03Ag033700.v2.1	14.716	no	no	no	yes
SoffiXsponR570.02Fg252000.v2.1	14.714	no	no	no	yes
SoffiXsponR570.07Bg109200.v2.1	14.712	no	no	no	yes
SoffiXsponR570.01Ag241800.v2.1	14.712	no	no	no	yes
SoffiXsponR570.02Cg409900.v2.1	14.648	no	no	no	yes
SoffiXsponR570.02Bg211000.v2.1	14.644	no	no	no	yes
SoffiXsponR570.02Ag250400.v2.1	14.638	no	no	no	yes
SoffiXsponR570.05Fg070600.v2.1	14.631	no	no	no	yes
SoffiXsponR570.01Eg117200.v2.1	14.625	no	no	no	yes
SoffiXsponR570.02Eg034700.v2.1	14.623	no	no	no	yes
SoffiXsponR570.08Bg056500.v2.1	14.619	no	no	no	yes
SoffiXsponR570.05Gg056600.v2.1	14.613	no	no	no	yes
SoffiXsponR570.03Bg146600.v2.1	14.61	no	no	no	yes
SoffiXsponR570.06Eg094700.v2.1	14.609	no	no	no	yes
SoffiXsponR570.1Z096100.v2.1	14.603	no	no	no	yes
SoffiXsponR570.02Gg108800.v2.1	14.603	no	no	no	yes
SoffiXsponR570.02Bg123100.v2.1	14.586	no	no	no	yes
SoffiXsponR570.05Dg326500.v2.1	14.581	no	no	no	yes
SoffiXsponR570.05Fg232400.v2.1	14.579	no	no	no	yes
SoffiXsponR570.05Bg077100.v2.1	14.577	no	no	no	yes
SoffiXsponR570.03Eg101200.v2.1	14.576	no	no	no	yes
SoffiXsponR570.03Dg264700.v2.1	14.563	no	no	no	yes
SoffiXsponR570.03Ag237000.v2.1	14.552	no	no	no	yes
SoffiXsponR570.04Ag135200.v2.1	14.539	no	no	no	yes
SoffiXsponR570.02Gg135400.v2.1	14.538	no	no	no	yes
SoffiXsponR570.07Bg022200.v2.1	14.524	no	no	no	yes
SoffiXsponR570.5_9Ag278700.v2.1	14.522	no	no	no	yes
SoffiXsponR570.08Eg108400.v2.1	14.517	no	no	no	yes
SoffiXsponR570.05Ag390300.v2.1	14.514	no	no	no	yes
SoffiXsponR570.01Ag205100.v2.1	14.512	no	no	no	yes
SoffiXsponR570.02Gg180300.v2.1	14.497	no	no	no	yes
SoffiXsponR570.5_9Ag074600.v2.1	14.494	no	no	no	yes
SoffiXsponR570.10Bg013100.v2.1	14.488	no	no	no	yes
SoffiXsponR570.1os1g008800.v2.1	14.475	no	no	no	yes
SoffiXsponR570.09Ag038500.v2.1	14.47	no	no	no	yes
SoffiXsponR570.06Ag082300.v2.1	14.456	no	no	no	yes
SoffiXsponR570.01Ag501600.v2.1	14.453	no	no	no	yes
SoffiXsponR570.06Eg018200.v2.1	14.446	no	no	no	yes
SoffiXsponR570.02Fg314000.v2.1	14.442	no	no	no	yes
SoffiXsponR570.02Bg003400.v2.1	14.42	no	no	no	yes
SoffiXsponR570.01Eg336400.v2.1	14.42	no	no	no	yes
SoffiXsponR570.07Ag202400.v2.1	14.414	no	no	no	yes
SoffiXsponR570.08Bg001800.v2.1	14.408	no	no	no	yes
SoffiXsponR570.06Eg108600.v2.1	14.406	no	no	no	yes
SoffiXsponR570.1Z138300.v2.1	14.377	no	no	no	yes
SoffiXsponR570.1Z223800.v2.1	14.372	no	no	no	yes
SoffiXsponR570.05Bg310600.v2.1	14.313	no	no	no	yes
SoffiXsponR570.02Dg352600.v2.1	14.297	no	no	no	yes
SoffiXsponR570.03Ag272300.v2.1	14.292	no	no	no	yes
SoffiXsponR570.02Cg177100.v2.1	14.286	no	no	no	yes
SoffiXsponR570.01Ag550200.v2.1	14.269	no	no	no	yes
SoffiXsponR570.05Dg332300.v2.1	14.262	no	no	no	yes
SoffiXsponR570.05Cg212100.v2.1	14.245	no	no	no	yes
SoffiXsponR570.10Bg005300.v2.1	14.231	no	no	no	yes
SoffiXsponR570.03Eg200400.v2.1	14.219	no	no	no	yes
SoffiXsponR570.01Eg211200.v2.1	14.218	no	no	no	yes
SoffiXsponR570.02Ag209900.v2.1	14.208	no	no	no	yes
SoffiXsponR570.07Eg153200.v2.1	14.193	no	no	no	yes
SoffiXsponR570.01Dg184700.v2.1	14.191	no	no	no	yes
SoffiXsponR570.05Ag151500.v2.1	14.189	no	no	no	yes
SoffiXsponR570.10Bg200200.v2.1	14.179	no	no	no	yes
SoffiXsponR570.03Eg082000.v2.1	14.177	no	no	no	yes
SoffiXsponR570.05Cg069000.v2.1	14.177	no	no	no	yes
SoffiXsponR570.06Fg053000.v2.1	14.145	no	no	no	yes
SoffiXsponR570.07Dg218600.v2.1	14.141	no	no	no	yes
SoffiXsponR570.02Dg326700.v2.1	14.137	no	no	no	yes
SoffiXsponR570.02Eg138900.v2.1	14.135	no	no	no	yes
SoffiXsponR570.05Cg279100.v2.1	14.134	no	no	no	yes
SoffiXsponR570.05Dg118500.v2.1	14.134	no	no	no	yes
SoffiXsponR570.8_10Ag281600.v2.1	14.133	no	no	no	yes
SoffiXsponR570.10Dg005200.v2.1	14.122	no	no	no	yes
SoffiXsponR570.02Ag148700.v2.1	14.117	no	no	no	yes
SoffiXsponR570.02Gg135800.v2.1	14.108	no	no	no	yes
SoffiXsponR570.5_9Ag444900.v2.1	14.107	no	no	no	yes
SoffiXsponR570.03Ag254700.v2.1	14.105	no	no	no	yes
SoffiXsponR570.03Ag291200.v2.1	14.105	no	no	no	yes
SoffiXsponR570.01Ag245000.v2.1	14.098	no	no	no	yes
SoffiXsponR570.01Ag461100.v2.1	14.095	no	no	no	yes
SoffiXsponR570.03Dg037000.v2.1	14.093	no	no	no	yes
SoffiXsponR570.03Bg264800.v2.1	14.093	no	no	no	yes
SoffiXsponR570.07Ag223100.v2.1	14.086	no	no	no	yes
SoffiXsponR570.02Ag389900.v2.1	14.083	no	no	no	yes
SoffiXsponR570.03Dg117000.v2.1	14.075	no	no	no	yes
SoffiXsponR570.10Dg179600.v2.1	14.062	no	no	no	yes
SoffiXsponR570.06Dg021700.v2.1	14.048	no	no	no	yes
SoffiXsponR570.01Ag202600.v2.1	14.048	no	no	no	yes
SoffiXsponR570.03Eg192900.v2.1	14.042	no	no	no	yes
SoffiXsponR570.09Cg100200.v2.1	14.042	no	no	no	yes
SoffiXsponR570.10Fg121700.v2.1	14.039	no	no	no	yes
SoffiXsponR570.07Cg232200.v2.1	14.022	no	no	no	yes
SoffiXsponR570.08Bg081100.v2.1	14.011	no	no	no	yes
SoffiXsponR570.07Bg038500.v2.1	14.01	no	no	no	yes
SoffiXsponR570.7os1g037500.v2.1	14.005	no	no	no	yes
SoffiXsponR570.05Eg354500.v2.1	14.004	no	no	no	yes
SoffiXsponR570.01Dg340800.v2.1	14.002	no	no	no	yes
SoffiXsponR570.05Bg321300.v2.1	14.001	no	no	no	yes
SoffiXsponR570.02Fg283900.v2.1	13.986	no	no	no	yes
SoffiXsponR570.09Dg100200.v2.1	13.986	no	no	no	yes
SoffiXsponR570.02Fg237700.v2.1	13.983	no	no	no	yes
SoffiXsponR570.01Dg076000.v2.1	13.978	no	no	no	yes
SoffiXsponR570.05Eg339200.v2.1	13.967	no	no	no	yes
SoffiXsponR570.07Ag003100.v2.1	13.965	no	no	no	yes
SoffiXsponR570.02Ag077800.v2.1	13.964	no	no	no	yes
SoffiXsponR570.01Ag065400.v2.1	13.958	no	no	no	yes
SoffiXsponR570.02Ag271300.v2.1	13.944	no	no	no	yes
SoffiXsponR570.05Eg208400.v2.1	13.94	no	no	no	yes
SoffiXsponR570.10Bg018700.v2.1	13.935	no	no	no	yes
SoffiXsponR570.05Fg072600.v2.1	13.932	no	no	no	yes
SoffiXsponR570.05Bg325200.v2.1	13.925	no	no	no	yes
SoffiXsponR570.01Cg254800.v2.1	13.909	no	no	no	yes
SoffiXsponR570.02Dg352200.v2.1	13.905	no	no	no	yes
SoffiXsponR570.04Fg081600.v2.1	13.902	no	no	no	yes
SoffiXsponR570.03Ag141700.v2.1	13.895	no	no	no	yes
SoffiXsponR570.08Eg117100.v2.1	13.894	no	no	no	yes
SoffiXsponR570.01Cg179100.v2.1	13.891	no	no	no	yes
SoffiXsponR570.07Dg213300.v2.1	13.886	no	no	no	yes
SoffiXsponR570.02Cg203700.v2.1	13.872	no	no	no	yes
SoffiXsponR570.05Bg248400.v2.1	13.867	no	no	no	yes
SoffiXsponR570.04Bg163700.v2.1	13.859	no	no	no	yes
SoffiXsponR570.01Ag069800.v2.1	13.851	no	no	no	yes
SoffiXsponR570.7os1g047600.v2.1	13.837	no	no	no	yes
SoffiXsponR570.08Cg163000.v2.1	13.828	no	yes	no	no
SoffiXsponR570.05Fg321500.v2.1	13.825	no	no	no	yes
SoffiXsponR570.09Bg081200.v2.1	13.82	no	no	no	yes
SoffiXsponR570.10Cg149700.v2.1	13.814	no	no	no	yes
SoffiXsponR570.07Cg197300.v2.1	13.812	no	no	no	yes
SoffiXsponR570.06Gg076200.v2.1	13.808	no	no	no	yes
SoffiXsponR570.05Bg006300.v2.1	13.8	no	no	no	yes
SoffiXsponR570.01Ag436600.v2.1	13.797	no	no	no	yes
SoffiXsponR570.04Dg107600.v2.1	13.797	no	no	no	yes
SoffiXsponR570.08Ag011500.v2.1	13.797	no	no	no	yes
SoffiXsponR570.01Bg115000.v2.1	13.796	no	no	no	yes
SoffiXsponR570.01Fg072100.v2.1	13.782	no	no	no	yes
SoffiXsponR570.05Fg115700.v2.1	13.781	no	no	no	yes
SoffiXsponR570.10os1g067400.v2.1	13.779	no	no	no	yes
SoffiXsponR570.07Ag161700.v2.1	13.769	no	no	no	yes
SoffiXsponR570.03Ag047600.v2.1	13.767	no	no	no	yes
SoffiXsponR570.02Ag392600.v2.1	13.76	no	no	no	yes
SoffiXsponR570.09Ag119800.v2.1	13.748	no	no	no	yes
SoffiXsponR570.05Bg134100.v2.1	13.732	no	no	no	yes
SoffiXsponR570.08Eg014900.v2.1	13.729	no	no	no	yes
SoffiXsponR570.05Cg045000.v2.1	13.724	no	no	no	yes
SoffiXsponR570.02Fg333600.v2.1	13.717	no	no	no	yes
SoffiXsponR570.07Eg085500.v2.1	13.714	no	no	no	yes
SoffiXsponR570.09Dg129300.v2.1	13.7	no	no	no	yes
SoffiXsponR570.02Ag204600.v2.1	13.687	no	no	no	yes
SoffiXsponR570.07Ag070600.v2.1	13.679	no	no	no	yes
SoffiXsponR570.01Bg372700.v2.1	13.663	no	no	no	yes
SoffiXsponR570.05Cg247900.v2.1	13.658	no	no	no	yes
SoffiXsponR570.8_5Ag152300.v2.1	13.657	no	no	no	yes
SoffiXsponR570.09Cg149600.v2.1	13.652	no	no	no	yes
SoffiXsponR570.02Cg135600.v2.1	13.641	no	no	no	yes
SoffiXsponR570.04Ag013700.v2.1	13.634	no	no	no	yes
SoffiXsponR570.05Bg102300.v2.1	13.621	no	no	no	yes
SoffiXsponR570.05Ag266300.v2.1	13.61	no	no	no	yes
SoffiXsponR570.08Bg061800.v2.1	13.606	no	no	no	yes
SoffiXsponR570.02Ag182700.v2.1	13.606	no	no	no	yes
SoffiXsponR570.01Dg032400.v2.1	13.604	no	no	no	yes
SoffiXsponR570.1Z144200.v2.1	13.602	no	no	no	yes
SoffiXsponR570.5_9Ag083300.v2.1	13.599	no	no	no	yes
SoffiXsponR570.02Fg260200.v2.1	13.596	no	no	no	yes
SoffiXsponR570.03Cg287200.v2.1	13.594	no	no	no	yes
SoffiXsponR570.07Bg066700.v2.1	13.568	no	no	no	yes
SoffiXsponR570.8_5Ag112100.v2.1	13.566	no	no	no	yes
SoffiXsponR570.02Bg362000.v2.1	13.541	no	no	no	yes
SoffiXsponR570.05Fg321300.v2.1	13.532	no	no	no	yes
SoffiXsponR570.02Ag046500.v2.1	13.529	no	no	no	yes
SoffiXsponR570.9os1g003500.v2.1	13.528	no	no	no	yes
SoffiXsponR570.07Bg074800.v2.1	13.528	no	no	no	yes
SoffiXsponR570.07Bg140600.v2.1	13.527	no	no	no	yes
SoffiXsponR570.01Eg064800.v2.1	13.519	no	no	no	yes
SoffiXsponR570.8_10Ag051600.v2.1	13.507	no	no	no	yes
SoffiXsponR570.01Fg216900.v2.1	13.496	no	no	no	yes
SoffiXsponR570.07Ag212400.v2.1	13.477	no	no	no	yes
SoffiXsponR570.02Ag354300.v2.1	13.474	no	no	no	yes
SoffiXsponR570.01Cg069800.v2.1	13.474	no	no	no	yes
SoffiXsponR570.05Cg007800.v2.1	13.468	no	no	no	yes
SoffiXsponR570.10Dg170000.v2.1	13.467	no	no	no	yes
SoffiXsponR570.01Fg046400.v2.1	13.464	no	no	no	yes
SoffiXsponR570.03Bg303300.v2.1	13.46	no	no	no	yes
SoffiXsponR570.02Ag159800.v2.1	13.459	no	no	no	yes
SoffiXsponR570.05Cg289400.v2.1	13.455	no	no	no	yes
SoffiXsponR570.09Ag119100.v2.1	13.453	no	no	no	yes
SoffiXsponR570.03Dg094800.v2.1	13.448	no	no	no	yes
SoffiXsponR570.02Gg078900.v2.1	13.439	no	no	no	yes
SoffiXsponR570.07Eg089700.v2.1	13.434	no	no	no	yes
SoffiXsponR570.01Ag373300.v2.1	13.432	no	no	no	yes
SoffiXsponR570.02Fg206100.v2.1	13.43	no	no	no	yes
SoffiXsponR570.04Eg033400.v2.1	13.428	no	no	no	yes
SoffiXsponR570.05Gg144100.v2.1	13.427	no	no	no	yes
SoffiXsponR570.03Cg208600.v2.1	13.426	no	no	no	yes
SoffiXsponR570.05Eg223600.v2.1	13.425	no	no	no	yes
SoffiXsponR570.01Eg327600.v2.1	13.415	no	no	no	yes
SoffiXsponR570.01Dg249500.v2.1	13.414	no	no	no	yes
SoffiXsponR570.5_9Ag049900.v2.1	13.41	no	no	no	yes
SoffiXsponR570.03Ag188500.v2.1	13.407	no	no	no	yes
SoffiXsponR570.02Ag158700.v2.1	13.398	no	no	no	yes
SoffiXsponR570.07Bg038400.v2.1	13.382	no	no	no	yes
SoffiXsponR570.06Fg080100.v2.1	13.377	no	no	no	yes
SoffiXsponR570.04Gg014800.v2.1	13.366	no	no	no	yes
SoffiXsponR570.03Eg158400.v2.1	13.366	no	no	no	yes
SoffiXsponR570.03Cg281400.v2.1	13.364	no	no	no	yes
SoffiXsponR570.02Cg168100.v2.1	13.354	no	no	no	yes
SoffiXsponR570.03Eg302700.v2.1	13.348	no	no	no	yes
SoffiXsponR570.10Bg178600.v2.1	13.34	no	no	no	yes
SoffiXsponR570.09Ag074800.v2.1	13.338	no	no	no	yes
SoffiXsponR570.01Cg289600.v2.1	13.337	no	no	no	yes
SoffiXsponR570.02Bg290700.v2.1	13.323	no	no	no	yes
SoffiXsponR570.05Ag359100.v2.1	13.305	no	no	no	yes
SoffiXsponR570.02Ag324400.v2.1	13.296	no	no	no	yes
SoffiXsponR570.07Bg055500.v2.1	13.289	no	no	no	yes
SoffiXsponR570.08Cg147100.v2.1	13.288	no	yes	yes	yes
SoffiXsponR570.05Ag304700.v2.1	13.273	no	no	no	yes
SoffiXsponR570.07Cg064900.v2.1	13.256	no	no	no	yes
SoffiXsponR570.07Bg037600.v2.1	13.242	no	no	no	yes
SoffiXsponR570.06Eg119500.v2.1	13.236	no	no	no	yes
SoffiXsponR570.05Gg101000.v2.1	13.233	no	no	no	yes
SoffiXsponR570.01Eg417200.v2.1	13.232	no	no	no	yes
SoffiXsponR570.03Ag306200.v2.1	13.231	no	no	no	yes
SoffiXsponR570.01Dg240300.v2.1	13.231	no	no	no	yes
SoffiXsponR570.07Ag128600.v2.1	13.202	no	no	no	yes
SoffiXsponR570.8_5Ag205200.v2.1	13.2	no	no	no	yes
SoffiXsponR570.05Fg140300.v2.1	13.199	no	no	no	yes
SoffiXsponR570.04Ag227700.v2.1	13.199	no	no	no	yes
SoffiXsponR570.01Eg015000.v2.1	13.199	no	no	no	yes
SoffiXsponR570.03Bg167100.v2.1	13.199	no	no	no	yes
SoffiXsponR570.02Dg110800.v2.1	13.195	no	no	no	yes
SoffiXsponR570.03Ag333700.v2.1	13.191	no	no	no	yes
SoffiXsponR570.02Ag174300.v2.1	13.183	no	no	no	yes
SoffiXsponR570.05Ag291800.v2.1	13.18	no	no	no	yes
SoffiXsponR570.05Fg185900.v2.1	13.18	no	no	no	yes
SoffiXsponR570.01Eg110500.v2.1	13.18	no	no	no	yes
SoffiXsponR570.09Dg089900.v2.1	13.178	no	no	no	yes
SoffiXsponR570.05Ag350300.v2.1	13.174	no	no	no	yes
SoffiXsponR570.8_5Ag151200.v2.1	13.169	no	no	no	yes
SoffiXsponR570.05Fg101400.v2.1	13.167	no	no	no	yes
SoffiXsponR570.07Ag140300.v2.1	13.154	no	no	no	yes
SoffiXsponR570.8_5Ag265400.v2.1	13.15	no	no	no	yes
SoffiXsponR570.07Bg107900.v2.1	13.136	no	no	no	yes
SoffiXsponR570.07Eg127400.v2.1	13.132	no	no	no	yes
SoffiXsponR570.02Cg411600.v2.1	13.125	no	no	no	yes
SoffiXsponR570.07Eg034600.v2.1	13.125	no	no	no	yes
SoffiXsponR570.02Eg391700.v2.1	13.11	no	no	no	yes
SoffiXsponR570.10Dg038700.v2.1	13.106	no	no	no	yes
SoffiXsponR570.04Ag097900.v2.1	13.099	no	no	no	yes
SoffiXsponR570.03Ag329800.v2.1	13.097	no	no	no	yes
SoffiXsponR570.02Cg129100.v2.1	13.073	no	no	no	yes
SoffiXsponR570.1Z190200.v2.1	13.06	no	no	no	yes
SoffiXsponR570.09Ag173700.v2.1	13.056	no	no	no	yes
SoffiXsponR570.06Ag121200.v2.1	13.05	no	no	no	yes
SoffiXsponR570.05Bg246500.v2.1	13.049	no	no	no	yes
SoffiXsponR570.06Ag089200.v2.1	13.048	no	no	no	yes
SoffiXsponR570.03Gg113300.v2.1	13.046	no	no	no	yes
SoffiXsponR570.02Ag002000.v2.1	13.04	no	no	no	yes
SoffiXsponR570.03Bg169200.v2.1	13.029	no	no	no	yes
SoffiXsponR570.06Cg106500.v2.1	13.028	no	no	no	yes
SoffiXsponR570.02Fg241400.v2.1	13.021	no	no	no	yes
SoffiXsponR570.07Bg229300.v2.1	13.018	no	no	no	yes
SoffiXsponR570.6_9Ag212000.v2.1	13.011	no	no	no	yes
SoffiXsponR570.08Ag169400.v2.1	13.006	no	no	no	yes
SoffiXsponR570.02Eg068200.v2.1	12.988	no	no	no	yes
SoffiXsponR570.02Ag107700.v2.1	12.965	no	no	no	yes
SoffiXsponR570.03Cg188100.v2.1	12.958	no	no	no	yes
SoffiXsponR570.05Bg215300.v2.1	12.951	no	no	no	yes
SoffiXsponR570.05Bg208500.v2.1	12.946	no	no	no	yes
SoffiXsponR570.03Gg077500.v2.1	12.941	no	no	no	yes
SoffiXsponR570.01Ag146500.v2.1	12.941	no	no	no	yes
SoffiXsponR570.10Dg017200.v2.1	12.932	no	no	no	yes
SoffiXsponR570.08Cg171600.v2.1	12.916	no	no	no	yes
SoffiXsponR570.09Bg059700.v2.1	12.909	no	no	no	yes
SoffiXsponR570.08Bg189100.v2.1	12.901	no	no	no	yes
SoffiXsponR570.04Ag019900.v2.1	12.899	no	no	no	yes
SoffiXsponR570.03Fg137300.v2.1	12.889	no	no	no	yes
SoffiXsponR570.03Ag288100.v2.1	12.885	no	no	no	yes
SoffiXsponR570.05Ag306600.v2.1	12.861	no	no	no	yes
SoffiXsponR570.06Ag202900.v2.1	12.86	no	no	no	yes
SoffiXsponR570.01Bg357100.v2.1	12.851	no	no	no	yes
SoffiXsponR570.05Bg264600.v2.1	12.845	no	no	no	yes
SoffiXsponR570.03Cg115900.v2.1	12.841	no	no	no	yes
SoffiXsponR570.05Gg199100.v2.1	12.838	no	no	no	yes
SoffiXsponR570.02Gg105100.v2.1	12.824	no	no	no	yes
SoffiXsponR570.07Eg122900.v2.1	12.813	no	no	no	yes
SoffiXsponR570.08Eg100000.v2.1	12.813	no	no	no	yes
SoffiXsponR570.8_5Ag072800.v2.1	12.799	no	no	no	yes
SoffiXsponR570.06Fg061500.v2.1	12.794	no	no	no	yes
SoffiXsponR570.07Ag105000.v2.1	12.79	no	no	no	yes
SoffiXsponR570.07Bg206600.v2.1	12.765	no	no	no	yes
SoffiXsponR570.10Ag149100.v2.1	12.764	no	no	no	yes
SoffiXsponR570.06Fg175100.v2.1	12.747	no	no	no	yes
SoffiXsponR570.03Ag128100.v2.1	12.747	no	no	no	yes
SoffiXsponR570.04Bg212500.v2.1	12.743	no	no	no	yes
SoffiXsponR570.05Dg348200.v2.1	12.714	no	no	no	yes
SoffiXsponR570.8_5Ag186400.v2.1	12.712	no	no	no	yes
SoffiXsponR570.09Cg005300.v2.1	12.711	no	no	no	yes
SoffiXsponR570.02Ag313300.v2.1	12.7	no	no	no	yes
SoffiXsponR570.03Dg221300.v2.1	12.698	no	no	no	yes
SoffiXsponR570.08Eg093600.v2.1	12.694	no	no	no	yes
SoffiXsponR570.03Dg296700.v2.1	12.687	no	no	no	yes
SoffiXsponR570.02Ag392000.v2.1	12.685	no	no	no	yes
SoffiXsponR570.10Bg098600.v2.1	12.684	no	no	no	yes
SoffiXsponR570.04Dg162300.v2.1	12.68	no	no	no	yes
SoffiXsponR570.01Bg363400.v2.1	12.675	no	no	no	yes
SoffiXsponR570.03Gg039000.v2.1	12.673	no	no	no	yes
SoffiXsponR570.01Dg138500.v2.1	12.65	no	no	no	yes
SoffiXsponR570.01Cg374300.v2.1	12.641	no	no	no	yes
SoffiXsponR570.06Eg100500.v2.1	12.64	no	no	no	yes
SoffiXsponR570.02Eg106100.v2.1	12.635	no	no	no	yes
SoffiXsponR570.07Dg033500.v2.1	12.635	no	no	no	yes
SoffiXsponR570.06Eg113900.v2.1	12.634	no	no	no	yes
SoffiXsponR570.1Z296200.v2.1	12.616	no	no	no	yes
SoffiXsponR570.03Bg269500.v2.1	12.614	no	no	no	yes
SoffiXsponR570.03Dg085200.v2.1	12.614	no	no	no	yes
SoffiXsponR570.01Ag275600.v2.1	12.613	no	no	no	yes
SoffiXsponR570.03Cg296300.v2.1	12.61	no	no	no	yes
SoffiXsponR570.03Cg248100.v2.1	12.605	no	no	no	yes
SoffiXsponR570.8_10Ag038900.v2.1	12.589	no	no	no	yes
SoffiXsponR570.08Bg005900.v2.1	12.585	no	no	no	yes
SoffiXsponR570.05Bg077300.v2.1	12.575	no	no	no	yes
SoffiXsponR570.3os1g005400.v2.1	12.568	no	no	no	yes
SoffiXsponR570.02Eg323800.v2.1	12.563	no	no	no	yes
SoffiXsponR570.04Gg053000.v2.1	12.561	no	no	no	yes
SoffiXsponR570.05Fg111400.v2.1	12.56	no	no	no	yes
SoffiXsponR570.01Fg336000.v2.1	12.558	no	no	no	yes
SoffiXsponR570.07Bg269300.v2.1	12.538	no	no	no	yes
SoffiXsponR570.09Bg043100.v2.1	12.534	no	no	no	yes
SoffiXsponR570.03Bg046200.v2.1	12.532	no	no	no	yes
SoffiXsponR570.04Eg134800.v2.1	12.531	no	no	no	yes
SoffiXsponR570.07Bg035300.v2.1	12.522	no	no	no	yes
SoffiXsponR570.03Ag296400.v2.1	12.507	no	no	no	yes
SoffiXsponR570.10Cg106100.v2.1	12.506	no	no	no	yes
SoffiXsponR570.09Ag164700.v2.1	12.504	no	no	no	yes
SoffiXsponR570.04Gg051400.v2.1	12.503	no	no	no	yes
SoffiXsponR570.01Ag183600.v2.1	12.5	no	no	no	yes
SoffiXsponR570.02Bg280300.v2.1	12.496	no	no	no	yes
SoffiXsponR570.10Bg006400.v2.1	12.489	no	no	no	yes
SoffiXsponR570.05Ag190800.v2.1	12.475	no	no	no	yes
SoffiXsponR570.08Eg010600.v2.1	12.474	no	no	no	yes
SoffiXsponR570.2os1g001300.v2.1	12.471	no	no	no	yes
SoffiXsponR570.03Ag062500.v2.1	12.47	no	no	no	yes
SoffiXsponR570.07Bg096100.v2.1	12.465	no	no	no	yes
SoffiXsponR570.02Dg383100.v2.1	12.456	no	no	no	yes
SoffiXsponR570.01Cg304600.v2.1	12.451	no	no	no	yes
SoffiXsponR570.06Gg120200.v2.1	12.428	no	no	no	yes
SoffiXsponR570.03Dg149800.v2.1	12.419	no	no	no	yes
SoffiXsponR570.03Ag351400.v2.1	12.417	no	no	no	yes
SoffiXsponR570.1Z101100.v2.1	12.414	no	no	no	yes
SoffiXsponR570.01Ag535800.v2.1	12.407	no	no	no	yes
SoffiXsponR570.01Ag097800.v2.1	12.407	no	no	no	yes
SoffiXsponR570.9os1g045300.v2.1	12.405	no	no	no	yes
SoffiXsponR570.02Fg352200.v2.1	12.403	no	no	no	yes
SoffiXsponR570.03Gg056700.v2.1	12.4	no	no	no	yes
SoffiXsponR570.02Ag186000.v2.1	12.394	no	no	no	yes
SoffiXsponR570.05Fg156300.v2.1	12.393	no	no	no	yes
SoffiXsponR570.07Eg148400.v2.1	12.393	no	no	no	yes
SoffiXsponR570.09Bg087000.v2.1	12.393	no	no	no	yes
SoffiXsponR570.05Dg191600.v2.1	12.384	no	no	no	yes
SoffiXsponR570.08Ag130000.v2.1	12.382	no	no	no	yes
SoffiXsponR570.03Cg095300.v2.1	12.368	no	no	no	yes
SoffiXsponR570.03Bg051800.v2.1	12.349	no	no	no	yes
SoffiXsponR570.09Ag021100.v2.1	12.343	no	no	no	yes
SoffiXsponR570.06Dg086700.v2.1	12.336	no	no	no	yes
SoffiXsponR570.10Fg053000.v2.1	12.326	no	no	no	yes
SoffiXsponR570.01Dg067800.v2.1	12.32	no	no	no	yes
SoffiXsponR570.10Cg063200.v2.1	12.318	no	no	no	yes
SoffiXsponR570.1Z246600.v2.1	12.315	no	no	no	yes
SoffiXsponR570.5_9Ag407700.v2.1	12.315	no	no	no	yes
SoffiXsponR570.05Eg345500.v2.1	12.304	no	no	no	yes
SoffiXsponR570.05Ag241900.v2.1	12.298	no	no	no	yes
SoffiXsponR570.01Ag498800.v2.1	12.298	no	no	no	yes
SoffiXsponR570.01Ag550800.v2.1	12.294	no	no	no	yes
SoffiXsponR570.03Cg015400.v2.1	12.29	no	no	no	yes
SoffiXsponR570.01Bg366000.v2.1	12.278	no	no	no	yes
SoffiXsponR570.08Dg056500.v2.1	12.278	no	no	no	yes
SoffiXsponR570.07Dg131700.v2.1	12.268	no	no	no	yes
SoffiXsponR570.02Bg044500.v2.1	12.258	no	no	no	yes
SoffiXsponR570.6_9Ag006500.v2.1	12.253	no	no	no	yes
SoffiXsponR570.05Cg207600.v2.1	12.244	no	no	no	yes
SoffiXsponR570.01Ag356300.v2.1	12.242	no	no	no	yes
SoffiXsponR570.03Cg125400.v2.1	12.241	no	no	no	yes
SoffiXsponR570.01Ag142900.v2.1	12.225	no	no	no	yes
SoffiXsponR570.07Eg209400.v2.1	12.224	no	no	no	yes
SoffiXsponR570.04Fg094200.v2.1	12.22	no	no	no	yes
SoffiXsponR570.08Eg071600.v2.1	12.213	no	no	no	yes
SoffiXsponR570.06Dg063400.v2.1	12.204	no	no	no	yes
SoffiXsponR570.5_9Ag387600.v2.1	12.201	no	no	no	yes
SoffiXsponR570.03Bg100500.v2.1	12.199	no	no	no	yes
SoffiXsponR570.06Eg129700.v2.1	12.189	no	no	no	yes
SoffiXsponR570.01Cg211200.v2.1	12.183	no	no	no	yes
SoffiXsponR570.01Ag475600.v2.1	12.178	no	no	no	yes
SoffiXsponR570.07Bg040500.v2.1	12.175	no	no	no	yes
SoffiXsponR570.07Ag232600.v2.1	12.169	no	no	no	yes
SoffiXsponR570.06Ag214200.v2.1	12.151	no	no	no	yes
SoffiXsponR570.05Bg268500.v2.1	12.145	no	no	no	yes
SoffiXsponR570.02Bg348800.v2.1	12.143	no	no	no	yes
SoffiXsponR570.02Fg337600.v2.1	12.139	no	no	no	yes
SoffiXsponR570.02Fg066900.v2.1	12.135	no	no	no	yes
SoffiXsponR570.5_9Ag032100.v2.1	12.13	no	no	no	yes
SoffiXsponR570.06Cg050200.v2.1	12.123	no	no	yes	no
SoffiXsponR570.06Fg168300.v2.1	12.115	no	no	no	yes
SoffiXsponR570.5_9Ag222600.v2.1	12.103	no	no	no	yes
SoffiXsponR570.04Fg074000.v2.1	12.102	no	no	no	yes
SoffiXsponR570.03Cg068300.v2.1	12.101	no	no	no	yes
SoffiXsponR570.7_10Ag163900.v2.1	12.097	no	no	no	yes
SoffiXsponR570.05Ag033500.v2.1	12.095	no	no	no	yes
SoffiXsponR570.07Bg131000.v2.1	12.094	no	no	no	yes
SoffiXsponR570.02Bg106000.v2.1	12.089	no	no	no	yes
SoffiXsponR570.02Fg004300.v2.1	12.086	no	no	no	yes
SoffiXsponR570.02Ag123300.v2.1	12.081	no	no	no	yes
SoffiXsponR570.09Eg026800.v2.1	12.076	no	no	no	yes
SoffiXsponR570.05Fg102100.v2.1	12.075	no	no	no	yes
SoffiXsponR570.01Eg352600.v2.1	12.074	no	no	no	yes
SoffiXsponR570.05Cg213300.v2.1	12.07	no	no	no	yes
SoffiXsponR570.09Ag076800.v2.1	12.062	no	no	no	yes
SoffiXsponR570.07Eg018500.v2.1	12.059	no	no	no	yes
SoffiXsponR570.07Dg140400.v2.1	12.057	no	no	no	yes
SoffiXsponR570.02Ag419500.v2.1	12.055	no	no	no	yes
SoffiXsponR570.06Eg131400.v2.1	12.05	no	no	no	yes
SoffiXsponR570.02Bg076700.v2.1	12.045	no	no	no	yes
SoffiXsponR570.01Bg185100.v2.1	12.042	no	no	no	yes
SoffiXsponR570.05Dg338200.v2.1	12.014	no	no	yes	yes
SoffiXsponR570.03Cg186400.v2.1	12.01	no	no	no	yes
SoffiXsponR570.10Ag015300.v2.1	12.004	yes	no	no	yes
SoffiXsponR570.03Fg021500.v2.1	11.989	no	no	no	yes
SoffiXsponR570.05Cg383500.v2.1	11.985	no	no	no	yes
SoffiXsponR570.10Fg003500.v2.1	11.982	no	no	no	yes
SoffiXsponR570.8_5Ag061400.v2.1	11.973	no	no	no	yes
SoffiXsponR570.01Ag111500.v2.1	11.973	no	no	no	yes
SoffiXsponR570.01Cg326400.v2.1	11.969	no	no	no	yes
SoffiXsponR570.10Bg039800.v2.1	11.968	no	no	no	yes
SoffiXsponR570.03Cg225200.v2.1	11.967	no	no	no	yes
SoffiXsponR570.04Gg013900.v2.1	11.955	no	no	no	yes
SoffiXsponR570.05Cg005100.v2.1	11.943	no	no	no	yes
SoffiXsponR570.05Dg005600.v2.1	11.943	no	no	no	yes
SoffiXsponR570.8_5Ag084600.v2.1	11.938	no	no	no	yes
SoffiXsponR570.05Eg067500.v2.1	11.922	no	no	no	yes
SoffiXsponR570.09Cg125300.v2.1	11.916	no	no	no	yes
SoffiXsponR570.6_9Ag187500.v2.1	11.915	no	no	no	yes
SoffiXsponR570.05Ag081000.v2.1	11.906	no	no	no	yes
SoffiXsponR570.09Bg143000.v2.1	11.896	no	no	no	yes
SoffiXsponR570.02Ag143600.v2.1	11.885	no	no	no	yes
SoffiXsponR570.01Cg068400.v2.1	11.882	no	no	no	yes
SoffiXsponR570.02Bg347000.v2.1	11.856	no	no	no	yes
SoffiXsponR570.07Eg213400.v2.1	11.855	no	no	no	yes
SoffiXsponR570.06Ag225700.v2.1	11.855	no	no	no	yes
SoffiXsponR570.8_10Ag078700.v2.1	11.842	no	no	no	yes
SoffiXsponR570.02Bg261300.v2.1	11.837	no	no	no	yes
SoffiXsponR570.09Ag055100.v2.1	11.827	no	no	no	yes
SoffiXsponR570.07Ag191000.v2.1	11.823	no	no	no	yes
SoffiXsponR570.08Dg096200.v2.1	11.819	no	no	no	yes
SoffiXsponR570.05Bg055800.v2.1	11.816	no	no	no	yes
SoffiXsponR570.03Ag095600.v2.1	11.816	no	no	no	yes
SoffiXsponR570.6_9Ag043900.v2.1	11.815	no	no	no	yes
SoffiXsponR570.05Eg057900.v2.1	11.815	no	no	no	yes
SoffiXsponR570.8_5Ag171500.v2.1	11.814	no	no	no	yes
SoffiXsponR570.10Bg020300.v2.1	11.807	no	no	no	yes
SoffiXsponR570.05Eg317600.v2.1	11.802	no	no	no	yes
SoffiXsponR570.06Ag029800.v2.1	11.801	no	no	no	yes
SoffiXsponR570.02Fg013000.v2.1	11.792	no	no	no	yes
SoffiXsponR570.03Eg051700.v2.1	11.791	no	no	no	yes
SoffiXsponR570.05Bg079400.v2.1	11.789	no	no	no	yes
SoffiXsponR570.03Gg040300.v2.1	11.783	no	no	no	yes
SoffiXsponR570.05Fg188100.v2.1	11.782	no	no	no	yes
SoffiXsponR570.09Cg142200.v2.1	11.777	no	no	no	yes
SoffiXsponR570.03Eg178600.v2.1	11.769	no	no	no	yes
SoffiXsponR570.04Ag209100.v2.1	11.768	no	no	no	yes
SoffiXsponR570.03Eg122900.v2.1	11.744	no	no	no	yes
SoffiXsponR570.10Cg028000.v2.1	11.743	no	no	no	yes
SoffiXsponR570.03Ag322000.v2.1	11.724	no	no	no	yes
SoffiXsponR570.09Bg113300.v2.1	11.722	no	no	no	yes
SoffiXsponR570.08Cg097800.v2.1	11.72	no	no	no	yes
SoffiXsponR570.03Eg153200.v2.1	11.716	no	no	no	yes
SoffiXsponR570.08Ag116400.v2.1	11.709	no	no	no	yes
SoffiXsponR570.01Cg381800.v2.1	11.704	no	no	no	yes
SoffiXsponR570.07Dg087200.v2.1	11.702	no	no	no	yes
SoffiXsponR570.03Cg262500.v2.1	11.702	no	no	no	yes
SoffiXsponR570.03Gg148900.v2.1	11.698	no	no	no	yes
SoffiXsponR570.05Fg316000.v2.1	11.692	no	no	no	yes
SoffiXsponR570.04Eg126500.v2.1	11.691	no	no	no	yes
SoffiXsponR570.10Eg040100.v2.1	11.684	no	no	no	yes
SoffiXsponR570.10Ag112700.v2.1	11.681	no	no	no	yes
SoffiXsponR570.01Ag192800.v2.1	11.669	no	no	no	yes
SoffiXsponR570.03Fg133200.v2.1	11.661	no	no	no	yes
SoffiXsponR570.02Ag259200.v2.1	11.659	no	no	no	yes
SoffiXsponR570.02Ag429400.v2.1	11.652	no	no	no	yes
SoffiXsponR570.05Fg170300.v2.1	11.65	no	no	no	yes
SoffiXsponR570.7_10Ag095500.v2.1	11.629	no	no	no	yes
SoffiXsponR570.07Dg113400.v2.1	11.627	no	no	no	yes
SoffiXsponR570.05Bg311400.v2.1	11.625	no	no	no	yes
SoffiXsponR570.04Dg049900.v2.1	11.623	no	no	no	yes
SoffiXsponR570.05Ag348300.v2.1	11.609	no	no	no	yes
SoffiXsponR570.03Dg224900.v2.1	11.606	no	no	no	yes
SoffiXsponR570.01Dg264400.v2.1	11.606	no	no	no	yes
SoffiXsponR570.03Bg113300.v2.1	11.605	no	no	no	yes
SoffiXsponR570.09Eg130100.v2.1	11.601	no	no	no	yes
SoffiXsponR570.05Cg196300.v2.1	11.599	no	no	no	yes
SoffiXsponR570.10Eg053100.v2.1	11.598	no	no	no	yes
SoffiXsponR570.05Eg113600.v2.1	11.583	no	no	no	yes
SoffiXsponR570.10Fg034100.v2.1	11.583	no	no	no	yes
SoffiXsponR570.02Fg247500.v2.1	11.581	no	no	no	yes
SoffiXsponR570.10Cg098500.v2.1	11.577	no	no	no	yes
SoffiXsponR570.08Cg044900.v2.1	11.562	no	no	no	yes
SoffiXsponR570.06Eg025600.v2.1	11.561	no	no	no	yes
SoffiXsponR570.08Eg036800.v2.1	11.555	no	no	no	yes
SoffiXsponR570.02Ag396200.v2.1	11.549	no	no	no	yes
SoffiXsponR570.04Ag117400.v2.1	11.541	no	no	no	yes
SoffiXsponR570.03Dg079900.v2.1	11.541	no	yes	no	yes
SoffiXsponR570.07Dg009000.v2.1	11.535	no	no	no	yes
SoffiXsponR570.1Z270900.v2.1	11.529	no	no	no	yes
SoffiXsponR570.02Ag316600.v2.1	11.529	no	no	no	yes
SoffiXsponR570.10Bg067200.v2.1	11.521	no	no	no	yes
SoffiXsponR570.03Eg300400.v2.1	11.52	no	no	no	yes
SoffiXsponR570.10Ag009300.v2.1	11.518	no	no	no	yes
SoffiXsponR570.05Fg263800.v2.1	11.501	no	no	no	yes
SoffiXsponR570.02Dg092100.v2.1	11.498	no	no	no	yes
SoffiXsponR570.02Bg113800.v2.1	11.492	no	no	no	yes
SoffiXsponR570.05Cg057700.v2.1	11.492	no	no	no	yes
SoffiXsponR570.01Ag485500.v2.1	11.484	no	no	no	yes
SoffiXsponR570.09Bg006800.v2.1	11.474	no	no	no	yes
SoffiXsponR570.03Dg033900.v2.1	11.466	no	no	no	yes
SoffiXsponR570.07Ag095200.v2.1	11.465	no	no	no	yes
SoffiXsponR570.03Ag265300.v2.1	11.463	no	no	no	yes
SoffiXsponR570.03Dg295000.v2.1	11.46	no	no	no	yes
SoffiXsponR570.01Fg034900.v2.1	11.454	no	yes	no	no
SoffiXsponR570.10Ag022800.v2.1	11.453	no	no	no	yes
SoffiXsponR570.03Fg024000.v2.1	11.442	no	no	no	yes
SoffiXsponR570.07Bg096700.v2.1	11.435	no	no	no	yes
SoffiXsponR570.01Bg249100.v2.1	11.426	no	no	no	yes
SoffiXsponR570.02Eg046400.v2.1	11.419	no	no	no	yes
SoffiXsponR570.02Cg169100.v2.1	11.415	no	no	no	yes
SoffiXsponR570.08Ag111300.v2.1	11.413	no	no	no	yes
SoffiXsponR570.03Dg147600.v2.1	11.413	no	no	no	yes
SoffiXsponR570.03Bg243400.v2.1	11.412	no	no	no	yes
SoffiXsponR570.08Cg149900.v2.1	11.407	no	no	no	yes
SoffiXsponR570.05Bg202400.v2.1	11.406	no	no	no	yes
SoffiXsponR570.05Bg130300.v2.1	11.389	no	no	no	yes
SoffiXsponR570.05Ag340400.v2.1	11.382	no	no	no	yes
SoffiXsponR570.05Cg138100.v2.1	11.375	no	no	no	yes
SoffiXsponR570.5_9Ag007200.v2.1	11.37	no	no	no	yes
SoffiXsponR570.07Bg248600.v2.1	11.362	no	no	no	yes
SoffiXsponR570.01Ag436500.v2.1	11.355	no	no	no	yes
SoffiXsponR570.02Bg162000.v2.1	11.342	no	no	no	yes
SoffiXsponR570.05Fg163800.v2.1	11.335	no	no	no	yes
SoffiXsponR570.05Fg166600.v2.1	11.322	no	no	no	yes
SoffiXsponR570.04Ag153200.v2.1	11.317	no	no	no	yes
SoffiXsponR570.02Ag273100.v2.1	11.31	no	no	no	yes
SoffiXsponR570.8_5Ag106900.v2.1	11.306	no	no	no	yes
SoffiXsponR570.07Bg103600.v2.1	11.298	no	no	no	yes
SoffiXsponR570.08Bg078800.v2.1	11.297	no	no	no	yes
SoffiXsponR570.8_5Ag225600.v2.1	11.296	no	no	no	yes
SoffiXsponR570.08Eg061500.v2.1	11.294	no	no	no	yes
SoffiXsponR570.10Ag068600.v2.1	11.286	no	no	no	yes
SoffiXsponR570.05Eg319500.v2.1	11.279	no	no	no	yes
SoffiXsponR570.07Bg022600.v2.1	11.268	no	no	no	yes
SoffiXsponR570.04Ag050100.v2.1	11.266	no	no	no	yes
SoffiXsponR570.01Bg248500.v2.1	11.239	no	no	no	yes
SoffiXsponR570.04Eg141000.v2.1	11.229	no	no	no	yes
SoffiXsponR570.06Fg102800.v2.1	11.221	no	no	no	yes
SoffiXsponR570.03Dg047300.v2.1	11.218	no	no	no	yes
SoffiXsponR570.05Fg261800.v2.1	11.216	no	no	no	yes
SoffiXsponR570.01Bg329900.v2.1	11.215	no	no	no	yes
SoffiXsponR570.10Cg148100.v2.1	11.21	no	no	no	yes
SoffiXsponR570.09Dg018600.v2.1	11.204	no	no	no	yes
SoffiXsponR570.01Ag527600.v2.1	11.2	no	no	no	yes
SoffiXsponR570.01Ag544500.v2.1	11.195	no	no	no	yes
SoffiXsponR570.09Ag091800.v2.1	11.194	no	no	no	yes
SoffiXsponR570.02Ag287800.v2.1	11.192	no	no	no	yes
SoffiXsponR570.06Eg000800.v2.1	11.192	no	no	no	yes
SoffiXsponR570.01Ag375700.v2.1	11.192	no	no	no	yes
SoffiXsponR570.10Eg110300.v2.1	11.19	no	no	no	yes
SoffiXsponR570.05Gg139500.v2.1	11.184	no	no	no	yes
SoffiXsponR570.08Cg086700.v2.1	11.18	no	no	no	yes
SoffiXsponR570.05Fg066000.v2.1	11.168	no	no	no	yes
SoffiXsponR570.05Fg253800.v2.1	11.164	no	no	no	yes
SoffiXsponR570.06Cg048900.v2.1	11.157	no	no	yes	yes
SoffiXsponR570.06Ag097600.v2.1	11.157	no	no	no	yes
SoffiXsponR570.1Z077800.v2.1	11.155	no	no	no	yes
SoffiXsponR570.7os1g064500.v2.1	11.155	no	no	no	yes
SoffiXsponR570.01Dg334300.v2.1	11.153	no	no	no	yes
SoffiXsponR570.01Eg351200.v2.1	11.149	no	no	no	yes
SoffiXsponR570.06Ag082500.v2.1	11.141	no	yes	yes	yes
SoffiXsponR570.01Eg177200.v2.1	11.137	no	no	no	yes
SoffiXsponR570.01Ag033700.v2.1	11.132	no	no	no	yes
SoffiXsponR570.02Bg184400.v2.1	11.129	no	no	no	yes
SoffiXsponR570.02Dg001300.v2.1	11.124	no	no	no	yes
SoffiXsponR570.02Ag399100.v2.1	11.116	no	no	no	yes
SoffiXsponR570.06Fg064100.v2.1	11.11	no	no	no	yes
SoffiXsponR570.10Ag050300.v2.1	11.104	no	no	no	yes
SoffiXsponR570.03Ag296100.v2.1	11.103	no	no	no	yes
SoffiXsponR570.10Eg075400.v2.1	11.101	no	no	no	yes
SoffiXsponR570.08Cg021300.v2.1	11.098	no	no	no	yes
SoffiXsponR570.01Eg221300.v2.1	11.097	no	no	no	yes
SoffiXsponR570.09Cg139700.v2.1	11.096	no	no	no	yes
SoffiXsponR570.02Ag266600.v2.1	11.084	no	no	no	yes
SoffiXsponR570.06Gg032300.v2.1	11.083	no	no	no	yes
SoffiXsponR570.06Fg101100.v2.1	11.069	no	no	no	yes
SoffiXsponR570.10Ag112300.v2.1	11.066	no	no	no	yes
SoffiXsponR570.03Ag095000.v2.1	11.05	no	no	no	yes
SoffiXsponR570.05Cg227500.v2.1	11.044	no	no	no	yes
SoffiXsponR570.02Ag161100.v2.1	11.041	no	no	no	yes
SoffiXsponR570.05Fg007400.v2.1	11.04	no	no	no	yes
SoffiXsponR570.03Ag034400.v2.1	11.037	no	no	no	yes
SoffiXsponR570.06Cg188800.v2.1	11.037	no	no	no	yes
SoffiXsponR570.04Ag144700.v2.1	11.036	no	no	no	yes
SoffiXsponR570.5_9Ag436100.v2.1	11.031	no	no	no	yes
SoffiXsponR570.01Ag456700.v2.1	11.022	no	no	no	yes
SoffiXsponR570.01Cg332100.v2.1	11.015	no	no	no	yes
SoffiXsponR570.02Cg217400.v2.1	11.015	no	no	no	yes
SoffiXsponR570.6us88g104800.v2.1	11.005	no	no	no	yes
SoffiXsponR570.6_9Ag223800.v2.1	11.004	no	no	no	yes
SoffiXsponR570.7_10Ag119500.v2.1	11.0	no	no	no	yes
SoffiXsponR570.03Dg082300.v2.1	10.993	no	no	no	yes
SoffiXsponR570.09Eg084400.v2.1	10.993	no	no	no	yes
SoffiXsponR570.07Bg055600.v2.1	10.979	no	no	no	yes
SoffiXsponR570.04Bg106600.v2.1	10.977	no	no	no	yes
SoffiXsponR570.05Eg097100.v2.1	10.976	no	no	no	yes
SoffiXsponR570.02Cg195800.v2.1	10.966	no	no	no	yes
SoffiXsponR570.07Cg253900.v2.1	10.96	no	no	no	yes
SoffiXsponR570.07Dg122000.v2.1	10.952	no	no	no	yes
SoffiXsponR570.8_5Ag116300.v2.1	10.952	no	no	no	yes
SoffiXsponR570.02Cg177700.v2.1	10.94	no	no	no	yes
SoffiXsponR570.06Dg155400.v2.1	10.933	no	no	no	yes
SoffiXsponR570.02Cg092700.v2.1	10.929	no	no	no	yes
SoffiXsponR570.05Bg345900.v2.1	10.924	no	no	no	yes
SoffiXsponR570.05Fg261700.v2.1	10.916	no	no	no	yes
SoffiXsponR570.6_9Ag022500.v2.1	10.907	no	no	no	yes
SoffiXsponR570.02Bg312600.v2.1	10.907	no	no	no	yes
SoffiXsponR570.09Ag070400.v2.1	10.906	no	no	no	yes
SoffiXsponR570.02Bg205600.v2.1	10.905	no	no	no	yes
SoffiXsponR570.03Dg350700.v2.1	10.904	no	no	no	yes
SoffiXsponR570.07Bg161700.v2.1	10.902	no	no	no	yes
SoffiXsponR570.10Fg077000.v2.1	10.9	no	no	no	yes
SoffiXsponR570.01Ag481500.v2.1	10.897	no	no	no	yes
SoffiXsponR570.06Gg066600.v2.1	10.89	no	no	no	yes
SoffiXsponR570.03Cg179700.v2.1	10.882	no	no	no	yes
SoffiXsponR570.04Eg098000.v2.1	10.878	no	no	no	yes
SoffiXsponR570.8_10Ag209900.v2.1	10.869	no	no	no	yes
SoffiXsponR570.06Fg136700.v2.1	10.864	no	no	no	yes
SoffiXsponR570.04Eg134900.v2.1	10.859	no	no	no	yes
SoffiXsponR570.01Eg192500.v2.1	10.854	no	no	no	yes
SoffiXsponR570.02Cg176300.v2.1	10.852	no	no	no	yes
SoffiXsponR570.05Ag261500.v2.1	10.85	no	no	no	yes
SoffiXsponR570.04Fg029100.v2.1	10.847	no	no	no	yes
SoffiXsponR570.05Fg287800.v2.1	10.839	no	no	no	yes
SoffiXsponR570.01Bg196600.v2.1	10.838	no	no	no	yes
SoffiXsponR570.02Bg229100.v2.1	10.837	no	no	no	yes
SoffiXsponR570.1Z159600.v2.1	10.811	no	no	no	yes
SoffiXsponR570.10Ag211400.v2.1	10.81	no	no	no	yes
SoffiXsponR570.05Dg031400.v2.1	10.81	no	no	no	yes
SoffiXsponR570.1Z176100.v2.1	10.805	no	no	no	yes
SoffiXsponR570.02Bg287000.v2.1	10.805	no	no	no	yes
SoffiXsponR570.08Bg064800.v2.1	10.795	no	no	no	yes
SoffiXsponR570.07Dg068000.v2.1	10.794	no	no	no	yes
SoffiXsponR570.01Eg370800.v2.1	10.791	no	no	no	yes
SoffiXsponR570.05Bg076600.v2.1	10.789	no	no	no	yes
SoffiXsponR570.10Fg052800.v2.1	10.785	no	no	no	yes
SoffiXsponR570.01Cg209800.v2.1	10.784	no	no	no	yes
SoffiXsponR570.9us90g014900.v2.1	10.782	no	no	no	yes
SoffiXsponR570.05Cg179100.v2.1	10.779	no	no	no	yes
SoffiXsponR570.04Cg026600.v2.1	10.778	no	no	no	yes
SoffiXsponR570.08Eg040000.v2.1	10.774	no	no	no	yes
SoffiXsponR570.10Dg102300.v2.1	10.763	no	no	no	yes
SoffiXsponR570.02Cg246800.v2.1	10.763	no	no	no	yes
SoffiXsponR570.02Bg033100.v2.1	10.762	no	no	no	yes
SoffiXsponR570.02Eg356300.v2.1	10.753	no	no	no	yes
SoffiXsponR570.02Bg328300.v2.1	10.752	no	no	no	yes
SoffiXsponR570.04Fg157200.v2.1	10.75	no	no	no	yes
SoffiXsponR570.02Bg349000.v2.1	10.749	no	no	no	yes
SoffiXsponR570.01Bg081400.v2.1	10.745	no	no	no	yes
SoffiXsponR570.03Ag187400.v2.1	10.744	no	no	no	yes
SoffiXsponR570.05Ag380600.v2.1	10.742	no	no	no	yes
SoffiXsponR570.03Bg164300.v2.1	10.739	no	no	no	yes
SoffiXsponR570.06Fg066300.v2.1	10.738	no	no	no	yes
SoffiXsponR570.8_10Ag059600.v2.1	10.738	no	no	no	yes
SoffiXsponR570.03Dg108500.v2.1	10.731	no	no	no	yes
SoffiXsponR570.03Cg069200.v2.1	10.729	no	no	no	yes
SoffiXsponR570.01Dg035300.v2.1	10.726	no	no	no	yes
SoffiXsponR570.02Ag152800.v2.1	10.723	no	no	no	yes
SoffiXsponR570.1os2g000900.v2.1	10.717	no	no	no	yes
SoffiXsponR570.03Cg231200.v2.1	10.709	no	no	no	yes
SoffiXsponR570.05Cg381400.v2.1	10.692	no	no	no	yes
SoffiXsponR570.09Dg122600.v2.1	10.69	no	no	no	yes
SoffiXsponR570.02Cg321100.v2.1	10.671	no	no	no	yes
SoffiXsponR570.03Ag281300.v2.1	10.67	no	no	no	yes
SoffiXsponR570.05Ag380200.v2.1	10.666	no	no	no	yes
SoffiXsponR570.02Eg077800.v2.1	10.664	no	no	no	yes
SoffiXsponR570.03Eg200600.v2.1	10.663	no	no	no	yes
SoffiXsponR570.05Bg203100.v2.1	10.657	no	no	no	yes
SoffiXsponR570.07Bg067200.v2.1	10.647	no	no	no	yes
SoffiXsponR570.03Dg114700.v2.1	10.646	no	no	no	yes
SoffiXsponR570.03Cg038800.v2.1	10.643	no	no	no	yes
SoffiXsponR570.09Dg089200.v2.1	10.634	no	no	no	yes
SoffiXsponR570.01Dg099900.v2.1	10.632	no	no	no	yes
SoffiXsponR570.02Dg343500.v2.1	10.63	yes	yes	no	no
SoffiXsponR570.02Dg136700.v2.1	10.63	no	no	no	yes
SoffiXsponR570.01Dg133600.v2.1	10.63	no	no	no	yes
SoffiXsponR570.05Dg116100.v2.1	10.625	no	no	no	yes
SoffiXsponR570.05Fg261100.v2.1	10.622	no	no	no	yes
SoffiXsponR570.01Eg277800.v2.1	10.621	no	no	no	yes
SoffiXsponR570.07Dg139100.v2.1	10.621	no	no	no	yes
SoffiXsponR570.05Cg301700.v2.1	10.617	no	no	no	yes
SoffiXsponR570.02Ag148000.v2.1	10.614	no	no	no	yes
SoffiXsponR570.02Bg084400.v2.1	10.607	no	no	no	yes
SoffiXsponR570.03Bg276900.v2.1	10.605	no	no	no	yes
SoffiXsponR570.01Ag120100.v2.1	10.604	no	no	no	yes
SoffiXsponR570.10Bg200000.v2.1	10.591	no	no	yes	yes
SoffiXsponR570.05Ag320800.v2.1	10.585	no	no	no	yes
SoffiXsponR570.06Dg153800.v2.1	10.583	no	no	no	yes
SoffiXsponR570.8_5Ag161500.v2.1	10.58	no	no	no	yes
SoffiXsponR570.04Dg182500.v2.1	10.57	no	no	no	yes
SoffiXsponR570.6_9Ag269200.v2.1	10.566	no	no	no	yes
SoffiXsponR570.01Fg012600.v2.1	10.564	no	no	no	yes
SoffiXsponR570.07Dg158000.v2.1	10.559	no	no	no	yes
SoffiXsponR570.08Eg054200.v2.1	10.553	no	no	no	yes
SoffiXsponR570.02Fg038600.v2.1	10.539	no	no	no	yes
SoffiXsponR570.01Cg250100.v2.1	10.53	no	no	no	yes
SoffiXsponR570.05Bg184300.v2.1	10.523	no	no	no	yes
SoffiXsponR570.01Cg199800.v2.1	10.522	no	no	no	yes
SoffiXsponR570.10Cg088300.v2.1	10.518	no	no	no	yes
SoffiXsponR570.8_5Ag241000.v2.1	10.501	no	no	no	yes
SoffiXsponR570.8_10Ag101000.v2.1	10.499	no	no	no	yes
SoffiXsponR570.07Ag143700.v2.1	10.498	no	no	no	yes
SoffiXsponR570.09Ag128200.v2.1	10.493	no	no	no	yes
SoffiXsponR570.05Fg189800.v2.1	10.493	no	no	no	yes
SoffiXsponR570.01Bg472300.v2.1	10.481	no	no	no	yes
SoffiXsponR570.02Fg140000.v2.1	10.476	no	no	no	yes
SoffiXsponR570.8_5Ag150300.v2.1	10.473	no	no	no	yes
SoffiXsponR570.8_5Ag100500.v2.1	10.464	no	no	no	yes
SoffiXsponR570.05Eg055700.v2.1	10.463	no	no	no	yes
SoffiXsponR570.03Cg035800.v2.1	10.462	no	no	no	yes
SoffiXsponR570.02Eg368700.v2.1	10.46	no	no	no	yes
SoffiXsponR570.05Fg058400.v2.1	10.459	no	no	no	yes
SoffiXsponR570.02Ag377000.v2.1	10.453	no	no	no	yes
SoffiXsponR570.01Dg074600.v2.1	10.45	no	no	no	yes
SoffiXsponR570.1Z036800.v2.1	10.438	no	no	no	yes
SoffiXsponR570.07Ag231000.v2.1	10.437	no	no	no	yes
SoffiXsponR570.07Bg032600.v2.1	10.434	no	no	no	yes
SoffiXsponR570.02Dg191000.v2.1	10.43	no	no	no	yes
SoffiXsponR570.8_10Ag100800.v2.1	10.428	no	no	no	yes
SoffiXsponR570.1Z138400.v2.1	10.425	no	no	no	yes
SoffiXsponR570.08Bg172100.v2.1	10.419	no	no	no	yes
SoffiXsponR570.02Fg194300.v2.1	10.416	no	no	no	yes
SoffiXsponR570.08Eg006200.v2.1	10.411	no	no	no	yes
SoffiXsponR570.07Dg059300.v2.1	10.411	no	no	no	yes
SoffiXsponR570.06Ag060800.v2.1	10.409	no	no	no	yes
SoffiXsponR570.04Fg106000.v2.1	10.405	no	no	no	yes
SoffiXsponR570.02Eg353500.v2.1	10.405	no	no	no	yes
SoffiXsponR570.02Bg328000.v2.1	10.401	no	no	no	yes
SoffiXsponR570.05Fg204500.v2.1	10.395	no	no	no	yes
SoffiXsponR570.03Cg224200.v2.1	10.385	no	no	no	yes
SoffiXsponR570.03Fg138100.v2.1	10.385	no	no	no	yes
SoffiXsponR570.01Cg114100.v2.1	10.384	no	no	no	yes
SoffiXsponR570.04Ag065700.v2.1	10.384	no	no	no	yes
SoffiXsponR570.01Bg438100.v2.1	10.38	no	no	no	yes
SoffiXsponR570.01Eg341500.v2.1	10.375	no	no	no	yes
SoffiXsponR570.05Fg257600.v2.1	10.372	no	no	no	yes
SoffiXsponR570.05Bg317400.v2.1	10.367	no	no	no	yes
SoffiXsponR570.04Ag117600.v2.1	10.366	no	no	no	yes
SoffiXsponR570.05Fg256500.v2.1	10.366	no	no	no	yes
SoffiXsponR570.06Dg109100.v2.1	10.362	no	no	no	yes
SoffiXsponR570.06Cg173700.v2.1	10.362	no	no	no	yes
SoffiXsponR570.7os1g014100.v2.1	10.361	no	no	no	yes
SoffiXsponR570.09Ag111200.v2.1	10.361	no	no	no	yes
SoffiXsponR570.01Ag419500.v2.1	10.36	no	no	no	yes
SoffiXsponR570.08Bg089000.v2.1	10.359	no	no	no	yes
SoffiXsponR570.01Cg166500.v2.1	10.359	no	no	no	yes
SoffiXsponR570.07Bg146500.v2.1	10.351	no	no	no	yes
SoffiXsponR570.01Ag109500.v2.1	10.351	no	no	no	yes
SoffiXsponR570.10Ag149500.v2.1	10.349	no	no	no	yes
SoffiXsponR570.6_9Ag033200.v2.1	10.345	no	no	no	yes
SoffiXsponR570.04Ag033600.v2.1	10.341	no	no	no	yes
SoffiXsponR570.02Gg028700.v2.1	10.334	no	no	no	yes
SoffiXsponR570.10Bg199800.v2.1	10.333	no	no	yes	yes
SoffiXsponR570.01Eg203200.v2.1	10.333	no	no	no	yes
SoffiXsponR570.04Dg104900.v2.1	10.333	no	no	no	yes
SoffiXsponR570.10Bg009200.v2.1	10.332	no	no	no	yes
SoffiXsponR570.02Ag048800.v2.1	10.33	no	no	no	yes
SoffiXsponR570.01Dg130900.v2.1	10.329	no	no	no	yes
SoffiXsponR570.01Ag225200.v2.1	10.326	no	no	no	yes
SoffiXsponR570.04Ag038000.v2.1	10.32	no	no	no	yes
SoffiXsponR570.01Ag313600.v2.1	10.316	no	no	no	yes
SoffiXsponR570.06Gg146100.v2.1	10.312	no	no	no	yes
SoffiXsponR570.05Bg275500.v2.1	10.311	no	no	no	yes
SoffiXsponR570.10Dg037400.v2.1	10.295	no	no	no	yes
SoffiXsponR570.02Ag187800.v2.1	10.294	no	no	no	yes
SoffiXsponR570.03Bg069100.v2.1	10.292	no	no	no	yes
SoffiXsponR570.02Ag359600.v2.1	10.291	no	no	no	yes
SoffiXsponR570.05Eg226100.v2.1	10.28	no	no	no	yes
SoffiXsponR570.01Ag270600.v2.1	10.278	no	no	no	yes
SoffiXsponR570.03Bg105200.v2.1	10.278	no	no	no	yes
SoffiXsponR570.02Bg248200.v2.1	10.273	no	no	no	yes
SoffiXsponR570.01Cg249000.v2.1	10.268	no	no	no	yes
SoffiXsponR570.05Fg261900.v2.1	10.267	no	no	no	yes
SoffiXsponR570.04Ag063200.v2.1	10.266	no	no	no	yes
SoffiXsponR570.10Dg177000.v2.1	10.265	no	no	no	yes
SoffiXsponR570.01Eg448100.v2.1	10.265	no	no	no	yes
SoffiXsponR570.05Cg125800.v2.1	10.264	no	no	no	yes
SoffiXsponR570.02Fg362000.v2.1	10.263	no	no	no	yes
SoffiXsponR570.09Eg067700.v2.1	10.262	no	no	no	yes
SoffiXsponR570.03Ag315500.v2.1	10.253	no	no	no	yes
SoffiXsponR570.07Dg172900.v2.1	10.24	no	no	no	yes
SoffiXsponR570.03Gg108600.v2.1	10.237	no	no	no	yes
SoffiXsponR570.07Eg166300.v2.1	10.236	no	no	no	yes
SoffiXsponR570.07Ag218800.v2.1	10.235	no	no	no	yes
SoffiXsponR570.03Cg120100.v2.1	10.228	no	no	no	yes
SoffiXsponR570.02Gg104600.v2.1	10.223	no	no	no	yes
SoffiXsponR570.05Gg201300.v2.1	10.223	no	no	no	yes
SoffiXsponR570.02Bg318000.v2.1	10.216	no	no	no	yes
SoffiXsponR570.05Bg268800.v2.1	10.216	no	no	no	yes
SoffiXsponR570.02Gg048400.v2.1	10.214	no	no	no	yes
SoffiXsponR570.10Dg120200.v2.1	10.207	no	no	no	yes
SoffiXsponR570.08Ag154400.v2.1	10.205	no	no	no	yes
SoffiXsponR570.03Dg038600.v2.1	10.204	no	no	no	yes
SoffiXsponR570.1Z115300.v2.1	10.191	no	no	no	yes
SoffiXsponR570.03Ag083800.v2.1	10.182	no	no	no	yes
SoffiXsponR570.6us88g026900.v2.1	10.171	no	no	no	yes
SoffiXsponR570.8_5Ag103900.v2.1	10.171	no	no	no	yes
SoffiXsponR570.07Eg053500.v2.1	10.164	no	no	no	yes
SoffiXsponR570.05Dg103900.v2.1	10.164	no	no	no	yes
SoffiXsponR570.7_10Ag261500.v2.1	10.163	no	no	no	yes
SoffiXsponR570.09Ag072800.v2.1	10.155	no	no	no	yes
SoffiXsponR570.04Ag140500.v2.1	10.149	no	no	no	yes
SoffiXsponR570.02Bg349100.v2.1	10.144	no	no	no	yes
SoffiXsponR570.07Ag140800.v2.1	10.142	no	no	no	yes
SoffiXsponR570.03Cg147600.v2.1	10.14	no	no	no	yes
SoffiXsponR570.6us88g108800.v2.1	10.138	no	no	no	yes
SoffiXsponR570.06Fg036200.v2.1	10.114	no	no	no	yes
SoffiXsponR570.07Eg087600.v2.1	10.106	no	no	no	yes
SoffiXsponR570.05Cg261300.v2.1	10.102	no	no	no	yes
SoffiXsponR570.01Bg500000.v2.1	10.098	no	no	no	yes
SoffiXsponR570.07Ag205100.v2.1	10.092	no	no	no	yes
SoffiXsponR570.05Fg172900.v2.1	10.092	no	no	no	yes
SoffiXsponR570.07Ag105900.v2.1	10.081	no	no	no	yes
SoffiXsponR570.03Ag240300.v2.1	10.081	no	no	no	yes
SoffiXsponR570.03Cg168700.v2.1	10.079	no	no	no	yes
SoffiXsponR570.02Fg033000.v2.1	10.078	no	no	no	yes
SoffiXsponR570.04Eg062200.v2.1	10.064	no	no	no	yes
SoffiXsponR570.02Dg257100.v2.1	10.064	no	no	no	yes
SoffiXsponR570.02Ag276200.v2.1	10.064	no	no	no	yes
SoffiXsponR570.03Bg040100.v2.1	10.061	no	no	no	yes
SoffiXsponR570.06Dg153300.v2.1	10.059	no	no	no	yes
SoffiXsponR570.10Dg185800.v2.1	10.058	no	no	no	yes
SoffiXsponR570.03Dg005700.v2.1	10.053	no	no	no	yes
SoffiXsponR570.05Eg009900.v2.1	10.044	no	no	no	yes
SoffiXsponR570.06Dg083700.v2.1	10.043	no	no	no	yes
SoffiXsponR570.03Ag206900.v2.1	10.04	no	no	no	yes
SoffiXsponR570.10Ag096600.v2.1	10.037	no	no	no	yes
SoffiXsponR570.05Fg076400.v2.1	10.036	no	no	no	yes
SoffiXsponR570.05Ag232200.v2.1	10.031	no	no	no	yes
SoffiXsponR570.05Bg327500.v2.1	10.031	no	no	no	yes
SoffiXsponR570.01Bg403700.v2.1	10.03	no	no	no	yes
SoffiXsponR570.01Ag136100.v2.1	10.02	no	no	no	yes
SoffiXsponR570.07Ag204300.v2.1	10.018	no	no	no	yes
SoffiXsponR570.01Eg444600.v2.1	10.013	no	no	no	yes
SoffiXsponR570.08Ag035400.v2.1	10.01	no	no	no	yes
SoffiXsponR570.06Ag060300.v2.1	10.009	no	no	no	yes
SoffiXsponR570.8_10Ag053300.v2.1	10.005	no	no	no	yes
SoffiXsponR570.01Ag376200.v2.1	10.004	no	no	no	yes
SoffiXsponR570.6_9Ag275900.v2.1	9.997	no	no	no	yes
SoffiXsponR570.06Eg089900.v2.1	9.993	no	no	no	yes
SoffiXsponR570.09Cg171400.v2.1	9.989	no	no	no	yes
SoffiXsponR570.01Dg069300.v2.1	9.988	no	no	no	yes
SoffiXsponR570.01Dg182400.v2.1	9.98	no	no	no	yes
SoffiXsponR570.07Bg192100.v2.1	9.975	no	no	no	yes
SoffiXsponR570.01Dg109700.v2.1	9.973	no	no	no	yes
SoffiXsponR570.02Gg304000.v2.1	9.972	no	no	no	yes
SoffiXsponR570.10Dg149300.v2.1	9.966	no	no	no	yes
SoffiXsponR570.05Fg134000.v2.1	9.961	no	no	no	yes
SoffiXsponR570.01Ag072700.v2.1	9.957	no	no	no	yes
SoffiXsponR570.02Gg134200.v2.1	9.947	no	no	no	yes
SoffiXsponR570.07Bg262400.v2.1	9.945	no	no	no	yes
SoffiXsponR570.01Bg006500.v2.1	9.942	no	no	no	yes
SoffiXsponR570.05Bg386900.v2.1	9.94	no	no	no	yes
SoffiXsponR570.10Cg042900.v2.1	9.926	no	no	no	yes
SoffiXsponR570.7os1g039500.v2.1	9.924	no	no	no	yes
SoffiXsponR570.06Fg129800.v2.1	9.922	no	no	no	yes
SoffiXsponR570.05Fg205300.v2.1	9.921	no	no	no	yes
SoffiXsponR570.8_5Ag095900.v2.1	9.92	no	no	no	yes
SoffiXsponR570.8_5Ag236000.v2.1	9.916	no	no	no	yes
SoffiXsponR570.5_9Ag407400.v2.1	9.912	no	no	no	yes
SoffiXsponR570.05Ag184000.v2.1	9.912	no	no	no	yes
SoffiXsponR570.02Gg157500.v2.1	9.909	no	no	no	yes
SoffiXsponR570.05Cg037200.v2.1	9.904	no	no	no	yes
SoffiXsponR570.09Eg072600.v2.1	9.903	no	no	no	yes
SoffiXsponR570.04Gg062100.v2.1	9.902	no	no	no	yes
SoffiXsponR570.04Fg149400.v2.1	9.895	no	no	no	yes
SoffiXsponR570.02Eg277700.v2.1	9.889	no	no	no	yes
SoffiXsponR570.03Gg115900.v2.1	9.884	no	no	no	yes
SoffiXsponR570.01Ag086100.v2.1	9.878	no	no	no	yes
SoffiXsponR570.01Cg009200.v2.1	9.873	no	no	no	yes
SoffiXsponR570.06Ag034300.v2.1	9.87	no	no	no	yes
SoffiXsponR570.07Eg097600.v2.1	9.867	no	no	no	yes
SoffiXsponR570.06Fg143700.v2.1	9.863	no	no	no	yes
SoffiXsponR570.03Ag183300.v2.1	9.862	no	no	no	yes
SoffiXsponR570.06Fg103000.v2.1	9.86	no	no	no	yes
SoffiXsponR570.07Eg009400.v2.1	9.859	no	no	no	yes
SoffiXsponR570.03Cg216000.v2.1	9.854	no	no	no	yes
SoffiXsponR570.08Eg017600.v2.1	9.854	no	no	no	yes
SoffiXsponR570.02Gg164400.v2.1	9.851	no	no	no	yes
SoffiXsponR570.08Dg120900.v2.1	9.85	no	no	no	yes
SoffiXsponR570.1Z186600.v2.1	9.85	no	no	no	yes
SoffiXsponR570.06Cg058600.v2.1	9.843	no	no	no	yes
SoffiXsponR570.02Cg302000.v2.1	9.842	no	no	no	yes
SoffiXsponR570.03Ag202900.v2.1	9.839	no	no	no	yes
SoffiXsponR570.6_9Ag130100.v2.1	9.838	no	no	no	yes
SoffiXsponR570.04Fg119300.v2.1	9.836	no	no	no	yes
SoffiXsponR570.05Gg051900.v2.1	9.835	no	no	no	yes
SoffiXsponR570.05Eg204100.v2.1	9.833	no	no	no	yes
SoffiXsponR570.01Cg024000.v2.1	9.83	no	no	no	yes
SoffiXsponR570.06Ag221500.v2.1	9.823	no	no	yes	yes
SoffiXsponR570.10Eg088100.v2.1	9.814	no	no	no	yes
SoffiXsponR570.03Dg172400.v2.1	9.808	no	yes	no	no
SoffiXsponR570.01Eg336200.v2.1	9.793	no	no	no	yes
SoffiXsponR570.05Eg037700.v2.1	9.775	no	no	no	yes
SoffiXsponR570.07Eg130600.v2.1	9.773	no	no	no	yes
SoffiXsponR570.04Bg248900.v2.1	9.772	no	no	no	yes
SoffiXsponR570.02Ag124000.v2.1	9.766	no	no	no	yes
SoffiXsponR570.7_10Ag067600.v2.1	9.766	no	no	no	yes
SoffiXsponR570.05Ag336700.v2.1	9.765	no	no	no	yes
SoffiXsponR570.02Bg071100.v2.1	9.762	no	no	no	yes
SoffiXsponR570.03Bg097400.v2.1	9.76	no	no	no	yes
SoffiXsponR570.06Fg144000.v2.1	9.759	no	no	no	yes
SoffiXsponR570.08Ag153200.v2.1	9.751	no	no	no	yes
SoffiXsponR570.04Dg182600.v2.1	9.742	no	no	no	yes
SoffiXsponR570.5_9Ag475800.v2.1	9.739	no	no	no	yes
SoffiXsponR570.09Bg078500.v2.1	9.737	no	no	no	yes
SoffiXsponR570.03Ag045200.v2.1	9.735	no	no	no	yes
SoffiXsponR570.05Fg121300.v2.1	9.732	no	no	no	yes
SoffiXsponR570.06Eg100000.v2.1	9.732	no	no	no	yes
SoffiXsponR570.10os1g004800.v2.1	9.731	no	no	no	yes
SoffiXsponR570.01Bg399800.v2.1	9.725	no	no	no	yes
SoffiXsponR570.08Dg066600.v2.1	9.724	no	no	no	yes
SoffiXsponR570.05Bg248200.v2.1	9.719	no	no	no	yes
SoffiXsponR570.05Eg017600.v2.1	9.715	no	no	no	yes
SoffiXsponR570.03Cg228400.v2.1	9.71	no	no	no	yes
SoffiXsponR570.04Cg280400.v2.1	9.705	no	no	no	yes
SoffiXsponR570.02Eg191900.v2.1	9.704	no	no	no	yes
SoffiXsponR570.10os1g062900.v2.1	9.703	no	no	no	yes
SoffiXsponR570.09Bg156700.v2.1	9.698	no	no	no	yes
SoffiXsponR570.02Gg095700.v2.1	9.696	no	no	no	yes
SoffiXsponR570.05Dg384200.v2.1	9.689	no	no	no	yes
SoffiXsponR570.01Bg278100.v2.1	9.687	no	no	no	yes
SoffiXsponR570.02Eg221600.v2.1	9.687	no	no	no	yes
SoffiXsponR570.08Ag122500.v2.1	9.676	no	no	no	yes
SoffiXsponR570.04Dg095100.v2.1	9.673	no	no	no	yes
SoffiXsponR570.05Cg044700.v2.1	9.663	no	no	no	yes
SoffiXsponR570.01Eg166000.v2.1	9.657	no	no	no	yes
SoffiXsponR570.06Cg191500.v2.1	9.655	no	no	no	yes
SoffiXsponR570.02Cg133800.v2.1	9.653	no	no	no	yes
SoffiXsponR570.06Fg018400.v2.1	9.653	no	no	no	yes
SoffiXsponR570.8_10Ag046300.v2.1	9.652	no	no	no	yes
SoffiXsponR570.07Ag192700.v2.1	9.651	no	no	no	yes
SoffiXsponR570.10Ag204200.v2.1	9.649	no	no	no	yes
SoffiXsponR570.03Eg224600.v2.1	9.648	no	no	no	yes
SoffiXsponR570.10os1g029900.v2.1	9.638	no	no	no	yes
SoffiXsponR570.05Fg276800.v2.1	9.637	no	no	no	yes
SoffiXsponR570.01Cg084700.v2.1	9.633	no	no	no	yes
SoffiXsponR570.05Fg316400.v2.1	9.631	no	no	no	yes
SoffiXsponR570.06Eg098800.v2.1	9.629	no	no	no	yes
SoffiXsponR570.07Eg032700.v2.1	9.627	no	no	no	yes
SoffiXsponR570.05Bg210700.v2.1	9.626	no	no	no	yes
SoffiXsponR570.07Ag205500.v2.1	9.611	no	no	no	yes
SoffiXsponR570.05Bg112800.v2.1	9.61	no	no	no	yes
SoffiXsponR570.01Dg278600.v2.1	9.608	no	no	no	yes
SoffiXsponR570.02Ag287700.v2.1	9.589	no	no	no	yes
SoffiXsponR570.10Cg027200.v2.1	9.587	no	no	no	yes
SoffiXsponR570.06Gg146000.v2.1	9.587	no	no	no	yes
SoffiXsponR570.03Ag214600.v2.1	9.586	no	no	no	yes
SoffiXsponR570.07Eg187700.v2.1	9.584	no	no	no	yes
SoffiXsponR570.07Ag177700.v2.1	9.584	no	no	no	yes
SoffiXsponR570.03Fg154200.v2.1	9.584	no	yes	no	yes
SoffiXsponR570.05Cg169300.v2.1	9.58	no	no	no	yes
SoffiXsponR570.03Ag045000.v2.1	9.579	no	no	no	yes
SoffiXsponR570.02Fg257300.v2.1	9.57	no	no	no	yes
SoffiXsponR570.02Eg022900.v2.1	9.566	no	no	no	yes
SoffiXsponR570.07Cg136000.v2.1	9.556	no	no	no	yes
SoffiXsponR570.03Bg238500.v2.1	9.554	no	no	no	yes
SoffiXsponR570.09Ag060300.v2.1	9.551	no	no	no	yes
SoffiXsponR570.08Ag056100.v2.1	9.539	no	no	no	yes
SoffiXsponR570.03Eg026900.v2.1	9.538	no	no	no	yes
SoffiXsponR570.3os4g003900.v2.1	9.538	no	no	no	yes
SoffiXsponR570.09Dg045300.v2.1	9.537	no	no	no	yes
SoffiXsponR570.01Fg115200.v2.1	9.534	no	no	no	yes
SoffiXsponR570.01Bg318600.v2.1	9.533	no	no	no	yes
SoffiXsponR570.8_5Ag197300.v2.1	9.532	no	no	no	yes
SoffiXsponR570.05Ag353600.v2.1	9.524	no	no	no	yes
SoffiXsponR570.01Eg131500.v2.1	9.523	no	no	no	yes
SoffiXsponR570.05Gg078300.v2.1	9.523	no	no	no	yes
SoffiXsponR570.02Bg083300.v2.1	9.511	no	no	no	yes
SoffiXsponR570.03Bg162900.v2.1	9.498	no	no	no	yes
SoffiXsponR570.10Ag206300.v2.1	9.498	no	no	no	yes
SoffiXsponR570.7_10Ag307100.v2.1	9.492	no	no	no	yes
SoffiXsponR570.07Bg232800.v2.1	9.486	no	no	no	yes
SoffiXsponR570.05Bg041300.v2.1	9.485	no	no	no	yes
SoffiXsponR570.05Bg254800.v2.1	9.485	no	no	no	yes
SoffiXsponR570.08Bg060900.v2.1	9.484	no	no	no	yes
SoffiXsponR570.03Dg145900.v2.1	9.47	no	no	no	yes
SoffiXsponR570.01Dg031400.v2.1	9.467	no	no	no	yes
SoffiXsponR570.10Bg131400.v2.1	9.463	no	no	no	yes
SoffiXsponR570.03Ag163900.v2.1	9.461	no	no	no	yes
SoffiXsponR570.01Fg300200.v2.1	9.459	no	no	no	yes
SoffiXsponR570.08Dg027300.v2.1	9.457	no	no	no	yes
SoffiXsponR570.6us88g015400.v2.1	9.455	no	yes	no	yes
SoffiXsponR570.10Eg092300.v2.1	9.452	no	no	no	yes
SoffiXsponR570.1Z064400.v2.1	9.449	no	no	no	yes
SoffiXsponR570.10Cg160300.v2.1	9.449	no	no	no	yes
SoffiXsponR570.02Fg103400.v2.1	9.447	no	no	no	yes
SoffiXsponR570.09Eg112000.v2.1	9.444	no	no	no	yes
SoffiXsponR570.01Dg375700.v2.1	9.443	no	no	no	yes
SoffiXsponR570.05Cg285300.v2.1	9.432	no	no	no	yes
SoffiXsponR570.02Bg370200.v2.1	9.428	no	no	no	yes
SoffiXsponR570.08Eg116400.v2.1	9.426	no	no	no	yes
SoffiXsponR570.05Eg020000.v2.1	9.418	no	no	no	yes
SoffiXsponR570.01Eg283300.v2.1	9.414	no	no	no	yes
SoffiXsponR570.01Ag112300.v2.1	9.411	no	no	no	yes
SoffiXsponR570.02Gg191900.v2.1	9.406	no	no	no	yes
SoffiXsponR570.09Eg007100.v2.1	9.403	no	no	no	yes
SoffiXsponR570.01Dg040300.v2.1	9.399	no	no	no	yes
SoffiXsponR570.5_9Ag325600.v2.1	9.394	no	no	no	yes
SoffiXsponR570.7_10Ag051600.v2.1	9.392	no	no	no	yes
SoffiXsponR570.03Cg013600.v2.1	9.39	no	no	no	yes
SoffiXsponR570.04Fg103500.v2.1	9.389	no	no	no	yes
SoffiXsponR570.05Fg034300.v2.1	9.387	no	no	no	yes
SoffiXsponR570.06Bg022300.v2.1	9.387	no	no	no	yes
SoffiXsponR570.02Fg000300.v2.1	9.379	no	no	no	yes
SoffiXsponR570.05Fg165900.v2.1	9.367	no	no	no	yes
SoffiXsponR570.06Gg061900.v2.1	9.367	no	no	no	yes
SoffiXsponR570.06Fg139900.v2.1	9.363	no	no	no	yes
SoffiXsponR570.03Ag225600.v2.1	9.359	no	no	no	yes
SoffiXsponR570.02Fg069300.v2.1	9.356	no	no	no	yes
SoffiXsponR570.02Gg283600.v2.1	9.35	no	no	no	yes
SoffiXsponR570.01Cg240900.v2.1	9.346	no	no	no	yes
SoffiXsponR570.05Bg308100.v2.1	9.344	no	no	no	yes
SoffiXsponR570.01Ag126300.v2.1	9.343	no	no	no	yes
SoffiXsponR570.06Ag035300.v2.1	9.342	no	no	no	yes
SoffiXsponR570.01Dg244600.v2.1	9.338	no	no	no	yes
SoffiXsponR570.08Dg127500.v2.1	9.331	no	no	no	yes
SoffiXsponR570.06Ag145800.v2.1	9.33	no	no	no	yes
SoffiXsponR570.06Eg129200.v2.1	9.328	no	no	no	yes
SoffiXsponR570.01Ag211600.v2.1	9.325	no	no	no	yes
SoffiXsponR570.04Cg213900.v2.1	9.323	no	no	no	yes
SoffiXsponR570.02Eg147700.v2.1	9.323	no	no	no	yes
SoffiXsponR570.04Fg092300.v2.1	9.319	no	no	no	yes
SoffiXsponR570.01Bg334900.v2.1	9.318	no	no	no	yes
SoffiXsponR570.05Cg010500.v2.1	9.317	no	no	no	yes
SoffiXsponR570.10Cg139800.v2.1	9.316	no	no	no	yes
SoffiXsponR570.05Ag262400.v2.1	9.314	no	no	no	yes
SoffiXsponR570.10Ag005700.v2.1	9.303	no	no	no	yes
SoffiXsponR570.05Cg167500.v2.1	9.295	no	no	no	yes
SoffiXsponR570.04Ag088300.v2.1	9.292	no	no	no	yes
SoffiXsponR570.10Bg199300.v2.1	9.289	no	no	no	yes
SoffiXsponR570.09Eg072400.v2.1	9.284	no	no	no	yes
SoffiXsponR570.07Eg205600.v2.1	9.282	no	no	no	yes
SoffiXsponR570.1Z024000.v2.1	9.278	no	no	no	yes
SoffiXsponR570.10Ag097500.v2.1	9.278	no	no	no	yes
SoffiXsponR570.06Eg026700.v2.1	9.275	no	no	no	yes
SoffiXsponR570.01Ag538100.v2.1	9.273	no	no	no	yes
SoffiXsponR570.02Ag341000.v2.1	9.271	no	no	no	yes
SoffiXsponR570.04Eg049400.v2.1	9.269	no	no	no	yes
SoffiXsponR570.09Cg130400.v2.1	9.268	no	no	no	yes
SoffiXsponR570.03Gg031000.v2.1	9.265	no	no	no	yes
SoffiXsponR570.07Ag241100.v2.1	9.264	no	no	no	yes
SoffiXsponR570.01Ag490000.v2.1	9.25	no	no	no	yes
SoffiXsponR570.01Eg425600.v2.1	9.246	no	no	no	yes
SoffiXsponR570.03Ag034700.v2.1	9.243	no	no	no	yes
SoffiXsponR570.04Gg094900.v2.1	9.243	no	no	no	yes
SoffiXsponR570.05Bg002200.v2.1	9.226	no	no	no	yes
SoffiXsponR570.01Ag091900.v2.1	9.223	no	no	no	yes
SoffiXsponR570.02Eg379900.v2.1	9.219	no	no	no	yes
SoffiXsponR570.09Eg067600.v2.1	9.212	no	no	no	yes
SoffiXsponR570.05Cg256600.v2.1	9.208	no	no	no	yes
SoffiXsponR570.02Ag201000.v2.1	9.205	no	no	no	yes
SoffiXsponR570.03Ag119800.v2.1	9.198	no	no	no	yes
SoffiXsponR570.06Gg072800.v2.1	9.195	no	no	no	yes
SoffiXsponR570.02Fg300800.v2.1	9.194	no	no	no	yes
SoffiXsponR570.8_10Ag008600.v2.1	9.192	no	no	no	yes
SoffiXsponR570.02Ag093800.v2.1	9.192	no	no	no	yes
SoffiXsponR570.04Ag033200.v2.1	9.179	no	no	no	yes
SoffiXsponR570.01Eg243100.v2.1	9.174	no	no	no	yes
SoffiXsponR570.07Dg211800.v2.1	9.171	no	no	no	yes
SoffiXsponR570.07Dg216300.v2.1	9.171	no	no	no	yes
SoffiXsponR570.01Bg330100.v2.1	9.171	no	no	no	yes
SoffiXsponR570.06Ag050300.v2.1	9.167	no	no	no	yes
SoffiXsponR570.05Bg300100.v2.1	9.165	no	no	no	yes
SoffiXsponR570.02Bg097400.v2.1	9.163	no	no	no	yes
SoffiXsponR570.01Ag373100.v2.1	9.158	no	no	no	yes
SoffiXsponR570.01Cg371500.v2.1	9.157	no	no	no	yes
SoffiXsponR570.03Cg289700.v2.1	9.154	no	no	no	yes
SoffiXsponR570.07Dg086900.v2.1	9.148	no	no	no	yes
SoffiXsponR570.05Ag238800.v2.1	9.137	no	no	no	yes
SoffiXsponR570.8_5Ag123200.v2.1	9.136	no	no	no	yes
SoffiXsponR570.1Z192000.v2.1	9.136	no	no	no	yes
SoffiXsponR570.03Bg000100.v2.1	9.135	no	no	no	yes
SoffiXsponR570.7_10Ag359400.v2.1	9.133	no	no	no	yes
SoffiXsponR570.03Ag306000.v2.1	9.128	no	no	no	yes
SoffiXsponR570.06Bg023000.v2.1	9.124	no	no	no	yes
SoffiXsponR570.02Bg308600.v2.1	9.123	no	no	no	yes
SoffiXsponR570.10Cg072800.v2.1	9.12	no	no	no	yes
SoffiXsponR570.05Bg078800.v2.1	9.119	no	no	no	yes
SoffiXsponR570.06Dg154000.v2.1	9.117	no	no	no	yes
SoffiXsponR570.04Eg070200.v2.1	9.112	no	no	no	yes
SoffiXsponR570.02Fg334500.v2.1	9.111	no	no	no	yes
SoffiXsponR570.03Eg028100.v2.1	9.108	no	no	no	yes
SoffiXsponR570.03Cg113000.v2.1	9.096	no	no	no	yes
SoffiXsponR570.02Ag179900.v2.1	9.092	no	no	no	yes
SoffiXsponR570.06Dg064800.v2.1	9.084	no	no	no	yes
SoffiXsponR570.04Cg190200.v2.1	9.081	no	no	no	yes
SoffiXsponR570.1Z273100.v2.1	9.079	no	no	no	yes
SoffiXsponR570.02Ag396100.v2.1	9.076	no	no	no	yes
SoffiXsponR570.03Dg127300.v2.1	9.067	no	no	no	yes
SoffiXsponR570.07Ag191700.v2.1	9.057	no	no	no	yes
SoffiXsponR570.01Ag136400.v2.1	9.052	no	no	no	yes
SoffiXsponR570.05Fg091500.v2.1	9.05	no	no	no	yes
SoffiXsponR570.02Dg336800.v2.1	9.026	no	no	no	yes
SoffiXsponR570.02Bg304000.v2.1	9.023	no	no	no	yes
SoffiXsponR570.10Ag016800.v2.1	9.014	no	no	no	yes
SoffiXsponR570.05Fg069400.v2.1	9.013	no	no	no	yes
SoffiXsponR570.08Bg167600.v2.1	9.01	no	no	no	yes
SoffiXsponR570.08Ag005500.v2.1	9.01	no	no	no	yes
SoffiXsponR570.02Ag021900.v2.1	9.0	no	no	no	yes
SoffiXsponR570.05Cg251400.v2.1	8.998	no	no	no	yes
SoffiXsponR570.10Fg070500.v2.1	8.997	no	no	no	yes
SoffiXsponR570.02Bg061700.v2.1	8.991	no	no	no	yes
SoffiXsponR570.01Fg143000.v2.1	8.983	no	no	no	yes
SoffiXsponR570.02Dg182900.v2.1	8.98	no	no	no	yes
SoffiXsponR570.03Eg242900.v2.1	8.977	no	no	no	yes
SoffiXsponR570.10Fg009900.v2.1	8.967	no	no	no	yes
SoffiXsponR570.08Ag130600.v2.1	8.964	no	no	no	yes
SoffiXsponR570.03Ag038100.v2.1	8.96	no	no	no	yes
SoffiXsponR570.05Fg286500.v2.1	8.953	no	no	no	yes
SoffiXsponR570.02Cg193500.v2.1	8.953	no	no	no	yes
SoffiXsponR570.07Dg229500.v2.1	8.951	no	no	no	yes
SoffiXsponR570.7os1g036300.v2.1	8.947	no	no	no	yes
SoffiXsponR570.07Dg202900.v2.1	8.946	no	no	no	yes
SoffiXsponR570.8_5Ag100900.v2.1	8.946	no	no	no	yes
SoffiXsponR570.03Ag101700.v2.1	8.94	no	no	no	yes
SoffiXsponR570.01Dg203800.v2.1	8.936	no	no	no	yes
SoffiXsponR570.03Bg021800.v2.1	8.934	no	no	no	yes
SoffiXsponR570.4us91g047900.v2.1	8.932	no	no	no	yes
SoffiXsponR570.03Dg295500.v2.1	8.931	no	no	no	yes
SoffiXsponR570.05Cg193300.v2.1	8.931	no	no	no	yes
SoffiXsponR570.08Ag145300.v2.1	8.928	no	no	no	yes
SoffiXsponR570.09Eg036400.v2.1	8.925	no	no	no	yes
SoffiXsponR570.7_10Ag337700.v2.1	8.925	no	no	no	yes
SoffiXsponR570.01Dg391100.v2.1	8.92	no	no	no	yes
SoffiXsponR570.09Ag011900.v2.1	8.918	no	no	no	yes
SoffiXsponR570.03Dg031400.v2.1	8.915	no	no	no	yes
SoffiXsponR570.01Dg053900.v2.1	8.912	no	no	no	yes
SoffiXsponR570.8_5Ag011100.v2.1	8.908	no	no	no	yes
SoffiXsponR570.03Cg090500.v2.1	8.907	no	no	no	yes
SoffiXsponR570.08Cg128300.v2.1	8.906	no	no	no	yes
SoffiXsponR570.10Eg011900.v2.1	8.905	no	no	no	yes
SoffiXsponR570.05Cg159800.v2.1	8.902	no	no	no	yes
SoffiXsponR570.10Bg088800.v2.1	8.9	no	no	no	yes
SoffiXsponR570.02Eg033900.v2.1	8.897	no	no	no	yes
SoffiXsponR570.02Ag136300.v2.1	8.89	no	no	no	yes
SoffiXsponR570.06Ag164100.v2.1	8.886	no	no	no	yes
SoffiXsponR570.08Ag032700.v2.1	8.885	no	no	no	yes
SoffiXsponR570.04Bg097500.v2.1	8.883	no	no	no	yes
SoffiXsponR570.8_5Ag165600.v2.1	8.882	no	no	no	yes
SoffiXsponR570.10Cg054700.v2.1	8.878	no	no	no	yes
SoffiXsponR570.05Dg343200.v2.1	8.877	no	no	no	yes
SoffiXsponR570.01Bg421000.v2.1	8.875	no	no	no	yes
SoffiXsponR570.08Bg058700.v2.1	8.869	no	no	no	yes
SoffiXsponR570.10Bg207100.v2.1	8.868	no	no	no	yes
SoffiXsponR570.04Cg007200.v2.1	8.866	no	no	no	yes
SoffiXsponR570.05Dg236400.v2.1	8.863	no	no	no	yes
SoffiXsponR570.05Eg010200.v2.1	8.862	no	no	no	yes
SoffiXsponR570.10Eg088900.v2.1	8.861	no	no	no	yes
SoffiXsponR570.04Dg180200.v2.1	8.859	no	no	no	yes
SoffiXsponR570.03Dg120000.v2.1	8.856	no	no	no	yes
SoffiXsponR570.02Bg294900.v2.1	8.856	no	no	no	yes
SoffiXsponR570.02Gg182700.v2.1	8.855	no	no	no	yes
SoffiXsponR570.04Cg213500.v2.1	8.844	no	no	no	yes
SoffiXsponR570.09Dg079200.v2.1	8.841	no	no	no	yes
SoffiXsponR570.03Dg014800.v2.1	8.837	no	no	no	yes
SoffiXsponR570.8_10Ag187900.v2.1	8.836	no	no	no	yes
SoffiXsponR570.10Dg099400.v2.1	8.833	no	no	no	yes
SoffiXsponR570.05Bg191600.v2.1	8.824	no	no	no	yes
SoffiXsponR570.10Bg013800.v2.1	8.824	no	no	no	yes
SoffiXsponR570.04Cg162900.v2.1	8.82	no	no	no	yes
SoffiXsponR570.02Fg148900.v2.1	8.819	no	no	no	yes
SoffiXsponR570.10Bg052200.v2.1	8.809	no	no	no	yes
SoffiXsponR570.03Dg126700.v2.1	8.806	no	no	no	yes
SoffiXsponR570.10Ag003000.v2.1	8.805	no	no	no	yes
SoffiXsponR570.01Cg285000.v2.1	8.802	no	no	no	yes
SoffiXsponR570.01Dg300000.v2.1	8.795	no	no	no	yes
SoffiXsponR570.02Fg268100.v2.1	8.794	no	no	no	yes
SoffiXsponR570.03Cg075100.v2.1	8.794	no	no	no	yes
SoffiXsponR570.03Cg013700.v2.1	8.794	no	no	no	yes
SoffiXsponR570.05Cg219400.v2.1	8.787	no	no	no	yes
SoffiXsponR570.03Ag012800.v2.1	8.785	no	no	no	yes
SoffiXsponR570.07Ag204700.v2.1	8.783	no	no	no	yes
SoffiXsponR570.02Ag385500.v2.1	8.781	no	no	no	yes
SoffiXsponR570.03Eg274900.v2.1	8.775	no	no	no	yes
SoffiXsponR570.1Z154900.v2.1	8.763	no	no	no	yes
SoffiXsponR570.8_5Ag047200.v2.1	8.762	no	no	no	yes
SoffiXsponR570.02Eg186700.v2.1	8.761	no	no	no	yes
SoffiXsponR570.5_9Ag066000.v2.1	8.751	no	no	no	yes
SoffiXsponR570.04Ag269000.v2.1	8.751	no	no	no	yes
SoffiXsponR570.01Cg232800.v2.1	8.75	no	no	no	yes
SoffiXsponR570.01Cg338500.v2.1	8.75	no	no	no	yes
SoffiXsponR570.02Gg021500.v2.1	8.748	no	no	no	yes
SoffiXsponR570.09Eg037000.v2.1	8.744	no	no	no	yes
SoffiXsponR570.5_9Ag117400.v2.1	8.744	no	no	no	yes
SoffiXsponR570.5_9Ag335000.v2.1	8.743	no	no	no	yes
SoffiXsponR570.9os1g017200.v2.1	8.742	no	no	no	yes
SoffiXsponR570.06Cg136100.v2.1	8.741	no	no	no	yes
SoffiXsponR570.05Ag310400.v2.1	8.74	no	no	no	yes
SoffiXsponR570.08Cg142500.v2.1	8.735	no	yes	yes	yes
SoffiXsponR570.04Cg133500.v2.1	8.734	no	no	no	yes
SoffiXsponR570.01Ag119300.v2.1	8.73	no	no	no	yes
SoffiXsponR570.06Gg108300.v2.1	8.72	no	no	no	yes
SoffiXsponR570.05Bg007500.v2.1	8.717	no	no	no	yes
SoffiXsponR570.7os1g088000.v2.1	8.717	no	no	no	yes
SoffiXsponR570.07Eg103200.v2.1	8.715	no	no	no	yes
SoffiXsponR570.10Bg116400.v2.1	8.715	no	no	no	yes
SoffiXsponR570.03Cg282900.v2.1	8.714	no	no	no	yes
SoffiXsponR570.02Fg296300.v2.1	8.714	no	no	no	yes
SoffiXsponR570.01Eg355600.v2.1	8.713	no	no	no	yes
SoffiXsponR570.05Cg102400.v2.1	8.708	no	no	no	yes
SoffiXsponR570.03Cg069300.v2.1	8.704	no	no	no	yes
SoffiXsponR570.09Ag051700.v2.1	8.698	no	no	no	yes
SoffiXsponR570.01Cg215900.v2.1	8.696	no	no	no	yes
SoffiXsponR570.06Ag083200.v2.1	8.693	no	no	no	yes
SoffiXsponR570.01Ag154700.v2.1	8.689	no	no	no	yes
SoffiXsponR570.10Ag169500.v2.1	8.683	no	no	no	yes
SoffiXsponR570.02Fg168200.v2.1	8.68	no	no	no	yes
SoffiXsponR570.01Bg386200.v2.1	8.68	no	no	no	yes
SoffiXsponR570.05Fg184600.v2.1	8.677	no	no	no	yes
SoffiXsponR570.08Bg141500.v2.1	8.674	no	no	no	yes
SoffiXsponR570.05Eg044800.v2.1	8.673	no	no	no	yes
SoffiXsponR570.06Gg126200.v2.1	8.67	no	no	no	yes
SoffiXsponR570.06Ag176600.v2.1	8.665	no	no	no	yes
SoffiXsponR570.06Ag091800.v2.1	8.664	no	no	no	yes
SoffiXsponR570.01Cg244100.v2.1	8.659	no	no	no	yes
SoffiXsponR570.03Ag109200.v2.1	8.658	no	no	no	yes
SoffiXsponR570.04Bg246900.v2.1	8.654	no	no	no	yes
SoffiXsponR570.10Cg136300.v2.1	8.651	no	no	no	yes
SoffiXsponR570.05Bg070600.v2.1	8.65	no	no	no	yes
SoffiXsponR570.02Bg313300.v2.1	8.648	no	no	no	yes
SoffiXsponR570.03Gg138300.v2.1	8.645	no	no	no	yes
SoffiXsponR570.07Bg095400.v2.1	8.645	no	no	no	yes
SoffiXsponR570.08Ag045700.v2.1	8.639	no	no	no	yes
SoffiXsponR570.02Bg141000.v2.1	8.637	no	no	no	yes
SoffiXsponR570.05Fg191600.v2.1	8.634	no	no	no	yes
SoffiXsponR570.05Eg177400.v2.1	8.633	no	no	no	yes
SoffiXsponR570.06Cg031100.v2.1	8.629	no	no	yes	yes
SoffiXsponR570.04Gg018800.v2.1	8.617	no	no	no	yes
SoffiXsponR570.10Cg153500.v2.1	8.613	no	no	no	yes
SoffiXsponR570.03Dg105500.v2.1	8.612	no	no	no	yes
SoffiXsponR570.05Ag322400.v2.1	8.607	no	no	no	yes
SoffiXsponR570.10os1g031300.v2.1	8.606	no	no	no	yes
SoffiXsponR570.08Bg100200.v2.1	8.603	no	no	no	yes
SoffiXsponR570.02Bg257800.v2.1	8.602	no	no	no	yes
SoffiXsponR570.10Fg025500.v2.1	8.601	no	no	no	yes
SoffiXsponR570.05Ag012800.v2.1	8.601	no	no	no	yes
SoffiXsponR570.04Eg098300.v2.1	8.6	no	no	no	yes
SoffiXsponR570.8_5Ag041400.v2.1	8.6	no	no	no	yes
SoffiXsponR570.07Dg035900.v2.1	8.599	no	no	no	yes
SoffiXsponR570.7os1g074400.v2.1	8.598	no	no	no	yes
SoffiXsponR570.09Cg164300.v2.1	8.595	no	no	no	yes
SoffiXsponR570.04Dg177300.v2.1	8.592	no	no	no	yes
SoffiXsponR570.04Eg102200.v2.1	8.591	no	no	no	yes
SoffiXsponR570.06Ag182300.v2.1	8.59	no	no	no	yes
SoffiXsponR570.07Bg280600.v2.1	8.587	no	no	no	yes
SoffiXsponR570.05Fg009900.v2.1	8.584	no	no	no	yes
SoffiXsponR570.02Fg100700.v2.1	8.584	no	no	no	yes
SoffiXsponR570.08Bg041900.v2.1	8.582	no	no	no	yes
SoffiXsponR570.09Ag103700.v2.1	8.581	no	no	no	yes
SoffiXsponR570.03Ag298300.v2.1	8.572	no	no	no	yes
SoffiXsponR570.6_9Ag162700.v2.1	8.57	no	no	no	yes
SoffiXsponR570.03Dg241300.v2.1	8.569	no	no	no	yes
SoffiXsponR570.07Bg128200.v2.1	8.561	no	no	no	yes
SoffiXsponR570.8_10Ag278700.v2.1	8.559	no	no	no	yes
SoffiXsponR570.02Gg298600.v2.1	8.558	no	no	no	yes
SoffiXsponR570.07Bg204000.v2.1	8.555	no	no	no	yes
SoffiXsponR570.03Ag330900.v2.1	8.553	no	no	no	yes
SoffiXsponR570.07Bg149700.v2.1	8.547	no	no	no	yes
SoffiXsponR570.01Dg128600.v2.1	8.545	no	no	no	yes
SoffiXsponR570.02Gg049800.v2.1	8.543	no	no	no	yes
SoffiXsponR570.08Cg189200.v2.1	8.543	no	yes	no	no
SoffiXsponR570.02Bg014800.v2.1	8.541	no	no	no	yes
SoffiXsponR570.04Fg098600.v2.1	8.541	no	no	no	yes
SoffiXsponR570.05Fg150500.v2.1	8.536	no	no	no	yes
SoffiXsponR570.05Ag351600.v2.1	8.535	no	no	no	yes
SoffiXsponR570.04Ag110100.v2.1	8.534	no	no	no	yes
SoffiXsponR570.01Cg381000.v2.1	8.533	no	no	no	yes
SoffiXsponR570.01Cg005700.v2.1	8.526	no	no	no	yes
SoffiXsponR570.06Cg084500.v2.1	8.526	no	no	no	yes
SoffiXsponR570.10Bg024000.v2.1	8.523	no	no	no	yes
SoffiXsponR570.08Eg121200.v2.1	8.522	no	no	no	yes
SoffiXsponR570.04Eg141200.v2.1	8.521	no	no	no	yes
SoffiXsponR570.07Eg224600.v2.1	8.52	no	no	no	yes
SoffiXsponR570.01Cg054300.v2.1	8.51	no	no	no	yes
SoffiXsponR570.03Ag258700.v2.1	8.505	no	no	no	yes
SoffiXsponR570.08Bg094900.v2.1	8.505	no	no	no	yes
SoffiXsponR570.01Ag130000.v2.1	8.502	no	no	no	yes
SoffiXsponR570.10Ag139200.v2.1	8.499	no	no	no	yes
SoffiXsponR570.06Gg130800.v2.1	8.497	no	no	no	yes
SoffiXsponR570.01Dg203300.v2.1	8.495	no	no	no	yes
SoffiXsponR570.01Eg038800.v2.1	8.488	no	no	no	yes
SoffiXsponR570.03Cg148800.v2.1	8.488	no	no	no	yes
SoffiXsponR570.10Bg175000.v2.1	8.488	no	no	no	yes
SoffiXsponR570.10Eg107400.v2.1	8.486	no	no	no	yes
SoffiXsponR570.08Ag221200.v2.1	8.485	no	no	no	yes
SoffiXsponR570.07Bg164400.v2.1	8.483	no	no	no	yes
SoffiXsponR570.04Cg211100.v2.1	8.48	no	no	no	yes
SoffiXsponR570.02Cg048100.v2.1	8.473	no	no	no	yes
SoffiXsponR570.01Bg151100.v2.1	8.471	no	no	no	yes
SoffiXsponR570.04Dg170700.v2.1	8.466	no	no	no	yes
SoffiXsponR570.02Gg119800.v2.1	8.466	no	no	no	yes
SoffiXsponR570.7_10Ag028300.v2.1	8.459	no	no	no	yes
SoffiXsponR570.02Ag432600.v2.1	8.458	no	no	no	yes
SoffiXsponR570.07Ag209200.v2.1	8.457	no	no	no	yes
SoffiXsponR570.06Fg054900.v2.1	8.452	no	no	no	yes
SoffiXsponR570.06Ag088700.v2.1	8.452	no	no	no	yes
SoffiXsponR570.03Ag276900.v2.1	8.451	no	no	no	yes
SoffiXsponR570.03Bg030100.v2.1	8.448	no	no	no	yes
SoffiXsponR570.01Bg413400.v2.1	8.446	no	no	no	yes
SoffiXsponR570.07Bg279300.v2.1	8.443	no	no	no	yes
SoffiXsponR570.05Cg266900.v2.1	8.442	no	no	no	yes
SoffiXsponR570.07Dg222300.v2.1	8.439	no	no	no	yes
SoffiXsponR570.01Cg190800.v2.1	8.437	no	no	no	yes
SoffiXsponR570.08Ag098500.v2.1	8.435	no	no	no	yes
SoffiXsponR570.07Eg226800.v2.1	8.432	no	no	no	yes
SoffiXsponR570.06Eg105700.v2.1	8.432	no	no	no	yes
SoffiXsponR570.03Ag139500.v2.1	8.43	no	no	no	yes
SoffiXsponR570.03Ag102800.v2.1	8.43	no	no	no	yes
SoffiXsponR570.09Ag105500.v2.1	8.426	no	no	no	yes
SoffiXsponR570.6us88g115500.v2.1	8.421	no	no	no	yes
SoffiXsponR570.05Ag223700.v2.1	8.42	no	no	no	yes
SoffiXsponR570.5_9Ag096200.v2.1	8.42	no	no	no	yes
SoffiXsponR570.05Ag021200.v2.1	8.414	no	no	no	yes
SoffiXsponR570.04Cg062600.v2.1	8.41	no	no	no	yes
SoffiXsponR570.02Fg222000.v2.1	8.409	no	no	no	yes
SoffiXsponR570.7_10Ag032400.v2.1	8.398	no	no	no	yes
SoffiXsponR570.02Bg150000.v2.1	8.393	no	no	no	yes
SoffiXsponR570.01Ag040500.v2.1	8.391	no	no	no	yes
SoffiXsponR570.01Cg355200.v2.1	8.391	no	no	no	yes
SoffiXsponR570.03Eg153500.v2.1	8.386	no	no	no	yes
SoffiXsponR570.07Ag067300.v2.1	8.383	no	no	no	yes
SoffiXsponR570.05Fg071700.v2.1	8.38	no	no	no	yes
SoffiXsponR570.01Dg187900.v2.1	8.372	no	no	no	yes
SoffiXsponR570.09Bg040800.v2.1	8.367	no	no	no	yes
SoffiXsponR570.09Ag049700.v2.1	8.366	no	no	no	yes
SoffiXsponR570.07Eg223900.v2.1	8.364	no	no	no	yes
SoffiXsponR570.01Dg256500.v2.1	8.363	no	no	no	yes
SoffiXsponR570.04Cg280100.v2.1	8.363	no	no	no	yes
SoffiXsponR570.05Fg207100.v2.1	8.362	no	no	no	yes
SoffiXsponR570.09Bg031700.v2.1	8.36	no	no	no	yes
SoffiXsponR570.03Ag329300.v2.1	8.36	no	no	no	yes
SoffiXsponR570.01Dg354100.v2.1	8.359	no	no	no	yes
SoffiXsponR570.03Bg189600.v2.1	8.351	no	no	no	yes
SoffiXsponR570.02Bg357400.v2.1	8.345	no	no	no	yes
SoffiXsponR570.05Eg027500.v2.1	8.345	no	no	no	yes
SoffiXsponR570.01Ag321700.v2.1	8.344	no	no	no	yes
SoffiXsponR570.03Cg334700.v2.1	8.341	no	no	no	yes
SoffiXsponR570.09Eg081600.v2.1	8.34	no	no	no	yes
SoffiXsponR570.05Bg333800.v2.1	8.335	no	no	no	yes
SoffiXsponR570.02Eg348500.v2.1	8.329	no	no	no	yes
SoffiXsponR570.03Cg194800.v2.1	8.32	no	no	no	yes
SoffiXsponR570.5os2g000900.v2.1	8.317	no	no	no	yes
SoffiXsponR570.1Z253300.v2.1	8.316	no	no	no	yes
SoffiXsponR570.03Eg281100.v2.1	8.313	no	no	no	yes
SoffiXsponR570.05Dg335900.v2.1	8.313	no	no	no	yes
SoffiXsponR570.10Ag144300.v2.1	8.31	no	no	no	yes
SoffiXsponR570.01Dg324700.v2.1	8.308	no	no	no	yes
SoffiXsponR570.5_9Ag252500.v2.1	8.301	no	no	no	yes
SoffiXsponR570.01Fg209800.v2.1	8.3	no	no	no	yes
SoffiXsponR570.06Cg107800.v2.1	8.295	no	no	no	yes
SoffiXsponR570.08Ag060700.v2.1	8.287	no	no	no	yes
SoffiXsponR570.8_10Ag211000.v2.1	8.286	no	no	no	yes
SoffiXsponR570.02Fg139500.v2.1	8.282	no	no	no	yes
SoffiXsponR570.06Fg121400.v2.1	8.276	no	no	no	yes
SoffiXsponR570.10Eg118100.v2.1	8.274	no	no	no	yes
SoffiXsponR570.03Gg143000.v2.1	8.273	no	no	no	yes
SoffiXsponR570.06Ag038300.v2.1	8.27	no	no	no	yes
SoffiXsponR570.03Ag332800.v2.1	8.268	no	no	no	yes
SoffiXsponR570.05Cg344000.v2.1	8.266	no	no	no	yes
SoffiXsponR570.8_5Ag228600.v2.1	8.26	no	no	no	yes
SoffiXsponR570.05Eg166700.v2.1	8.256	no	no	no	yes
SoffiXsponR570.04Ag220400.v2.1	8.255	no	no	no	yes
SoffiXsponR570.02Cg355000.v2.1	8.253	no	no	no	yes
SoffiXsponR570.03Dg050700.v2.1	8.248	no	no	no	yes
SoffiXsponR570.1Z264300.v2.1	8.248	no	no	no	yes
SoffiXsponR570.10Ag089200.v2.1	8.248	no	no	no	yes
SoffiXsponR570.08Eg132800.v2.1	8.246	no	no	no	yes
SoffiXsponR570.03Bg026800.v2.1	8.246	no	no	no	yes
SoffiXsponR570.7_10Ag156900.v2.1	8.24	no	yes	no	no
SoffiXsponR570.02Gg205400.v2.1	8.238	no	no	no	yes
SoffiXsponR570.05Cg017500.v2.1	8.233	no	no	no	yes
SoffiXsponR570.01Ag062600.v2.1	8.232	no	no	no	yes
SoffiXsponR570.02Ag204000.v2.1	8.232	no	no	no	yes
SoffiXsponR570.08Eg052000.v2.1	8.221	no	no	no	yes
SoffiXsponR570.10Eg012700.v2.1	8.211	no	no	no	yes
SoffiXsponR570.03Fg128400.v2.1	8.21	no	no	no	yes
SoffiXsponR570.05Bg232200.v2.1	8.21	no	no	no	yes
SoffiXsponR570.05Eg079900.v2.1	8.207	no	no	no	yes
SoffiXsponR570.09Ag110900.v2.1	8.205	no	no	no	yes
SoffiXsponR570.03Eg049700.v2.1	8.203	no	no	no	yes
SoffiXsponR570.01Bg290900.v2.1	8.199	no	no	no	yes
SoffiXsponR570.10Bg125800.v2.1	8.195	no	no	no	yes
SoffiXsponR570.07Ag020500.v2.1	8.186	no	no	no	yes
SoffiXsponR570.05Cg107500.v2.1	8.182	no	no	no	yes
SoffiXsponR570.06Dg011900.v2.1	8.18	no	no	no	yes
SoffiXsponR570.06Ag120900.v2.1	8.175	no	no	no	yes
SoffiXsponR570.01Cg303900.v2.1	8.174	no	no	no	yes
SoffiXsponR570.03Cg049500.v2.1	8.173	no	no	no	yes
SoffiXsponR570.03Bg043700.v2.1	8.172	no	no	no	yes
SoffiXsponR570.7_10Ag084000.v2.1	8.164	no	no	no	yes
SoffiXsponR570.01Eg387400.v2.1	8.16	no	no	no	yes
SoffiXsponR570.01Bg385900.v2.1	8.158	no	no	no	yes
SoffiXsponR570.01Cg103400.v2.1	8.154	no	no	no	yes
SoffiXsponR570.02Gg218200.v2.1	8.151	no	no	no	yes
SoffiXsponR570.03Bg235200.v2.1	8.145	no	no	no	yes
SoffiXsponR570.01Cg101700.v2.1	8.144	no	no	no	yes
SoffiXsponR570.01Bg391700.v2.1	8.137	no	no	no	yes
SoffiXsponR570.02Cg334900.v2.1	8.137	no	no	no	yes
SoffiXsponR570.01Cg225300.v2.1	8.133	no	no	no	yes
SoffiXsponR570.06Ag110700.v2.1	8.133	no	no	no	yes
SoffiXsponR570.03Cg289100.v2.1	8.131	no	no	no	yes
SoffiXsponR570.9us90g029300.v2.1	8.129	no	no	no	yes
SoffiXsponR570.7_10Ag177500.v2.1	8.129	no	no	no	yes
SoffiXsponR570.01Bg445700.v2.1	8.128	no	no	no	yes
SoffiXsponR570.03Dg063900.v2.1	8.127	no	no	no	yes
SoffiXsponR570.01Cg103100.v2.1	8.125	no	no	no	yes
SoffiXsponR570.1Z136900.v2.1	8.123	no	no	no	yes
SoffiXsponR570.04Fg115000.v2.1	8.119	no	no	no	yes
SoffiXsponR570.03Cg010200.v2.1	8.116	no	no	no	yes
SoffiXsponR570.07Ag210100.v2.1	8.116	no	no	no	yes
SoffiXsponR570.7_10Ag359500.v2.1	8.11	no	no	no	yes
SoffiXsponR570.03Bg163500.v2.1	8.109	no	no	no	yes
SoffiXsponR570.07Dg089400.v2.1	8.107	no	no	no	yes
SoffiXsponR570.04Dg136500.v2.1	8.105	no	no	no	yes
SoffiXsponR570.02Cg129000.v2.1	8.102	no	no	no	yes
SoffiXsponR570.01Cg120100.v2.1	8.099	no	no	no	yes
SoffiXsponR570.03Gg151900.v2.1	8.098	no	no	no	yes
SoffiXsponR570.05Gg148400.v2.1	8.086	no	no	no	yes
SoffiXsponR570.5os1g001900.v2.1	8.083	no	no	no	yes
SoffiXsponR570.04Ag089200.v2.1	8.083	no	no	no	yes
SoffiXsponR570.02Bg239600.v2.1	8.079	no	no	no	yes
SoffiXsponR570.01Ag015500.v2.1	8.078	no	no	no	yes
SoffiXsponR570.05Ag366300.v2.1	8.076	no	no	no	yes
SoffiXsponR570.07Ag111900.v2.1	8.073	no	no	no	yes
SoffiXsponR570.02Cg164800.v2.1	8.071	no	no	no	yes
SoffiXsponR570.03Dg194900.v2.1	8.069	no	no	no	yes
SoffiXsponR570.03Eg147500.v2.1	8.068	no	no	no	yes
SoffiXsponR570.03Gg065200.v2.1	8.067	no	no	no	yes
SoffiXsponR570.03Eg260700.v2.1	8.063	no	no	no	yes
SoffiXsponR570.8_10Ag226700.v2.1	8.055	no	no	no	yes
SoffiXsponR570.05Ag371800.v2.1	8.054	no	no	no	yes
SoffiXsponR570.07Eg191900.v2.1	8.054	no	no	no	yes
SoffiXsponR570.02Bg100300.v2.1	8.052	no	no	no	yes
SoffiXsponR570.03Cg330100.v2.1	8.05	no	no	no	yes
SoffiXsponR570.10Bg055600.v2.1	8.049	no	no	no	yes
SoffiXsponR570.06Eg083900.v2.1	8.041	no	no	no	yes
SoffiXsponR570.5_9Ag053400.v2.1	8.036	no	no	no	yes
SoffiXsponR570.05Ag340200.v2.1	8.034	no	no	no	yes
SoffiXsponR570.09Ag170800.v2.1	8.028	no	no	no	yes
SoffiXsponR570.01Dg331800.v2.1	8.026	no	no	no	yes
SoffiXsponR570.03Eg108200.v2.1	8.024	no	no	no	yes
SoffiXsponR570.01Eg006000.v2.1	8.02	no	no	no	yes
SoffiXsponR570.01Bg490000.v2.1	8.017	no	no	no	yes
SoffiXsponR570.05Dg223600.v2.1	8.014	no	no	no	yes
SoffiXsponR570.10Dg132600.v2.1	8.013	no	no	no	yes
SoffiXsponR570.09Ag101300.v2.1	8.006	no	no	no	yes
SoffiXsponR570.03Gg105900.v2.1	8.005	no	no	no	yes
SoffiXsponR570.06Cg174600.v2.1	8.004	no	no	no	yes
SoffiXsponR570.05Cg378200.v2.1	8.001	no	no	no	yes
SoffiXsponR570.05Cg304400.v2.1	7.998	no	no	no	yes
SoffiXsponR570.05Fg191400.v2.1	7.996	no	no	no	yes
SoffiXsponR570.03Bg217300.v2.1	7.994	no	no	no	yes
SoffiXsponR570.05Fg059800.v2.1	7.993	no	no	no	yes
SoffiXsponR570.06Dg098600.v2.1	7.992	no	no	no	yes
SoffiXsponR570.01Ag087500.v2.1	7.99	no	no	no	yes
SoffiXsponR570.05Fg040200.v2.1	7.984	no	no	no	yes
SoffiXsponR570.01Cg216800.v2.1	7.984	no	no	no	yes
SoffiXsponR570.05Cg127500.v2.1	7.983	no	no	no	yes
SoffiXsponR570.7os1g024600.v2.1	7.983	no	no	no	yes
SoffiXsponR570.09Ag174200.v2.1	7.983	no	no	no	yes
SoffiXsponR570.02Ag307500.v2.1	7.981	no	no	no	yes
SoffiXsponR570.04Bg164800.v2.1	7.977	no	no	no	yes
SoffiXsponR570.04Ag028500.v2.1	7.975	no	no	no	yes
SoffiXsponR570.10Dg170900.v2.1	7.972	no	no	no	yes
SoffiXsponR570.02Eg118700.v2.1	7.969	no	no	no	yes
SoffiXsponR570.05Ag312600.v2.1	7.967	no	no	no	yes
SoffiXsponR570.02Bg331500.v2.1	7.963	no	no	no	yes
SoffiXsponR570.02Eg037900.v2.1	7.963	no	no	no	yes
SoffiXsponR570.08Cg135800.v2.1	7.96	no	no	no	yes
SoffiXsponR570.05Bg139400.v2.1	7.96	no	no	no	yes
SoffiXsponR570.1Z016400.v2.1	7.959	no	no	no	yes
SoffiXsponR570.08Ag066400.v2.1	7.958	no	no	no	yes
SoffiXsponR570.7_10Ag277500.v2.1	7.958	no	no	no	yes
SoffiXsponR570.05Ag231600.v2.1	7.955	no	no	no	yes
SoffiXsponR570.03Bg277500.v2.1	7.952	no	no	no	yes
SoffiXsponR570.06Eg043000.v2.1	7.941	no	no	no	yes
SoffiXsponR570.05Bg151000.v2.1	7.939	no	no	no	yes
SoffiXsponR570.05Dg178100.v2.1	7.938	no	no	no	yes
SoffiXsponR570.09Cg074200.v2.1	7.934	no	no	no	yes
SoffiXsponR570.07Dg212600.v2.1	7.929	no	no	no	yes
SoffiXsponR570.05Cg211600.v2.1	7.928	no	no	no	yes
SoffiXsponR570.09Cg026600.v2.1	7.927	no	no	no	yes
SoffiXsponR570.07Cg227300.v2.1	7.921	no	no	no	yes
SoffiXsponR570.05Ag224000.v2.1	7.918	no	no	no	yes
SoffiXsponR570.01Eg431100.v2.1	7.918	no	no	no	yes
SoffiXsponR570.01Dg389400.v2.1	7.915	no	no	no	yes
SoffiXsponR570.05Fg192600.v2.1	7.915	no	no	no	yes
SoffiXsponR570.7os1g014700.v2.1	7.915	no	no	no	yes
SoffiXsponR570.01Dg393900.v2.1	7.914	no	no	no	yes
SoffiXsponR570.06Ag180600.v2.1	7.913	no	no	no	yes
SoffiXsponR570.02Eg221300.v2.1	7.913	no	no	no	yes
SoffiXsponR570.01Eg004300.v2.1	7.909	no	no	no	yes
SoffiXsponR570.07Bg159200.v2.1	7.906	no	no	no	yes
SoffiXsponR570.01Ag543900.v2.1	7.905	no	no	no	yes
SoffiXsponR570.08Dg141600.v2.1	7.905	no	no	no	yes
SoffiXsponR570.03Dg086800.v2.1	7.904	no	no	no	yes
SoffiXsponR570.01Eg364700.v2.1	7.902	no	no	no	yes
SoffiXsponR570.01Ag538500.v2.1	7.901	no	no	no	yes
SoffiXsponR570.09Dg032400.v2.1	7.898	no	no	no	yes
SoffiXsponR570.02Ag006000.v2.1	7.895	no	no	no	yes
SoffiXsponR570.10Ag006100.v2.1	7.894	no	no	no	yes
SoffiXsponR570.10Bg071500.v2.1	7.894	no	no	no	yes
SoffiXsponR570.1Z213300.v2.1	7.891	no	no	no	yes
SoffiXsponR570.03Eg205100.v2.1	7.89	no	no	no	yes
SoffiXsponR570.03Gg029500.v2.1	7.89	no	no	no	yes
SoffiXsponR570.08Ag089600.v2.1	7.889	no	no	no	yes
SoffiXsponR570.8_5Ag093300.v2.1	7.888	no	no	no	yes
SoffiXsponR570.01Dg045000.v2.1	7.887	no	no	no	yes
SoffiXsponR570.01Ag465500.v2.1	7.883	no	no	no	yes
SoffiXsponR570.07Ag190600.v2.1	7.882	no	no	no	yes
SoffiXsponR570.05Fg210300.v2.1	7.879	no	no	no	yes
SoffiXsponR570.07Bg031500.v2.1	7.858	no	no	no	yes
SoffiXsponR570.06Gg131200.v2.1	7.854	no	no	no	yes
SoffiXsponR570.02Eg283600.v2.1	7.853	no	no	no	yes
SoffiXsponR570.02Dg412200.v2.1	7.852	yes	yes	no	no
SoffiXsponR570.04Gg108100.v2.1	7.852	no	no	no	yes
SoffiXsponR570.06Eg033600.v2.1	7.848	no	no	no	yes
SoffiXsponR570.10os1g001600.v2.1	7.847	no	no	no	yes
SoffiXsponR570.09Dg102700.v2.1	7.844	no	no	no	yes
SoffiXsponR570.01Eg171800.v2.1	7.84	no	no	no	yes
SoffiXsponR570.03Bg284900.v2.1	7.836	no	no	no	yes
SoffiXsponR570.6_9Ag194100.v2.1	7.833	no	no	no	yes
SoffiXsponR570.03Bg015700.v2.1	7.83	no	no	no	yes
SoffiXsponR570.02Bg111300.v2.1	7.826	no	no	no	yes
SoffiXsponR570.02Cg119800.v2.1	7.823	no	no	no	yes
SoffiXsponR570.04Gg119000.v2.1	7.821	no	no	no	yes
SoffiXsponR570.07Ag021400.v2.1	7.821	no	no	no	yes
SoffiXsponR570.05Fg074800.v2.1	7.814	no	no	no	yes
SoffiXsponR570.07Bg103700.v2.1	7.814	no	no	no	yes
SoffiXsponR570.01Fg024100.v2.1	7.813	no	no	no	yes
SoffiXsponR570.09Ag003100.v2.1	7.811	no	no	no	yes
SoffiXsponR570.02Gg300100.v2.1	7.81	no	no	no	yes
SoffiXsponR570.03Cg326600.v2.1	7.808	no	no	no	yes
SoffiXsponR570.02Ag145900.v2.1	7.806	no	no	no	yes
SoffiXsponR570.05Dg228800.v2.1	7.804	no	no	no	yes
SoffiXsponR570.03Cg323000.v2.1	7.803	no	no	no	yes
SoffiXsponR570.06Eg114400.v2.1	7.802	no	no	no	yes
SoffiXsponR570.01Eg145000.v2.1	7.8	no	no	no	yes
SoffiXsponR570.5_9Ag308100.v2.1	7.8	no	no	no	yes
SoffiXsponR570.03Bg311600.v2.1	7.8	no	no	no	yes
SoffiXsponR570.01Cg260900.v2.1	7.799	no	no	no	yes
SoffiXsponR570.7_10Ag148500.v2.1	7.799	no	no	no	yes
SoffiXsponR570.10Cg170100.v2.1	7.798	no	no	no	yes
SoffiXsponR570.01Ag016700.v2.1	7.796	no	no	no	yes
SoffiXsponR570.08Cg061600.v2.1	7.794	no	no	no	yes
SoffiXsponR570.02Gg041100.v2.1	7.787	no	no	no	yes
SoffiXsponR570.01Ag521200.v2.1	7.784	no	no	no	yes
SoffiXsponR570.01Ag511900.v2.1	7.783	no	no	no	yes
SoffiXsponR570.10Bg043800.v2.1	7.783	no	no	no	yes
SoffiXsponR570.10Bg004100.v2.1	7.783	no	no	no	yes
SoffiXsponR570.08Bg034000.v2.1	7.782	no	no	no	yes
SoffiXsponR570.07Bg022400.v2.1	7.778	no	no	no	yes
SoffiXsponR570.06Dg144400.v2.1	7.776	no	no	no	yes
SoffiXsponR570.05Cg261200.v2.1	7.762	no	no	no	yes
SoffiXsponR570.02Bg073500.v2.1	7.762	no	no	no	yes
SoffiXsponR570.07Ag160500.v2.1	7.761	no	no	no	yes
SoffiXsponR570.05Ag343300.v2.1	7.76	no	no	no	yes
SoffiXsponR570.04Dg104000.v2.1	7.759	no	no	no	yes
SoffiXsponR570.07Eg066300.v2.1	7.756	no	no	no	yes
SoffiXsponR570.04Fg145700.v2.1	7.755	no	no	no	yes
SoffiXsponR570.09Ag036900.v2.1	7.753	no	no	no	yes
SoffiXsponR570.08Bg123900.v2.1	7.751	no	no	no	yes
SoffiXsponR570.01Dg386300.v2.1	7.751	no	yes	yes	yes
SoffiXsponR570.1Z236100.v2.1	7.746	no	no	no	yes
SoffiXsponR570.07Ag061600.v2.1	7.745	no	no	no	yes
SoffiXsponR570.01Eg321400.v2.1	7.745	no	no	no	yes
SoffiXsponR570.10Cg110900.v2.1	7.742	no	no	no	yes
SoffiXsponR570.03Cg157600.v2.1	7.741	no	no	no	yes
SoffiXsponR570.7_10Ag035600.v2.1	7.741	no	no	no	yes
SoffiXsponR570.02Ag407300.v2.1	7.739	no	no	no	yes
SoffiXsponR570.07Ag021300.v2.1	7.733	no	no	no	yes
SoffiXsponR570.01Dg357600.v2.1	7.73	no	no	no	yes
SoffiXsponR570.04Gg004000.v2.1	7.73	no	no	no	yes
SoffiXsponR570.05Cg306800.v2.1	7.73	no	no	no	yes
SoffiXsponR570.02Ag176000.v2.1	7.729	no	no	no	yes
SoffiXsponR570.10Cg121100.v2.1	7.728	no	no	no	yes
SoffiXsponR570.08Eg102600.v2.1	7.725	no	no	no	yes
SoffiXsponR570.04Bg102900.v2.1	7.724	no	no	no	yes
SoffiXsponR570.05Cg086700.v2.1	7.722	no	no	no	yes
SoffiXsponR570.01Cg313600.v2.1	7.715	no	no	no	yes
SoffiXsponR570.07Cg265100.v2.1	7.714	no	no	no	yes
SoffiXsponR570.01Eg297400.v2.1	7.706	no	no	no	yes
SoffiXsponR570.07Bg113100.v2.1	7.704	no	no	no	yes
SoffiXsponR570.03Cg051000.v2.1	7.703	no	no	no	yes
SoffiXsponR570.05Bg113900.v2.1	7.701	no	no	no	yes
SoffiXsponR570.01Ag067000.v2.1	7.698	no	no	no	yes
SoffiXsponR570.8_5Ag098000.v2.1	7.697	no	no	no	yes
SoffiXsponR570.01Bg360400.v2.1	7.696	no	no	no	yes
SoffiXsponR570.06Fg150900.v2.1	7.692	no	no	no	yes
SoffiXsponR570.06Ag054900.v2.1	7.69	no	no	no	yes
SoffiXsponR570.01Fg287200.v2.1	7.687	no	no	no	yes
SoffiXsponR570.03Ag290600.v2.1	7.686	no	no	no	yes
SoffiXsponR570.06Bg048400.v2.1	7.686	no	no	no	yes
SoffiXsponR570.03Bg078300.v2.1	7.685	no	no	no	yes
SoffiXsponR570.07Dg143500.v2.1	7.684	no	no	no	yes
SoffiXsponR570.05Fg147000.v2.1	7.683	no	no	no	yes
SoffiXsponR570.01Dg126900.v2.1	7.683	no	no	no	yes
SoffiXsponR570.06Fg005800.v2.1	7.681	no	no	no	yes
SoffiXsponR570.8_10Ag207100.v2.1	7.681	no	no	no	yes
SoffiXsponR570.02Bg354500.v2.1	7.678	no	no	no	yes
SoffiXsponR570.02Cg174300.v2.1	7.678	no	no	no	yes
SoffiXsponR570.08Ag188200.v2.1	7.677	no	no	no	yes
SoffiXsponR570.04Dg174000.v2.1	7.67	no	no	no	yes
SoffiXsponR570.06Cg126400.v2.1	7.664	no	no	no	yes
SoffiXsponR570.04Ag088800.v2.1	7.663	no	no	no	yes
SoffiXsponR570.05Ag245500.v2.1	7.663	no	no	no	yes
SoffiXsponR570.01Bg045200.v2.1	7.663	no	no	no	yes
SoffiXsponR570.06Gg115600.v2.1	7.661	no	no	no	yes
SoffiXsponR570.03Bg247000.v2.1	7.661	no	no	no	yes
SoffiXsponR570.02Gg214600.v2.1	7.66	no	no	no	yes
SoffiXsponR570.06Ag034600.v2.1	7.66	no	no	no	yes
SoffiXsponR570.07Eg094200.v2.1	7.66	no	no	no	yes
SoffiXsponR570.06Dg017500.v2.1	7.658	no	no	no	yes
SoffiXsponR570.10Fg044100.v2.1	7.658	no	no	no	yes
SoffiXsponR570.05Bg102900.v2.1	7.655	no	no	no	yes
SoffiXsponR570.02Gg192900.v2.1	7.651	no	no	no	yes
SoffiXsponR570.05Bg354500.v2.1	7.651	no	no	no	yes
SoffiXsponR570.07Dg146100.v2.1	7.648	no	no	no	yes
SoffiXsponR570.03Dg098400.v2.1	7.643	no	no	no	yes
SoffiXsponR570.07Eg079900.v2.1	7.641	no	no	no	yes
SoffiXsponR570.02Ag159000.v2.1	7.639	no	no	no	yes
SoffiXsponR570.02Cg220000.v2.1	7.639	no	no	no	yes
SoffiXsponR570.01Eg380300.v2.1	7.638	no	no	no	yes
SoffiXsponR570.04Dg152600.v2.1	7.637	no	no	no	yes
SoffiXsponR570.08Bg156100.v2.1	7.636	no	no	no	yes
SoffiXsponR570.02Ag347900.v2.1	7.633	no	no	no	yes
SoffiXsponR570.1Z022600.v2.1	7.63	no	no	no	yes
SoffiXsponR570.02Bg262700.v2.1	7.629	no	no	no	yes
SoffiXsponR570.05Gg128400.v2.1	7.622	no	no	no	yes
SoffiXsponR570.03Bg157000.v2.1	7.622	no	no	no	yes
SoffiXsponR570.07Eg152900.v2.1	7.618	no	no	no	yes
SoffiXsponR570.08Ag092600.v2.1	7.618	no	no	no	yes
SoffiXsponR570.3os2g004800.v2.1	7.613	no	no	no	yes
SoffiXsponR570.01Fg325000.v2.1	7.613	no	no	no	yes
SoffiXsponR570.03Fg049300.v2.1	7.609	no	no	no	yes
SoffiXsponR570.01Ag006100.v2.1	7.609	no	no	no	yes
SoffiXsponR570.06Cg103500.v2.1	7.607	no	no	no	yes
SoffiXsponR570.02Cg166900.v2.1	7.607	no	no	no	yes
SoffiXsponR570.02Fg112000.v2.1	7.606	no	no	no	yes
SoffiXsponR570.05Gg186000.v2.1	7.606	no	no	no	yes
SoffiXsponR570.03Eg205300.v2.1	7.605	yes	yes	no	yes
SoffiXsponR570.06Dg123600.v2.1	7.601	no	no	no	yes
SoffiXsponR570.05Bg248000.v2.1	7.598	no	no	no	yes
SoffiXsponR570.05Gg079600.v2.1	7.597	no	no	no	yes
SoffiXsponR570.09Bg156200.v2.1	7.597	no	no	no	yes
SoffiXsponR570.10Dg104400.v2.1	7.594	no	no	no	yes
SoffiXsponR570.08Bg039300.v2.1	7.594	no	no	no	yes
SoffiXsponR570.7_10Ag167900.v2.1	7.588	no	no	no	yes
SoffiXsponR570.08Cg105400.v2.1	7.588	no	no	no	yes
SoffiXsponR570.03Fg098000.v2.1	7.584	no	no	no	yes
SoffiXsponR570.01Bg415900.v2.1	7.581	no	no	no	yes
SoffiXsponR570.02Bg182200.v2.1	7.579	no	no	no	yes
SoffiXsponR570.01Cg295700.v2.1	7.577	no	no	no	yes
SoffiXsponR570.03Eg086600.v2.1	7.576	no	no	no	yes
SoffiXsponR570.04Cg026200.v2.1	7.574	no	no	no	yes
SoffiXsponR570.05Cg324200.v2.1	7.574	no	no	no	yes
SoffiXsponR570.02Eg091400.v2.1	7.573	no	no	no	yes
SoffiXsponR570.05Cg212400.v2.1	7.571	no	no	no	yes
SoffiXsponR570.03Bg110400.v2.1	7.569	no	no	no	yes
SoffiXsponR570.10Ag072600.v2.1	7.562	no	no	no	yes
SoffiXsponR570.05Bg121500.v2.1	7.562	no	no	no	yes
SoffiXsponR570.07Eg011700.v2.1	7.561	no	no	no	yes
SoffiXsponR570.08Cg176700.v2.1	7.557	no	no	no	yes
SoffiXsponR570.07Ag131100.v2.1	7.555	no	no	no	yes
SoffiXsponR570.04Fg009300.v2.1	7.554	no	no	no	yes
SoffiXsponR570.02Gg124400.v2.1	7.553	no	no	no	yes
SoffiXsponR570.10Ag035000.v2.1	7.552	no	no	no	yes
SoffiXsponR570.10us89g067900.v2.1	7.549	no	no	no	yes
SoffiXsponR570.02Bg393000.v2.1	7.547	no	no	no	yes
SoffiXsponR570.07Cg074300.v2.1	7.538	no	no	no	yes
SoffiXsponR570.03Ag187300.v2.1	7.534	no	no	no	yes
SoffiXsponR570.02Ag223500.v2.1	7.532	no	no	no	yes
SoffiXsponR570.07Dg148600.v2.1	7.531	no	no	no	yes
SoffiXsponR570.06Fg125800.v2.1	7.53	no	no	no	yes
SoffiXsponR570.09Cg034600.v2.1	7.528	no	no	no	yes
SoffiXsponR570.01Bg432800.v2.1	7.524	no	no	no	yes
SoffiXsponR570.01Eg389400.v2.1	7.523	no	no	no	yes
SoffiXsponR570.09Bg050700.v2.1	7.523	no	no	no	yes
SoffiXsponR570.06Eg002000.v2.1	7.522	no	no	no	yes
SoffiXsponR570.03Eg185800.v2.1	7.521	no	no	no	yes
SoffiXsponR570.02Ag431000.v2.1	7.52	no	no	no	yes
SoffiXsponR570.03Dg046900.v2.1	7.52	no	no	no	yes
SoffiXsponR570.09Cg169000.v2.1	7.518	no	no	no	yes
SoffiXsponR570.08Ag141800.v2.1	7.517	no	no	no	yes
SoffiXsponR570.07Dg155100.v2.1	7.516	no	no	no	yes
SoffiXsponR570.06Bg041900.v2.1	7.516	no	no	no	yes
SoffiXsponR570.03Ag244600.v2.1	7.515	no	no	no	yes
SoffiXsponR570.06Fg005200.v2.1	7.515	no	no	no	yes
SoffiXsponR570.05Gg141000.v2.1	7.509	no	no	no	yes
SoffiXsponR570.03Eg236700.v2.1	7.508	no	no	no	yes
SoffiXsponR570.01Fg211600.v2.1	7.504	no	no	no	yes
SoffiXsponR570.02Fg286300.v2.1	7.504	no	no	no	yes
SoffiXsponR570.01Dg098600.v2.1	7.498	no	no	no	yes
SoffiXsponR570.05Eg252500.v2.1	7.497	no	no	no	yes
SoffiXsponR570.09Ag159300.v2.1	7.497	no	no	no	yes
SoffiXsponR570.05Cg271500.v2.1	7.496	no	no	no	yes
SoffiXsponR570.06Dg100200.v2.1	7.494	no	no	no	yes
SoffiXsponR570.04Eg078600.v2.1	7.494	no	no	no	yes
SoffiXsponR570.02Ag433400.v2.1	7.494	no	no	no	yes
SoffiXsponR570.10Bg077600.v2.1	7.492	no	no	no	yes
SoffiXsponR570.03Bg198400.v2.1	7.488	no	no	no	yes
SoffiXsponR570.01Bg141300.v2.1	7.487	no	no	yes	yes
SoffiXsponR570.03Dg334700.v2.1	7.486	no	no	no	yes
SoffiXsponR570.02Bg265600.v2.1	7.483	no	no	no	yes
SoffiXsponR570.01Bg353800.v2.1	7.481	no	no	no	yes
SoffiXsponR570.05Fg258100.v2.1	7.481	no	no	no	yes
SoffiXsponR570.07Bg116100.v2.1	7.478	no	no	no	yes
SoffiXsponR570.06Cg077300.v2.1	7.471	no	no	no	yes
SoffiXsponR570.07Dg228700.v2.1	7.469	no	no	no	yes
SoffiXsponR570.02Bg287500.v2.1	7.469	no	no	no	yes
SoffiXsponR570.03Gg090400.v2.1	7.46	no	no	no	yes
SoffiXsponR570.05Gg090300.v2.1	7.46	no	no	no	yes
SoffiXsponR570.05Cg032600.v2.1	7.457	no	no	no	yes
SoffiXsponR570.02Bg357200.v2.1	7.456	no	no	no	yes
SoffiXsponR570.03Cg217100.v2.1	7.454	no	no	no	yes
SoffiXsponR570.03Eg238100.v2.1	7.451	no	no	no	yes
SoffiXsponR570.02Bg014400.v2.1	7.445	no	no	no	yes
SoffiXsponR570.06Eg139900.v2.1	7.443	no	no	no	yes
SoffiXsponR570.07Bg014900.v2.1	7.443	no	no	no	yes
SoffiXsponR570.7_10Ag115300.v2.1	7.44	no	no	no	yes
SoffiXsponR570.05Fg047400.v2.1	7.435	no	no	no	yes
SoffiXsponR570.07Bg097100.v2.1	7.434	no	no	no	yes
SoffiXsponR570.05Eg149300.v2.1	7.43	no	no	no	yes
SoffiXsponR570.01Eg316700.v2.1	7.43	no	no	no	yes
SoffiXsponR570.07Ag233700.v2.1	7.429	no	no	no	yes
SoffiXsponR570.01Cg372600.v2.1	7.427	no	no	no	yes
SoffiXsponR570.09Cg085300.v2.1	7.424	no	no	no	yes
SoffiXsponR570.06Eg142000.v2.1	7.422	no	no	no	yes
SoffiXsponR570.02Fg067800.v2.1	7.422	no	no	no	yes
SoffiXsponR570.10Ag008300.v2.1	7.419	no	no	no	yes
SoffiXsponR570.04Ag262200.v2.1	7.417	no	no	no	yes
SoffiXsponR570.02Bg248100.v2.1	7.415	no	no	no	yes
SoffiXsponR570.07Eg017200.v2.1	7.415	no	no	no	yes
SoffiXsponR570.07Ag216300.v2.1	7.414	no	no	no	yes
SoffiXsponR570.04Gg006700.v2.1	7.41	no	no	no	yes
SoffiXsponR570.01Eg359200.v2.1	7.409	no	no	no	yes
SoffiXsponR570.01Eg130700.v2.1	7.408	no	no	no	yes
SoffiXsponR570.02Bg050200.v2.1	7.406	no	no	no	yes
SoffiXsponR570.05Eg101000.v2.1	7.406	no	no	no	yes
SoffiXsponR570.01Bg246200.v2.1	7.404	no	no	no	yes
SoffiXsponR570.03Eg108300.v2.1	7.403	no	no	no	yes
SoffiXsponR570.06Dg134900.v2.1	7.402	no	no	no	yes
SoffiXsponR570.5_9Ag246200.v2.1	7.4	no	no	no	yes
SoffiXsponR570.06Ag115200.v2.1	7.396	no	no	no	yes
SoffiXsponR570.08Ag200600.v2.1	7.393	no	no	no	yes
SoffiXsponR570.06Gg151400.v2.1	7.392	no	no	no	yes
SoffiXsponR570.06Dg015400.v2.1	7.392	no	no	no	yes
SoffiXsponR570.01Dg351300.v2.1	7.39	no	no	no	yes
SoffiXsponR570.10Eg063100.v2.1	7.39	no	no	no	yes
SoffiXsponR570.02Fg005200.v2.1	7.389	no	no	no	yes
SoffiXsponR570.01Eg221100.v2.1	7.386	no	no	no	yes
SoffiXsponR570.04Ag073700.v2.1	7.38	no	no	no	yes
SoffiXsponR570.05Fg244100.v2.1	7.379	no	no	no	yes
SoffiXsponR570.09Bg135000.v2.1	7.377	no	no	no	yes
SoffiXsponR570.07Bg119200.v2.1	7.377	no	no	no	yes
SoffiXsponR570.05Bg109200.v2.1	7.375	no	no	no	yes
SoffiXsponR570.7os1g034300.v2.1	7.374	no	no	no	yes
SoffiXsponR570.04Eg032000.v2.1	7.374	no	no	no	yes
SoffiXsponR570.5_9Ag386000.v2.1	7.373	no	no	no	yes
SoffiXsponR570.06Eg015900.v2.1	7.37	no	no	no	yes
SoffiXsponR570.02Dg307600.v2.1	7.364	no	no	no	yes
SoffiXsponR570.04Dg181100.v2.1	7.364	no	no	no	yes
SoffiXsponR570.01Cg014700.v2.1	7.359	no	no	no	yes
SoffiXsponR570.05Fg118900.v2.1	7.359	no	no	no	yes
SoffiXsponR570.05Eg270300.v2.1	7.358	no	no	no	yes
SoffiXsponR570.01Cg254300.v2.1	7.353	no	no	no	yes
SoffiXsponR570.09Bg021800.v2.1	7.348	no	no	no	yes
SoffiXsponR570.8_5Ag228400.v2.1	7.346	no	no	no	yes
SoffiXsponR570.03Eg300700.v2.1	7.346	no	no	no	yes
SoffiXsponR570.06Gg070700.v2.1	7.345	no	no	no	yes
SoffiXsponR570.07Cg172600.v2.1	7.343	no	no	no	yes
SoffiXsponR570.8_5Ag058900.v2.1	7.343	no	no	no	yes
SoffiXsponR570.01Eg240800.v2.1	7.343	no	no	no	yes
SoffiXsponR570.01Bg306400.v2.1	7.34	no	no	no	yes
SoffiXsponR570.02Bg118700.v2.1	7.339	no	no	no	yes
SoffiXsponR570.03Dg047100.v2.1	7.339	no	no	no	yes
SoffiXsponR570.6_9Ag168900.v2.1	7.333	no	no	no	yes
SoffiXsponR570.05Ag237600.v2.1	7.332	no	no	no	yes
SoffiXsponR570.07Bg096600.v2.1	7.332	no	no	no	yes
SoffiXsponR570.05Eg024100.v2.1	7.331	no	no	no	yes
SoffiXsponR570.05Bg052800.v2.1	7.33	no	no	no	yes
SoffiXsponR570.09Ag088000.v2.1	7.328	no	no	no	yes
SoffiXsponR570.06Cg174000.v2.1	7.326	no	no	no	yes
SoffiXsponR570.10Cg087300.v2.1	7.323	no	no	no	yes
SoffiXsponR570.08Bg108400.v2.1	7.323	no	no	no	yes
SoffiXsponR570.5_9Ag311700.v2.1	7.321	no	no	no	yes
SoffiXsponR570.01Dg245500.v2.1	7.315	no	no	no	yes
SoffiXsponR570.03Bg197800.v2.1	7.315	no	no	no	yes
SoffiXsponR570.6_9Ag192700.v2.1	7.315	no	no	no	yes
SoffiXsponR570.8_5Ag023200.v2.1	7.313	no	no	no	yes
SoffiXsponR570.01Eg362600.v2.1	7.308	no	no	no	yes
SoffiXsponR570.02Dg237500.v2.1	7.305	no	no	no	yes
SoffiXsponR570.02Dg373000.v2.1	7.305	no	no	no	yes
SoffiXsponR570.03Bg166900.v2.1	7.303	no	no	no	yes
SoffiXsponR570.9us90g000400.v2.1	7.303	no	no	no	yes
SoffiXsponR570.02Fg320000.v2.1	7.297	no	no	no	yes
SoffiXsponR570.08Ag175000.v2.1	7.297	no	no	no	yes
SoffiXsponR570.01Cg055600.v2.1	7.293	no	no	no	yes
SoffiXsponR570.5_9Ag225800.v2.1	7.287	no	no	no	yes
SoffiXsponR570.08Bg159600.v2.1	7.285	no	no	no	yes
SoffiXsponR570.01Ag412700.v2.1	7.283	no	no	no	yes
SoffiXsponR570.06Dg127300.v2.1	7.281	no	no	no	yes
SoffiXsponR570.05Eg102900.v2.1	7.271	no	no	no	yes
SoffiXsponR570.06Eg145600.v2.1	7.271	no	no	no	yes
SoffiXsponR570.01Ag288900.v2.1	7.271	no	no	no	yes
SoffiXsponR570.09Ag083400.v2.1	7.27	no	no	no	yes
SoffiXsponR570.05Cg199600.v2.1	7.263	no	no	no	yes
SoffiXsponR570.07Bg269500.v2.1	7.261	no	no	no	yes
SoffiXsponR570.02Ag338800.v2.1	7.26	no	no	no	yes
SoffiXsponR570.05Fg311100.v2.1	7.26	no	no	no	yes
SoffiXsponR570.09Bg021600.v2.1	7.258	no	no	no	yes
SoffiXsponR570.01Dg382500.v2.1	7.256	no	no	no	yes
SoffiXsponR570.02Ag294300.v2.1	7.256	no	no	no	yes
SoffiXsponR570.10Ag007200.v2.1	7.256	no	no	no	yes
SoffiXsponR570.01Ag057000.v2.1	7.255	no	no	no	yes
SoffiXsponR570.06Fg037200.v2.1	7.255	no	no	no	yes
SoffiXsponR570.10Ag037800.v2.1	7.254	no	no	no	yes
SoffiXsponR570.02Ag117200.v2.1	7.243	no	no	no	yes
SoffiXsponR570.01Ag447700.v2.1	7.243	no	no	no	yes
SoffiXsponR570.02Gg093600.v2.1	7.239	no	no	no	yes
SoffiXsponR570.06Ag104500.v2.1	7.232	no	no	no	yes
SoffiXsponR570.4us91g036400.v2.1	7.228	no	no	no	yes
SoffiXsponR570.09Cg111000.v2.1	7.228	no	no	no	yes
SoffiXsponR570.02Gg141000.v2.1	7.226	no	no	no	yes
SoffiXsponR570.03Gg137600.v2.1	7.221	no	no	yes	yes
SoffiXsponR570.05Cg112400.v2.1	7.221	no	no	no	yes
SoffiXsponR570.01Eg250600.v2.1	7.219	no	no	no	yes
SoffiXsponR570.03Ag349100.v2.1	7.219	no	no	no	yes
SoffiXsponR570.02Bg351700.v2.1	7.218	no	no	no	yes
SoffiXsponR570.05Bg388500.v2.1	7.217	no	no	no	yes
SoffiXsponR570.06Gg017900.v2.1	7.217	no	no	no	yes
SoffiXsponR570.04Eg104900.v2.1	7.217	no	no	no	yes
SoffiXsponR570.05Cg113400.v2.1	7.216	no	no	no	yes
SoffiXsponR570.02Cg179200.v2.1	7.215	no	no	no	yes
SoffiXsponR570.07Dg213200.v2.1	7.215	no	no	no	yes
SoffiXsponR570.05Dg134500.v2.1	7.211	no	no	no	yes
SoffiXsponR570.05Dg135400.v2.1	7.209	no	no	no	yes
SoffiXsponR570.10us89g087100.v2.1	7.207	no	no	no	yes
SoffiXsponR570.02Bg299000.v2.1	7.201	no	no	no	yes
SoffiXsponR570.7_10Ag199300.v2.1	7.2	no	no	no	yes
SoffiXsponR570.03Bg282400.v2.1	7.199	no	no	no	yes
SoffiXsponR570.05Bg362600.v2.1	7.198	no	no	no	yes
SoffiXsponR570.06Gg043000.v2.1	7.198	no	no	no	yes
SoffiXsponR570.01Bg446000.v2.1	7.195	no	no	no	yes
SoffiXsponR570.10Fg009800.v2.1	7.195	no	no	no	yes
SoffiXsponR570.01Eg199300.v2.1	7.195	no	no	no	yes
SoffiXsponR570.03Fg058300.v2.1	7.193	no	no	no	yes
SoffiXsponR570.08Eg057500.v2.1	7.191	no	no	no	yes
SoffiXsponR570.07Ag041900.v2.1	7.188	no	no	no	yes
SoffiXsponR570.01Dg124300.v2.1	7.188	no	no	no	yes
SoffiXsponR570.02Gg217000.v2.1	7.187	no	no	no	yes
SoffiXsponR570.01Dg132300.v2.1	7.185	no	no	no	yes
SoffiXsponR570.02Fg235200.v2.1	7.184	no	no	no	yes
SoffiXsponR570.02Eg283000.v2.1	7.181	no	no	no	yes
SoffiXsponR570.01Cg124400.v2.1	7.171	no	no	no	yes
SoffiXsponR570.01Dg229900.v2.1	7.17	no	no	no	yes
SoffiXsponR570.02Eg379100.v2.1	7.17	no	no	no	yes
SoffiXsponR570.05Fg156900.v2.1	7.168	no	no	no	yes
SoffiXsponR570.08Cg192700.v2.1	7.167	no	no	no	yes
SoffiXsponR570.8_5Ag183200.v2.1	7.167	no	no	no	yes
SoffiXsponR570.02Fg181800.v2.1	7.166	no	no	no	yes
SoffiXsponR570.01Eg139600.v2.1	7.166	no	no	no	yes
SoffiXsponR570.02Gg134900.v2.1	7.165	no	no	no	yes
SoffiXsponR570.05Ag356400.v2.1	7.163	no	no	no	yes
SoffiXsponR570.05Cg079100.v2.1	7.162	no	no	no	yes
SoffiXsponR570.04Eg084600.v2.1	7.159	no	no	no	yes
SoffiXsponR570.07Dg136900.v2.1	7.156	no	no	no	yes
SoffiXsponR570.09Cg084500.v2.1	7.155	no	no	no	yes
SoffiXsponR570.10Dg020700.v2.1	7.155	no	no	no	yes
SoffiXsponR570.02Gg028900.v2.1	7.155	no	no	no	yes
SoffiXsponR570.01Bg279200.v2.1	7.153	no	no	no	yes
SoffiXsponR570.09Ag041700.v2.1	7.152	no	no	no	yes
SoffiXsponR570.06Cg072600.v2.1	7.151	no	no	no	yes
SoffiXsponR570.06Fg012000.v2.1	7.148	no	no	no	yes
SoffiXsponR570.01Fg205900.v2.1	7.148	no	no	no	yes
SoffiXsponR570.05Eg361800.v2.1	7.148	no	no	no	yes
SoffiXsponR570.03Bg168500.v2.1	7.145	no	no	no	yes
SoffiXsponR570.04Gg004500.v2.1	7.144	no	no	no	yes
SoffiXsponR570.5_9Ag068800.v2.1	7.143	no	no	no	yes
SoffiXsponR570.03Gg007600.v2.1	7.14	no	no	no	yes
SoffiXsponR570.06Fg114300.v2.1	7.136	no	no	no	yes
SoffiXsponR570.02Bg039700.v2.1	7.135	no	no	no	yes
SoffiXsponR570.07Ag134200.v2.1	7.135	no	no	no	yes
SoffiXsponR570.05Cg252300.v2.1	7.134	no	no	no	yes
SoffiXsponR570.01Eg024700.v2.1	7.133	no	no	no	yes
SoffiXsponR570.01Cg287400.v2.1	7.131	no	no	no	yes
SoffiXsponR570.03Bg266400.v2.1	7.131	no	no	no	yes
SoffiXsponR570.06Dg134800.v2.1	7.13	no	no	no	yes
SoffiXsponR570.01Eg338200.v2.1	7.129	no	no	no	yes
SoffiXsponR570.02Gg184100.v2.1	7.128	no	no	no	yes
SoffiXsponR570.05Bg226200.v2.1	7.127	no	no	no	yes
SoffiXsponR570.05Bg051600.v2.1	7.122	no	no	no	yes
SoffiXsponR570.10Dg195100.v2.1	7.12	no	no	no	yes
SoffiXsponR570.03Eg247500.v2.1	7.12	no	no	no	yes
SoffiXsponR570.04Eg049600.v2.1	7.12	no	no	no	yes
SoffiXsponR570.01Cg105800.v2.1	7.119	no	no	no	yes
SoffiXsponR570.03Gg045900.v2.1	7.119	no	no	no	yes
SoffiXsponR570.02Bg323200.v2.1	7.119	no	no	no	yes
SoffiXsponR570.05Bg217700.v2.1	7.115	no	no	no	yes
SoffiXsponR570.06Fg083800.v2.1	7.112	no	no	no	yes
SoffiXsponR570.05Bg084400.v2.1	7.11	no	no	no	yes
SoffiXsponR570.01Dg365600.v2.1	7.108	no	no	no	yes
SoffiXsponR570.05Eg344500.v2.1	7.106	no	no	no	yes
SoffiXsponR570.01Eg179300.v2.1	7.096	no	no	no	yes
SoffiXsponR570.01Cg389300.v2.1	7.094	no	no	no	yes
SoffiXsponR570.02Bg132000.v2.1	7.092	no	no	no	yes
SoffiXsponR570.10Dg090700.v2.1	7.089	no	no	no	yes
SoffiXsponR570.05Bg083300.v2.1	7.086	no	no	no	yes
SoffiXsponR570.01Ag332300.v2.1	7.086	no	no	no	yes
SoffiXsponR570.02Bg036200.v2.1	7.082	no	no	no	yes
SoffiXsponR570.05Fg280100.v2.1	7.079	no	no	no	yes
SoffiXsponR570.01Eg229800.v2.1	7.077	no	no	no	yes
SoffiXsponR570.03Cg028700.v2.1	7.074	no	no	no	yes
SoffiXsponR570.02Fg364500.v2.1	7.073	no	no	no	yes
SoffiXsponR570.04Dg170300.v2.1	7.072	no	no	no	yes
SoffiXsponR570.01Bg356200.v2.1	7.07	no	no	no	yes
SoffiXsponR570.02Dg049600.v2.1	7.069	no	no	no	yes
SoffiXsponR570.7os1g007300.v2.1	7.069	no	no	no	yes
SoffiXsponR570.03Ag207200.v2.1	7.067	no	no	no	yes
SoffiXsponR570.05Bg149200.v2.1	7.066	no	no	no	yes
SoffiXsponR570.10Ag006300.v2.1	7.064	no	no	no	yes
SoffiXsponR570.03Eg291100.v2.1	7.064	no	no	no	yes
SoffiXsponR570.04Cg280200.v2.1	7.061	no	no	no	yes
SoffiXsponR570.01Ag535100.v2.1	7.061	no	no	no	yes
SoffiXsponR570.09Bg026200.v2.1	7.059	no	no	no	yes
SoffiXsponR570.02Bg260200.v2.1	7.058	no	no	no	yes
SoffiXsponR570.03Ag224900.v2.1	7.057	no	no	no	yes
SoffiXsponR570.10Eg127500.v2.1	7.051	no	no	no	yes
SoffiXsponR570.06Dg048500.v2.1	7.05	no	no	no	yes
SoffiXsponR570.09Cg123900.v2.1	7.044	no	no	no	yes
SoffiXsponR570.02Gg269100.v2.1	7.041	no	no	no	yes
SoffiXsponR570.01Ag235600.v2.1	7.038	no	no	no	yes
SoffiXsponR570.03Eg221500.v2.1	7.037	no	no	no	yes
SoffiXsponR570.02Gg118700.v2.1	7.036	no	no	no	yes
SoffiXsponR570.09Ag142900.v2.1	7.036	no	no	no	yes
SoffiXsponR570.6_9Ag217900.v2.1	7.034	no	no	no	yes
SoffiXsponR570.02Gg260000.v2.1	7.034	no	no	no	yes
SoffiXsponR570.02Gg229500.v2.1	7.033	no	no	no	yes
SoffiXsponR570.10Dg122800.v2.1	7.033	no	no	no	yes
SoffiXsponR570.05Cg307500.v2.1	7.029	no	no	no	yes
SoffiXsponR570.07Ag153800.v2.1	7.029	no	no	no	yes
SoffiXsponR570.09Ag170100.v2.1	7.028	no	no	no	yes
SoffiXsponR570.05Bg016800.v2.1	7.028	no	no	no	yes
SoffiXsponR570.02Bg319600.v2.1	7.023	no	no	no	yes
SoffiXsponR570.05Fg130100.v2.1	7.023	no	no	no	yes
SoffiXsponR570.8_5Ag003500.v2.1	7.022	no	no	no	yes
SoffiXsponR570.01Ag323300.v2.1	7.02	no	no	no	yes
SoffiXsponR570.10Bg009300.v2.1	7.019	no	no	no	yes
SoffiXsponR570.07Dg099100.v2.1	7.017	no	no	no	yes
SoffiXsponR570.06Ag111300.v2.1	7.013	no	no	no	yes
SoffiXsponR570.01Ag332900.v2.1	7.012	no	no	no	yes
SoffiXsponR570.04Eg092600.v2.1	7.008	no	no	no	yes
SoffiXsponR570.05Cg327200.v2.1	7.006	no	no	no	yes
SoffiXsponR570.05Bg126600.v2.1	7.004	no	no	no	yes
SoffiXsponR570.5_9Ag093500.v2.1	7.001	no	no	no	yes
SoffiXsponR570.05Eg097600.v2.1	6.998	no	no	no	yes
SoffiXsponR570.8_5Ag222100.v2.1	6.998	no	no	no	yes
SoffiXsponR570.6us88g041200.v2.1	6.997	no	no	no	yes
SoffiXsponR570.02Gg107200.v2.1	6.997	no	no	no	yes
SoffiXsponR570.01Ag508800.v2.1	6.996	no	no	no	yes
SoffiXsponR570.03Dg324800.v2.1	6.992	no	no	no	yes
SoffiXsponR570.07Dg118600.v2.1	6.99	no	no	no	yes
SoffiXsponR570.09Cg144800.v2.1	6.99	no	no	no	yes
SoffiXsponR570.09Bg040400.v2.1	6.99	no	no	no	yes
SoffiXsponR570.06Cg029100.v2.1	6.989	no	no	no	yes
SoffiXsponR570.06Cg169900.v2.1	6.987	no	no	no	yes
SoffiXsponR570.10Dg090500.v2.1	6.986	no	no	no	yes
SoffiXsponR570.01Eg028600.v2.1	6.985	no	no	no	yes
SoffiXsponR570.10Bg100700.v2.1	6.982	no	no	no	yes
SoffiXsponR570.01Bg501000.v2.1	6.979	no	no	no	yes
SoffiXsponR570.02Bg051300.v2.1	6.978	no	no	no	yes
SoffiXsponR570.03Gg079800.v2.1	6.968	no	no	no	yes
SoffiXsponR570.10Eg107100.v2.1	6.967	no	no	no	yes
SoffiXsponR570.05Bg099100.v2.1	6.966	no	no	no	yes
SoffiXsponR570.02Bg252100.v2.1	6.965	no	no	no	yes
SoffiXsponR570.03Dg110700.v2.1	6.964	no	no	no	yes
SoffiXsponR570.04Fg068500.v2.1	6.962	no	no	no	yes
SoffiXsponR570.05Fg124000.v2.1	6.958	no	no	no	yes
SoffiXsponR570.03Gg029700.v2.1	6.957	no	no	no	yes
SoffiXsponR570.02Gg058500.v2.1	6.957	no	no	no	yes
SoffiXsponR570.4us91g004400.v2.1	6.953	no	no	no	yes
SoffiXsponR570.03Eg280100.v2.1	6.951	no	no	no	yes
SoffiXsponR570.01Cg139400.v2.1	6.948	no	no	no	yes
SoffiXsponR570.01Dg111100.v2.1	6.947	no	no	no	yes
SoffiXsponR570.01Eg081600.v2.1	6.943	no	no	no	yes
SoffiXsponR570.03Dg195500.v2.1	6.942	no	no	no	yes
SoffiXsponR570.05Fg301900.v2.1	6.94	no	no	no	yes
SoffiXsponR570.08Cg078900.v2.1	6.937	no	no	no	yes
SoffiXsponR570.02Fg240900.v2.1	6.934	no	no	no	yes
SoffiXsponR570.02Ag334900.v2.1	6.933	no	no	no	yes
SoffiXsponR570.5_9Ag304700.v2.1	6.932	no	no	no	yes
SoffiXsponR570.10Dg191100.v2.1	6.93	no	no	no	yes
SoffiXsponR570.09Bg156600.v2.1	6.927	no	no	no	yes
SoffiXsponR570.03Bg068900.v2.1	6.924	no	no	no	yes
SoffiXsponR570.02Fg047500.v2.1	6.924	no	no	no	yes
SoffiXsponR570.02Fg140900.v2.1	6.922	no	no	no	yes
SoffiXsponR570.05Ag124200.v2.1	6.921	no	no	no	yes
SoffiXsponR570.09Cg053600.v2.1	6.915	no	no	no	yes
SoffiXsponR570.10Eg013000.v2.1	6.912	no	no	no	yes
SoffiXsponR570.03Ag183100.v2.1	6.91	no	no	no	yes
SoffiXsponR570.01Ag472900.v2.1	6.909	no	no	no	yes
SoffiXsponR570.5_9Ag068500.v2.1	6.909	no	no	no	yes
SoffiXsponR570.08Cg038400.v2.1	6.904	no	no	no	yes
SoffiXsponR570.03Bg168300.v2.1	6.903	no	no	no	yes
SoffiXsponR570.6_9Ag278100.v2.1	6.901	no	no	no	yes
SoffiXsponR570.06Eg107500.v2.1	6.9	no	no	no	yes
SoffiXsponR570.07Bg216800.v2.1	6.898	no	no	no	yes
SoffiXsponR570.07Dg169400.v2.1	6.895	no	no	no	yes
SoffiXsponR570.03Ag002500.v2.1	6.893	no	no	no	yes
SoffiXsponR570.05Bg286800.v2.1	6.892	no	no	no	yes
SoffiXsponR570.03Bg241000.v2.1	6.89	no	no	no	yes
SoffiXsponR570.01Ag362100.v2.1	6.889	no	no	no	yes
SoffiXsponR570.08Eg021000.v2.1	6.885	no	no	no	yes
SoffiXsponR570.05Bg356100.v2.1	6.882	no	no	no	yes
SoffiXsponR570.07Bg141100.v2.1	6.879	no	no	no	yes
SoffiXsponR570.02Gg126900.v2.1	6.869	yes	yes	no	yes
SoffiXsponR570.06Gg124100.v2.1	6.869	no	no	no	yes
SoffiXsponR570.08Bg191800.v2.1	6.867	no	no	no	yes
SoffiXsponR570.07Dg157300.v2.1	6.863	no	no	no	yes
SoffiXsponR570.04Ag257200.v2.1	6.857	no	no	no	yes
SoffiXsponR570.05Bg214500.v2.1	6.857	no	no	no	yes
SoffiXsponR570.08Cg098300.v2.1	6.856	no	no	no	yes
SoffiXsponR570.10os1g036300.v2.1	6.855	no	no	no	yes
SoffiXsponR570.05Fg305500.v2.1	6.853	no	no	no	yes
SoffiXsponR570.02Ag401500.v2.1	6.853	no	no	no	yes
SoffiXsponR570.03Fg029900.v2.1	6.852	no	no	no	yes
SoffiXsponR570.06Cg005800.v2.1	6.851	no	no	no	yes
SoffiXsponR570.06Eg112600.v2.1	6.851	no	no	no	yes
SoffiXsponR570.05Fg311800.v2.1	6.848	no	no	no	yes
SoffiXsponR570.07Eg066800.v2.1	6.847	no	no	no	yes
SoffiXsponR570.04Cg273200.v2.1	6.844	no	no	no	yes
SoffiXsponR570.03Gg117200.v2.1	6.842	no	no	no	yes
SoffiXsponR570.05Gg072800.v2.1	6.84	no	no	no	yes
SoffiXsponR570.04Gg033100.v2.1	6.838	no	no	no	yes
SoffiXsponR570.09Cg116000.v2.1	6.835	no	no	no	yes
SoffiXsponR570.03Ag206200.v2.1	6.835	no	no	no	yes
SoffiXsponR570.02Eg336400.v2.1	6.831	no	no	no	yes
SoffiXsponR570.06Cg102400.v2.1	6.827	no	no	no	yes
SoffiXsponR570.02Dg360100.v2.1	6.827	no	no	no	yes
SoffiXsponR570.6us88g092000.v2.1	6.826	no	no	no	yes
SoffiXsponR570.08Eg112500.v2.1	6.826	no	no	no	yes
SoffiXsponR570.02Gg290100.v2.1	6.824	no	no	no	yes
SoffiXsponR570.05Eg137200.v2.1	6.821	no	no	no	yes
SoffiXsponR570.02Gg303700.v2.1	6.82	no	no	no	yes
SoffiXsponR570.06Cg038600.v2.1	6.818	no	no	no	yes
SoffiXsponR570.04Fg049800.v2.1	6.818	no	no	no	yes
SoffiXsponR570.04Eg072300.v2.1	6.817	no	no	no	yes
SoffiXsponR570.05Eg056100.v2.1	6.815	no	no	no	yes
SoffiXsponR570.09Ag149500.v2.1	6.814	no	no	no	yes
SoffiXsponR570.5_9Ag135700.v2.1	6.814	no	no	no	yes
SoffiXsponR570.02Gg069100.v2.1	6.813	no	no	no	yes
SoffiXsponR570.1Z081800.v2.1	6.812	no	no	no	yes
SoffiXsponR570.06Eg108000.v2.1	6.811	no	no	no	yes
SoffiXsponR570.05Bg080900.v2.1	6.81	no	no	no	yes
SoffiXsponR570.5_9Ag047300.v2.1	6.806	no	no	no	yes
SoffiXsponR570.09Eg032600.v2.1	6.804	no	no	no	yes
SoffiXsponR570.01Fg190600.v2.1	6.804	no	no	no	yes
SoffiXsponR570.05Cg283600.v2.1	6.802	no	no	no	yes
SoffiXsponR570.02Cg386300.v2.1	6.801	no	no	no	yes
SoffiXsponR570.07Eg053100.v2.1	6.8	no	no	no	yes
SoffiXsponR570.01Eg281100.v2.1	6.8	no	no	no	yes
SoffiXsponR570.01Ag130600.v2.1	6.799	no	no	no	yes
SoffiXsponR570.02Gg116700.v2.1	6.798	no	no	no	yes
SoffiXsponR570.01Cg074800.v2.1	6.797	no	no	no	yes
SoffiXsponR570.09Ag094000.v2.1	6.797	no	no	no	yes
SoffiXsponR570.04Gg054200.v2.1	6.796	no	no	no	yes
SoffiXsponR570.06Fg168400.v2.1	6.796	no	no	no	yes
SoffiXsponR570.03Eg256900.v2.1	6.796	no	no	no	yes
SoffiXsponR570.01Cg328600.v2.1	6.794	no	no	no	yes
SoffiXsponR570.01Fg335500.v2.1	6.792	no	no	no	yes
SoffiXsponR570.05Fg138400.v2.1	6.791	no	no	no	yes
SoffiXsponR570.07Eg116000.v2.1	6.791	no	no	no	yes
SoffiXsponR570.10Bg021400.v2.1	6.79	no	no	no	yes
SoffiXsponR570.03Bg131300.v2.1	6.79	no	no	no	yes
SoffiXsponR570.05Bg174700.v2.1	6.788	no	no	no	yes
SoffiXsponR570.05Cg235900.v2.1	6.787	no	no	no	yes
SoffiXsponR570.01Bg356700.v2.1	6.786	no	no	no	yes
SoffiXsponR570.05Fg302200.v2.1	6.783	no	no	no	yes
SoffiXsponR570.03Eg285200.v2.1	6.782	no	no	no	yes
SoffiXsponR570.03Cg227000.v2.1	6.782	no	no	no	yes
SoffiXsponR570.08Ag165500.v2.1	6.781	no	no	no	yes
SoffiXsponR570.04Fg080000.v2.1	6.779	no	no	no	yes
SoffiXsponR570.08Bg056700.v2.1	6.777	no	no	no	yes
SoffiXsponR570.04Dg057500.v2.1	6.777	no	no	no	yes
SoffiXsponR570.03Ag260100.v2.1	6.776	no	no	no	yes
SoffiXsponR570.05Fg131300.v2.1	6.773	no	no	no	yes
SoffiXsponR570.10Eg073900.v2.1	6.773	no	no	no	yes
SoffiXsponR570.02Ag200100.v2.1	6.771	no	no	no	yes
SoffiXsponR570.04Cg123400.v2.1	6.771	no	no	no	yes
SoffiXsponR570.03Cg249900.v2.1	6.771	no	no	no	yes
SoffiXsponR570.03Cg111000.v2.1	6.771	no	no	no	yes
SoffiXsponR570.10Eg043800.v2.1	6.767	no	no	no	yes
SoffiXsponR570.02Cg138800.v2.1	6.764	no	no	no	yes
SoffiXsponR570.8_5Ag024100.v2.1	6.761	no	no	no	yes
SoffiXsponR570.08Bg130700.v2.1	6.76	no	no	no	yes
SoffiXsponR570.02Bg303600.v2.1	6.756	no	no	no	yes
SoffiXsponR570.03Bg275100.v2.1	6.753	no	no	no	yes
SoffiXsponR570.1os1g008700.v2.1	6.752	no	no	no	yes
SoffiXsponR570.04Dg048300.v2.1	6.751	no	no	no	yes
SoffiXsponR570.05Ag346000.v2.1	6.751	no	no	no	yes
SoffiXsponR570.10Bg032700.v2.1	6.75	no	no	no	yes
SoffiXsponR570.05Bg086400.v2.1	6.75	no	no	no	yes
SoffiXsponR570.02Gg231500.v2.1	6.75	no	no	no	yes
SoffiXsponR570.01Ag068700.v2.1	6.748	no	no	no	yes
SoffiXsponR570.07Ag118400.v2.1	6.747	no	no	no	yes
SoffiXsponR570.05Eg161300.v2.1	6.746	no	no	no	yes
SoffiXsponR570.08Eg030900.v2.1	6.744	no	no	no	yes
SoffiXsponR570.5_9Ag376300.v2.1	6.742	no	no	no	yes
SoffiXsponR570.03Ag129100.v2.1	6.741	no	no	no	yes
SoffiXsponR570.07Dg163500.v2.1	6.741	no	no	no	yes
SoffiXsponR570.04Fg132700.v2.1	6.741	no	no	no	yes
SoffiXsponR570.04Gg081500.v2.1	6.738	no	no	no	yes
SoffiXsponR570.05Eg209500.v2.1	6.738	no	no	no	yes
SoffiXsponR570.03Ag265800.v2.1	6.736	no	no	no	yes
SoffiXsponR570.03Dg020700.v2.1	6.735	no	no	no	yes
SoffiXsponR570.07Ag207300.v2.1	6.731	no	no	no	yes
SoffiXsponR570.02Gg016500.v2.1	6.727	no	no	no	yes
SoffiXsponR570.8_5Ag174300.v2.1	6.727	no	no	no	yes
SoffiXsponR570.8_5Ag097400.v2.1	6.725	no	no	no	yes
SoffiXsponR570.02Gg120500.v2.1	6.724	no	no	no	yes
SoffiXsponR570.5_9Ag271200.v2.1	6.724	no	no	no	yes
SoffiXsponR570.06Cg149100.v2.1	6.724	no	no	no	yes
SoffiXsponR570.09Bg086400.v2.1	6.722	no	no	no	yes
SoffiXsponR570.09Bg055500.v2.1	6.721	no	no	no	yes
SoffiXsponR570.10Bg007000.v2.1	6.72	no	no	no	yes
SoffiXsponR570.02Dg417900.v2.1	6.719	no	no	no	yes
SoffiXsponR570.7os1g004700.v2.1	6.718	no	no	no	yes
SoffiXsponR570.01Dg329700.v2.1	6.703	no	no	no	yes
SoffiXsponR570.08Ag105900.v2.1	6.7	no	no	no	yes
SoffiXsponR570.01Cg111000.v2.1	6.699	no	no	no	yes
SoffiXsponR570.09Bg113800.v2.1	6.697	no	no	no	yes
SoffiXsponR570.05Gg113900.v2.1	6.697	no	no	no	yes
SoffiXsponR570.02Eg387800.v2.1	6.696	no	no	no	yes
SoffiXsponR570.02Cg023900.v2.1	6.695	no	no	no	yes
SoffiXsponR570.8_5Ag158400.v2.1	6.692	no	no	no	yes
SoffiXsponR570.06Ag108300.v2.1	6.689	no	no	no	yes
SoffiXsponR570.05Ag176800.v2.1	6.687	no	no	no	yes
SoffiXsponR570.04Ag077900.v2.1	6.684	no	no	no	yes
SoffiXsponR570.05Eg164000.v2.1	6.683	no	no	no	yes
SoffiXsponR570.07Ag210800.v2.1	6.68	no	no	no	yes
SoffiXsponR570.08Dg005800.v2.1	6.675	no	no	no	yes
SoffiXsponR570.03Dg029900.v2.1	6.674	no	no	no	yes
SoffiXsponR570.02Cg373600.v2.1	6.672	no	no	no	yes
SoffiXsponR570.05Cg128500.v2.1	6.672	no	no	no	yes
SoffiXsponR570.02Bg252200.v2.1	6.67	no	no	no	yes
SoffiXsponR570.09Cg074000.v2.1	6.665	no	no	no	yes
SoffiXsponR570.02Ag289800.v2.1	6.664	no	no	no	yes
SoffiXsponR570.08Cg130300.v2.1	6.664	no	no	no	yes
SoffiXsponR570.08Bg029400.v2.1	6.663	no	no	no	yes
SoffiXsponR570.02Bg018200.v2.1	6.662	no	no	no	yes
SoffiXsponR570.05Bg188800.v2.1	6.66	no	no	no	yes
SoffiXsponR570.7os1g071500.v2.1	6.655	no	no	no	yes
SoffiXsponR570.01Bg371900.v2.1	6.654	no	no	no	yes
SoffiXsponR570.8_10Ag022200.v2.1	6.654	no	no	no	yes
SoffiXsponR570.02Eg338000.v2.1	6.652	no	no	no	yes
SoffiXsponR570.09Bg031900.v2.1	6.652	no	no	no	yes
SoffiXsponR570.02Fg256800.v2.1	6.651	no	no	no	yes
SoffiXsponR570.5_9Ag414100.v2.1	6.649	no	no	no	yes
SoffiXsponR570.7_10Ag258200.v2.1	6.648	no	no	no	yes
SoffiXsponR570.03Fg095200.v2.1	6.645	no	no	no	yes
SoffiXsponR570.10os1g016100.v2.1	6.645	no	no	no	yes
SoffiXsponR570.05Ag286000.v2.1	6.639	no	no	no	yes
SoffiXsponR570.05Gg145500.v2.1	6.638	no	no	no	yes
SoffiXsponR570.01Ag180600.v2.1	6.638	no	no	no	yes
SoffiXsponR570.02Ag272000.v2.1	6.634	no	no	no	yes
SoffiXsponR570.01Ag322400.v2.1	6.63	no	no	no	yes
SoffiXsponR570.03Ag017300.v2.1	6.627	no	no	no	yes
SoffiXsponR570.9os1g041200.v2.1	6.627	no	no	no	yes
SoffiXsponR570.02Ag164200.v2.1	6.621	no	no	no	yes
SoffiXsponR570.06Gg063800.v2.1	6.617	no	no	no	yes
SoffiXsponR570.02Dg235400.v2.1	6.617	no	no	no	yes
SoffiXsponR570.01Fg227600.v2.1	6.616	no	no	no	yes
SoffiXsponR570.08Dg172900.v2.1	6.615	no	no	no	yes
SoffiXsponR570.03Dg143200.v2.1	6.613	no	no	no	yes
SoffiXsponR570.05Dg354800.v2.1	6.613	no	no	no	yes
SoffiXsponR570.05Bg318100.v2.1	6.61	no	no	no	yes
SoffiXsponR570.07Bg042300.v2.1	6.608	no	no	no	yes
SoffiXsponR570.05Fg189700.v2.1	6.608	no	no	no	yes
SoffiXsponR570.08Bg112300.v2.1	6.606	no	no	no	yes
SoffiXsponR570.07Eg039600.v2.1	6.6	no	no	no	yes
SoffiXsponR570.08Ag008000.v2.1	6.599	no	no	no	yes
SoffiXsponR570.05Bg341200.v2.1	6.598	no	no	no	yes
SoffiXsponR570.05Gg050400.v2.1	6.594	no	no	no	yes
SoffiXsponR570.06Ag090300.v2.1	6.594	no	no	no	yes
SoffiXsponR570.10Bg197400.v2.1	6.593	no	no	no	yes
SoffiXsponR570.03Fg036400.v2.1	6.59	no	no	no	yes
SoffiXsponR570.04Fg135300.v2.1	6.588	no	no	no	yes
SoffiXsponR570.7os1g084200.v2.1	6.587	no	no	no	yes
SoffiXsponR570.04Bg165200.v2.1	6.586	no	no	no	yes
SoffiXsponR570.10Fg011000.v2.1	6.585	no	no	no	yes
SoffiXsponR570.07Bg275100.v2.1	6.581	no	no	no	yes
SoffiXsponR570.04Dg075700.v2.1	6.579	no	no	no	yes
SoffiXsponR570.02Ag070700.v2.1	6.579	no	no	no	yes
SoffiXsponR570.05Gg141300.v2.1	6.577	no	no	no	yes
SoffiXsponR570.03Fg036500.v2.1	6.577	no	no	no	yes
SoffiXsponR570.04Eg061200.v2.1	6.572	no	no	no	yes
SoffiXsponR570.09Dg126700.v2.1	6.569	no	no	no	yes
SoffiXsponR570.01Eg207000.v2.1	6.565	no	no	no	yes
SoffiXsponR570.03Dg132100.v2.1	6.564	no	no	no	yes
SoffiXsponR570.02Bg113300.v2.1	6.564	no	no	no	yes
SoffiXsponR570.01Bg485800.v2.1	6.563	no	no	no	yes
SoffiXsponR570.03Eg255300.v2.1	6.563	no	no	no	yes
SoffiXsponR570.05Bg204600.v2.1	6.562	no	no	no	yes
SoffiXsponR570.02Ag349500.v2.1	6.562	no	no	no	yes
SoffiXsponR570.05Fg130300.v2.1	6.558	no	no	no	yes
SoffiXsponR570.03Bg179100.v2.1	6.556	no	no	no	yes
SoffiXsponR570.06Ag076200.v2.1	6.553	no	no	no	yes
SoffiXsponR570.01Ag514300.v2.1	6.551	no	no	no	yes
SoffiXsponR570.02Ag307600.v2.1	6.547	no	no	no	yes
SoffiXsponR570.02Cg248400.v2.1	6.547	no	no	no	yes
SoffiXsponR570.01Dg254800.v2.1	6.547	no	no	no	yes
SoffiXsponR570.07Ag125600.v2.1	6.545	no	no	no	yes
SoffiXsponR570.08Cg085400.v2.1	6.544	no	no	no	yes
SoffiXsponR570.02Fg203200.v2.1	6.543	no	no	no	yes
SoffiXsponR570.07Cg047900.v2.1	6.542	no	no	no	yes
SoffiXsponR570.05Ag315900.v2.1	6.542	no	no	no	yes
SoffiXsponR570.04Ag228000.v2.1	6.539	no	no	no	yes
SoffiXsponR570.05Bg251400.v2.1	6.536	no	no	no	yes
SoffiXsponR570.02Fg041700.v2.1	6.535	no	no	no	yes
SoffiXsponR570.01Fg071900.v2.1	6.534	no	no	no	yes
SoffiXsponR570.09Ag043600.v2.1	6.533	no	no	no	yes
SoffiXsponR570.01Fg258300.v2.1	6.532	no	no	no	yes
SoffiXsponR570.10Fg093800.v2.1	6.531	no	no	no	yes
SoffiXsponR570.02Ag139800.v2.1	6.529	no	no	no	yes
SoffiXsponR570.03Ag135300.v2.1	6.528	no	no	no	yes
SoffiXsponR570.02Fg104800.v2.1	6.528	no	no	no	yes
SoffiXsponR570.01Cg346400.v2.1	6.528	no	no	no	yes
SoffiXsponR570.03Bg267500.v2.1	6.528	no	no	no	yes
SoffiXsponR570.1Z231300.v2.1	6.526	no	no	no	yes
SoffiXsponR570.8_10Ag291800.v2.1	6.525	no	no	no	yes
SoffiXsponR570.06Eg007300.v2.1	6.524	no	no	no	yes
SoffiXsponR570.07Eg089600.v2.1	6.522	no	no	no	yes
SoffiXsponR570.05Fg235000.v2.1	6.519	no	no	no	yes
SoffiXsponR570.02Ag158600.v2.1	6.517	no	no	no	yes
SoffiXsponR570.06Eg150300.v2.1	6.516	no	no	no	yes
SoffiXsponR570.7_10Ag149500.v2.1	6.515	no	no	no	yes
SoffiXsponR570.04Cg096800.v2.1	6.513	no	no	no	yes
SoffiXsponR570.02Bg349900.v2.1	6.511	no	no	no	yes
SoffiXsponR570.01Ag456500.v2.1	6.51	no	no	no	yes
SoffiXsponR570.03Ag334200.v2.1	6.506	no	no	no	yes
SoffiXsponR570.02Fg346100.v2.1	6.502	no	no	no	yes
SoffiXsponR570.07Cg192700.v2.1	6.5	no	no	no	yes
SoffiXsponR570.8_5Ag198500.v2.1	6.491	no	no	no	yes
SoffiXsponR570.10Cg185700.v2.1	6.49	no	no	no	yes
SoffiXsponR570.02Bg274500.v2.1	6.489	no	no	no	yes
SoffiXsponR570.06Dg160700.v2.1	6.488	no	no	no	yes
SoffiXsponR570.06Ag050700.v2.1	6.488	no	no	no	yes
SoffiXsponR570.02Ag273600.v2.1	6.486	no	no	no	yes
SoffiXsponR570.09Dg013500.v2.1	6.485	no	no	no	yes
SoffiXsponR570.09Ag078700.v2.1	6.485	no	no	no	yes
SoffiXsponR570.02Bg302300.v2.1	6.485	no	no	no	yes
SoffiXsponR570.04Dg089200.v2.1	6.485	no	no	no	yes
SoffiXsponR570.03Cg066800.v2.1	6.484	no	no	no	yes
SoffiXsponR570.06Dg048100.v2.1	6.481	no	no	no	yes
SoffiXsponR570.03Eg062200.v2.1	6.48	no	no	no	yes
SoffiXsponR570.03Dg141100.v2.1	6.478	no	no	no	yes
SoffiXsponR570.01Cg050500.v2.1	6.475	no	no	no	yes
SoffiXsponR570.02Bg040200.v2.1	6.475	no	no	no	yes
SoffiXsponR570.10Bg068600.v2.1	6.471	no	no	no	yes
SoffiXsponR570.03Gg007000.v2.1	6.469	no	no	no	yes
SoffiXsponR570.08Bg067700.v2.1	6.466	no	no	no	yes
SoffiXsponR570.10Dg146500.v2.1	6.465	no	no	no	yes
SoffiXsponR570.09Cg092100.v2.1	6.464	no	no	no	yes
SoffiXsponR570.04Dg037200.v2.1	6.461	no	no	no	yes
SoffiXsponR570.10Fg067100.v2.1	6.458	no	no	no	yes
SoffiXsponR570.5_9Ag124000.v2.1	6.452	no	no	no	yes
SoffiXsponR570.02Fg232800.v2.1	6.452	no	no	no	yes
SoffiXsponR570.01Fg308300.v2.1	6.451	no	no	no	yes
SoffiXsponR570.07Ag036300.v2.1	6.451	no	no	no	yes
SoffiXsponR570.10Dg102100.v2.1	6.446	no	no	no	yes
SoffiXsponR570.05Gg117900.v2.1	6.443	no	no	no	yes
SoffiXsponR570.04Ag047300.v2.1	6.442	no	no	no	yes
SoffiXsponR570.9os1g040500.v2.1	6.441	no	no	no	yes
SoffiXsponR570.05Eg298900.v2.1	6.438	no	no	no	yes
SoffiXsponR570.10Ag141400.v2.1	6.437	no	no	no	yes
SoffiXsponR570.02Bg252800.v2.1	6.436	no	no	no	yes
SoffiXsponR570.05Ag231200.v2.1	6.433	no	no	no	yes
SoffiXsponR570.02Eg377300.v2.1	6.43	no	no	no	yes
SoffiXsponR570.05Gg079800.v2.1	6.429	no	no	no	yes
SoffiXsponR570.09Cg122700.v2.1	6.428	no	no	yes	yes
SoffiXsponR570.10os1g024200.v2.1	6.426	no	no	no	yes
SoffiXsponR570.02Bg252300.v2.1	6.424	no	no	no	yes
SoffiXsponR570.02Bg184000.v2.1	6.421	no	no	no	yes
SoffiXsponR570.5_9Ag351100.v2.1	6.421	no	no	no	yes
SoffiXsponR570.05Gg141600.v2.1	6.417	no	no	no	yes
SoffiXsponR570.05Cg061200.v2.1	6.415	no	no	no	yes
SoffiXsponR570.10Bg036100.v2.1	6.412	no	no	no	yes
SoffiXsponR570.10Cg029000.v2.1	6.412	no	no	no	yes
SoffiXsponR570.02Ag266100.v2.1	6.411	no	no	no	yes
SoffiXsponR570.01Eg049800.v2.1	6.41	no	no	no	yes
SoffiXsponR570.05Gg082800.v2.1	6.41	no	no	no	yes
SoffiXsponR570.09Ag032000.v2.1	6.41	no	no	no	yes
SoffiXsponR570.04Cg220900.v2.1	6.404	no	no	no	yes
SoffiXsponR570.10Cg072200.v2.1	6.404	no	no	no	yes
SoffiXsponR570.8_10Ag278300.v2.1	6.397	no	no	no	yes
SoffiXsponR570.05Ag230900.v2.1	6.397	no	no	no	yes
SoffiXsponR570.07Dg164900.v2.1	6.393	no	no	no	yes
SoffiXsponR570.09Dg112100.v2.1	6.393	no	no	no	yes
SoffiXsponR570.05Eg047100.v2.1	6.392	no	no	no	yes
SoffiXsponR570.02Dg115000.v2.1	6.391	no	no	no	yes
SoffiXsponR570.05Ag208200.v2.1	6.389	no	no	no	yes
SoffiXsponR570.05Fg241400.v2.1	6.389	no	no	no	yes
SoffiXsponR570.05Cg366000.v2.1	6.388	no	no	no	yes
SoffiXsponR570.05Cg197900.v2.1	6.383	no	no	no	yes
SoffiXsponR570.01Bg470300.v2.1	6.381	no	no	no	yes
SoffiXsponR570.05Gg140300.v2.1	6.38	no	no	no	yes
SoffiXsponR570.05Dg105700.v2.1	6.376	no	no	no	yes
SoffiXsponR570.02Ag134000.v2.1	6.376	no	no	no	yes
SoffiXsponR570.02Dg124900.v2.1	6.376	no	no	no	yes
SoffiXsponR570.8_10Ag040600.v2.1	6.375	no	no	no	yes
SoffiXsponR570.02Bg182500.v2.1	6.374	no	no	no	yes
SoffiXsponR570.01Ag464400.v2.1	6.373	no	no	no	yes
SoffiXsponR570.03Cg170800.v2.1	6.37	no	no	no	yes
SoffiXsponR570.01Bg338900.v2.1	6.364	no	no	no	yes
SoffiXsponR570.02Fg345100.v2.1	6.363	no	no	no	yes
SoffiXsponR570.05Cg238200.v2.1	6.362	no	no	no	yes
SoffiXsponR570.8_5Ag255600.v2.1	6.361	no	no	no	yes
SoffiXsponR570.05Fg312100.v2.1	6.361	no	no	no	yes
SoffiXsponR570.01Eg037500.v2.1	6.359	no	no	no	yes
SoffiXsponR570.06Ag122500.v2.1	6.357	no	no	no	yes
SoffiXsponR570.02Bg022100.v2.1	6.357	no	no	no	yes
SoffiXsponR570.05Eg279200.v2.1	6.357	no	no	no	yes
SoffiXsponR570.01Ag539800.v2.1	6.356	no	no	no	yes
SoffiXsponR570.09Cg042200.v2.1	6.355	no	no	no	yes
SoffiXsponR570.04Ag165000.v2.1	6.352	no	no	no	yes
SoffiXsponR570.01Ag242400.v2.1	6.351	no	no	no	yes
SoffiXsponR570.02Bg210000.v2.1	6.348	no	no	no	yes
SoffiXsponR570.08Ag018300.v2.1	6.346	no	no	no	yes
SoffiXsponR570.08Eg118600.v2.1	6.344	no	no	no	yes
SoffiXsponR570.03Cg294400.v2.1	6.342	no	no	no	yes
SoffiXsponR570.03Ag202500.v2.1	6.341	no	no	no	yes
SoffiXsponR570.05Eg069800.v2.1	6.341	no	no	no	yes
SoffiXsponR570.02Fg131200.v2.1	6.341	no	no	no	yes
SoffiXsponR570.02Eg335200.v2.1	6.34	no	no	no	yes
SoffiXsponR570.03Bg046900.v2.1	6.339	no	no	no	yes
SoffiXsponR570.01Dg373000.v2.1	6.339	no	no	no	yes
SoffiXsponR570.10Ag155100.v2.1	6.339	no	no	no	yes
SoffiXsponR570.5_9Ag449900.v2.1	6.334	no	no	no	yes
SoffiXsponR570.01Dg282700.v2.1	6.334	no	no	yes	yes
SoffiXsponR570.06Eg128100.v2.1	6.333	no	no	no	yes
SoffiXsponR570.10Ag108000.v2.1	6.331	no	no	no	yes
SoffiXsponR570.02Ag394800.v2.1	6.33	no	no	no	yes
SoffiXsponR570.05Fg320300.v2.1	6.328	yes	no	no	no
SoffiXsponR570.03Ag205400.v2.1	6.328	no	no	no	yes
SoffiXsponR570.07Bg248000.v2.1	6.328	no	no	no	yes
SoffiXsponR570.03Bg295400.v2.1	6.327	no	no	no	yes
SoffiXsponR570.03Ag260900.v2.1	6.324	no	no	no	yes
SoffiXsponR570.5_9Ag497800.v2.1	6.324	no	no	no	yes
SoffiXsponR570.05Eg009300.v2.1	6.324	no	no	no	yes
SoffiXsponR570.06Gg041700.v2.1	6.311	no	no	no	yes
SoffiXsponR570.6us88g056400.v2.1	6.308	no	no	no	yes
SoffiXsponR570.10Cg147600.v2.1	6.307	no	no	no	yes
SoffiXsponR570.04Bg216300.v2.1	6.307	no	no	no	yes
SoffiXsponR570.09Eg084100.v2.1	6.307	no	no	no	yes
SoffiXsponR570.02Fg341900.v2.1	6.307	no	no	no	yes
SoffiXsponR570.04Ag185100.v2.1	6.304	no	no	no	yes
SoffiXsponR570.01Cg258100.v2.1	6.301	no	no	no	yes
SoffiXsponR570.01Fg185400.v2.1	6.3	no	no	no	yes
SoffiXsponR570.05Eg356300.v2.1	6.295	no	no	no	yes
SoffiXsponR570.02Dg279400.v2.1	6.292	no	no	no	yes
SoffiXsponR570.10us89g089400.v2.1	6.29	no	yes	no	yes
SoffiXsponR570.03Cg306100.v2.1	6.288	no	no	no	yes
SoffiXsponR570.6us88g035500.v2.1	6.286	no	no	no	yes
SoffiXsponR570.02Cg159300.v2.1	6.285	no	no	yes	yes
SoffiXsponR570.02Dg298100.v2.1	6.283	no	no	no	yes
SoffiXsponR570.02Bg387700.v2.1	6.282	no	no	no	yes
SoffiXsponR570.05Bg299600.v2.1	6.281	no	no	no	yes
SoffiXsponR570.05Eg254400.v2.1	6.28	no	no	no	yes
SoffiXsponR570.04Cg253200.v2.1	6.277	no	no	no	yes
SoffiXsponR570.07Dg088700.v2.1	6.277	no	no	no	yes
SoffiXsponR570.05Gg140400.v2.1	6.272	no	no	no	yes
SoffiXsponR570.06Cg105800.v2.1	6.267	no	no	no	yes
SoffiXsponR570.03Bg256500.v2.1	6.263	no	no	no	yes
SoffiXsponR570.7_10Ag301900.v2.1	6.262	no	no	no	yes
SoffiXsponR570.07Dg069900.v2.1	6.261	no	no	no	yes
SoffiXsponR570.8_5Ag087900.v2.1	6.26	no	no	no	yes
SoffiXsponR570.05Eg232400.v2.1	6.259	no	no	no	yes
SoffiXsponR570.03Ag017000.v2.1	6.259	no	no	no	yes
SoffiXsponR570.05Bg081800.v2.1	6.258	no	no	no	yes
SoffiXsponR570.5_9Ag020900.v2.1	6.258	no	no	no	yes
SoffiXsponR570.01Dg373100.v2.1	6.257	no	no	no	yes
SoffiXsponR570.5_9Ag040100.v2.1	6.255	no	no	no	yes
SoffiXsponR570.01Cg178900.v2.1	6.255	no	no	no	yes
SoffiXsponR570.8_5Ag245300.v2.1	6.254	no	no	no	yes
SoffiXsponR570.03Ag020200.v2.1	6.253	no	no	no	yes
SoffiXsponR570.02Ag004700.v2.1	6.251	no	no	no	yes
SoffiXsponR570.8_10Ag198100.v2.1	6.247	no	no	no	yes
SoffiXsponR570.5_9Ag023800.v2.1	6.247	no	no	no	yes
SoffiXsponR570.05Ag183600.v2.1	6.246	no	no	no	yes
SoffiXsponR570.7os1g065100.v2.1	6.244	no	no	no	yes
SoffiXsponR570.06Gg092000.v2.1	6.244	no	no	no	yes
SoffiXsponR570.03Ag049900.v2.1	6.243	no	no	no	yes
SoffiXsponR570.08Cg018200.v2.1	6.243	no	no	no	yes
SoffiXsponR570.03Fg028200.v2.1	6.239	no	no	no	yes
SoffiXsponR570.01Bg447100.v2.1	6.239	no	no	no	yes
SoffiXsponR570.01Bg457900.v2.1	6.235	no	no	no	yes
SoffiXsponR570.03Ag345100.v2.1	6.235	no	no	no	yes
SoffiXsponR570.02Eg370000.v2.1	6.233	no	no	no	yes
SoffiXsponR570.05Fg056800.v2.1	6.232	no	no	no	yes
SoffiXsponR570.5_9Ag272600.v2.1	6.231	no	no	no	yes
SoffiXsponR570.01Ag175700.v2.1	6.23	no	no	no	yes
SoffiXsponR570.10Bg154100.v2.1	6.228	no	no	no	yes
SoffiXsponR570.02Gg231600.v2.1	6.227	no	no	no	yes
SoffiXsponR570.07Bg223900.v2.1	6.225	no	no	no	yes
SoffiXsponR570.02Cg069800.v2.1	6.224	no	no	no	yes
SoffiXsponR570.05Eg203600.v2.1	6.221	no	no	no	yes
SoffiXsponR570.02Cg379500.v2.1	6.221	no	no	no	yes
SoffiXsponR570.07Ag167200.v2.1	6.213	no	no	no	yes
SoffiXsponR570.10Dg125000.v2.1	6.211	no	no	no	yes
SoffiXsponR570.06Ag034100.v2.1	6.209	no	no	no	yes
SoffiXsponR570.05Eg111100.v2.1	6.207	no	no	no	yes
SoffiXsponR570.09Dg012300.v2.1	6.205	no	no	no	yes
SoffiXsponR570.02Ag162600.v2.1	6.205	no	no	no	yes
SoffiXsponR570.02Eg215000.v2.1	6.203	no	yes	no	yes
SoffiXsponR570.02Cg178200.v2.1	6.203	no	no	no	yes
SoffiXsponR570.03Cg142800.v2.1	6.202	no	no	no	yes
SoffiXsponR570.07Eg182000.v2.1	6.201	no	no	no	yes
SoffiXsponR570.10Fg008400.v2.1	6.2	no	no	no	yes
SoffiXsponR570.04Bg210100.v2.1	6.199	no	no	no	yes
SoffiXsponR570.05Bg219100.v2.1	6.197	no	no	no	yes
SoffiXsponR570.03Cg237800.v2.1	6.194	no	no	no	yes
SoffiXsponR570.05Ag226600.v2.1	6.194	no	no	no	yes
SoffiXsponR570.06Gg143200.v2.1	6.193	no	no	no	yes
SoffiXsponR570.05Cg067600.v2.1	6.192	no	no	no	yes
SoffiXsponR570.05Eg168100.v2.1	6.191	no	no	no	yes
SoffiXsponR570.05Fg118700.v2.1	6.189	no	no	no	yes
SoffiXsponR570.01Eg255000.v2.1	6.189	no	no	no	yes
SoffiXsponR570.06Cg142300.v2.1	6.189	no	no	no	yes
SoffiXsponR570.04Dg055000.v2.1	6.188	no	no	no	yes
SoffiXsponR570.05Bg344500.v2.1	6.187	no	no	no	yes
SoffiXsponR570.04Ag022600.v2.1	6.185	no	no	no	yes
SoffiXsponR570.07Eg134900.v2.1	6.185	no	no	no	yes
SoffiXsponR570.03Eg148800.v2.1	6.185	no	no	no	yes
SoffiXsponR570.01Ag118300.v2.1	6.18	no	no	no	yes
SoffiXsponR570.09Cg154000.v2.1	6.176	no	no	no	yes
SoffiXsponR570.01Cg259200.v2.1	6.175	no	no	no	yes
SoffiXsponR570.03Eg218400.v2.1	6.171	no	no	no	yes
SoffiXsponR570.05Gg054000.v2.1	6.171	no	no	no	yes
SoffiXsponR570.04Eg086500.v2.1	6.17	no	no	no	yes
SoffiXsponR570.03Dg349000.v2.1	6.17	no	no	no	yes
SoffiXsponR570.06Gg008500.v2.1	6.17	no	no	no	yes
SoffiXsponR570.03Cg037600.v2.1	6.168	no	no	no	yes
SoffiXsponR570.01Dg117000.v2.1	6.164	no	no	no	yes
SoffiXsponR570.05Cg047700.v2.1	6.164	no	no	no	yes
SoffiXsponR570.03Cg242100.v2.1	6.162	no	no	no	yes
SoffiXsponR570.02Ag183600.v2.1	6.161	no	no	no	yes
SoffiXsponR570.04Gg071200.v2.1	6.16	no	no	no	yes
SoffiXsponR570.10Eg076700.v2.1	6.157	no	no	no	yes
SoffiXsponR570.03Dg252900.v2.1	6.154	no	no	no	yes
SoffiXsponR570.03Cg044400.v2.1	6.151	no	no	no	yes
SoffiXsponR570.03Ag095100.v2.1	6.149	no	no	no	yes
SoffiXsponR570.09Cg016200.v2.1	6.149	no	no	no	yes
SoffiXsponR570.03Ag193000.v2.1	6.148	no	no	no	yes
SoffiXsponR570.9us90g012000.v2.1	6.147	no	no	no	yes
SoffiXsponR570.10Dg044500.v2.1	6.147	no	no	no	yes
SoffiXsponR570.09Bg120500.v2.1	6.145	no	no	no	yes
SoffiXsponR570.01Eg191200.v2.1	6.144	no	no	no	yes
SoffiXsponR570.01Bg291600.v2.1	6.143	no	no	no	yes
SoffiXsponR570.09Cg115400.v2.1	6.143	no	no	no	yes
SoffiXsponR570.02Fg332100.v2.1	6.141	no	no	yes	no
SoffiXsponR570.04Ag052600.v2.1	6.141	no	no	no	yes
SoffiXsponR570.02Fg290000.v2.1	6.141	no	no	no	yes
SoffiXsponR570.03Fg043600.v2.1	6.139	no	no	no	yes
SoffiXsponR570.06Cg186800.v2.1	6.139	no	no	no	yes
SoffiXsponR570.04Ag031800.v2.1	6.134	no	no	no	yes
SoffiXsponR570.09Cg153800.v2.1	6.133	no	no	no	yes
SoffiXsponR570.09Ag106500.v2.1	6.132	no	no	no	yes
SoffiXsponR570.7os1g088500.v2.1	6.132	no	no	no	yes
SoffiXsponR570.06Bg006000.v2.1	6.129	no	no	no	yes
SoffiXsponR570.06Gg058900.v2.1	6.126	no	no	no	yes
SoffiXsponR570.01Fg111300.v2.1	6.126	no	no	no	yes
SoffiXsponR570.02Bg156200.v2.1	6.126	no	no	no	yes
SoffiXsponR570.02Fg133100.v2.1	6.123	no	no	no	yes
SoffiXsponR570.03Gg148800.v2.1	6.121	no	no	yes	yes
SoffiXsponR570.09Ag079700.v2.1	6.121	no	no	no	yes
SoffiXsponR570.05Bg078200.v2.1	6.121	no	no	no	yes
SoffiXsponR570.05Bg318500.v2.1	6.12	no	no	no	yes
SoffiXsponR570.08Cg196100.v2.1	6.12	no	no	no	yes
SoffiXsponR570.09Ag144000.v2.1	6.119	no	no	no	yes
SoffiXsponR570.01Bg249400.v2.1	6.118	no	no	no	yes
SoffiXsponR570.01Eg336600.v2.1	6.118	no	no	no	yes
SoffiXsponR570.01Ag331800.v2.1	6.118	no	no	no	yes
SoffiXsponR570.04Fg022300.v2.1	6.117	no	no	no	yes
SoffiXsponR570.01Cg359900.v2.1	6.116	no	no	no	yes
SoffiXsponR570.01Ag118200.v2.1	6.115	no	no	no	yes
SoffiXsponR570.06Cg155700.v2.1	6.112	no	no	no	yes
SoffiXsponR570.02Eg112600.v2.1	6.112	no	no	no	yes
SoffiXsponR570.04Fg161100.v2.1	6.107	no	no	no	yes
SoffiXsponR570.09Cg122200.v2.1	6.105	no	no	no	yes
SoffiXsponR570.04Gg050600.v2.1	6.105	no	no	no	yes
SoffiXsponR570.04Gg070000.v2.1	6.105	no	no	no	yes
SoffiXsponR570.01Cg171000.v2.1	6.104	no	no	no	yes
SoffiXsponR570.4us91g026500.v2.1	6.101	no	no	no	yes
SoffiXsponR570.01Eg032800.v2.1	6.101	no	no	no	yes
SoffiXsponR570.05Ag297800.v2.1	6.099	no	no	no	yes
SoffiXsponR570.02Ag241100.v2.1	6.098	no	no	no	yes
SoffiXsponR570.10Cg008000.v2.1	6.086	no	no	no	yes
SoffiXsponR570.02Fg174400.v2.1	6.08	no	no	no	yes
SoffiXsponR570.09Eg082800.v2.1	6.075	no	no	no	yes
SoffiXsponR570.04Dg045000.v2.1	6.075	no	no	no	yes
SoffiXsponR570.03Dg322600.v2.1	6.073	no	no	no	yes
SoffiXsponR570.01Ag462800.v2.1	6.072	no	no	no	yes
SoffiXsponR570.10Ag154800.v2.1	6.069	no	no	no	yes
SoffiXsponR570.05Bg162400.v2.1	6.067	no	no	no	yes
SoffiXsponR570.01Bg492800.v2.1	6.067	no	no	no	yes
SoffiXsponR570.01Eg164400.v2.1	6.066	no	no	no	yes
SoffiXsponR570.03Cg308800.v2.1	6.062	no	no	no	yes
SoffiXsponR570.07Ag194200.v2.1	6.059	no	no	no	yes
SoffiXsponR570.04Eg094500.v2.1	6.056	no	no	no	yes
SoffiXsponR570.8_10Ag104000.v2.1	6.055	no	no	no	yes
SoffiXsponR570.07Eg121000.v2.1	6.055	no	no	no	yes
SoffiXsponR570.08Eg120900.v2.1	6.052	no	no	no	yes
SoffiXsponR570.02Ag027800.v2.1	6.049	no	no	no	yes
SoffiXsponR570.02Fg018600.v2.1	6.048	no	no	no	yes
SoffiXsponR570.01Eg330600.v2.1	6.046	no	no	no	yes
SoffiXsponR570.02Bg134700.v2.1	6.045	no	no	no	yes
SoffiXsponR570.09Dg052600.v2.1	6.045	no	no	no	yes
SoffiXsponR570.09Eg061600.v2.1	6.042	no	no	no	yes
SoffiXsponR570.02Ag036400.v2.1	6.041	no	no	no	yes
SoffiXsponR570.1Z294500.v2.1	6.038	no	no	no	yes
SoffiXsponR570.03Cg016300.v2.1	6.038	no	no	no	yes
SoffiXsponR570.02Bg291600.v2.1	6.035	no	no	no	yes
SoffiXsponR570.05Cg139500.v2.1	6.034	no	no	no	yes
SoffiXsponR570.07Ag202900.v2.1	6.034	no	no	no	yes
SoffiXsponR570.01Ag182200.v2.1	6.034	no	no	no	yes
SoffiXsponR570.03Dg185400.v2.1	6.033	no	no	no	yes
SoffiXsponR570.08Bg065900.v2.1	6.032	no	no	no	yes
SoffiXsponR570.02Gg277600.v2.1	6.032	no	no	no	yes
SoffiXsponR570.01Ag311300.v2.1	6.027	no	no	no	yes
SoffiXsponR570.05Cg000400.v2.1	6.02	no	no	no	yes
SoffiXsponR570.04Cg260400.v2.1	6.02	no	no	no	yes
SoffiXsponR570.09Ag047500.v2.1	6.018	no	no	no	yes
SoffiXsponR570.06Eg010600.v2.1	6.018	no	no	no	yes
SoffiXsponR570.01Bg121200.v2.1	6.016	no	no	no	yes
SoffiXsponR570.07Dg082700.v2.1	6.014	no	no	no	yes
SoffiXsponR570.02Fg353400.v2.1	6.013	no	no	no	yes
SoffiXsponR570.02Ag018200.v2.1	6.012	no	no	no	yes
SoffiXsponR570.08Eg058100.v2.1	6.009	no	no	no	yes
SoffiXsponR570.05Bg321400.v2.1	6.007	no	no	no	yes
SoffiXsponR570.10Dg123800.v2.1	6.006	no	yes	yes	yes
SoffiXsponR570.10Ag221200.v2.1	6.005	no	no	no	yes
SoffiXsponR570.02Eg108100.v2.1	6.005	no	no	no	yes
SoffiXsponR570.02Bg206500.v2.1	6.005	no	no	no	yes
SoffiXsponR570.06Fg001600.v2.1	6.003	no	no	no	yes
SoffiXsponR570.1Z044400.v2.1	6.001	no	no	no	yes
SoffiXsponR570.1Z247900.v2.1	6.0	no	no	no	yes
SoffiXsponR570.3os5g001100.v2.1	5.993	no	no	no	yes
SoffiXsponR570.02Dg409900.v2.1	5.992	no	no	no	yes
SoffiXsponR570.07Ag112600.v2.1	5.986	no	no	no	yes
SoffiXsponR570.01Ag226100.v2.1	5.985	no	no	no	yes
SoffiXsponR570.01Eg287200.v2.1	5.985	no	no	no	yes
SoffiXsponR570.03Bg085500.v2.1	5.983	no	no	no	yes
SoffiXsponR570.01Dg026900.v2.1	5.983	no	no	no	yes
SoffiXsponR570.06Gg121200.v2.1	5.983	no	no	no	yes
SoffiXsponR570.01Dg013600.v2.1	5.982	no	no	no	yes
SoffiXsponR570.01Bg493200.v2.1	5.981	no	no	no	yes
SoffiXsponR570.02Ag251500.v2.1	5.98	no	no	no	yes
SoffiXsponR570.09Bg051700.v2.1	5.979	no	no	no	yes
SoffiXsponR570.02Bg115100.v2.1	5.979	no	no	yes	yes
SoffiXsponR570.08Eg044100.v2.1	5.978	no	no	no	yes
SoffiXsponR570.07Bg132100.v2.1	5.976	no	no	no	yes
SoffiXsponR570.10Eg050000.v2.1	5.975	no	no	no	yes
SoffiXsponR570.8_5Ag089500.v2.1	5.975	no	no	no	yes
SoffiXsponR570.01Ag064100.v2.1	5.973	no	no	no	yes
SoffiXsponR570.05Cg273500.v2.1	5.973	no	no	yes	yes
SoffiXsponR570.8_10Ag278800.v2.1	5.972	no	no	no	yes
SoffiXsponR570.02Gg142800.v2.1	5.972	no	no	no	yes
SoffiXsponR570.03Cg279900.v2.1	5.967	no	no	yes	yes
SoffiXsponR570.01Bg390700.v2.1	5.967	no	no	no	yes
SoffiXsponR570.09Eg020500.v2.1	5.965	no	no	no	yes
SoffiXsponR570.09Ag071800.v2.1	5.962	no	no	no	yes
SoffiXsponR570.01Dg200800.v2.1	5.959	no	no	no	yes
SoffiXsponR570.02Bg367000.v2.1	5.958	no	no	no	yes
SoffiXsponR570.07Ag162000.v2.1	5.958	no	no	no	yes
SoffiXsponR570.06Eg046600.v2.1	5.957	no	no	no	yes
SoffiXsponR570.01Ag224100.v2.1	5.956	no	no	no	yes
SoffiXsponR570.03Eg059600.v2.1	5.954	no	no	no	yes
SoffiXsponR570.01Bg301600.v2.1	5.953	no	no	no	yes
SoffiXsponR570.1Z292200.v2.1	5.952	no	no	no	yes
SoffiXsponR570.02Ag202700.v2.1	5.951	no	no	no	yes
SoffiXsponR570.09Cg039100.v2.1	5.947	no	no	no	yes
SoffiXsponR570.09Bg141300.v2.1	5.947	no	no	no	yes
SoffiXsponR570.07Eg080300.v2.1	5.946	no	no	no	yes
SoffiXsponR570.09Cg092700.v2.1	5.945	no	no	no	yes
SoffiXsponR570.02Gg004500.v2.1	5.945	no	no	no	yes
SoffiXsponR570.10Bg160400.v2.1	5.942	no	no	no	yes
SoffiXsponR570.02Bg209900.v2.1	5.94	no	no	no	yes
SoffiXsponR570.01Dg237300.v2.1	5.94	no	no	no	yes
SoffiXsponR570.05Bg253000.v2.1	5.938	no	no	no	yes
SoffiXsponR570.04Ag199700.v2.1	5.938	no	no	no	yes
SoffiXsponR570.03Dg108000.v2.1	5.934	no	no	no	yes
SoffiXsponR570.05Fg277600.v2.1	5.933	no	no	no	yes
SoffiXsponR570.10Bg015000.v2.1	5.932	no	no	no	yes
SoffiXsponR570.05Fg064200.v2.1	5.931	no	no	no	yes
SoffiXsponR570.03Gg111500.v2.1	5.931	no	no	no	yes
SoffiXsponR570.03Dg127500.v2.1	5.931	no	no	no	yes
SoffiXsponR570.01Cg085900.v2.1	5.931	no	no	no	yes
SoffiXsponR570.06Dg133400.v2.1	5.929	no	no	no	yes
SoffiXsponR570.06Ag038700.v2.1	5.928	no	no	no	yes
SoffiXsponR570.03Cg030600.v2.1	5.925	no	no	no	yes
SoffiXsponR570.02Ag417200.v2.1	5.923	no	no	no	yes
SoffiXsponR570.01Cg107800.v2.1	5.921	no	no	no	yes
SoffiXsponR570.02Eg130900.v2.1	5.918	no	no	no	yes
SoffiXsponR570.03Eg258000.v2.1	5.918	no	no	no	yes
SoffiXsponR570.07Bg242100.v2.1	5.918	no	no	no	yes
SoffiXsponR570.01Ag209000.v2.1	5.918	no	no	no	yes
SoffiXsponR570.01Dg117300.v2.1	5.917	no	no	no	yes
SoffiXsponR570.02Fg183600.v2.1	5.917	no	no	no	yes
SoffiXsponR570.06Eg092700.v2.1	5.916	no	no	no	yes
SoffiXsponR570.05Gg183900.v2.1	5.915	no	no	no	yes
SoffiXsponR570.04Bg256600.v2.1	5.914	no	no	no	yes
SoffiXsponR570.05Cg049500.v2.1	5.914	no	no	no	yes
SoffiXsponR570.03Bg208800.v2.1	5.908	no	no	no	yes
SoffiXsponR570.1Z119400.v2.1	5.906	no	no	no	yes
SoffiXsponR570.01Ag470900.v2.1	5.906	no	no	no	yes
SoffiXsponR570.05Bg278600.v2.1	5.903	no	no	no	yes
SoffiXsponR570.08Cg073200.v2.1	5.898	no	no	no	yes
SoffiXsponR570.03Ag125300.v2.1	5.897	no	no	no	yes
SoffiXsponR570.09Ag055600.v2.1	5.896	no	no	no	yes
SoffiXsponR570.7os1g044100.v2.1	5.896	no	no	no	yes
SoffiXsponR570.05Bg240800.v2.1	5.895	no	no	no	yes
SoffiXsponR570.03Bg229500.v2.1	5.895	no	no	no	yes
SoffiXsponR570.02Ag366100.v2.1	5.892	no	no	no	yes
SoffiXsponR570.06Eg127600.v2.1	5.891	no	no	no	yes
SoffiXsponR570.07Bg278900.v2.1	5.889	no	no	no	yes
SoffiXsponR570.03Gg083300.v2.1	5.888	no	no	no	yes
SoffiXsponR570.01Ag208300.v2.1	5.886	no	no	no	yes
SoffiXsponR570.02Cg201700.v2.1	5.88	no	no	no	yes
SoffiXsponR570.05Ag223200.v2.1	5.88	no	no	no	yes
SoffiXsponR570.03Bg260000.v2.1	5.879	no	no	no	yes
SoffiXsponR570.08Bg030700.v2.1	5.879	no	no	no	yes
SoffiXsponR570.01Ag312200.v2.1	5.878	no	no	no	yes
SoffiXsponR570.05Cg130400.v2.1	5.878	no	no	no	yes
SoffiXsponR570.8_5Ag243900.v2.1	5.877	no	no	no	yes
SoffiXsponR570.03Ag089200.v2.1	5.876	no	no	no	yes
SoffiXsponR570.08Eg024800.v2.1	5.876	no	no	no	yes
SoffiXsponR570.07Dg091000.v2.1	5.874	no	no	no	yes
SoffiXsponR570.01Ag150400.v2.1	5.874	no	no	no	yes
SoffiXsponR570.03Gg145000.v2.1	5.873	no	no	no	yes
SoffiXsponR570.02Ag368500.v2.1	5.869	no	no	no	yes
SoffiXsponR570.01Fg203700.v2.1	5.869	no	no	no	yes
SoffiXsponR570.8_10Ag312100.v2.1	5.869	no	no	no	yes
SoffiXsponR570.10Cg058100.v2.1	5.866	no	no	no	yes
SoffiXsponR570.04Dg022000.v2.1	5.866	no	no	no	yes
SoffiXsponR570.04Ag041200.v2.1	5.864	no	no	no	yes
SoffiXsponR570.02Ag174400.v2.1	5.863	no	no	no	yes
SoffiXsponR570.02Fg085900.v2.1	5.863	no	no	no	yes
SoffiXsponR570.03Bg266300.v2.1	5.862	no	no	no	yes
SoffiXsponR570.02Bg152300.v2.1	5.862	no	no	no	yes
SoffiXsponR570.09Eg128100.v2.1	5.859	no	no	no	yes
SoffiXsponR570.05Eg066800.v2.1	5.859	no	no	no	yes
SoffiXsponR570.10Ag074800.v2.1	5.857	no	no	no	yes
SoffiXsponR570.01Bg335300.v2.1	5.857	no	no	no	yes
SoffiXsponR570.02Fg074100.v2.1	5.855	no	no	no	yes
SoffiXsponR570.03Gg103500.v2.1	5.853	no	no	no	yes
SoffiXsponR570.01Cg131900.v2.1	5.848	no	no	no	yes
SoffiXsponR570.02Ag372100.v2.1	5.847	no	no	no	yes
SoffiXsponR570.03Ag297600.v2.1	5.844	no	no	no	yes
SoffiXsponR570.06Gg104600.v2.1	5.844	no	no	no	yes
SoffiXsponR570.02Dg115100.v2.1	5.842	no	no	no	yes
SoffiXsponR570.02Ag373400.v2.1	5.841	no	no	no	yes
SoffiXsponR570.8_5Ag144800.v2.1	5.835	no	no	no	yes
SoffiXsponR570.05Dg331800.v2.1	5.832	no	no	no	yes
SoffiXsponR570.03Cg245900.v2.1	5.832	no	no	no	yes
SoffiXsponR570.01Ag330900.v2.1	5.825	no	no	no	yes
SoffiXsponR570.02Gg292600.v2.1	5.824	no	no	no	yes
SoffiXsponR570.06Cg000400.v2.1	5.823	no	no	no	yes
SoffiXsponR570.01Cg351500.v2.1	5.823	no	no	no	yes
SoffiXsponR570.05Bg243000.v2.1	5.823	no	no	no	yes
SoffiXsponR570.09Ag083800.v2.1	5.823	no	no	no	yes
SoffiXsponR570.09Bg007800.v2.1	5.822	no	no	no	yes
SoffiXsponR570.05Eg158700.v2.1	5.822	no	no	no	yes
SoffiXsponR570.02Bg252400.v2.1	5.82	no	no	no	yes
SoffiXsponR570.08Bg170000.v2.1	5.819	no	no	no	yes
SoffiXsponR570.01Bg349600.v2.1	5.819	no	no	no	yes
SoffiXsponR570.01Eg063700.v2.1	5.819	no	no	no	yes
SoffiXsponR570.03Bg011600.v2.1	5.818	no	no	no	yes
SoffiXsponR570.03Eg254200.v2.1	5.815	no	no	no	yes
SoffiXsponR570.1Z203200.v2.1	5.815	no	no	no	yes
SoffiXsponR570.10Cg102800.v2.1	5.814	no	no	yes	yes
SoffiXsponR570.01Dg287800.v2.1	5.813	no	no	no	yes
SoffiXsponR570.6_9Ag169400.v2.1	5.812	no	no	no	yes
SoffiXsponR570.07Bg116600.v2.1	5.812	no	no	no	yes
SoffiXsponR570.02Fg274200.v2.1	5.809	no	no	no	yes
SoffiXsponR570.4us91g009200.v2.1	5.809	no	no	no	yes
SoffiXsponR570.02Cg195400.v2.1	5.809	no	no	no	yes
SoffiXsponR570.05Fg017400.v2.1	5.808	no	no	no	yes
SoffiXsponR570.07Eg103600.v2.1	5.807	no	no	no	yes
SoffiXsponR570.06Cg056600.v2.1	5.806	no	no	no	yes
SoffiXsponR570.03Eg253400.v2.1	5.803	no	no	no	yes
SoffiXsponR570.05Dg213800.v2.1	5.8	no	no	no	yes
SoffiXsponR570.02Ag412700.v2.1	5.8	no	no	no	yes
SoffiXsponR570.10Fg045500.v2.1	5.799	no	no	no	yes
SoffiXsponR570.06Ag167800.v2.1	5.798	no	no	no	yes
SoffiXsponR570.05Bg215700.v2.1	5.796	no	no	no	yes
SoffiXsponR570.06Cg155400.v2.1	5.796	no	no	no	yes
SoffiXsponR570.03Cg067600.v2.1	5.794	no	no	no	yes
SoffiXsponR570.06Eg082500.v2.1	5.791	no	no	no	yes
SoffiXsponR570.02Bg307400.v2.1	5.785	no	no	no	yes
SoffiXsponR570.05Ag259400.v2.1	5.784	no	no	no	yes
SoffiXsponR570.05Ag338000.v2.1	5.782	no	no	no	yes
SoffiXsponR570.02Fg282600.v2.1	5.781	no	no	no	yes
SoffiXsponR570.03Eg143100.v2.1	5.78	no	no	no	yes
SoffiXsponR570.05Bg325400.v2.1	5.778	no	no	no	yes
SoffiXsponR570.02Fg136900.v2.1	5.778	no	no	no	yes
SoffiXsponR570.01Bg418400.v2.1	5.778	no	no	no	yes
SoffiXsponR570.07Bg192600.v2.1	5.777	no	no	no	yes
SoffiXsponR570.04Bg166700.v2.1	5.776	no	no	yes	no
SoffiXsponR570.10Bg201200.v2.1	5.773	no	no	no	yes
SoffiXsponR570.01Dg266900.v2.1	5.772	no	yes	no	yes
SoffiXsponR570.07Bg045700.v2.1	5.768	no	no	no	yes
SoffiXsponR570.1Z063100.v2.1	5.767	no	no	no	yes
SoffiXsponR570.08Ag013600.v2.1	5.767	no	no	no	yes
SoffiXsponR570.02Eg156000.v2.1	5.765	no	no	no	yes
SoffiXsponR570.4us91g048800.v2.1	5.762	no	no	no	yes
SoffiXsponR570.06Eg085600.v2.1	5.761	no	no	no	yes
SoffiXsponR570.03Cg077300.v2.1	5.761	no	no	no	yes
SoffiXsponR570.02Ag014800.v2.1	5.76	no	no	no	yes
SoffiXsponR570.10Fg072700.v2.1	5.759	no	no	no	yes
SoffiXsponR570.03Cg198300.v2.1	5.758	no	no	no	yes
SoffiXsponR570.7_10Ag303900.v2.1	5.756	no	no	no	yes
SoffiXsponR570.5_9Ag132700.v2.1	5.754	no	no	no	yes
SoffiXsponR570.03Eg217700.v2.1	5.753	no	no	no	yes
SoffiXsponR570.10Dg087300.v2.1	5.752	no	no	no	yes
SoffiXsponR570.05Ag264600.v2.1	5.749	no	no	no	yes
SoffiXsponR570.02Ag338300.v2.1	5.749	no	no	no	yes
SoffiXsponR570.01Ag344900.v2.1	5.748	no	no	no	yes
SoffiXsponR570.10Ag071600.v2.1	5.747	no	no	no	yes
SoffiXsponR570.01Eg008300.v2.1	5.747	no	no	no	yes
SoffiXsponR570.8_5Ag155100.v2.1	5.746	no	no	no	yes
SoffiXsponR570.06Dg043000.v2.1	5.746	no	no	no	yes
SoffiXsponR570.10Cg156300.v2.1	5.743	no	no	no	yes
SoffiXsponR570.02Ag328100.v2.1	5.743	no	no	no	yes
SoffiXsponR570.08Bg124600.v2.1	5.742	no	no	no	yes
SoffiXsponR570.01Bg428700.v2.1	5.741	no	no	no	yes
SoffiXsponR570.02Ag020500.v2.1	5.741	no	no	no	yes
SoffiXsponR570.07Bg231100.v2.1	5.738	no	no	no	yes
SoffiXsponR570.04Bg106700.v2.1	5.737	no	no	no	yes
SoffiXsponR570.05Fg255500.v2.1	5.736	no	no	no	yes
SoffiXsponR570.02Bg245400.v2.1	5.735	no	no	no	yes
SoffiXsponR570.07Bg199600.v2.1	5.734	no	no	no	yes
SoffiXsponR570.02Fg060800.v2.1	5.734	no	no	no	yes
SoffiXsponR570.01Ag403000.v2.1	5.733	no	no	no	yes
SoffiXsponR570.06Fg003900.v2.1	5.732	no	no	no	yes
SoffiXsponR570.07Eg119000.v2.1	5.732	no	no	no	yes
SoffiXsponR570.05Gg159200.v2.1	5.731	no	no	no	yes
SoffiXsponR570.08Bg096300.v2.1	5.731	no	no	no	yes
SoffiXsponR570.06Eg028400.v2.1	5.731	no	no	no	yes
SoffiXsponR570.06Eg010100.v2.1	5.73	no	no	no	yes
SoffiXsponR570.04Dg046000.v2.1	5.73	no	no	no	yes
SoffiXsponR570.1Z022300.v2.1	5.728	no	no	no	yes
SoffiXsponR570.07Eg055400.v2.1	5.727	no	no	no	yes
SoffiXsponR570.05Eg230000.v2.1	5.725	no	no	no	yes
SoffiXsponR570.02Fg221900.v2.1	5.724	no	no	no	yes
SoffiXsponR570.02Eg075400.v2.1	5.722	no	no	no	yes
SoffiXsponR570.03Ag121600.v2.1	5.721	no	no	no	yes
SoffiXsponR570.02Ag115500.v2.1	5.72	no	no	no	yes
SoffiXsponR570.03Dg078800.v2.1	5.715	no	no	no	yes
SoffiXsponR570.05Dg200200.v2.1	5.714	no	no	no	yes
SoffiXsponR570.06Ag174500.v2.1	5.711	no	no	no	yes
SoffiXsponR570.1Z111400.v2.1	5.711	no	no	no	yes
SoffiXsponR570.01Cg173400.v2.1	5.71	no	no	no	yes
SoffiXsponR570.05Gg105100.v2.1	5.709	no	no	no	yes
SoffiXsponR570.06Ag183700.v2.1	5.705	no	no	yes	no
SoffiXsponR570.09Cg108100.v2.1	5.704	no	no	no	yes
SoffiXsponR570.01Cg346000.v2.1	5.704	no	no	no	yes
SoffiXsponR570.01Eg194200.v2.1	5.703	no	no	no	yes
SoffiXsponR570.05Dg251000.v2.1	5.702	no	no	no	yes
SoffiXsponR570.06Eg147700.v2.1	5.7	no	no	no	yes
SoffiXsponR570.03Eg272100.v2.1	5.699	no	no	no	yes
SoffiXsponR570.06Eg146500.v2.1	5.697	no	no	no	yes
SoffiXsponR570.01Ag206000.v2.1	5.696	no	yes	yes	no
SoffiXsponR570.01Cg097200.v2.1	5.685	no	no	no	yes
SoffiXsponR570.10Bg140200.v2.1	5.683	no	no	no	yes
SoffiXsponR570.1Z208700.v2.1	5.682	no	no	no	yes
SoffiXsponR570.05Cg216200.v2.1	5.681	no	no	no	yes
SoffiXsponR570.02Ag087300.v2.1	5.679	no	no	no	yes
SoffiXsponR570.08Bg004600.v2.1	5.676	no	no	no	yes
SoffiXsponR570.08Bg067000.v2.1	5.675	no	no	no	yes
SoffiXsponR570.06Cg109900.v2.1	5.675	no	no	no	yes
SoffiXsponR570.7os1g087100.v2.1	5.674	no	no	no	yes
SoffiXsponR570.06Eg097500.v2.1	5.671	no	no	no	yes
SoffiXsponR570.06Dg138300.v2.1	5.67	no	no	no	yes
SoffiXsponR570.8_10Ag183100.v2.1	5.67	no	no	no	yes
SoffiXsponR570.09Dg059100.v2.1	5.668	no	no	no	yes
SoffiXsponR570.02Ag026800.v2.1	5.668	no	no	no	yes
SoffiXsponR570.06Fg002500.v2.1	5.668	no	no	no	yes
SoffiXsponR570.08Cg050300.v2.1	5.664	no	no	no	yes
SoffiXsponR570.04Dg072700.v2.1	5.663	no	no	no	yes
SoffiXsponR570.10Dg154800.v2.1	5.663	no	no	no	yes
SoffiXsponR570.1Z162100.v2.1	5.662	no	no	no	yes
SoffiXsponR570.05Eg177300.v2.1	5.66	no	no	no	yes
SoffiXsponR570.10Fg053500.v2.1	5.659	no	no	no	yes
SoffiXsponR570.03Bg251900.v2.1	5.658	no	no	no	yes
SoffiXsponR570.7os1g057300.v2.1	5.657	no	no	no	yes
SoffiXsponR570.04Dg134700.v2.1	5.654	no	no	no	yes
SoffiXsponR570.06Gg011100.v2.1	5.654	no	no	no	yes
SoffiXsponR570.02Bg076000.v2.1	5.653	no	no	no	yes
SoffiXsponR570.06Ag186000.v2.1	5.65	no	no	no	yes
SoffiXsponR570.03Cg101700.v2.1	5.65	no	no	no	yes
SoffiXsponR570.01Bg271100.v2.1	5.649	no	no	no	yes
SoffiXsponR570.02Bg296400.v2.1	5.649	no	no	no	yes
SoffiXsponR570.04Ag006500.v2.1	5.646	no	no	no	yes
SoffiXsponR570.05Bg307100.v2.1	5.644	no	no	no	yes
SoffiXsponR570.04Cg110900.v2.1	5.643	no	no	no	yes
SoffiXsponR570.03Cg116400.v2.1	5.642	no	no	no	yes
SoffiXsponR570.05Fg268700.v2.1	5.642	no	no	no	yes
SoffiXsponR570.03Cg226400.v2.1	5.638	no	no	no	yes
SoffiXsponR570.03Cg245000.v2.1	5.638	no	no	no	yes
SoffiXsponR570.04Bg069700.v2.1	5.634	no	no	no	yes
SoffiXsponR570.01Cg020800.v2.1	5.631	no	no	no	yes
SoffiXsponR570.03Dg258400.v2.1	5.631	no	no	no	yes
SoffiXsponR570.02Eg258400.v2.1	5.63	no	no	no	yes
SoffiXsponR570.07Eg225000.v2.1	5.629	no	no	no	yes
SoffiXsponR570.10Bg005100.v2.1	5.629	no	no	no	yes
SoffiXsponR570.06Cg029200.v2.1	5.627	no	no	no	yes
SoffiXsponR570.8_10Ag085700.v2.1	5.623	no	no	no	yes
SoffiXsponR570.02Ag243300.v2.1	5.623	no	no	no	yes
SoffiXsponR570.01Dg338200.v2.1	5.622	no	no	no	yes
SoffiXsponR570.07Ag098400.v2.1	5.621	no	no	no	yes
SoffiXsponR570.10Bg103800.v2.1	5.619	no	no	no	yes
SoffiXsponR570.04Gg120300.v2.1	5.619	no	no	no	yes
SoffiXsponR570.01Dg201200.v2.1	5.618	no	no	no	yes
SoffiXsponR570.7_10Ag323900.v2.1	5.617	no	yes	no	yes
SoffiXsponR570.01Cg284000.v2.1	5.616	no	no	no	yes
SoffiXsponR570.10Dg001300.v2.1	5.615	no	no	no	yes
SoffiXsponR570.01Dg095000.v2.1	5.614	no	no	no	yes
SoffiXsponR570.06Cg136600.v2.1	5.614	no	no	no	yes
SoffiXsponR570.07Bg085200.v2.1	5.613	no	no	no	yes
SoffiXsponR570.07Dg133000.v2.1	5.613	no	no	no	yes
SoffiXsponR570.7os1g042700.v2.1	5.612	no	no	no	yes
SoffiXsponR570.09Dg080500.v2.1	5.608	no	no	no	yes
SoffiXsponR570.8_5Ag101500.v2.1	5.608	no	no	no	yes
SoffiXsponR570.08Eg069700.v2.1	5.606	no	no	no	yes
SoffiXsponR570.03Bg270500.v2.1	5.606	no	no	no	yes
SoffiXsponR570.02Gg174800.v2.1	5.603	no	no	no	yes
SoffiXsponR570.06Dg086300.v2.1	5.6	no	no	no	yes
SoffiXsponR570.06Cg086000.v2.1	5.599	no	no	no	yes
SoffiXsponR570.04Ag098300.v2.1	5.597	no	no	no	yes
SoffiXsponR570.05Cg180400.v2.1	5.597	no	no	no	yes
SoffiXsponR570.02Dg417200.v2.1	5.596	no	no	no	yes
SoffiXsponR570.04Eg142200.v2.1	5.596	no	no	no	yes
SoffiXsponR570.02Cg209000.v2.1	5.595	no	no	no	yes
SoffiXsponR570.02Dg314500.v2.1	5.595	no	no	no	yes
SoffiXsponR570.05Ag225100.v2.1	5.593	no	no	no	yes
SoffiXsponR570.06Cg083400.v2.1	5.593	no	no	no	yes
SoffiXsponR570.03Bg104300.v2.1	5.593	no	no	no	yes
SoffiXsponR570.05Cg257200.v2.1	5.592	no	no	no	yes
SoffiXsponR570.02Cg126900.v2.1	5.59	no	no	no	yes
SoffiXsponR570.09Bg011300.v2.1	5.59	no	no	no	yes
SoffiXsponR570.02Ag349100.v2.1	5.589	no	no	no	yes
SoffiXsponR570.5_9Ag008900.v2.1	5.588	no	no	no	yes
SoffiXsponR570.01Bg443800.v2.1	5.586	no	no	no	yes
SoffiXsponR570.10Cg050800.v2.1	5.583	no	no	no	yes
SoffiXsponR570.06Dg141500.v2.1	5.582	no	no	no	yes
SoffiXsponR570.6_9Ag253500.v2.1	5.582	no	no	no	yes
SoffiXsponR570.08Eg078300.v2.1	5.58	no	no	no	yes
SoffiXsponR570.01Ag113300.v2.1	5.578	no	no	no	yes
SoffiXsponR570.03Eg183300.v2.1	5.577	no	no	no	yes
SoffiXsponR570.6_9Ag113900.v2.1	5.571	no	no	no	yes
SoffiXsponR570.6_9Ag293600.v2.1	5.57	no	no	no	yes
SoffiXsponR570.01Ag431300.v2.1	5.568	no	no	no	yes
SoffiXsponR570.03Fg152300.v2.1	5.566	no	no	no	yes
SoffiXsponR570.07Dg054400.v2.1	5.564	no	no	no	yes
SoffiXsponR570.02Ag020700.v2.1	5.558	no	no	no	yes
SoffiXsponR570.05Bg126000.v2.1	5.557	no	no	no	yes
SoffiXsponR570.08Eg126600.v2.1	5.557	no	no	no	yes
SoffiXsponR570.10Cg089500.v2.1	5.556	no	no	no	yes
SoffiXsponR570.01Eg230800.v2.1	5.554	no	no	no	yes
SoffiXsponR570.06Eg124700.v2.1	5.553	no	no	no	yes
SoffiXsponR570.9os1g044500.v2.1	5.551	no	no	no	yes
SoffiXsponR570.05Fg191900.v2.1	5.548	no	no	no	yes
SoffiXsponR570.09Cg101500.v2.1	5.547	no	no	no	yes
SoffiXsponR570.07Bg186800.v2.1	5.543	no	no	no	yes
SoffiXsponR570.08Cg204000.v2.1	5.539	no	yes	no	no
SoffiXsponR570.5_9Ag123200.v2.1	5.535	no	no	no	yes
SoffiXsponR570.01Eg229400.v2.1	5.535	no	no	no	yes
SoffiXsponR570.06Cg104100.v2.1	5.533	no	no	no	yes
SoffiXsponR570.05Ag329200.v2.1	5.532	no	no	no	yes
SoffiXsponR570.01Dg295000.v2.1	5.527	no	no	no	yes
SoffiXsponR570.10Eg120000.v2.1	5.527	no	no	no	yes
SoffiXsponR570.03Dg284500.v2.1	5.523	no	no	no	yes
SoffiXsponR570.01Ag062800.v2.1	5.523	no	no	no	yes
SoffiXsponR570.5_9Ag238200.v2.1	5.523	no	no	no	yes
SoffiXsponR570.7_10Ag011800.v2.1	5.522	yes	yes	no	yes
SoffiXsponR570.08Eg106400.v2.1	5.522	no	no	no	yes
SoffiXsponR570.03Bg060300.v2.1	5.521	no	no	no	yes
SoffiXsponR570.01Eg428400.v2.1	5.52	no	no	no	yes
SoffiXsponR570.07Dg043700.v2.1	5.518	no	no	no	yes
SoffiXsponR570.03Bg015600.v2.1	5.516	no	no	no	yes
SoffiXsponR570.4us91g003900.v2.1	5.515	no	no	no	yes
SoffiXsponR570.07Cg016700.v2.1	5.513	no	no	no	yes
SoffiXsponR570.1Z094300.v2.1	5.512	no	no	no	yes
SoffiXsponR570.01Ag527200.v2.1	5.512	no	no	no	yes
SoffiXsponR570.05Ag080900.v2.1	5.51	no	yes	no	no
SoffiXsponR570.01Ag541100.v2.1	5.51	no	no	no	yes
SoffiXsponR570.03Eg199200.v2.1	5.507	no	no	no	yes
SoffiXsponR570.05Fg167500.v2.1	5.507	no	no	no	yes
SoffiXsponR570.9os1g007800.v2.1	5.507	no	no	no	yes
SoffiXsponR570.04Ag232700.v2.1	5.504	no	no	no	yes
SoffiXsponR570.06Eg047800.v2.1	5.499	no	no	no	yes
SoffiXsponR570.07Ag068000.v2.1	5.499	no	no	no	yes
SoffiXsponR570.05Cg302700.v2.1	5.494	no	no	no	yes
SoffiXsponR570.06Eg130900.v2.1	5.492	no	no	no	yes
SoffiXsponR570.05Fg151700.v2.1	5.49	no	no	no	yes
SoffiXsponR570.05Cg053300.v2.1	5.485	no	no	no	yes
SoffiXsponR570.03Bg063800.v2.1	5.485	no	no	no	yes
SoffiXsponR570.09Cg122100.v2.1	5.485	no	no	no	yes
SoffiXsponR570.05Gg118000.v2.1	5.479	no	no	no	yes
SoffiXsponR570.10Bg064100.v2.1	5.478	no	no	no	yes
SoffiXsponR570.02Ag180000.v2.1	5.476	no	no	no	yes
SoffiXsponR570.10Fg106500.v2.1	5.475	no	no	no	yes
SoffiXsponR570.02Ag053400.v2.1	5.473	no	no	no	yes
SoffiXsponR570.08Eg057900.v2.1	5.471	no	no	no	yes
SoffiXsponR570.05Dg262400.v2.1	5.471	no	no	no	yes
SoffiXsponR570.03Bg270900.v2.1	5.47	no	no	no	yes
SoffiXsponR570.07Bg263100.v2.1	5.469	no	no	no	yes
SoffiXsponR570.02Fg348000.v2.1	5.468	no	no	no	yes
SoffiXsponR570.02Eg081700.v2.1	5.466	no	no	no	yes
SoffiXsponR570.01Ag225000.v2.1	5.465	no	no	no	yes
SoffiXsponR570.05Cg171700.v2.1	5.465	no	no	no	yes
SoffiXsponR570.01Eg257700.v2.1	5.464	no	no	no	yes
SoffiXsponR570.02Gg187900.v2.1	5.464	no	no	no	yes
SoffiXsponR570.05Fg115100.v2.1	5.463	no	no	no	yes
SoffiXsponR570.06Cg174700.v2.1	5.458	no	no	no	yes
SoffiXsponR570.05Fg260200.v2.1	5.456	no	no	no	yes
SoffiXsponR570.5_9Ag061900.v2.1	5.455	no	no	no	yes
SoffiXsponR570.03Eg221900.v2.1	5.454	no	no	no	yes
SoffiXsponR570.02Fg246400.v2.1	5.452	no	no	no	yes
SoffiXsponR570.06Gg134100.v2.1	5.449	no	no	no	yes
SoffiXsponR570.01Eg109700.v2.1	5.448	no	no	no	yes
SoffiXsponR570.7_10Ag228300.v2.1	5.447	no	no	no	yes
SoffiXsponR570.05Fg291500.v2.1	5.444	no	no	no	yes
SoffiXsponR570.07Dg079500.v2.1	5.443	no	no	no	yes
SoffiXsponR570.01Ag541200.v2.1	5.443	no	no	no	yes
SoffiXsponR570.03Ag125700.v2.1	5.443	no	no	no	yes
SoffiXsponR570.01Bg263700.v2.1	5.442	no	no	no	yes
SoffiXsponR570.05Ag174900.v2.1	5.44	no	no	no	yes
SoffiXsponR570.08Eg091500.v2.1	5.436	no	no	no	yes
SoffiXsponR570.02Gg193100.v2.1	5.435	no	no	no	yes
SoffiXsponR570.01Cg257800.v2.1	5.434	no	no	no	yes
SoffiXsponR570.01Cg096800.v2.1	5.434	no	no	no	yes
SoffiXsponR570.07Ag249100.v2.1	5.431	no	no	no	yes
SoffiXsponR570.03Cg262800.v2.1	5.429	no	no	no	yes
SoffiXsponR570.7os1g053300.v2.1	5.428	no	no	no	yes
SoffiXsponR570.06Fg089200.v2.1	5.428	no	no	yes	yes
SoffiXsponR570.10Bg187600.v2.1	5.427	no	no	no	yes
SoffiXsponR570.02Bg109800.v2.1	5.427	no	no	no	yes
SoffiXsponR570.01Dg111000.v2.1	5.425	no	no	no	yes
SoffiXsponR570.01Cg237300.v2.1	5.424	no	no	no	yes
SoffiXsponR570.02Eg190100.v2.1	5.423	no	no	no	yes
SoffiXsponR570.03Cg294500.v2.1	5.422	no	no	no	yes
SoffiXsponR570.10us89g013200.v2.1	5.422	no	no	no	yes
SoffiXsponR570.03Fg136500.v2.1	5.421	no	no	no	yes
SoffiXsponR570.05Cg071300.v2.1	5.421	no	no	no	yes
SoffiXsponR570.01Eg225500.v2.1	5.421	no	no	no	yes
SoffiXsponR570.04Ag143200.v2.1	5.419	no	no	no	yes
SoffiXsponR570.01Cg075000.v2.1	5.418	no	no	no	yes
SoffiXsponR570.05Fg283600.v2.1	5.417	no	no	no	yes
SoffiXsponR570.09Bg125000.v2.1	5.417	no	no	no	yes
SoffiXsponR570.03Cg162000.v2.1	5.415	no	no	no	yes
SoffiXsponR570.05Ag217900.v2.1	5.415	no	no	no	yes
SoffiXsponR570.05Ag037400.v2.1	5.414	no	no	no	yes
SoffiXsponR570.06Fg070800.v2.1	5.409	no	no	no	yes
SoffiXsponR570.05Eg360300.v2.1	5.409	no	no	no	yes
SoffiXsponR570.02Bg226900.v2.1	5.409	no	no	no	yes
SoffiXsponR570.7_10Ag038600.v2.1	5.408	no	no	no	yes
SoffiXsponR570.05Fg192000.v2.1	5.407	no	no	no	yes
SoffiXsponR570.07Bg233100.v2.1	5.406	no	no	no	yes
SoffiXsponR570.05Bg163300.v2.1	5.404	no	no	no	yes
SoffiXsponR570.01Ag316000.v2.1	5.404	no	no	no	yes
SoffiXsponR570.1Z090000.v2.1	5.403	no	no	no	yes
SoffiXsponR570.8_5Ag136100.v2.1	5.4	no	no	no	yes
SoffiXsponR570.10Dg013300.v2.1	5.397	no	no	no	yes
SoffiXsponR570.10Bg067700.v2.1	5.395	no	no	no	yes
SoffiXsponR570.06Ag149600.v2.1	5.394	no	no	no	yes
SoffiXsponR570.01Eg073900.v2.1	5.393	no	no	no	yes
SoffiXsponR570.09Ag017400.v2.1	5.393	no	no	no	yes
SoffiXsponR570.8_10Ag047900.v2.1	5.392	no	no	no	yes
SoffiXsponR570.05Cg167100.v2.1	5.388	no	no	no	yes
SoffiXsponR570.05Bg028300.v2.1	5.385	no	no	no	yes
SoffiXsponR570.05Gg170900.v2.1	5.384	no	no	no	yes
SoffiXsponR570.5_9Ag307600.v2.1	5.384	no	no	no	yes
SoffiXsponR570.09Cg071500.v2.1	5.381	no	no	no	yes
SoffiXsponR570.05Bg210800.v2.1	5.381	no	no	no	yes
SoffiXsponR570.01Eg085900.v2.1	5.381	no	no	no	yes
SoffiXsponR570.06Cg159700.v2.1	5.381	no	no	no	yes
SoffiXsponR570.09Cg048200.v2.1	5.38	no	no	no	yes
SoffiXsponR570.05Bg217100.v2.1	5.38	no	no	no	yes
SoffiXsponR570.03Dg038900.v2.1	5.379	no	no	no	yes
SoffiXsponR570.02Gg321400.v2.1	5.378	no	no	no	yes
SoffiXsponR570.03Cg036200.v2.1	5.377	no	no	no	yes
SoffiXsponR570.02Bg100000.v2.1	5.376	no	no	no	yes
SoffiXsponR570.02Bg008900.v2.1	5.372	no	no	no	yes
SoffiXsponR570.03Gg116800.v2.1	5.37	no	no	no	yes
SoffiXsponR570.08Ag136700.v2.1	5.369	no	no	no	yes
SoffiXsponR570.02Cg034800.v2.1	5.368	no	no	no	yes
SoffiXsponR570.03Bg202700.v2.1	5.367	no	no	no	yes
SoffiXsponR570.6_9Ag113800.v2.1	5.366	no	yes	yes	yes
SoffiXsponR570.01Bg414300.v2.1	5.366	no	no	no	yes
SoffiXsponR570.04Dg201000.v2.1	5.366	no	no	no	yes
SoffiXsponR570.03Eg110700.v2.1	5.361	no	no	no	yes
SoffiXsponR570.03Bg149900.v2.1	5.361	no	no	no	yes
SoffiXsponR570.03Eg030200.v2.1	5.36	no	no	no	yes
SoffiXsponR570.02Ag144300.v2.1	5.36	no	no	no	yes
SoffiXsponR570.02Gg112200.v2.1	5.36	no	no	no	yes
SoffiXsponR570.02Ag048900.v2.1	5.359	no	no	no	yes
SoffiXsponR570.09Cg122800.v2.1	5.359	no	no	no	yes
SoffiXsponR570.06Eg150900.v2.1	5.358	no	no	no	yes
SoffiXsponR570.05Bg121700.v2.1	5.357	no	no	no	yes
SoffiXsponR570.03Fg131900.v2.1	5.355	no	no	no	yes
SoffiXsponR570.02Gg149000.v2.1	5.35	no	no	no	yes
SoffiXsponR570.01Cg200800.v2.1	5.348	no	no	no	yes
SoffiXsponR570.10Fg045200.v2.1	5.348	no	no	no	yes
SoffiXsponR570.8_5Ag177900.v2.1	5.346	no	no	no	yes
SoffiXsponR570.01Cg149500.v2.1	5.344	no	no	no	yes
SoffiXsponR570.05Eg055900.v2.1	5.343	no	no	no	yes
SoffiXsponR570.02Dg182700.v2.1	5.343	no	no	no	yes
SoffiXsponR570.1Z097500.v2.1	5.341	no	no	no	yes
SoffiXsponR570.08Cg106000.v2.1	5.34	no	no	no	yes
SoffiXsponR570.01Bg027900.v2.1	5.34	no	no	no	yes
SoffiXsponR570.10Ag110200.v2.1	5.339	no	no	no	yes
SoffiXsponR570.03Cg161600.v2.1	5.335	no	no	no	yes
SoffiXsponR570.07Dg155200.v2.1	5.33	no	no	no	yes
SoffiXsponR570.01Bg313000.v2.1	5.323	no	no	no	yes
SoffiXsponR570.04Ag175700.v2.1	5.322	no	no	no	yes
SoffiXsponR570.01Bg418800.v2.1	5.32	no	no	no	yes
SoffiXsponR570.01Bg276000.v2.1	5.318	no	no	no	yes
SoffiXsponR570.01Bg282000.v2.1	5.318	no	no	no	yes
SoffiXsponR570.01Cg089200.v2.1	5.316	no	no	no	yes
SoffiXsponR570.06Cg108800.v2.1	5.313	no	no	no	yes
SoffiXsponR570.06Eg004600.v2.1	5.309	no	no	no	yes
SoffiXsponR570.06Gg128300.v2.1	5.307	no	no	no	yes
SoffiXsponR570.05Eg048500.v2.1	5.306	no	no	no	yes
SoffiXsponR570.02Fg110400.v2.1	5.306	no	no	no	yes
SoffiXsponR570.03Cg322900.v2.1	5.306	no	no	no	yes
SoffiXsponR570.07Bg146200.v2.1	5.306	no	no	no	yes
SoffiXsponR570.06Dg013000.v2.1	5.305	no	no	no	yes
SoffiXsponR570.06Ag060200.v2.1	5.304	no	no	no	yes
SoffiXsponR570.4us91g041800.v2.1	5.303	no	no	no	yes
SoffiXsponR570.7_10Ag003700.v2.1	5.302	no	no	no	yes
SoffiXsponR570.08Eg125600.v2.1	5.3	no	no	no	yes
SoffiXsponR570.01Bg434500.v2.1	5.295	no	no	no	yes
SoffiXsponR570.07Ag092200.v2.1	5.294	no	no	no	yes
SoffiXsponR570.06Fg005900.v2.1	5.293	no	no	no	yes
SoffiXsponR570.8_5Ag076900.v2.1	5.292	no	no	no	yes
SoffiXsponR570.07Eg157800.v2.1	5.289	no	no	no	yes
SoffiXsponR570.8_5Ag071900.v2.1	5.282	no	no	no	yes
SoffiXsponR570.05Bg372500.v2.1	5.282	no	no	no	yes
SoffiXsponR570.01Bg471900.v2.1	5.282	no	no	no	yes
SoffiXsponR570.10Fg058400.v2.1	5.281	no	no	no	yes
SoffiXsponR570.08Cg175000.v2.1	5.279	no	no	no	yes
SoffiXsponR570.03Dg018000.v2.1	5.278	no	no	no	yes
SoffiXsponR570.06Gg156800.v2.1	5.277	no	no	no	yes
SoffiXsponR570.02Bg320600.v2.1	5.275	no	no	no	yes
SoffiXsponR570.10Bg104200.v2.1	5.273	no	no	no	yes
SoffiXsponR570.07Ag252000.v2.1	5.271	no	no	no	yes
SoffiXsponR570.02Bg026200.v2.1	5.27	no	no	no	yes
SoffiXsponR570.09Ag009900.v2.1	5.269	no	no	no	yes
SoffiXsponR570.02Bg076500.v2.1	5.269	no	no	no	yes
SoffiXsponR570.03Eg061500.v2.1	5.267	no	no	no	yes
SoffiXsponR570.07Ag096600.v2.1	5.263	no	no	no	yes
SoffiXsponR570.02Ag291300.v2.1	5.26	no	no	no	yes
SoffiXsponR570.03Gg102100.v2.1	5.26	no	no	no	yes
SoffiXsponR570.10Cg168800.v2.1	5.258	no	no	no	yes
SoffiXsponR570.04Eg079400.v2.1	5.258	no	no	no	yes
SoffiXsponR570.10os1g040700.v2.1	5.257	no	no	no	yes
SoffiXsponR570.09Ag119900.v2.1	5.251	no	no	no	yes
SoffiXsponR570.05Cg357800.v2.1	5.249	no	no	no	yes
SoffiXsponR570.02Ag400200.v2.1	5.245	no	no	no	yes
SoffiXsponR570.9us90g072400.v2.1	5.243	no	no	no	yes
SoffiXsponR570.06Cg061900.v2.1	5.243	no	no	no	yes
SoffiXsponR570.03Ag269500.v2.1	5.242	no	no	no	yes
SoffiXsponR570.08Eg147700.v2.1	5.242	no	no	no	yes
SoffiXsponR570.01Cg131700.v2.1	5.24	no	no	no	yes
SoffiXsponR570.08Ag089500.v2.1	5.238	no	no	no	yes
SoffiXsponR570.01Eg029400.v2.1	5.238	no	no	no	yes
SoffiXsponR570.01Eg022900.v2.1	5.238	no	no	no	yes
SoffiXsponR570.03Ag236100.v2.1	5.236	no	no	no	yes
SoffiXsponR570.03Bg072900.v2.1	5.236	no	no	no	yes
SoffiXsponR570.05Fg196100.v2.1	5.235	no	no	no	yes
SoffiXsponR570.04Eg066900.v2.1	5.235	no	no	no	yes
SoffiXsponR570.02Bg075800.v2.1	5.235	no	no	no	yes
SoffiXsponR570.01Eg085400.v2.1	5.234	no	no	no	yes
SoffiXsponR570.03Bg265900.v2.1	5.233	no	no	no	yes
SoffiXsponR570.01Eg286400.v2.1	5.228	no	no	no	yes
SoffiXsponR570.06Ag064600.v2.1	5.228	no	no	no	yes
SoffiXsponR570.03Dg205300.v2.1	5.226	no	yes	no	yes
SoffiXsponR570.6us88g078300.v2.1	5.224	no	no	no	yes
SoffiXsponR570.08Bg176200.v2.1	5.224	no	no	no	yes
SoffiXsponR570.10Cg138200.v2.1	5.222	no	no	no	yes
SoffiXsponR570.01Ag125900.v2.1	5.22	no	no	no	yes
SoffiXsponR570.02Ag304700.v2.1	5.22	no	no	no	yes
SoffiXsponR570.7_10Ag360600.v2.1	5.22	no	no	no	yes
SoffiXsponR570.07Ag020400.v2.1	5.22	no	no	no	yes
SoffiXsponR570.02Bg198600.v2.1	5.22	no	no	no	yes
SoffiXsponR570.09Ag145000.v2.1	5.218	no	no	no	yes
SoffiXsponR570.1Z017400.v2.1	5.217	no	no	no	yes
SoffiXsponR570.03Cg330200.v2.1	5.216	no	no	no	yes
SoffiXsponR570.03Ag198300.v2.1	5.215	no	no	no	yes
SoffiXsponR570.03Eg108000.v2.1	5.214	no	no	no	yes
SoffiXsponR570.01Ag536500.v2.1	5.214	no	no	no	yes
SoffiXsponR570.08Bg034400.v2.1	5.214	no	no	no	yes
SoffiXsponR570.8_5Ag095000.v2.1	5.214	no	no	no	yes
SoffiXsponR570.03Dg116800.v2.1	5.213	no	no	no	yes
SoffiXsponR570.03Eg028300.v2.1	5.212	no	no	no	yes
SoffiXsponR570.05Gg084200.v2.1	5.212	no	no	no	yes
SoffiXsponR570.10Ag024500.v2.1	5.211	no	no	no	yes
SoffiXsponR570.03Bg158100.v2.1	5.211	no	no	no	yes
SoffiXsponR570.10Bg063200.v2.1	5.211	no	no	no	yes
SoffiXsponR570.08Cg162400.v2.1	5.21	no	no	no	yes
SoffiXsponR570.05Eg109500.v2.1	5.21	no	no	no	yes
SoffiXsponR570.05Eg262700.v2.1	5.209	no	no	no	yes
SoffiXsponR570.10Bg071800.v2.1	5.208	no	no	no	yes
SoffiXsponR570.07Cg272900.v2.1	5.207	no	no	no	yes
SoffiXsponR570.10os1g045500.v2.1	5.206	no	no	no	yes
SoffiXsponR570.08Eg016900.v2.1	5.205	no	no	no	yes
SoffiXsponR570.10Dg129300.v2.1	5.204	no	no	no	yes
SoffiXsponR570.03Eg244300.v2.1	5.202	no	no	no	yes
SoffiXsponR570.05Bg295900.v2.1	5.201	no	no	no	yes
SoffiXsponR570.03Bg212000.v2.1	5.198	no	no	no	yes
SoffiXsponR570.07Eg194600.v2.1	5.198	no	no	no	yes
SoffiXsponR570.01Eg035900.v2.1	5.198	no	no	no	yes
SoffiXsponR570.07Ag133900.v2.1	5.197	no	no	no	yes
SoffiXsponR570.10Fg012600.v2.1	5.193	no	no	no	yes
SoffiXsponR570.05Cg388200.v2.1	5.189	no	no	no	yes
SoffiXsponR570.05Ag205300.v2.1	5.188	no	no	no	yes
SoffiXsponR570.5_9Ag107500.v2.1	5.186	no	no	no	yes
SoffiXsponR570.02Fg121900.v2.1	5.185	no	no	no	yes
SoffiXsponR570.01Bg253100.v2.1	5.185	no	no	no	yes
SoffiXsponR570.02Gg289600.v2.1	5.18	no	no	no	yes
SoffiXsponR570.04Eg117000.v2.1	5.179	no	no	no	yes
SoffiXsponR570.08Eg069000.v2.1	5.178	no	no	no	yes
SoffiXsponR570.05Dg316200.v2.1	5.178	no	no	no	yes
SoffiXsponR570.05Eg194000.v2.1	5.172	no	no	no	yes
SoffiXsponR570.01Dg079100.v2.1	5.172	no	no	no	yes
SoffiXsponR570.05Cg040600.v2.1	5.172	no	no	no	yes
SoffiXsponR570.06Cg143400.v2.1	5.17	no	no	no	yes
SoffiXsponR570.06Gg135900.v2.1	5.17	no	no	no	yes
SoffiXsponR570.02Bg292100.v2.1	5.168	no	no	no	yes
SoffiXsponR570.04Eg019200.v2.1	5.168	no	no	no	yes
SoffiXsponR570.04Dg155200.v2.1	5.168	no	no	no	yes
SoffiXsponR570.03Dg351900.v2.1	5.167	no	no	no	yes
SoffiXsponR570.02Cg118000.v2.1	5.165	no	no	no	yes
SoffiXsponR570.03Eg274400.v2.1	5.165	no	no	no	yes
SoffiXsponR570.03Eg139700.v2.1	5.164	no	no	no	yes
SoffiXsponR570.05Fg087600.v2.1	5.164	no	no	no	yes
SoffiXsponR570.05Gg097100.v2.1	5.163	no	no	no	yes
SoffiXsponR570.02Bg207500.v2.1	5.161	no	no	no	yes
SoffiXsponR570.01Bg438300.v2.1	5.159	no	no	no	yes
SoffiXsponR570.06Cg059200.v2.1	5.158	no	no	no	yes
SoffiXsponR570.04Ag250100.v2.1	5.155	no	no	no	yes
SoffiXsponR570.05Eg216500.v2.1	5.154	no	no	no	yes
SoffiXsponR570.8_10Ag045000.v2.1	5.152	no	no	no	yes
SoffiXsponR570.07Cg087800.v2.1	5.152	no	no	no	yes
SoffiXsponR570.01Dg018900.v2.1	5.151	no	no	no	yes
SoffiXsponR570.04Ag133100.v2.1	5.15	no	no	no	yes
SoffiXsponR570.04Ag266500.v2.1	5.147	no	no	no	yes
SoffiXsponR570.08Bg133500.v2.1	5.144	no	no	yes	yes
SoffiXsponR570.05Cg352400.v2.1	5.144	no	no	no	yes
SoffiXsponR570.8_5Ag188200.v2.1	5.142	no	no	no	yes
SoffiXsponR570.06Ag127300.v2.1	5.142	no	no	no	yes
SoffiXsponR570.05Bg214700.v2.1	5.142	no	no	no	yes
SoffiXsponR570.01Cg094100.v2.1	5.142	no	no	no	yes
SoffiXsponR570.8_10Ag334200.v2.1	5.141	no	no	no	yes
SoffiXsponR570.5_9Ag092800.v2.1	5.141	no	no	no	yes
SoffiXsponR570.10Cg076200.v2.1	5.14	no	no	no	yes
SoffiXsponR570.07Eg173800.v2.1	5.138	no	no	no	yes
SoffiXsponR570.7os1g085200.v2.1	5.138	no	no	no	yes
SoffiXsponR570.04Gg015900.v2.1	5.137	no	no	no	yes
SoffiXsponR570.09Cg067600.v2.1	5.136	no	no	no	yes
SoffiXsponR570.10Eg095000.v2.1	5.134	no	no	no	yes
SoffiXsponR570.08Bg090000.v2.1	5.133	no	no	no	yes
SoffiXsponR570.05Eg131700.v2.1	5.13	no	yes	no	no
SoffiXsponR570.10Ag059200.v2.1	5.129	no	no	no	yes
SoffiXsponR570.05Fg220000.v2.1	5.129	no	no	no	yes
SoffiXsponR570.01Eg032500.v2.1	5.128	no	no	no	yes
SoffiXsponR570.08Bg092300.v2.1	5.127	no	no	no	yes
SoffiXsponR570.02Bg041300.v2.1	5.124	no	no	no	yes
SoffiXsponR570.05Cg282700.v2.1	5.123	no	no	no	yes
SoffiXsponR570.05Dg143200.v2.1	5.123	no	no	no	yes
SoffiXsponR570.6_9Ag280200.v2.1	5.122	no	no	no	yes
SoffiXsponR570.05Ag208300.v2.1	5.121	no	no	no	yes
SoffiXsponR570.07Bg076000.v2.1	5.12	no	no	no	yes
SoffiXsponR570.05Cg320900.v2.1	5.119	no	no	no	yes
SoffiXsponR570.06Dg111600.v2.1	5.114	no	no	no	yes
SoffiXsponR570.06Eg103600.v2.1	5.114	no	no	no	yes
SoffiXsponR570.05Eg213600.v2.1	5.113	no	no	no	yes
SoffiXsponR570.03Ag024700.v2.1	5.112	no	no	no	yes
SoffiXsponR570.01Dg280800.v2.1	5.11	no	no	no	yes
SoffiXsponR570.05Fg113300.v2.1	5.107	no	no	no	yes
SoffiXsponR570.01Ag546700.v2.1	5.103	no	no	no	yes
SoffiXsponR570.02Dg157700.v2.1	5.103	no	no	no	yes
SoffiXsponR570.02Fg114700.v2.1	5.101	no	no	no	yes
SoffiXsponR570.02Ag281400.v2.1	5.1	no	no	no	yes
SoffiXsponR570.03Ag142500.v2.1	5.099	no	no	no	yes
SoffiXsponR570.02Bg351100.v2.1	5.099	no	no	no	yes
SoffiXsponR570.05Ag046300.v2.1	5.097	no	no	no	yes
SoffiXsponR570.02Cg285700.v2.1	5.097	no	no	no	yes
SoffiXsponR570.1Z186500.v2.1	5.095	no	no	no	yes
SoffiXsponR570.5_9Ag267400.v2.1	5.095	no	no	no	yes
SoffiXsponR570.07Bg047400.v2.1	5.093	no	no	no	yes
SoffiXsponR570.01Dg201700.v2.1	5.089	no	no	no	yes
SoffiXsponR570.02Cg116300.v2.1	5.088	no	no	no	yes
SoffiXsponR570.07Bg268200.v2.1	5.088	no	no	no	yes
SoffiXsponR570.02Bg341300.v2.1	5.088	no	no	no	yes
SoffiXsponR570.03Cg003300.v2.1	5.088	no	no	no	yes
SoffiXsponR570.09Dg020000.v2.1	5.087	no	no	no	yes
SoffiXsponR570.1os1g008400.v2.1	5.083	no	no	no	yes
SoffiXsponR570.09Cg078300.v2.1	5.083	no	no	no	yes
SoffiXsponR570.06Eg056400.v2.1	5.082	no	no	no	yes
SoffiXsponR570.01Cg273400.v2.1	5.082	no	no	no	yes
SoffiXsponR570.02Ag235700.v2.1	5.079	no	no	no	yes
SoffiXsponR570.6us88g097300.v2.1	5.077	no	no	no	yes
SoffiXsponR570.03Ag074200.v2.1	5.077	no	no	no	yes
SoffiXsponR570.08Dg001100.v2.1	5.076	no	no	no	yes
SoffiXsponR570.09Eg021900.v2.1	5.076	no	no	no	yes
SoffiXsponR570.02Ag097700.v2.1	5.075	no	no	no	yes
SoffiXsponR570.08Bg134600.v2.1	5.073	no	no	yes	no
SoffiXsponR570.03Ag036000.v2.1	5.071	no	no	no	yes
SoffiXsponR570.03Ag253700.v2.1	5.068	no	no	no	yes
SoffiXsponR570.05Cg009300.v2.1	5.062	no	no	no	yes
SoffiXsponR570.06Ag113600.v2.1	5.06	no	no	no	yes
SoffiXsponR570.03Bg303200.v2.1	5.058	no	no	no	yes
SoffiXsponR570.3os4g001400.v2.1	5.057	no	no	no	yes
SoffiXsponR570.05Cg235600.v2.1	5.056	no	no	no	yes
SoffiXsponR570.03Ag349000.v2.1	5.055	no	no	no	yes
SoffiXsponR570.03Gg036700.v2.1	5.055	no	no	no	yes
SoffiXsponR570.06Fg006100.v2.1	5.051	no	no	no	yes
SoffiXsponR570.09Ag107600.v2.1	5.051	no	no	no	yes
SoffiXsponR570.06Gg097600.v2.1	5.05	no	no	no	yes
SoffiXsponR570.02Ag190200.v2.1	5.049	no	no	no	yes
SoffiXsponR570.04Bg081200.v2.1	5.048	no	no	no	yes
SoffiXsponR570.01Bg395400.v2.1	5.048	no	no	no	yes
SoffiXsponR570.01Ag497900.v2.1	5.047	no	no	no	yes
SoffiXsponR570.02Fg356500.v2.1	5.046	no	no	no	yes
SoffiXsponR570.02Bg279600.v2.1	5.045	no	no	no	yes
SoffiXsponR570.04Ag078000.v2.1	5.045	no	no	no	yes
SoffiXsponR570.07Dg173300.v2.1	5.044	no	no	no	yes
SoffiXsponR570.09Cg125700.v2.1	5.044	no	no	no	yes
SoffiXsponR570.03Ag010100.v2.1	5.042	no	no	no	yes
SoffiXsponR570.05Bg134600.v2.1	5.042	no	no	no	yes
SoffiXsponR570.05Cg267900.v2.1	5.042	no	no	no	yes
SoffiXsponR570.10Bg117000.v2.1	5.042	no	no	no	yes
SoffiXsponR570.08Cg116800.v2.1	5.041	no	no	no	yes
SoffiXsponR570.02Bg304800.v2.1	5.041	no	no	no	yes
SoffiXsponR570.05Fg280000.v2.1	5.037	no	no	no	yes
SoffiXsponR570.04Dg168500.v2.1	5.034	no	no	no	yes
SoffiXsponR570.01Dg318800.v2.1	5.03	no	no	no	yes
SoffiXsponR570.07Cg034200.v2.1	5.029	no	no	no	yes
SoffiXsponR570.02Gg220400.v2.1	5.027	no	no	no	yes
SoffiXsponR570.8_5Ag109000.v2.1	5.026	no	no	no	yes
SoffiXsponR570.05Bg093100.v2.1	5.025	no	no	no	yes
SoffiXsponR570.03Cg042100.v2.1	5.024	no	no	no	yes
SoffiXsponR570.03Cg221900.v2.1	5.023	no	no	no	yes
SoffiXsponR570.06Cg104900.v2.1	5.022	no	no	no	yes
SoffiXsponR570.10Ag036500.v2.1	5.022	no	no	no	yes
SoffiXsponR570.9us90g010300.v2.1	5.022	no	no	no	yes
SoffiXsponR570.07Bg196600.v2.1	5.02	no	no	no	yes
SoffiXsponR570.07Ag207000.v2.1	5.02	no	no	no	yes
SoffiXsponR570.03Cg309000.v2.1	5.019	no	no	no	yes
SoffiXsponR570.08Ag114100.v2.1	5.019	no	no	no	yes
SoffiXsponR570.04Gg109500.v2.1	5.016	no	no	no	yes
SoffiXsponR570.07Ag226500.v2.1	5.016	no	no	no	yes
SoffiXsponR570.07Bg021200.v2.1	5.016	no	no	no	yes
SoffiXsponR570.07Dg034100.v2.1	5.015	no	no	no	yes
SoffiXsponR570.01Eg277600.v2.1	5.012	no	no	no	yes
SoffiXsponR570.05Ag385400.v2.1	5.011	no	no	no	yes
SoffiXsponR570.04Cg040500.v2.1	5.009	no	no	no	yes
SoffiXsponR570.01Eg386600.v2.1	5.008	no	no	no	yes
SoffiXsponR570.05Cg047800.v2.1	5.007	no	no	no	yes
SoffiXsponR570.08Cg049400.v2.1	5.002	no	no	no	yes
SoffiXsponR570.05Gg004800.v2.1	5.001	no	no	no	yes
SoffiXsponR570.07Eg081800.v2.1	5.0	no	no	no	yes
SoffiXsponR570.03Cg278100.v2.1	4.998	no	no	no	yes
SoffiXsponR570.02Ag315400.v2.1	4.997	no	no	no	yes
SoffiXsponR570.01Cg093600.v2.1	4.997	no	no	no	yes
SoffiXsponR570.07Cg100800.v2.1	4.994	no	no	no	yes
SoffiXsponR570.09Bg094400.v2.1	4.994	no	no	no	yes
SoffiXsponR570.10Ag138700.v2.1	4.993	no	no	no	yes
SoffiXsponR570.06Dg009000.v2.1	4.993	no	no	no	yes
SoffiXsponR570.04Ag045800.v2.1	4.993	no	no	no	yes
SoffiXsponR570.02Fg211600.v2.1	4.992	no	no	no	yes
SoffiXsponR570.06Cg049700.v2.1	4.992	no	no	no	yes
SoffiXsponR570.10Fg019200.v2.1	4.992	no	no	no	yes
SoffiXsponR570.04Dg003800.v2.1	4.992	no	no	no	yes
SoffiXsponR570.07Dg040900.v2.1	4.991	no	no	no	yes
SoffiXsponR570.09Bg060900.v2.1	4.991	no	no	no	yes
SoffiXsponR570.02Cg173600.v2.1	4.989	no	no	no	yes
SoffiXsponR570.02Gg101500.v2.1	4.988	no	no	no	yes
SoffiXsponR570.01Eg207300.v2.1	4.987	no	no	no	yes
SoffiXsponR570.01Ag409900.v2.1	4.985	no	no	no	yes
SoffiXsponR570.05Dg327100.v2.1	4.984	no	no	no	yes
SoffiXsponR570.01Fg018200.v2.1	4.983	no	no	no	yes
SoffiXsponR570.05Cg338000.v2.1	4.983	no	no	no	yes
SoffiXsponR570.01Cg250500.v2.1	4.981	no	no	no	yes
SoffiXsponR570.03Eg185900.v2.1	4.98	no	no	no	yes
SoffiXsponR570.04Gg020700.v2.1	4.979	no	no	no	yes
SoffiXsponR570.04Cg121200.v2.1	4.979	no	no	no	yes
SoffiXsponR570.10Dg183600.v2.1	4.977	no	no	no	yes
SoffiXsponR570.01Cg115100.v2.1	4.976	no	no	no	yes
SoffiXsponR570.5_9Ag459600.v2.1	4.975	no	no	no	yes
SoffiXsponR570.05Cg273700.v2.1	4.974	no	no	no	yes
SoffiXsponR570.10Ag050600.v2.1	4.974	no	no	no	yes
SoffiXsponR570.05Bg209500.v2.1	4.973	no	no	no	yes
SoffiXsponR570.02Ag316400.v2.1	4.972	no	no	no	yes
SoffiXsponR570.02Bg211700.v2.1	4.971	no	no	no	yes
SoffiXsponR570.05Fg227600.v2.1	4.971	no	no	no	yes
SoffiXsponR570.07Bg253900.v2.1	4.97	no	no	no	yes
SoffiXsponR570.05Cg125400.v2.1	4.969	no	no	no	yes
SoffiXsponR570.02Dg169500.v2.1	4.968	no	no	no	yes
SoffiXsponR570.10Dg123700.v2.1	4.968	no	no	no	yes
SoffiXsponR570.10Bg161300.v2.1	4.967	no	no	no	yes
SoffiXsponR570.01Dg118000.v2.1	4.966	no	no	no	yes
SoffiXsponR570.01Bg264600.v2.1	4.963	no	no	no	yes
SoffiXsponR570.03Eg145900.v2.1	4.963	no	no	no	yes
SoffiXsponR570.07Bg018300.v2.1	4.962	no	no	no	yes
SoffiXsponR570.04Ag093400.v2.1	4.961	no	no	no	yes
SoffiXsponR570.10us89g046300.v2.1	4.958	no	no	no	yes
SoffiXsponR570.02Bg072800.v2.1	4.956	no	no	no	yes
SoffiXsponR570.02Ag202000.v2.1	4.955	no	no	no	yes
SoffiXsponR570.09Dg061000.v2.1	4.955	no	no	no	yes
SoffiXsponR570.06Eg108200.v2.1	4.949	no	no	no	yes
SoffiXsponR570.01Cg147400.v2.1	4.947	no	no	no	yes
SoffiXsponR570.08Cg146900.v2.1	4.946	no	no	no	yes
SoffiXsponR570.10Bg142500.v2.1	4.946	no	no	no	yes
SoffiXsponR570.01Bg398400.v2.1	4.946	no	no	no	yes
SoffiXsponR570.05Gg184800.v2.1	4.946	no	no	no	yes
SoffiXsponR570.06Gg025300.v2.1	4.945	no	no	no	yes
SoffiXsponR570.05Fg094500.v2.1	4.944	no	no	no	yes
SoffiXsponR570.02Gg240100.v2.1	4.943	no	no	no	yes
SoffiXsponR570.02Cg225900.v2.1	4.942	no	no	no	yes
SoffiXsponR570.05Eg253600.v2.1	4.942	no	no	no	yes
SoffiXsponR570.8_5Ag060200.v2.1	4.939	no	no	no	yes
SoffiXsponR570.02Ag038200.v2.1	4.936	no	no	no	yes
SoffiXsponR570.02Eg347700.v2.1	4.935	no	no	no	yes
SoffiXsponR570.06Eg010700.v2.1	4.933	no	no	no	yes
SoffiXsponR570.02Dg072000.v2.1	4.93	no	no	no	yes
SoffiXsponR570.1Z023200.v2.1	4.93	no	no	no	yes
SoffiXsponR570.03Ag341100.v2.1	4.929	no	no	no	yes
SoffiXsponR570.05Dg023300.v2.1	4.929	no	no	no	yes
SoffiXsponR570.07Dg154700.v2.1	4.928	no	no	no	yes
SoffiXsponR570.1Z197100.v2.1	4.928	no	no	no	yes
SoffiXsponR570.08Eg132400.v2.1	4.925	no	no	no	yes
SoffiXsponR570.06Cg145700.v2.1	4.925	no	no	no	yes
SoffiXsponR570.05Dg140100.v2.1	4.925	no	no	no	yes
SoffiXsponR570.01Fg123000.v2.1	4.924	no	no	no	yes
SoffiXsponR570.08Cg062700.v2.1	4.923	no	no	no	yes
SoffiXsponR570.05Fg268600.v2.1	4.921	no	no	no	yes
SoffiXsponR570.01Dg291000.v2.1	4.92	no	no	no	yes
SoffiXsponR570.02Ag060900.v2.1	4.918	no	no	no	yes
SoffiXsponR570.10Bg072700.v2.1	4.917	no	no	no	yes
SoffiXsponR570.01Cg258300.v2.1	4.914	no	no	no	yes
SoffiXsponR570.05Eg333100.v2.1	4.914	no	no	no	yes
SoffiXsponR570.8_5Ag076300.v2.1	4.911	no	no	no	yes
SoffiXsponR570.03Ag084200.v2.1	4.909	no	no	no	yes
SoffiXsponR570.01Ag158900.v2.1	4.906	no	no	no	yes
SoffiXsponR570.05Fg163400.v2.1	4.906	no	no	no	yes
SoffiXsponR570.03Cg241900.v2.1	4.904	no	no	no	yes
SoffiXsponR570.10Dg012700.v2.1	4.903	no	no	no	yes
SoffiXsponR570.02Bg349800.v2.1	4.901	no	no	no	yes
SoffiXsponR570.5_9Ag037200.v2.1	4.901	no	no	no	yes
SoffiXsponR570.02Ag256900.v2.1	4.901	no	no	no	yes
SoffiXsponR570.05Cg353700.v2.1	4.9	no	no	no	yes
SoffiXsponR570.05Cg112800.v2.1	4.899	no	no	no	yes
SoffiXsponR570.07Cg047500.v2.1	4.899	no	no	no	yes
SoffiXsponR570.05Eg254700.v2.1	4.897	no	no	no	yes
SoffiXsponR570.03Eg241700.v2.1	4.896	no	no	no	yes
SoffiXsponR570.8_5Ag098400.v2.1	4.895	no	no	no	yes
SoffiXsponR570.02Fg367800.v2.1	4.893	no	no	no	yes
SoffiXsponR570.03Cg061800.v2.1	4.892	no	no	no	yes
SoffiXsponR570.01Fg080300.v2.1	4.892	no	no	no	yes
SoffiXsponR570.02Ag330700.v2.1	4.89	no	no	no	yes
SoffiXsponR570.01Cg245600.v2.1	4.89	no	no	no	yes
SoffiXsponR570.01Dg159000.v2.1	4.889	no	no	no	yes
SoffiXsponR570.05Fg291700.v2.1	4.889	no	no	no	yes
SoffiXsponR570.10Ag000700.v2.1	4.888	no	no	no	yes
SoffiXsponR570.05Eg078000.v2.1	4.888	no	no	no	yes
SoffiXsponR570.8_5Ag204500.v2.1	4.887	no	no	no	yes
SoffiXsponR570.05Fg290600.v2.1	4.887	no	no	no	yes
SoffiXsponR570.5os2g004600.v2.1	4.887	no	no	no	yes
SoffiXsponR570.04Fg074900.v2.1	4.886	no	no	no	yes
SoffiXsponR570.08Ag076900.v2.1	4.885	no	no	no	yes
SoffiXsponR570.05Ag153700.v2.1	4.885	no	no	no	yes
SoffiXsponR570.05Dg027300.v2.1	4.885	no	no	no	yes
SoffiXsponR570.03Cg309800.v2.1	4.882	no	no	no	yes
SoffiXsponR570.07Cg215700.v2.1	4.882	no	no	no	yes
SoffiXsponR570.02Fg176500.v2.1	4.88	no	no	no	yes
SoffiXsponR570.08Ag058600.v2.1	4.88	no	no	no	yes
SoffiXsponR570.02Eg050600.v2.1	4.879	no	no	no	yes
SoffiXsponR570.06Gg044100.v2.1	4.879	no	no	no	yes
SoffiXsponR570.05Bg117400.v2.1	4.878	no	no	no	yes
SoffiXsponR570.04Eg045900.v2.1	4.875	no	no	no	yes
SoffiXsponR570.02Ag413000.v2.1	4.873	no	no	no	yes
SoffiXsponR570.02Ag123400.v2.1	4.872	no	no	no	yes
SoffiXsponR570.01Eg220100.v2.1	4.871	no	no	no	yes
SoffiXsponR570.01Bg462400.v2.1	4.87	no	no	no	yes
SoffiXsponR570.05Bg255500.v2.1	4.869	no	no	no	yes
SoffiXsponR570.04Gg048800.v2.1	4.867	no	no	no	yes
SoffiXsponR570.04Cg201800.v2.1	4.866	no	no	no	yes
SoffiXsponR570.03Eg231900.v2.1	4.864	no	no	no	yes
SoffiXsponR570.07Eg165100.v2.1	4.863	no	no	no	yes
SoffiXsponR570.05Fg231000.v2.1	4.861	no	no	no	yes
SoffiXsponR570.02Eg387000.v2.1	4.861	no	no	no	yes
SoffiXsponR570.6us88g003200.v2.1	4.861	no	no	no	yes
SoffiXsponR570.03Gg029600.v2.1	4.858	no	no	no	yes
SoffiXsponR570.02Fg308600.v2.1	4.856	no	no	no	yes
SoffiXsponR570.07Bg279000.v2.1	4.854	no	yes	no	yes
SoffiXsponR570.06Gg150900.v2.1	4.852	no	no	no	yes
SoffiXsponR570.5_9Ag005200.v2.1	4.85	no	no	no	yes
SoffiXsponR570.06Gg023300.v2.1	4.849	no	no	no	yes
SoffiXsponR570.02Bg357600.v2.1	4.847	no	no	no	yes
SoffiXsponR570.05Cg155400.v2.1	4.847	no	no	no	yes
SoffiXsponR570.08Bg062200.v2.1	4.846	no	no	no	yes
SoffiXsponR570.01Eg317300.v2.1	4.846	no	no	no	yes
SoffiXsponR570.05Bg204100.v2.1	4.845	no	no	no	yes
SoffiXsponR570.09Cg148900.v2.1	4.845	no	no	no	yes
SoffiXsponR570.05Ag275100.v2.1	4.845	no	no	no	yes
SoffiXsponR570.05Gg184400.v2.1	4.845	no	no	no	yes
SoffiXsponR570.06Cg121200.v2.1	4.845	no	no	no	yes
SoffiXsponR570.10Eg011000.v2.1	4.843	no	no	no	yes
SoffiXsponR570.02Gg135700.v2.1	4.841	no	no	no	yes
SoffiXsponR570.01Eg315400.v2.1	4.84	no	no	no	yes
SoffiXsponR570.8_10Ag286900.v2.1	4.84	no	no	no	yes
SoffiXsponR570.02Bg348500.v2.1	4.838	no	no	no	yes
SoffiXsponR570.01Eg209500.v2.1	4.836	no	no	no	yes
SoffiXsponR570.04Bg136600.v2.1	4.834	no	no	no	yes
SoffiXsponR570.04Cg074100.v2.1	4.831	no	no	no	yes
SoffiXsponR570.08Cg001300.v2.1	4.829	no	no	no	yes
SoffiXsponR570.05Fg054000.v2.1	4.828	no	no	no	yes
SoffiXsponR570.05Ag099200.v2.1	4.828	no	no	no	yes
SoffiXsponR570.02Cg340300.v2.1	4.828	no	no	no	yes
SoffiXsponR570.01Cg233500.v2.1	4.827	no	no	no	yes
SoffiXsponR570.07Eg067400.v2.1	4.826	no	no	no	yes
SoffiXsponR570.05Eg329300.v2.1	4.826	no	no	no	yes
SoffiXsponR570.02Bg029600.v2.1	4.826	no	no	no	yes
SoffiXsponR570.5_9Ag325800.v2.1	4.825	no	no	no	yes
SoffiXsponR570.07Bg044100.v2.1	4.825	no	no	no	yes
SoffiXsponR570.06Dg072400.v2.1	4.825	no	no	no	yes
SoffiXsponR570.01Cg332800.v2.1	4.823	no	no	no	yes
SoffiXsponR570.06Fg010800.v2.1	4.822	no	no	no	yes
SoffiXsponR570.01Bg316100.v2.1	4.82	no	no	no	yes
SoffiXsponR570.04Ag102200.v2.1	4.82	no	no	no	yes
SoffiXsponR570.6us88g051500.v2.1	4.819	no	no	no	yes
SoffiXsponR570.02Bg207600.v2.1	4.819	no	no	no	yes
SoffiXsponR570.01Bg291000.v2.1	4.819	no	no	no	yes
SoffiXsponR570.01Bg453400.v2.1	4.819	no	no	no	yes
SoffiXsponR570.01Eg075700.v2.1	4.816	no	no	no	yes
SoffiXsponR570.06Dg089900.v2.1	4.816	no	no	no	yes
SoffiXsponR570.01Dg343100.v2.1	4.815	no	no	no	yes
SoffiXsponR570.04Ag111900.v2.1	4.815	no	no	no	yes
SoffiXsponR570.02Ag252100.v2.1	4.812	no	no	no	yes
SoffiXsponR570.01Bg430300.v2.1	4.812	no	no	no	yes
SoffiXsponR570.04Gg040600.v2.1	4.811	no	no	no	yes
SoffiXsponR570.07Cg221400.v2.1	4.808	no	no	no	yes
SoffiXsponR570.03Fg016700.v2.1	4.808	no	no	no	yes
SoffiXsponR570.01Eg096700.v2.1	4.808	no	no	no	yes
SoffiXsponR570.08Ag075200.v2.1	4.807	no	no	no	yes
SoffiXsponR570.08Ag110200.v2.1	4.807	no	no	no	yes
SoffiXsponR570.7_10Ag348700.v2.1	4.807	no	no	no	yes
SoffiXsponR570.08Cg093200.v2.1	4.807	no	no	no	yes
SoffiXsponR570.03Cg072300.v2.1	4.806	no	no	no	yes
SoffiXsponR570.05Ag234800.v2.1	4.805	no	no	no	yes
SoffiXsponR570.7_10Ag268700.v2.1	4.803	no	no	no	yes
SoffiXsponR570.1Z267400.v2.1	4.803	no	no	no	yes
SoffiXsponR570.5_9Ag316200.v2.1	4.802	no	no	no	yes
SoffiXsponR570.03Bg078600.v2.1	4.802	no	no	no	yes
SoffiXsponR570.05Ag258400.v2.1	4.801	no	no	no	yes
SoffiXsponR570.05Fg165400.v2.1	4.801	no	no	no	yes
SoffiXsponR570.02Gg181800.v2.1	4.8	no	no	no	yes
SoffiXsponR570.03Bg104700.v2.1	4.799	no	no	no	yes
SoffiXsponR570.02Eg347800.v2.1	4.798	no	no	no	yes
SoffiXsponR570.01Ag412500.v2.1	4.798	no	no	no	yes
SoffiXsponR570.03Eg170300.v2.1	4.797	no	no	no	yes
SoffiXsponR570.8_5Ag086500.v2.1	4.797	no	no	no	yes
SoffiXsponR570.02Ag019200.v2.1	4.797	no	no	no	yes
SoffiXsponR570.05Bg250800.v2.1	4.797	no	no	no	yes
SoffiXsponR570.03Gg002500.v2.1	4.796	no	no	no	yes
SoffiXsponR570.03Eg290000.v2.1	4.796	no	no	no	yes
SoffiXsponR570.03Dg293100.v2.1	4.795	no	no	no	yes
SoffiXsponR570.05Ag308900.v2.1	4.795	no	no	no	yes
SoffiXsponR570.7_10Ag261000.v2.1	4.794	no	no	no	yes
SoffiXsponR570.03Cg310900.v2.1	4.794	no	no	no	yes
SoffiXsponR570.8_5Ag111700.v2.1	4.794	no	no	no	yes
SoffiXsponR570.01Cg201800.v2.1	4.793	no	no	no	yes
SoffiXsponR570.02Cg139700.v2.1	4.792	no	no	no	yes
SoffiXsponR570.06Fg013800.v2.1	4.792	no	no	no	yes
SoffiXsponR570.01Eg296500.v2.1	4.79	no	no	no	yes
SoffiXsponR570.03Eg098400.v2.1	4.788	no	no	no	yes
SoffiXsponR570.02Cg193400.v2.1	4.788	no	no	no	yes
SoffiXsponR570.02Gg283100.v2.1	4.788	no	no	no	yes
SoffiXsponR570.06Gg069800.v2.1	4.787	no	no	no	yes
SoffiXsponR570.09Bg097400.v2.1	4.787	no	no	no	yes
SoffiXsponR570.07Bg163400.v2.1	4.787	no	no	no	yes
SoffiXsponR570.05Gg050800.v2.1	4.787	no	no	no	yes
SoffiXsponR570.03Ag182200.v2.1	4.786	no	no	no	yes
SoffiXsponR570.02Gg324500.v2.1	4.786	no	no	no	yes
SoffiXsponR570.02Bg101500.v2.1	4.785	no	no	no	yes
SoffiXsponR570.04Dg033900.v2.1	4.784	no	no	no	yes
SoffiXsponR570.1Z031200.v2.1	4.783	no	no	no	yes
SoffiXsponR570.5_9Ag098300.v2.1	4.783	no	no	no	yes
SoffiXsponR570.02Bg100200.v2.1	4.783	no	no	no	yes
SoffiXsponR570.05Eg080100.v2.1	4.781	no	no	no	yes
SoffiXsponR570.01Cg187900.v2.1	4.781	no	no	no	yes
SoffiXsponR570.05Cg026900.v2.1	4.78	no	no	no	yes
SoffiXsponR570.06Cg197800.v2.1	4.78	no	no	no	yes
SoffiXsponR570.06Cg168300.v2.1	4.78	no	no	no	yes
SoffiXsponR570.03Gg140000.v2.1	4.779	no	no	no	yes
SoffiXsponR570.04Dg112400.v2.1	4.778	no	no	no	yes
SoffiXsponR570.10os1g046500.v2.1	4.778	no	no	no	yes
SoffiXsponR570.08Cg144100.v2.1	4.778	no	no	no	yes
SoffiXsponR570.02Fg182700.v2.1	4.775	no	no	no	yes
SoffiXsponR570.02Bg290800.v2.1	4.774	no	no	no	yes
SoffiXsponR570.8_5Ag100600.v2.1	4.771	no	no	no	yes
SoffiXsponR570.10Bg083800.v2.1	4.769	no	no	no	yes
SoffiXsponR570.02Eg002600.v2.1	4.769	no	no	no	yes
SoffiXsponR570.07Dg203100.v2.1	4.767	no	no	no	yes
SoffiXsponR570.02Ag260300.v2.1	4.767	no	no	no	yes
SoffiXsponR570.06Ag085500.v2.1	4.766	no	no	no	yes
SoffiXsponR570.10Eg132600.v2.1	4.766	no	no	no	yes
SoffiXsponR570.9os1g007700.v2.1	4.763	no	no	no	yes
SoffiXsponR570.02Bg325100.v2.1	4.762	no	no	no	yes
SoffiXsponR570.03Cg290600.v2.1	4.759	no	no	no	yes
SoffiXsponR570.01Eg314200.v2.1	4.759	no	no	no	yes
SoffiXsponR570.7os1g045200.v2.1	4.759	no	no	no	yes
SoffiXsponR570.06Cg160200.v2.1	4.758	no	no	no	yes
SoffiXsponR570.06Ag198000.v2.1	4.757	no	no	no	yes
SoffiXsponR570.1Z112700.v2.1	4.757	no	no	no	yes
SoffiXsponR570.01Bg129500.v2.1	4.756	no	no	no	yes
SoffiXsponR570.10Ag072300.v2.1	4.754	yes	no	no	yes
SoffiXsponR570.8_10Ag277300.v2.1	4.754	no	no	no	yes
SoffiXsponR570.01Dg190600.v2.1	4.754	no	no	no	yes
SoffiXsponR570.02Bg325000.v2.1	4.753	no	no	no	yes
SoffiXsponR570.02Bg379000.v2.1	4.751	no	no	no	yes
SoffiXsponR570.02Cg379400.v2.1	4.751	no	no	no	yes
SoffiXsponR570.04Cg160400.v2.1	4.749	no	no	no	yes
SoffiXsponR570.05Dg354700.v2.1	4.748	no	no	no	yes
SoffiXsponR570.07Eg114000.v2.1	4.748	no	no	no	yes
SoffiXsponR570.07Cg232600.v2.1	4.743	no	no	no	yes
SoffiXsponR570.02Cg186400.v2.1	4.743	no	no	no	yes
SoffiXsponR570.6_9Ag048800.v2.1	4.742	no	no	no	yes
SoffiXsponR570.07Dg021000.v2.1	4.741	no	no	no	yes
SoffiXsponR570.7os1g046200.v2.1	4.738	no	no	no	yes
SoffiXsponR570.01Dg341000.v2.1	4.738	no	yes	no	yes
SoffiXsponR570.03Ag302500.v2.1	4.737	no	no	no	yes
SoffiXsponR570.05Gg138800.v2.1	4.737	no	no	no	yes
SoffiXsponR570.07Bg040700.v2.1	4.733	no	no	no	yes
SoffiXsponR570.02Bg152700.v2.1	4.733	no	no	no	yes
SoffiXsponR570.03Ag011300.v2.1	4.732	no	no	no	yes
SoffiXsponR570.01Dg049600.v2.1	4.73	no	no	no	yes
SoffiXsponR570.01Dg283600.v2.1	4.729	no	no	no	yes
SoffiXsponR570.08Eg029800.v2.1	4.729	no	no	no	yes
SoffiXsponR570.02Cg034600.v2.1	4.726	no	no	no	yes
SoffiXsponR570.05Fg101700.v2.1	4.725	no	no	no	yes
SoffiXsponR570.8_5Ag184000.v2.1	4.724	no	no	no	yes
SoffiXsponR570.02Cg147300.v2.1	4.724	no	no	no	yes
SoffiXsponR570.05Dg243800.v2.1	4.724	no	no	no	yes
SoffiXsponR570.05Cg169200.v2.1	4.72	no	no	no	yes
SoffiXsponR570.07Cg249900.v2.1	4.719	no	no	no	yes
SoffiXsponR570.7_10Ag374500.v2.1	4.718	no	no	no	yes
SoffiXsponR570.05Ag347200.v2.1	4.718	no	no	no	yes
SoffiXsponR570.03Ag039200.v2.1	4.716	no	no	no	yes
SoffiXsponR570.05Bg219600.v2.1	4.716	no	no	no	yes
SoffiXsponR570.03Eg223200.v2.1	4.716	yes	no	yes	no
SoffiXsponR570.04Cg137300.v2.1	4.714	no	no	no	yes
SoffiXsponR570.10os1g050500.v2.1	4.713	no	no	no	yes
SoffiXsponR570.02Eg380500.v2.1	4.713	no	no	no	yes
SoffiXsponR570.08Cg039600.v2.1	4.711	no	no	no	yes
SoffiXsponR570.01Ag299500.v2.1	4.707	no	no	no	yes
SoffiXsponR570.02Bg016500.v2.1	4.706	no	no	no	yes
SoffiXsponR570.02Ag238700.v2.1	4.706	no	no	no	yes
SoffiXsponR570.02Fg297700.v2.1	4.705	no	no	no	yes
SoffiXsponR570.05Dg308000.v2.1	4.705	no	no	no	yes
SoffiXsponR570.05Ag287300.v2.1	4.704	no	no	no	yes
SoffiXsponR570.06Dg062300.v2.1	4.703	no	no	no	yes
SoffiXsponR570.02Dg094500.v2.1	4.702	no	no	no	yes
SoffiXsponR570.01Dg080600.v2.1	4.701	no	no	no	yes
SoffiXsponR570.07Bg058500.v2.1	4.701	no	no	no	yes
SoffiXsponR570.5_9Ag011200.v2.1	4.7	no	no	no	yes
SoffiXsponR570.02Ag322400.v2.1	4.699	no	no	no	yes
SoffiXsponR570.06Eg050700.v2.1	4.698	no	no	no	yes
SoffiXsponR570.03Fg069400.v2.1	4.697	no	no	no	yes
SoffiXsponR570.09Cg084300.v2.1	4.696	no	no	no	yes
SoffiXsponR570.07Cg158500.v2.1	4.696	no	no	no	yes
SoffiXsponR570.02Dg035400.v2.1	4.694	no	no	no	yes
SoffiXsponR570.01Eg253100.v2.1	4.692	no	no	no	yes
SoffiXsponR570.04Ag065600.v2.1	4.692	yes	yes	no	no
SoffiXsponR570.02Fg223500.v2.1	4.688	no	no	no	yes
SoffiXsponR570.08Ag196300.v2.1	4.688	no	no	no	yes
SoffiXsponR570.06Gg047200.v2.1	4.687	no	no	no	yes
SoffiXsponR570.05Eg294200.v2.1	4.686	no	no	no	yes
SoffiXsponR570.10Dg112000.v2.1	4.685	no	no	no	yes
SoffiXsponR570.7_10Ag331700.v2.1	4.684	no	no	no	yes
SoffiXsponR570.04Ag270200.v2.1	4.684	no	no	no	yes
SoffiXsponR570.09Ag138900.v2.1	4.683	no	no	no	yes
SoffiXsponR570.03Cg017300.v2.1	4.682	no	no	no	yes
SoffiXsponR570.03Bg313500.v2.1	4.679	no	no	no	yes
SoffiXsponR570.02Ag114200.v2.1	4.679	no	no	no	yes
SoffiXsponR570.02Ag293300.v2.1	4.679	no	no	no	yes
SoffiXsponR570.10Ag185800.v2.1	4.679	no	no	no	yes
SoffiXsponR570.09Bg089100.v2.1	4.679	no	no	no	yes
SoffiXsponR570.05Bg224200.v2.1	4.677	no	no	no	yes
SoffiXsponR570.06Cg199600.v2.1	4.675	no	no	no	yes
SoffiXsponR570.02Bg188000.v2.1	4.675	no	no	no	yes
SoffiXsponR570.02Gg009600.v2.1	4.675	no	no	no	yes
SoffiXsponR570.05Ag148400.v2.1	4.675	no	no	no	yes
SoffiXsponR570.05Cg178000.v2.1	4.674	no	no	no	yes
SoffiXsponR570.01Ag015100.v2.1	4.673	no	no	no	yes
SoffiXsponR570.09Dg073300.v2.1	4.671	no	no	no	yes
SoffiXsponR570.01Bg406700.v2.1	4.669	no	no	no	yes
SoffiXsponR570.05Bg241900.v2.1	4.668	no	no	no	yes
SoffiXsponR570.05Cg272600.v2.1	4.668	no	no	no	yes
SoffiXsponR570.10Cg165200.v2.1	4.664	no	no	no	yes
SoffiXsponR570.6_9Ag263300.v2.1	4.663	no	no	no	yes
SoffiXsponR570.01Bg343200.v2.1	4.663	no	no	no	yes
SoffiXsponR570.02Eg137300.v2.1	4.662	no	no	no	yes
SoffiXsponR570.10Cg094200.v2.1	4.66	no	no	no	yes
SoffiXsponR570.10os1g043500.v2.1	4.659	no	no	no	yes
SoffiXsponR570.05Fg122600.v2.1	4.659	no	no	no	yes
SoffiXsponR570.01Dg358300.v2.1	4.657	no	no	no	yes
SoffiXsponR570.02Eg125800.v2.1	4.655	no	no	no	yes
SoffiXsponR570.02Ag398100.v2.1	4.653	no	no	no	yes
SoffiXsponR570.01Dg084300.v2.1	4.653	no	no	no	yes
SoffiXsponR570.10Ag126000.v2.1	4.651	no	no	no	yes
SoffiXsponR570.07Ag161800.v2.1	4.651	no	no	no	yes
SoffiXsponR570.05Ag377200.v2.1	4.651	no	no	no	yes
SoffiXsponR570.10Ag202500.v2.1	4.65	no	no	no	yes
SoffiXsponR570.8_5Ag104500.v2.1	4.65	no	no	no	yes
SoffiXsponR570.02Gg319000.v2.1	4.649	no	no	no	yes
SoffiXsponR570.01Ag487300.v2.1	4.647	no	no	no	yes
SoffiXsponR570.07Dg157200.v2.1	4.647	no	no	no	yes
SoffiXsponR570.02Ag220900.v2.1	4.643	no	no	no	yes
SoffiXsponR570.01Eg303700.v2.1	4.641	no	no	no	yes
SoffiXsponR570.02Gg169800.v2.1	4.64	no	no	no	yes
SoffiXsponR570.05Cg009900.v2.1	4.64	no	no	no	yes
SoffiXsponR570.01Bg391000.v2.1	4.638	no	no	no	yes
SoffiXsponR570.5_9Ag195500.v2.1	4.638	no	no	no	yes
SoffiXsponR570.01Cg109900.v2.1	4.636	no	no	no	yes
SoffiXsponR570.02Bg071200.v2.1	4.635	no	no	no	yes
SoffiXsponR570.7os1g054500.v2.1	4.634	no	no	no	yes
SoffiXsponR570.02Ag220300.v2.1	4.634	no	no	no	yes
SoffiXsponR570.05Eg213000.v2.1	4.632	no	no	no	yes
SoffiXsponR570.02Gg076200.v2.1	4.632	no	no	no	yes
SoffiXsponR570.05Fg121100.v2.1	4.632	no	no	no	yes
SoffiXsponR570.8_10Ag122900.v2.1	4.63	no	no	no	yes
SoffiXsponR570.02Bg337400.v2.1	4.63	no	no	no	yes
SoffiXsponR570.10Cg189200.v2.1	4.63	no	no	no	yes
SoffiXsponR570.08Ag212300.v2.1	4.63	no	no	no	yes
SoffiXsponR570.01Ag147500.v2.1	4.629	no	no	no	yes
SoffiXsponR570.07Cg245200.v2.1	4.629	no	no	no	yes
SoffiXsponR570.04Dg010100.v2.1	4.628	no	no	no	yes
SoffiXsponR570.02Ag172900.v2.1	4.628	no	no	no	yes
SoffiXsponR570.02Gg044600.v2.1	4.626	no	no	no	yes
SoffiXsponR570.04Ag115700.v2.1	4.626	no	no	no	yes
SoffiXsponR570.06Cg199200.v2.1	4.626	no	no	no	yes
SoffiXsponR570.10Bg121800.v2.1	4.626	no	no	no	yes
SoffiXsponR570.02Cg166700.v2.1	4.625	no	no	no	yes
SoffiXsponR570.5_9Ag467100.v2.1	4.622	no	no	no	yes
SoffiXsponR570.06Fg117300.v2.1	4.621	no	no	no	yes
SoffiXsponR570.01Cg266800.v2.1	4.621	no	no	no	yes
SoffiXsponR570.05Bg377600.v2.1	4.62	no	no	no	yes
SoffiXsponR570.08Bg006600.v2.1	4.62	no	no	no	yes
SoffiXsponR570.01Cg390800.v2.1	4.62	no	no	no	yes
SoffiXsponR570.05Cg204800.v2.1	4.619	no	no	no	yes
SoffiXsponR570.08Bg064200.v2.1	4.619	no	no	no	yes
SoffiXsponR570.03Cg179800.v2.1	4.617	no	no	no	yes
SoffiXsponR570.5_9Ag148900.v2.1	4.615	no	no	no	yes
SoffiXsponR570.01Bg402400.v2.1	4.615	no	no	no	yes
SoffiXsponR570.03Bg215200.v2.1	4.614	no	no	no	yes
SoffiXsponR570.01Ag241900.v2.1	4.614	no	no	no	yes
SoffiXsponR570.5_9Ag445800.v2.1	4.613	no	yes	yes	yes
SoffiXsponR570.02Eg078900.v2.1	4.613	no	no	no	yes
SoffiXsponR570.02Eg135300.v2.1	4.611	no	no	no	yes
SoffiXsponR570.10Ag207800.v2.1	4.606	no	no	no	yes
SoffiXsponR570.7os1g034500.v2.1	4.606	no	no	no	yes
SoffiXsponR570.03Eg271400.v2.1	4.603	no	no	no	yes
SoffiXsponR570.7os1g026300.v2.1	4.603	no	no	no	yes
SoffiXsponR570.01Bg378400.v2.1	4.602	no	no	no	yes
SoffiXsponR570.05Ag086100.v2.1	4.602	no	no	no	yes
SoffiXsponR570.01Bg016200.v2.1	4.599	no	no	no	yes
SoffiXsponR570.04Eg125900.v2.1	4.599	no	no	no	yes
SoffiXsponR570.03Gg003200.v2.1	4.597	no	no	no	yes
SoffiXsponR570.04Bg090800.v2.1	4.596	yes	yes	yes	yes
SoffiXsponR570.06Ag200100.v2.1	4.596	no	no	no	yes
SoffiXsponR570.01Dg349100.v2.1	4.595	no	no	no	yes
SoffiXsponR570.07Bg178700.v2.1	4.595	no	no	no	yes
SoffiXsponR570.05Fg271800.v2.1	4.592	no	no	no	yes
SoffiXsponR570.06Fg088900.v2.1	4.59	no	no	no	yes
SoffiXsponR570.07Eg108900.v2.1	4.59	no	no	no	yes
SoffiXsponR570.08Ag213300.v2.1	4.587	no	no	no	yes
SoffiXsponR570.02Ag391500.v2.1	4.586	no	no	no	yes
SoffiXsponR570.02Cg295500.v2.1	4.584	no	no	no	yes
SoffiXsponR570.01Ag087600.v2.1	4.584	no	no	no	yes
SoffiXsponR570.1Z132900.v2.1	4.583	no	no	no	yes
SoffiXsponR570.02Ag155800.v2.1	4.583	no	no	no	yes
SoffiXsponR570.01Dg047600.v2.1	4.583	no	no	no	yes
SoffiXsponR570.01Dg299800.v2.1	4.582	no	no	no	yes
SoffiXsponR570.07Bg136100.v2.1	4.582	no	no	no	yes
SoffiXsponR570.07Cg053100.v2.1	4.581	no	yes	no	yes
SoffiXsponR570.02Ag328200.v2.1	4.579	no	no	no	yes
SoffiXsponR570.10Ag173100.v2.1	4.576	no	no	no	yes
SoffiXsponR570.5_9Ag203100.v2.1	4.576	no	no	no	yes
SoffiXsponR570.04Dg200500.v2.1	4.574	no	no	no	yes
SoffiXsponR570.05Cg184600.v2.1	4.574	no	no	no	yes
SoffiXsponR570.10Ag102100.v2.1	4.573	no	no	no	yes
SoffiXsponR570.05Eg084600.v2.1	4.57	no	no	no	yes
SoffiXsponR570.04Ag120800.v2.1	4.568	no	no	no	yes
SoffiXsponR570.8_5Ag032900.v2.1	4.568	no	no	no	yes
SoffiXsponR570.07Cg144800.v2.1	4.566	no	no	no	yes
SoffiXsponR570.01Eg117000.v2.1	4.565	no	no	no	yes
SoffiXsponR570.01Fg145400.v2.1	4.564	no	no	no	yes
SoffiXsponR570.5os2g007200.v2.1	4.563	no	no	no	yes
SoffiXsponR570.01Ag480900.v2.1	4.562	no	no	no	yes
SoffiXsponR570.03Eg152200.v2.1	4.561	no	no	no	yes
SoffiXsponR570.02Cg357800.v2.1	4.56	no	no	no	yes
SoffiXsponR570.02Dg116600.v2.1	4.56	no	no	yes	yes
SoffiXsponR570.6_9Ag026000.v2.1	4.56	no	no	no	yes
SoffiXsponR570.08Ag140800.v2.1	4.553	no	no	no	yes
SoffiXsponR570.02Ag109400.v2.1	4.553	no	no	no	yes
SoffiXsponR570.1Z176500.v2.1	4.552	no	no	no	yes
SoffiXsponR570.10Ag115200.v2.1	4.551	no	no	no	yes
SoffiXsponR570.07Dg082100.v2.1	4.551	no	no	no	yes
SoffiXsponR570.07Eg052800.v2.1	4.55	no	no	no	yes
SoffiXsponR570.03Eg090400.v2.1	4.549	no	no	no	yes
SoffiXsponR570.8_5Ag130400.v2.1	4.548	no	no	no	yes
SoffiXsponR570.10Ag114200.v2.1	4.548	no	no	no	yes
SoffiXsponR570.05Fg267200.v2.1	4.547	no	no	no	yes
SoffiXsponR570.10Bg075700.v2.1	4.542	no	no	no	yes
SoffiXsponR570.03Cg105200.v2.1	4.541	no	no	no	yes
SoffiXsponR570.10Ag141900.v2.1	4.54	no	no	no	yes
SoffiXsponR570.01Bg306300.v2.1	4.54	no	no	no	yes
SoffiXsponR570.01Dg295400.v2.1	4.54	no	no	no	yes
SoffiXsponR570.01Cg228000.v2.1	4.536	no	no	no	yes
SoffiXsponR570.5_9Ag296300.v2.1	4.535	no	no	no	yes
SoffiXsponR570.8_5Ag014600.v2.1	4.531	no	no	no	yes
SoffiXsponR570.02Cg307200.v2.1	4.53	no	no	no	yes
SoffiXsponR570.05Bg035000.v2.1	4.53	no	no	no	yes
SoffiXsponR570.03Bg105300.v2.1	4.53	no	no	no	yes
SoffiXsponR570.01Ag399700.v2.1	4.529	no	no	no	yes
SoffiXsponR570.08Eg142400.v2.1	4.529	no	no	no	yes
SoffiXsponR570.09Ag102200.v2.1	4.528	no	no	no	yes
SoffiXsponR570.02Eg347900.v2.1	4.526	no	no	no	yes
SoffiXsponR570.07Cg268500.v2.1	4.525	no	no	no	yes
SoffiXsponR570.01Eg132700.v2.1	4.525	no	no	no	yes
SoffiXsponR570.07Bg023600.v2.1	4.523	no	no	no	yes
SoffiXsponR570.1Z030300.v2.1	4.523	no	no	no	yes
SoffiXsponR570.08Dg095800.v2.1	4.523	no	no	no	yes
SoffiXsponR570.09Dg120200.v2.1	4.522	no	no	no	yes
SoffiXsponR570.09Ag061500.v2.1	4.522	no	no	no	yes
SoffiXsponR570.8_10Ag179700.v2.1	4.522	no	no	no	yes
SoffiXsponR570.4us91g029300.v2.1	4.52	no	no	no	yes
SoffiXsponR570.02Fg265000.v2.1	4.519	no	no	no	yes
SoffiXsponR570.09Cg154300.v2.1	4.518	no	no	no	yes
SoffiXsponR570.05Ag259000.v2.1	4.517	no	no	no	yes
SoffiXsponR570.05Eg298400.v2.1	4.517	no	no	no	yes
SoffiXsponR570.05Eg176400.v2.1	4.515	no	no	no	yes
SoffiXsponR570.01Cg123400.v2.1	4.515	no	no	no	yes
SoffiXsponR570.04Gg035100.v2.1	4.515	no	no	no	yes
SoffiXsponR570.05Bg294600.v2.1	4.514	no	no	no	yes
SoffiXsponR570.01Ag417900.v2.1	4.513	no	no	no	yes
SoffiXsponR570.09Bg031800.v2.1	4.512	no	no	no	yes
SoffiXsponR570.01Dg397500.v2.1	4.512	no	no	no	yes
SoffiXsponR570.8_10Ag116400.v2.1	4.512	no	no	no	yes
SoffiXsponR570.10Fg026600.v2.1	4.512	no	no	no	yes
SoffiXsponR570.08Eg012400.v2.1	4.511	no	no	no	yes
SoffiXsponR570.03Cg147200.v2.1	4.508	no	no	no	yes
SoffiXsponR570.07Ag231100.v2.1	4.508	no	no	no	yes
SoffiXsponR570.8_10Ag228200.v2.1	4.506	no	no	no	yes
SoffiXsponR570.02Eg349600.v2.1	4.505	no	no	no	yes
SoffiXsponR570.01Ag464300.v2.1	4.504	no	no	no	yes
SoffiXsponR570.01Ag406100.v2.1	4.502	no	no	no	yes
SoffiXsponR570.7_10Ag192900.v2.1	4.502	no	no	no	yes
SoffiXsponR570.07Eg147400.v2.1	4.501	no	no	no	yes
SoffiXsponR570.09Cg027200.v2.1	4.5	no	no	no	yes
SoffiXsponR570.05Ag011500.v2.1	4.498	no	no	no	yes
SoffiXsponR570.05Fg024200.v2.1	4.497	no	no	no	yes
SoffiXsponR570.05Bg100900.v2.1	4.496	no	no	no	yes
SoffiXsponR570.05Eg264100.v2.1	4.495	no	no	no	yes
SoffiXsponR570.07Ag195200.v2.1	4.495	no	no	no	yes
SoffiXsponR570.06Cg133600.v2.1	4.493	no	no	no	yes
SoffiXsponR570.04Eg147800.v2.1	4.492	no	no	no	yes
SoffiXsponR570.02Bg198100.v2.1	4.492	no	no	no	yes
SoffiXsponR570.07Dg087900.v2.1	4.49	no	no	no	yes
SoffiXsponR570.08Ag049500.v2.1	4.49	no	no	no	yes
SoffiXsponR570.02Gg172700.v2.1	4.489	no	no	no	yes
SoffiXsponR570.02Ag182800.v2.1	4.489	no	no	no	yes
SoffiXsponR570.04Cg101700.v2.1	4.486	no	no	no	yes
SoffiXsponR570.04Ag226500.v2.1	4.486	no	no	no	yes
SoffiXsponR570.09Ag112400.v2.1	4.482	no	no	no	yes
SoffiXsponR570.01Cg101900.v2.1	4.481	no	no	no	yes
SoffiXsponR570.7_10Ag168600.v2.1	4.48	no	no	no	yes
SoffiXsponR570.07Bg150300.v2.1	4.479	no	no	no	yes
SoffiXsponR570.03Eg255600.v2.1	4.479	no	no	no	yes
SoffiXsponR570.01Eg328200.v2.1	4.479	no	no	no	yes
SoffiXsponR570.05Bg255900.v2.1	4.479	no	no	no	yes
SoffiXsponR570.03Ag004900.v2.1	4.478	no	no	no	yes
SoffiXsponR570.01Eg030400.v2.1	4.478	no	no	no	yes
SoffiXsponR570.4us91g017000.v2.1	4.475	no	no	no	yes
SoffiXsponR570.06Ag019300.v2.1	4.474	no	no	no	yes
SoffiXsponR570.05Eg222400.v2.1	4.473	no	no	no	yes
SoffiXsponR570.04Ag250500.v2.1	4.473	no	no	no	yes
SoffiXsponR570.02Eg368500.v2.1	4.473	no	no	no	yes
SoffiXsponR570.10Bg075000.v2.1	4.472	no	no	no	yes
SoffiXsponR570.07Eg107400.v2.1	4.471	no	no	no	yes
SoffiXsponR570.05Eg180800.v2.1	4.471	no	no	no	yes
SoffiXsponR570.03Eg007700.v2.1	4.47	no	no	no	yes
SoffiXsponR570.05Cg317700.v2.1	4.469	no	no	no	yes
SoffiXsponR570.1Z271500.v2.1	4.469	no	no	no	yes
SoffiXsponR570.6_9Ag232900.v2.1	4.469	no	no	no	yes
SoffiXsponR570.05Ag186500.v2.1	4.468	no	no	no	yes
SoffiXsponR570.07Ag112000.v2.1	4.468	no	no	no	yes
SoffiXsponR570.7os1g063400.v2.1	4.468	no	no	no	yes
SoffiXsponR570.05Gg052500.v2.1	4.467	no	no	no	yes
SoffiXsponR570.10Fg088600.v2.1	4.466	no	no	no	yes
SoffiXsponR570.02Bg272900.v2.1	4.466	no	no	no	yes
SoffiXsponR570.07Cg255300.v2.1	4.466	no	no	no	yes
SoffiXsponR570.06Cg036300.v2.1	4.465	no	no	no	yes
SoffiXsponR570.10Dg181400.v2.1	4.465	no	no	no	yes
SoffiXsponR570.07Eg028900.v2.1	4.464	no	no	no	yes
SoffiXsponR570.05Fg152700.v2.1	4.464	no	no	no	yes
SoffiXsponR570.02Cg164700.v2.1	4.463	no	no	no	yes
SoffiXsponR570.01Ag341400.v2.1	4.463	no	no	no	yes
SoffiXsponR570.8_5Ag091700.v2.1	4.463	no	no	no	yes
SoffiXsponR570.06Dg063800.v2.1	4.461	no	no	no	yes
SoffiXsponR570.5_9Ag463300.v2.1	4.461	no	no	no	yes
SoffiXsponR570.02Cg166600.v2.1	4.459	no	no	no	yes
SoffiXsponR570.05Cg246900.v2.1	4.459	no	no	no	yes
SoffiXsponR570.04Cg218800.v2.1	4.459	no	no	no	yes
SoffiXsponR570.04Dg037900.v2.1	4.459	no	no	no	yes
SoffiXsponR570.01Ag220900.v2.1	4.458	no	no	no	yes
SoffiXsponR570.01Ag303300.v2.1	4.458	no	no	no	yes
SoffiXsponR570.8_5Ag004100.v2.1	4.457	no	no	no	yes
SoffiXsponR570.05Fg090100.v2.1	4.457	no	no	no	yes
SoffiXsponR570.05Cg039500.v2.1	4.457	no	no	no	yes
SoffiXsponR570.07Cg141900.v2.1	4.452	no	no	no	yes
SoffiXsponR570.05Eg003700.v2.1	4.452	no	no	no	yes
SoffiXsponR570.10Fg002400.v2.1	4.449	no	no	no	yes
SoffiXsponR570.05Cg228000.v2.1	4.449	no	no	no	yes
SoffiXsponR570.05Cg017200.v2.1	4.448	no	no	no	yes
SoffiXsponR570.05Bg011900.v2.1	4.443	no	no	no	yes
SoffiXsponR570.04Ag120300.v2.1	4.442	no	no	no	yes
SoffiXsponR570.8_5Ag229300.v2.1	4.441	no	no	no	yes
SoffiXsponR570.01Cg199400.v2.1	4.441	no	no	no	yes
SoffiXsponR570.07Dg164500.v2.1	4.44	no	no	no	yes
SoffiXsponR570.02Bg063300.v2.1	4.44	no	no	no	yes
SoffiXsponR570.06Ag043900.v2.1	4.439	no	no	no	yes
SoffiXsponR570.05Fg294400.v2.1	4.439	no	no	no	yes
SoffiXsponR570.02Eg039500.v2.1	4.438	no	no	no	yes
SoffiXsponR570.06Eg010200.v2.1	4.436	no	no	no	yes
SoffiXsponR570.05Cg034500.v2.1	4.434	no	no	no	yes
SoffiXsponR570.09Eg042500.v2.1	4.433	no	no	no	yes
SoffiXsponR570.05Eg125500.v2.1	4.433	no	no	no	yes
SoffiXsponR570.1Z280900.v2.1	4.433	no	no	no	yes
SoffiXsponR570.06Fg058700.v2.1	4.433	no	no	no	yes
SoffiXsponR570.02Dg127400.v2.1	4.432	no	no	no	yes
SoffiXsponR570.04Fg137300.v2.1	4.432	no	no	no	yes
SoffiXsponR570.01Ag322600.v2.1	4.427	no	no	no	yes
SoffiXsponR570.05Cg053400.v2.1	4.427	no	no	no	yes
SoffiXsponR570.10Cg029700.v2.1	4.427	no	no	no	yes
SoffiXsponR570.05Eg288100.v2.1	4.426	no	no	no	yes
SoffiXsponR570.05Eg326400.v2.1	4.425	no	no	no	yes
SoffiXsponR570.03Bg148300.v2.1	4.425	no	no	no	yes
SoffiXsponR570.01Eg398900.v2.1	4.424	no	no	no	yes
SoffiXsponR570.01Eg332300.v2.1	4.424	no	no	no	yes
SoffiXsponR570.10Fg013800.v2.1	4.423	no	no	no	yes
SoffiXsponR570.02Cg149600.v2.1	4.422	no	no	no	yes
SoffiXsponR570.07Bg032800.v2.1	4.422	no	no	no	yes
SoffiXsponR570.06Gg149400.v2.1	4.419	no	no	no	yes
SoffiXsponR570.03Eg128000.v2.1	4.418	no	no	no	yes
SoffiXsponR570.6_9Ag203600.v2.1	4.415	no	no	no	yes
SoffiXsponR570.07Dg195600.v2.1	4.415	no	no	no	yes
SoffiXsponR570.03Fg092200.v2.1	4.413	no	no	no	yes
SoffiXsponR570.09Bg007900.v2.1	4.413	no	no	no	yes
SoffiXsponR570.5_9Ag297000.v2.1	4.409	no	no	no	yes
SoffiXsponR570.09Ag153500.v2.1	4.407	no	no	no	yes
SoffiXsponR570.03Ag187900.v2.1	4.407	no	no	no	yes
SoffiXsponR570.02Eg094800.v2.1	4.405	no	no	no	yes
SoffiXsponR570.05Ag315600.v2.1	4.404	no	no	no	yes
SoffiXsponR570.08Bg104300.v2.1	4.403	no	no	no	yes
SoffiXsponR570.04Ag260500.v2.1	4.403	no	no	no	yes
SoffiXsponR570.02Gg178100.v2.1	4.403	no	no	no	yes
SoffiXsponR570.03Bg016900.v2.1	4.403	no	no	no	yes
SoffiXsponR570.05Eg171900.v2.1	4.403	no	no	no	yes
SoffiXsponR570.05Bg172800.v2.1	4.401	no	no	no	yes
SoffiXsponR570.09Cg093900.v2.1	4.4	no	no	no	yes
SoffiXsponR570.10Dg095400.v2.1	4.4	no	no	no	yes
SoffiXsponR570.02Gg071600.v2.1	4.399	no	no	no	yes
SoffiXsponR570.8_5Ag238400.v2.1	4.399	no	no	no	yes
SoffiXsponR570.05Eg233600.v2.1	4.398	no	no	no	yes
SoffiXsponR570.10Fg072600.v2.1	4.398	no	no	no	yes
SoffiXsponR570.05Eg338200.v2.1	4.397	no	no	no	yes
SoffiXsponR570.05Cg170100.v2.1	4.396	no	no	no	yes
SoffiXsponR570.10Ag043000.v2.1	4.394	no	no	no	yes
SoffiXsponR570.09Ag152000.v2.1	4.393	no	no	no	yes
SoffiXsponR570.02Ag370900.v2.1	4.39	no	no	no	yes
SoffiXsponR570.03Dg143700.v2.1	4.39	no	no	no	yes
SoffiXsponR570.05Dg062200.v2.1	4.388	no	no	no	yes
SoffiXsponR570.01Dg100100.v2.1	4.386	no	no	no	yes
SoffiXsponR570.01Cg374900.v2.1	4.386	no	no	no	yes
SoffiXsponR570.04Ag276700.v2.1	4.383	no	no	no	yes
SoffiXsponR570.05Cg352500.v2.1	4.382	no	no	no	yes
SoffiXsponR570.8_10Ag085800.v2.1	4.38	no	no	no	yes
SoffiXsponR570.04Eg147200.v2.1	4.379	no	no	no	yes
SoffiXsponR570.04Dg101200.v2.1	4.379	no	no	no	yes
SoffiXsponR570.07Cg062600.v2.1	4.378	no	no	no	yes
SoffiXsponR570.02Ag378900.v2.1	4.375	no	no	no	yes
SoffiXsponR570.05Cg210800.v2.1	4.375	no	no	no	yes
SoffiXsponR570.05Bg029300.v2.1	4.374	no	no	no	yes
SoffiXsponR570.05Cg374700.v2.1	4.374	no	no	no	yes
SoffiXsponR570.02Dg401600.v2.1	4.373	no	no	no	yes
SoffiXsponR570.08Bg171500.v2.1	4.372	no	no	no	yes
SoffiXsponR570.10Ag041200.v2.1	4.372	no	no	no	yes
SoffiXsponR570.09Ag013800.v2.1	4.37	no	no	no	yes
SoffiXsponR570.07Cg188200.v2.1	4.369	no	no	no	yes
SoffiXsponR570.01Eg277400.v2.1	4.364	no	no	no	yes
SoffiXsponR570.02Dg283300.v2.1	4.364	no	no	no	yes
SoffiXsponR570.01Dg281800.v2.1	4.364	no	no	no	yes
SoffiXsponR570.02Cg371600.v2.1	4.364	no	no	no	yes
SoffiXsponR570.06Gg115200.v2.1	4.363	no	no	no	yes
SoffiXsponR570.03Cg269700.v2.1	4.363	no	no	no	yes
SoffiXsponR570.8_10Ag158800.v2.1	4.363	no	no	no	yes
SoffiXsponR570.02Fg250700.v2.1	4.362	no	no	no	yes
SoffiXsponR570.07Eg191000.v2.1	4.361	no	no	no	yes
SoffiXsponR570.01Eg410500.v2.1	4.361	no	no	no	yes
SoffiXsponR570.10us89g102400.v2.1	4.36	no	no	no	yes
SoffiXsponR570.06Cg010200.v2.1	4.36	no	no	no	yes
SoffiXsponR570.02Gg179000.v2.1	4.357	no	no	no	yes
SoffiXsponR570.02Ag205900.v2.1	4.357	no	no	no	yes
SoffiXsponR570.10Eg126900.v2.1	4.357	no	no	no	yes
SoffiXsponR570.04Bg106800.v2.1	4.355	no	no	no	yes
SoffiXsponR570.01Dg177300.v2.1	4.354	no	no	no	yes
SoffiXsponR570.03Gg045800.v2.1	4.353	no	no	no	yes
SoffiXsponR570.05Cg248100.v2.1	4.351	no	no	no	yes
SoffiXsponR570.01Dg104200.v2.1	4.351	no	no	no	yes
SoffiXsponR570.02Eg279100.v2.1	4.35	no	no	no	yes
SoffiXsponR570.05Cg340900.v2.1	4.347	no	no	no	yes
SoffiXsponR570.3os2g000600.v2.1	4.346	no	no	no	yes
SoffiXsponR570.07Dg201500.v2.1	4.345	no	no	yes	yes
SoffiXsponR570.06Ag123700.v2.1	4.343	no	no	no	yes
SoffiXsponR570.8_5Ag005000.v2.1	4.341	no	no	no	yes
SoffiXsponR570.05Cg381500.v2.1	4.341	no	no	no	yes
SoffiXsponR570.05Bg297100.v2.1	4.341	no	no	no	yes
SoffiXsponR570.05Gg205300.v2.1	4.341	no	no	no	yes
SoffiXsponR570.02Ag230500.v2.1	4.34	no	no	no	yes
SoffiXsponR570.09Eg078900.v2.1	4.339	no	no	no	yes
SoffiXsponR570.03Ag342200.v2.1	4.338	no	no	no	yes
SoffiXsponR570.06Fg110900.v2.1	4.338	no	no	no	yes
SoffiXsponR570.01Cg146900.v2.1	4.337	no	no	no	yes
SoffiXsponR570.6_9Ag280600.v2.1	4.337	no	no	no	yes
SoffiXsponR570.05Eg080700.v2.1	4.336	no	no	no	yes
SoffiXsponR570.10Bg034300.v2.1	4.335	no	no	no	yes
SoffiXsponR570.05Eg310500.v2.1	4.334	no	no	no	yes
SoffiXsponR570.02Dg179500.v2.1	4.333	no	no	no	yes
SoffiXsponR570.6_9Ag293100.v2.1	4.331	no	no	no	yes
SoffiXsponR570.06Eg083000.v2.1	4.33	no	no	no	yes
SoffiXsponR570.02Bg356900.v2.1	4.329	no	no	no	yes
SoffiXsponR570.07Dg041100.v2.1	4.329	no	no	no	yes
SoffiXsponR570.04Ag097000.v2.1	4.327	no	no	no	yes
SoffiXsponR570.05Fg234300.v2.1	4.325	no	no	no	yes
SoffiXsponR570.3os1g015300.v2.1	4.324	no	no	no	yes
SoffiXsponR570.05Eg252000.v2.1	4.324	no	no	no	yes
SoffiXsponR570.01Cg117000.v2.1	4.322	no	no	no	yes
SoffiXsponR570.05Ag080000.v2.1	4.321	no	no	no	yes
SoffiXsponR570.10Ag220300.v2.1	4.315	no	no	no	yes
SoffiXsponR570.08Ag129000.v2.1	4.315	no	no	no	yes
SoffiXsponR570.02Bg154500.v2.1	4.313	no	no	no	yes
SoffiXsponR570.02Gg200700.v2.1	4.312	no	no	no	yes
SoffiXsponR570.07Cg147500.v2.1	4.31	no	no	no	yes
SoffiXsponR570.07Bg217700.v2.1	4.308	no	no	no	yes
SoffiXsponR570.01Eg069200.v2.1	4.307	no	no	no	yes
SoffiXsponR570.01Ag502800.v2.1	4.305	no	no	no	yes
SoffiXsponR570.06Eg099000.v2.1	4.305	no	no	no	yes
SoffiXsponR570.10Cg090800.v2.1	4.304	no	no	no	yes
SoffiXsponR570.05Fg300900.v2.1	4.303	no	no	no	yes
SoffiXsponR570.01Eg375500.v2.1	4.303	no	no	no	yes
SoffiXsponR570.02Ag217500.v2.1	4.302	no	no	no	yes
SoffiXsponR570.7_10Ag375100.v2.1	4.302	no	no	no	yes
SoffiXsponR570.03Dg228600.v2.1	4.301	no	no	no	yes
SoffiXsponR570.05Dg293400.v2.1	4.301	no	no	no	yes
SoffiXsponR570.04Ag130900.v2.1	4.301	no	no	no	yes
SoffiXsponR570.01Eg105400.v2.1	4.3	no	no	no	yes
SoffiXsponR570.03Ag326300.v2.1	4.299	no	no	no	yes
SoffiXsponR570.8_5Ag198100.v2.1	4.298	no	no	no	yes
SoffiXsponR570.08Ag193200.v2.1	4.297	no	no	no	yes
SoffiXsponR570.05Cg263400.v2.1	4.297	no	no	no	yes
SoffiXsponR570.01Dg120300.v2.1	4.296	no	no	no	yes
SoffiXsponR570.01Eg248800.v2.1	4.295	no	yes	yes	yes
SoffiXsponR570.07Dg220900.v2.1	4.295	no	no	no	yes
SoffiXsponR570.09Ag084600.v2.1	4.294	no	no	no	yes
SoffiXsponR570.03Gg025800.v2.1	4.291	no	no	no	yes
SoffiXsponR570.6os1g000900.v2.1	4.289	no	no	no	yes
SoffiXsponR570.06Gg129100.v2.1	4.288	no	no	no	yes
SoffiXsponR570.08Ag183100.v2.1	4.287	no	no	no	yes
SoffiXsponR570.6_9Ag171400.v2.1	4.287	no	yes	no	yes
SoffiXsponR570.02Fg060300.v2.1	4.287	no	no	no	yes
SoffiXsponR570.05Gg175200.v2.1	4.286	no	no	no	yes
SoffiXsponR570.04Bg066700.v2.1	4.286	no	no	no	yes
SoffiXsponR570.1Z192600.v2.1	4.284	no	no	no	yes
SoffiXsponR570.1os1g007800.v2.1	4.284	no	no	no	yes
SoffiXsponR570.03Dg136000.v2.1	4.283	no	no	no	yes
SoffiXsponR570.03Ag058300.v2.1	4.283	no	no	no	yes
SoffiXsponR570.05Dg360600.v2.1	4.283	no	no	no	yes
SoffiXsponR570.10Ag089400.v2.1	4.282	no	no	no	yes
SoffiXsponR570.03Eg265900.v2.1	4.282	no	no	no	yes
SoffiXsponR570.08Bg137900.v2.1	4.28	no	no	no	yes
SoffiXsponR570.08Bg155000.v2.1	4.279	no	no	no	yes
SoffiXsponR570.01Dg032000.v2.1	4.278	no	no	no	yes
SoffiXsponR570.1Z276500.v2.1	4.276	no	no	no	yes
SoffiXsponR570.03Cg137800.v2.1	4.276	no	no	no	yes
SoffiXsponR570.07Ag031300.v2.1	4.275	no	no	no	yes
SoffiXsponR570.03Cg249200.v2.1	4.275	no	no	no	yes
SoffiXsponR570.01Bg379300.v2.1	4.274	no	no	no	yes
SoffiXsponR570.07Dg110700.v2.1	4.273	no	no	no	yes
SoffiXsponR570.02Eg291300.v2.1	4.271	no	no	no	yes
SoffiXsponR570.8_5Ag111800.v2.1	4.269	no	no	no	yes
SoffiXsponR570.03Cg052300.v2.1	4.269	no	no	no	yes
SoffiXsponR570.02Fg212500.v2.1	4.269	no	no	no	yes
SoffiXsponR570.05Fg116700.v2.1	4.268	no	no	no	yes
SoffiXsponR570.09Eg054000.v2.1	4.267	no	no	no	yes
SoffiXsponR570.06Gg048000.v2.1	4.266	no	no	no	yes
SoffiXsponR570.07Dg194800.v2.1	4.265	no	no	yes	no
SoffiXsponR570.01Eg361100.v2.1	4.265	no	no	no	yes
SoffiXsponR570.10Cg088400.v2.1	4.262	no	no	no	yes
SoffiXsponR570.05Eg331000.v2.1	4.26	no	no	no	yes
SoffiXsponR570.03Fg075800.v2.1	4.258	no	yes	no	no
SoffiXsponR570.01Cg219200.v2.1	4.257	no	no	no	yes
SoffiXsponR570.03Gg106300.v2.1	4.256	no	no	no	yes
SoffiXsponR570.05Dg114500.v2.1	4.254	no	no	no	yes
SoffiXsponR570.05Cg086000.v2.1	4.254	no	no	no	yes
SoffiXsponR570.8_5Ag057800.v2.1	4.253	no	no	no	yes
SoffiXsponR570.04Ag182100.v2.1	4.252	no	no	no	yes
SoffiXsponR570.01Dg008400.v2.1	4.252	no	no	no	yes
SoffiXsponR570.01Cg303400.v2.1	4.251	no	no	no	yes
SoffiXsponR570.8_5Ag237900.v2.1	4.245	no	no	no	yes
SoffiXsponR570.03Dg111400.v2.1	4.245	no	no	no	yes
SoffiXsponR570.7_10Ag332700.v2.1	4.244	no	no	no	yes
SoffiXsponR570.02Fg244200.v2.1	4.242	no	no	no	yes
SoffiXsponR570.03Dg080000.v2.1	4.241	no	no	no	yes
SoffiXsponR570.09Cg025400.v2.1	4.239	no	no	no	yes
SoffiXsponR570.06Fg019800.v2.1	4.239	no	no	no	yes
SoffiXsponR570.08Bg049300.v2.1	4.238	no	no	no	yes
SoffiXsponR570.01Eg351900.v2.1	4.238	no	no	no	yes
SoffiXsponR570.05Eg166100.v2.1	4.237	no	no	no	yes
SoffiXsponR570.01Cg147600.v2.1	4.236	no	no	no	yes
SoffiXsponR570.04Ag249300.v2.1	4.235	no	no	no	yes
SoffiXsponR570.02Gg140400.v2.1	4.235	no	no	no	yes
SoffiXsponR570.1Z287800.v2.1	4.231	no	no	no	yes
SoffiXsponR570.8_5Ag070900.v2.1	4.23	no	no	no	yes
SoffiXsponR570.03Dg084700.v2.1	4.23	no	no	no	yes
SoffiXsponR570.02Dg346000.v2.1	4.229	no	no	no	yes
SoffiXsponR570.05Gg149400.v2.1	4.229	no	no	no	yes
SoffiXsponR570.02Eg074000.v2.1	4.229	no	no	no	yes
SoffiXsponR570.05Ag221800.v2.1	4.228	no	no	no	yes
SoffiXsponR570.01Eg305900.v2.1	4.227	no	no	no	yes
SoffiXsponR570.6us88g140600.v2.1	4.227	no	no	no	yes
SoffiXsponR570.06Fg121900.v2.1	4.227	no	no	no	yes
SoffiXsponR570.05Fg033100.v2.1	4.226	no	no	no	yes
SoffiXsponR570.08Dg040000.v2.1	4.224	no	no	no	yes
SoffiXsponR570.05Bg009100.v2.1	4.224	no	no	no	yes
SoffiXsponR570.02Ag350000.v2.1	4.224	no	no	no	yes
SoffiXsponR570.01Eg054800.v2.1	4.224	no	no	no	yes
SoffiXsponR570.8_5Ag233400.v2.1	4.223	no	no	no	yes
SoffiXsponR570.5_9Ag069100.v2.1	4.222	no	no	no	yes
SoffiXsponR570.07Ag119200.v2.1	4.22	no	no	no	yes
SoffiXsponR570.10Fg101600.v2.1	4.219	no	yes	no	no
SoffiXsponR570.10Eg104200.v2.1	4.218	no	no	no	yes
SoffiXsponR570.02Ag035700.v2.1	4.217	no	no	no	yes
SoffiXsponR570.03Bg159000.v2.1	4.217	no	no	no	yes
SoffiXsponR570.07Dg183500.v2.1	4.217	no	no	no	yes
SoffiXsponR570.05Cg178800.v2.1	4.216	no	no	no	yes
SoffiXsponR570.07Ag155500.v2.1	4.214	no	no	no	yes
SoffiXsponR570.05Ag006000.v2.1	4.213	no	no	no	yes
SoffiXsponR570.02Eg349400.v2.1	4.213	no	no	no	yes
SoffiXsponR570.05Bg033500.v2.1	4.21	no	no	no	yes
SoffiXsponR570.04Ag132800.v2.1	4.21	no	no	no	yes
SoffiXsponR570.03Ag264100.v2.1	4.21	no	no	no	yes
SoffiXsponR570.07Eg219600.v2.1	4.21	no	no	no	yes
SoffiXsponR570.10Ag033700.v2.1	4.208	no	no	yes	no
SoffiXsponR570.06Cg024100.v2.1	4.206	no	no	no	yes
SoffiXsponR570.01Eg147700.v2.1	4.206	no	no	no	yes
SoffiXsponR570.04Fg022700.v2.1	4.206	no	no	no	yes
SoffiXsponR570.07Eg098300.v2.1	4.205	no	no	no	yes
SoffiXsponR570.07Eg056600.v2.1	4.203	no	no	no	yes
SoffiXsponR570.02Gg210500.v2.1	4.202	no	no	no	yes
SoffiXsponR570.03Dg068500.v2.1	4.202	no	no	no	yes
SoffiXsponR570.01Ag183500.v2.1	4.202	no	no	no	yes
SoffiXsponR570.07Cg139600.v2.1	4.201	no	no	no	yes
SoffiXsponR570.01Cg059700.v2.1	4.199	no	no	no	yes
SoffiXsponR570.04Gg020900.v2.1	4.199	no	no	no	yes
SoffiXsponR570.03Eg300100.v2.1	4.197	no	no	no	yes
SoffiXsponR570.05Eg341200.v2.1	4.196	no	no	no	yes
SoffiXsponR570.09Dg097900.v2.1	4.196	no	no	no	yes
SoffiXsponR570.10os1g055700.v2.1	4.196	no	no	no	yes
SoffiXsponR570.08Ag090000.v2.1	4.195	no	no	no	yes
SoffiXsponR570.8_5Ag151000.v2.1	4.195	no	no	no	yes
SoffiXsponR570.04Cg030500.v2.1	4.194	no	no	no	yes
SoffiXsponR570.02Cg007000.v2.1	4.194	no	no	no	yes
SoffiXsponR570.6us88g009400.v2.1	4.194	no	no	no	yes
SoffiXsponR570.07Bg198900.v2.1	4.193	no	yes	no	no
SoffiXsponR570.8_5Ag190900.v2.1	4.192	no	no	no	yes
SoffiXsponR570.09Cg109700.v2.1	4.192	no	no	no	yes
SoffiXsponR570.05Dg067800.v2.1	4.191	no	no	no	yes
SoffiXsponR570.5_9Ag038500.v2.1	4.19	no	no	no	yes
SoffiXsponR570.10Eg107500.v2.1	4.189	no	no	no	yes
SoffiXsponR570.01Ag057500.v2.1	4.189	no	no	no	yes
SoffiXsponR570.02Ag429800.v2.1	4.189	no	no	no	yes
SoffiXsponR570.05Dg083500.v2.1	4.188	no	no	no	yes
SoffiXsponR570.02Fg071300.v2.1	4.188	no	no	no	yes
SoffiXsponR570.07Dg181900.v2.1	4.187	no	no	no	yes
SoffiXsponR570.04Dg112000.v2.1	4.185	no	no	no	yes
SoffiXsponR570.07Dg230700.v2.1	4.184	no	no	yes	yes
SoffiXsponR570.06Dg121900.v2.1	4.184	no	no	no	yes
SoffiXsponR570.04Fg155500.v2.1	4.182	no	no	no	yes
SoffiXsponR570.05Cg016100.v2.1	4.181	no	no	no	yes
SoffiXsponR570.05Bg276900.v2.1	4.18	no	no	no	yes
SoffiXsponR570.02Fg114200.v2.1	4.18	no	no	no	yes
SoffiXsponR570.01Eg321700.v2.1	4.18	no	no	no	yes
SoffiXsponR570.03Dg259200.v2.1	4.179	no	no	no	yes
SoffiXsponR570.01Ag405700.v2.1	4.178	no	no	no	yes
SoffiXsponR570.10os1g016500.v2.1	4.178	no	no	no	yes
SoffiXsponR570.01Ag408000.v2.1	4.178	no	no	no	yes
SoffiXsponR570.05Bg165700.v2.1	4.177	no	no	no	yes
SoffiXsponR570.09Cg042700.v2.1	4.176	no	no	no	yes
SoffiXsponR570.03Gg061100.v2.1	4.176	no	no	yes	yes
SoffiXsponR570.03Ag024000.v2.1	4.175	no	no	no	yes
SoffiXsponR570.09Ag022600.v2.1	4.175	no	no	no	yes
SoffiXsponR570.1Z100200.v2.1	4.175	no	no	no	yes
SoffiXsponR570.05Bg238900.v2.1	4.174	no	no	no	yes
SoffiXsponR570.10Bg186000.v2.1	4.174	no	no	no	yes
SoffiXsponR570.01Dg086000.v2.1	4.173	no	no	no	yes
SoffiXsponR570.03Gg043700.v2.1	4.172	no	no	no	yes
SoffiXsponR570.03Eg009800.v2.1	4.172	no	no	no	yes
SoffiXsponR570.05Bg094400.v2.1	4.17	no	no	no	yes
SoffiXsponR570.06Gg019200.v2.1	4.17	no	no	no	yes
SoffiXsponR570.8_5Ag000500.v2.1	4.169	no	no	no	yes
SoffiXsponR570.04Dg168900.v2.1	4.169	no	no	no	yes
SoffiXsponR570.06Eg139800.v2.1	4.168	no	no	no	yes
SoffiXsponR570.09Bg073200.v2.1	4.168	no	no	no	yes
SoffiXsponR570.05Ag277500.v2.1	4.167	no	no	no	yes
SoffiXsponR570.10Dg177100.v2.1	4.166	no	no	no	yes
SoffiXsponR570.01Eg294800.v2.1	4.166	no	no	no	yes
SoffiXsponR570.10Dg042700.v2.1	4.165	no	no	no	yes
SoffiXsponR570.01Eg175700.v2.1	4.165	no	no	no	yes
SoffiXsponR570.03Cg041100.v2.1	4.164	no	no	no	yes
SoffiXsponR570.07Dg092900.v2.1	4.162	no	no	no	yes
SoffiXsponR570.10Dg124900.v2.1	4.161	no	no	no	yes
SoffiXsponR570.04Bg216200.v2.1	4.16	no	no	no	yes
SoffiXsponR570.06Fg080600.v2.1	4.159	no	no	no	yes
SoffiXsponR570.06Ag095700.v2.1	4.158	no	no	no	yes
SoffiXsponR570.03Bg010800.v2.1	4.158	no	no	no	yes
SoffiXsponR570.7_10Ag171100.v2.1	4.158	no	no	no	yes
SoffiXsponR570.01Cg257600.v2.1	4.157	no	no	no	yes
SoffiXsponR570.02Fg079300.v2.1	4.157	no	no	no	yes
SoffiXsponR570.05Eg068200.v2.1	4.157	no	no	no	yes
SoffiXsponR570.8_5Ag184300.v2.1	4.155	no	no	no	yes
SoffiXsponR570.05Cg102300.v2.1	4.154	no	no	no	yes
SoffiXsponR570.05Fg031900.v2.1	4.154	no	no	no	yes
SoffiXsponR570.09Ag104500.v2.1	4.153	no	no	no	yes
SoffiXsponR570.06Dg161000.v2.1	4.151	no	no	no	yes
SoffiXsponR570.02Eg344400.v2.1	4.149	no	no	no	yes
SoffiXsponR570.02Cg126800.v2.1	4.149	no	no	no	yes
SoffiXsponR570.02Ag319000.v2.1	4.148	no	no	no	yes
SoffiXsponR570.05Gg206900.v2.1	4.148	no	no	no	yes
SoffiXsponR570.02Ag367700.v2.1	4.147	no	no	no	yes
SoffiXsponR570.09Dg065900.v2.1	4.147	no	no	no	yes
SoffiXsponR570.08Ag126300.v2.1	4.146	no	no	no	yes
SoffiXsponR570.06Dg164600.v2.1	4.144	no	no	no	yes
SoffiXsponR570.1Z132400.v2.1	4.141	no	no	no	yes
SoffiXsponR570.10Bg049000.v2.1	4.137	no	no	no	yes
SoffiXsponR570.02Dg377300.v2.1	4.137	no	no	no	yes
SoffiXsponR570.10Dg149000.v2.1	4.137	no	no	no	yes
SoffiXsponR570.03Ag158500.v2.1	4.137	no	no	no	yes
SoffiXsponR570.10os1g033800.v2.1	4.136	no	no	no	yes
SoffiXsponR570.07Dg202700.v2.1	4.135	no	no	no	yes
SoffiXsponR570.01Bg483600.v2.1	4.132	no	no	no	yes
SoffiXsponR570.7os1g049200.v2.1	4.131	no	no	no	yes
SoffiXsponR570.03Eg014400.v2.1	4.129	no	no	no	yes
SoffiXsponR570.07Cg089600.v2.1	4.129	no	no	no	yes
SoffiXsponR570.02Ag213100.v2.1	4.129	no	no	no	yes
SoffiXsponR570.02Fg207300.v2.1	4.128	no	no	no	yes
SoffiXsponR570.02Gg005400.v2.1	4.128	no	no	no	yes
SoffiXsponR570.08Ag209400.v2.1	4.128	no	no	no	yes
SoffiXsponR570.08Dg162700.v2.1	4.128	no	no	no	yes
SoffiXsponR570.09Cg096400.v2.1	4.127	no	no	no	yes
SoffiXsponR570.10Cg015000.v2.1	4.125	no	no	no	yes
SoffiXsponR570.02Ag080700.v2.1	4.123	no	no	no	yes
SoffiXsponR570.07Bg085100.v2.1	4.123	no	no	no	yes
SoffiXsponR570.05Cg286200.v2.1	4.123	no	no	no	yes
SoffiXsponR570.5_9Ag261100.v2.1	4.123	no	no	no	yes
SoffiXsponR570.06Eg146400.v2.1	4.121	no	no	no	yes
SoffiXsponR570.05Cg261700.v2.1	4.121	no	no	no	yes
SoffiXsponR570.06Gg061300.v2.1	4.121	no	no	no	yes
SoffiXsponR570.04Fg157400.v2.1	4.12	no	no	no	yes
SoffiXsponR570.05Fg067700.v2.1	4.12	no	no	no	yes
SoffiXsponR570.02Cg131300.v2.1	4.118	no	no	no	yes
SoffiXsponR570.07Eg094800.v2.1	4.118	no	no	no	yes
SoffiXsponR570.01Ag530100.v2.1	4.118	no	no	no	yes
SoffiXsponR570.07Dg087100.v2.1	4.116	no	no	no	yes
SoffiXsponR570.07Dg162000.v2.1	4.114	no	no	no	yes
SoffiXsponR570.10Dg014000.v2.1	4.113	no	no	no	yes
SoffiXsponR570.06Gg151300.v2.1	4.113	no	no	no	yes
SoffiXsponR570.01Ag375000.v2.1	4.113	no	no	no	yes
SoffiXsponR570.05Ag378200.v2.1	4.112	no	no	no	yes
SoffiXsponR570.01Fg065600.v2.1	4.111	no	no	no	yes
SoffiXsponR570.08Bg090200.v2.1	4.109	no	no	no	yes
SoffiXsponR570.03Eg270500.v2.1	4.109	no	no	no	yes
SoffiXsponR570.07Cg181500.v2.1	4.108	no	no	no	yes
SoffiXsponR570.04Eg021700.v2.1	4.108	no	no	no	yes
SoffiXsponR570.05Dg127800.v2.1	4.107	no	no	no	yes
SoffiXsponR570.7_10Ag188700.v2.1	4.107	no	yes	yes	yes
SoffiXsponR570.07Ag106100.v2.1	4.106	no	no	no	yes
SoffiXsponR570.10Dg153200.v2.1	4.106	no	no	no	yes
SoffiXsponR570.08Cg015300.v2.1	4.105	no	no	no	yes
SoffiXsponR570.01Bg389800.v2.1	4.105	no	no	no	yes
SoffiXsponR570.03Eg242500.v2.1	4.105	no	no	no	yes
SoffiXsponR570.01Ag183700.v2.1	4.103	no	no	no	yes
SoffiXsponR570.02Cg019100.v2.1	4.101	no	no	no	yes
SoffiXsponR570.10us89g013400.v2.1	4.101	no	no	no	yes
SoffiXsponR570.05Eg243400.v2.1	4.101	no	no	no	yes
SoffiXsponR570.03Eg279900.v2.1	4.1	no	no	no	yes
SoffiXsponR570.10Dg066000.v2.1	4.1	no	no	no	yes
SoffiXsponR570.10Fg104400.v2.1	4.098	no	no	no	yes
SoffiXsponR570.10Ag113400.v2.1	4.097	yes	yes	no	yes
SoffiXsponR570.05Gg010200.v2.1	4.097	no	no	no	yes
SoffiXsponR570.01Eg016100.v2.1	4.096	no	no	no	yes
SoffiXsponR570.05Cg237900.v2.1	4.096	no	no	no	yes
SoffiXsponR570.05Fg306500.v2.1	4.095	no	no	no	yes
SoffiXsponR570.08Dg087000.v2.1	4.094	no	no	no	yes
SoffiXsponR570.08Ag044500.v2.1	4.093	no	no	no	yes
SoffiXsponR570.04Fg025600.v2.1	4.092	no	no	no	yes
SoffiXsponR570.10Cg071300.v2.1	4.09	no	no	no	yes
SoffiXsponR570.8_10Ag024900.v2.1	4.09	no	no	no	yes
SoffiXsponR570.04Dg149900.v2.1	4.089	no	no	no	yes
SoffiXsponR570.05Gg136800.v2.1	4.087	no	no	no	yes
SoffiXsponR570.06Gg132800.v2.1	4.086	no	no	no	yes
SoffiXsponR570.02Bg364300.v2.1	4.086	no	no	no	yes
SoffiXsponR570.03Cg126600.v2.1	4.085	no	no	no	yes
SoffiXsponR570.06Gg010900.v2.1	4.084	no	no	no	yes
SoffiXsponR570.01Cg095600.v2.1	4.082	no	no	no	yes
SoffiXsponR570.01Dg114000.v2.1	4.082	no	no	no	yes
SoffiXsponR570.04Ag277500.v2.1	4.081	no	no	no	yes
SoffiXsponR570.1Z226700.v2.1	4.081	no	no	no	yes
SoffiXsponR570.03Ag255600.v2.1	4.08	no	no	no	yes
SoffiXsponR570.10Bg166600.v2.1	4.08	no	no	no	yes
SoffiXsponR570.08Dg163500.v2.1	4.08	no	no	no	yes
SoffiXsponR570.09Ag091900.v2.1	4.078	no	no	no	yes
SoffiXsponR570.05Bg346700.v2.1	4.076	no	no	no	yes
SoffiXsponR570.05Eg333800.v2.1	4.074	no	no	no	yes
SoffiXsponR570.06Gg039500.v2.1	4.074	no	no	no	yes
SoffiXsponR570.5_9Ag412800.v2.1	4.074	no	no	no	yes
SoffiXsponR570.05Cg222100.v2.1	4.072	no	no	no	yes
SoffiXsponR570.01Dg360000.v2.1	4.071	no	no	no	yes
SoffiXsponR570.04Ag142600.v2.1	4.071	no	no	no	yes
SoffiXsponR570.02Ag065000.v2.1	4.068	no	no	no	yes
SoffiXsponR570.01Eg302000.v2.1	4.068	no	no	no	yes
SoffiXsponR570.01Dg081000.v2.1	4.068	no	no	no	yes
SoffiXsponR570.01Dg397400.v2.1	4.067	no	no	no	yes
SoffiXsponR570.10Cg048100.v2.1	4.066	no	no	no	yes
SoffiXsponR570.06Gg010500.v2.1	4.066	no	no	no	yes
SoffiXsponR570.01Dg274400.v2.1	4.065	no	no	no	yes
SoffiXsponR570.05Fg183300.v2.1	4.065	no	no	no	yes
SoffiXsponR570.05Bg033000.v2.1	4.064	no	no	no	yes
SoffiXsponR570.01Fg341600.v2.1	4.064	no	no	no	yes
SoffiXsponR570.02Bg348100.v2.1	4.063	no	no	no	yes
SoffiXsponR570.05Eg102500.v2.1	4.06	no	no	no	yes
SoffiXsponR570.04Gg110500.v2.1	4.06	no	no	no	yes
SoffiXsponR570.7_10Ag350900.v2.1	4.059	no	no	no	yes
SoffiXsponR570.08Bg094400.v2.1	4.059	no	no	no	yes
SoffiXsponR570.08Ag167300.v2.1	4.057	no	no	no	yes
SoffiXsponR570.03Cg231800.v2.1	4.057	no	no	no	yes
SoffiXsponR570.03Dg004600.v2.1	4.056	no	no	no	yes
SoffiXsponR570.02Gg193800.v2.1	4.056	no	no	no	yes
SoffiXsponR570.01Ag311800.v2.1	4.056	no	no	no	yes
SoffiXsponR570.5_9Ag323000.v2.1	4.054	no	no	no	yes
SoffiXsponR570.01Bg395100.v2.1	4.054	no	no	no	yes
SoffiXsponR570.04Cg143600.v2.1	4.053	no	no	no	yes
SoffiXsponR570.02Dg277900.v2.1	4.053	no	no	no	yes
SoffiXsponR570.01Ag537500.v2.1	4.052	no	no	no	yes
SoffiXsponR570.06Fg166600.v2.1	4.052	no	no	no	yes
SoffiXsponR570.10Fg035200.v2.1	4.051	no	no	no	yes
SoffiXsponR570.01Ag461800.v2.1	4.051	no	no	no	yes
SoffiXsponR570.5_9Ag489200.v2.1	4.051	no	no	no	yes
SoffiXsponR570.09Eg087600.v2.1	4.05	no	no	no	yes
SoffiXsponR570.02Eg235700.v2.1	4.049	no	no	no	yes
SoffiXsponR570.09Eg038100.v2.1	4.048	no	no	no	yes
SoffiXsponR570.8_5Ag204600.v2.1	4.046	no	no	no	yes
SoffiXsponR570.02Ag354800.v2.1	4.046	no	no	no	yes
SoffiXsponR570.05Ag302100.v2.1	4.045	no	no	no	yes
SoffiXsponR570.02Fg279000.v2.1	4.045	no	no	no	yes
SoffiXsponR570.07Cg265800.v2.1	4.045	no	no	no	yes
SoffiXsponR570.05Eg075500.v2.1	4.044	no	no	no	yes
SoffiXsponR570.05Cg209600.v2.1	4.041	no	no	no	yes
SoffiXsponR570.05Cg351300.v2.1	4.04	no	no	no	yes
SoffiXsponR570.01Ag517800.v2.1	4.039	no	no	no	yes
SoffiXsponR570.07Ag176100.v2.1	4.039	no	no	no	yes
SoffiXsponR570.01Eg187700.v2.1	4.039	no	no	no	yes
SoffiXsponR570.04Ag116300.v2.1	4.038	no	no	no	yes
SoffiXsponR570.10Bg118000.v2.1	4.036	no	no	no	yes
SoffiXsponR570.07Bg086200.v2.1	4.035	no	no	no	yes
SoffiXsponR570.01Cg360500.v2.1	4.035	no	no	no	yes
SoffiXsponR570.01Bg417500.v2.1	4.033	no	no	no	yes
SoffiXsponR570.6_9Ag103500.v2.1	4.032	no	no	no	yes
SoffiXsponR570.8_5Ag165200.v2.1	4.032	no	no	no	yes
SoffiXsponR570.06Cg159600.v2.1	4.032	no	no	no	yes
SoffiXsponR570.04Dg200300.v2.1	4.032	no	no	no	yes
SoffiXsponR570.02Ag062200.v2.1	4.032	no	no	no	yes
SoffiXsponR570.09Ag004300.v2.1	4.031	no	no	no	yes
SoffiXsponR570.04Eg141300.v2.1	4.03	no	no	no	yes
SoffiXsponR570.8_5Ag166500.v2.1	4.03	no	no	no	yes
SoffiXsponR570.05Fg017700.v2.1	4.03	no	no	no	yes
SoffiXsponR570.03Gg120100.v2.1	4.026	no	no	no	yes
SoffiXsponR570.02Ag134200.v2.1	4.026	no	no	no	yes
SoffiXsponR570.04Bg096800.v2.1	4.026	no	no	no	yes
SoffiXsponR570.05Bg025200.v2.1	4.023	no	no	no	yes
SoffiXsponR570.03Gg120000.v2.1	4.022	no	no	no	yes
SoffiXsponR570.07Ag238800.v2.1	4.021	no	no	no	yes
SoffiXsponR570.02Bg300300.v2.1	4.021	no	no	no	yes
SoffiXsponR570.03Bg261200.v2.1	4.02	no	no	no	yes
SoffiXsponR570.01Ag266700.v2.1	4.02	no	no	no	yes
SoffiXsponR570.03Bg130900.v2.1	4.019	no	no	no	yes
SoffiXsponR570.03Ag183400.v2.1	4.018	no	no	no	yes
SoffiXsponR570.05Bg144800.v2.1	4.015	no	no	no	yes
SoffiXsponR570.06Dg067400.v2.1	4.014	no	no	no	yes
SoffiXsponR570.02Dg100000.v2.1	4.014	no	no	no	yes
SoffiXsponR570.03Bg125700.v2.1	4.013	no	no	no	yes
SoffiXsponR570.02Gg119100.v2.1	4.013	no	no	no	yes
SoffiXsponR570.02Bg346900.v2.1	4.009	no	no	no	yes
SoffiXsponR570.01Bg253500.v2.1	4.008	no	no	no	yes
SoffiXsponR570.01Bg153400.v2.1	4.007	no	no	no	yes
SoffiXsponR570.5_9Ag447800.v2.1	4.007	no	no	no	yes
SoffiXsponR570.05Dg277500.v2.1	4.007	no	no	no	yes
SoffiXsponR570.01Eg187500.v2.1	4.006	no	no	no	yes
SoffiXsponR570.07Ag229400.v2.1	4.005	no	no	no	yes
SoffiXsponR570.05Cg327400.v2.1	4.005	no	no	no	yes
SoffiXsponR570.05Ag163800.v2.1	4.004	no	no	no	yes
SoffiXsponR570.02Eg175400.v2.1	4.003	no	no	no	yes
SoffiXsponR570.03Bg252600.v2.1	4.003	no	no	no	yes
SoffiXsponR570.01Eg414000.v2.1	4.001	no	no	no	yes
SoffiXsponR570.01Eg085300.v2.1	3.999	no	no	no	yes
SoffiXsponR570.01Bg177800.v2.1	3.998	no	no	no	yes
SoffiXsponR570.04Ag273200.v2.1	3.998	no	no	no	yes
SoffiXsponR570.5_9Ag083500.v2.1	3.998	no	no	no	yes
SoffiXsponR570.04Eg072200.v2.1	3.996	no	no	no	yes
SoffiXsponR570.02Bg325800.v2.1	3.995	no	no	no	yes
SoffiXsponR570.10Eg132000.v2.1	3.994	no	no	no	yes
SoffiXsponR570.06Fg122100.v2.1	3.994	no	no	no	yes
SoffiXsponR570.05Bg275000.v2.1	3.994	no	no	no	yes
SoffiXsponR570.01Cg048200.v2.1	3.994	no	no	no	yes
SoffiXsponR570.1Z110800.v2.1	3.993	no	no	no	yes
SoffiXsponR570.6_9Ag095000.v2.1	3.99	no	no	no	yes
SoffiXsponR570.03Eg225400.v2.1	3.99	no	no	no	yes
SoffiXsponR570.09Cg092600.v2.1	3.99	no	no	no	yes
SoffiXsponR570.08Ag177200.v2.1	3.989	no	no	no	yes
SoffiXsponR570.04Fg153300.v2.1	3.987	no	no	no	yes
SoffiXsponR570.05Eg073400.v2.1	3.986	no	no	no	yes
SoffiXsponR570.01Ag177800.v2.1	3.985	no	no	no	yes
SoffiXsponR570.05Fg320500.v2.1	3.981	no	no	no	yes
SoffiXsponR570.06Cg106900.v2.1	3.981	no	no	no	yes
SoffiXsponR570.10Cg002600.v2.1	3.98	no	no	no	yes
SoffiXsponR570.04Cg082800.v2.1	3.979	no	no	no	yes
SoffiXsponR570.1Z151800.v2.1	3.978	no	no	no	yes
SoffiXsponR570.01Bg426600.v2.1	3.977	no	no	no	yes
SoffiXsponR570.01Eg203100.v2.1	3.976	no	no	no	yes
SoffiXsponR570.03Ag316500.v2.1	3.976	no	no	no	yes
SoffiXsponR570.7os1g070300.v2.1	3.971	no	no	no	yes
SoffiXsponR570.07Ag049600.v2.1	3.969	no	no	no	yes
SoffiXsponR570.9os1g045600.v2.1	3.968	no	no	no	yes
SoffiXsponR570.04Fg053500.v2.1	3.966	no	no	no	yes
SoffiXsponR570.5_9Ag130000.v2.1	3.965	no	no	no	yes
SoffiXsponR570.1Z175000.v2.1	3.964	no	no	no	yes
SoffiXsponR570.02Bg068200.v2.1	3.964	no	no	no	yes
SoffiXsponR570.08Cg192800.v2.1	3.964	no	no	no	yes
SoffiXsponR570.03Cg133300.v2.1	3.963	no	no	no	yes
SoffiXsponR570.02Cg077400.v2.1	3.963	no	no	no	yes
SoffiXsponR570.06Dg115900.v2.1	3.962	no	no	no	yes
SoffiXsponR570.01Dg090700.v2.1	3.962	no	no	no	yes
SoffiXsponR570.10Bg121600.v2.1	3.961	no	no	no	yes
SoffiXsponR570.03Cg262400.v2.1	3.96	no	no	no	yes
SoffiXsponR570.03Bg019500.v2.1	3.96	no	no	no	yes
SoffiXsponR570.05Gg056500.v2.1	3.959	no	no	no	yes
SoffiXsponR570.05Eg142600.v2.1	3.959	no	no	no	yes
SoffiXsponR570.06Ag073700.v2.1	3.958	no	no	no	yes
SoffiXsponR570.06Fg009100.v2.1	3.957	no	no	no	yes
SoffiXsponR570.10us89g004200.v2.1	3.956	no	no	no	yes
SoffiXsponR570.04Dg004200.v2.1	3.955	no	no	no	yes
SoffiXsponR570.06Eg026400.v2.1	3.954	no	no	no	yes
SoffiXsponR570.10Bg100600.v2.1	3.953	no	no	no	yes
SoffiXsponR570.08Dg164600.v2.1	3.953	no	no	no	yes
SoffiXsponR570.05Dg089900.v2.1	3.952	no	no	no	yes
SoffiXsponR570.02Bg366600.v2.1	3.952	no	no	no	yes
SoffiXsponR570.04Bg199000.v2.1	3.951	no	no	no	yes
SoffiXsponR570.04Eg088200.v2.1	3.95	no	no	no	yes
SoffiXsponR570.03Cg235300.v2.1	3.95	no	no	no	yes
SoffiXsponR570.01Ag456900.v2.1	3.949	no	no	no	yes
SoffiXsponR570.01Bg430800.v2.1	3.949	no	no	no	yes
SoffiXsponR570.05Ag359400.v2.1	3.948	no	no	no	yes
SoffiXsponR570.09Cg052800.v2.1	3.946	no	no	no	yes
SoffiXsponR570.03Bg248500.v2.1	3.943	no	no	no	yes
SoffiXsponR570.06Cg196300.v2.1	3.943	no	no	no	yes
SoffiXsponR570.5_9Ag100600.v2.1	3.942	no	no	no	yes
SoffiXsponR570.01Eg437000.v2.1	3.94	no	no	no	yes
SoffiXsponR570.01Dg331700.v2.1	3.94	no	no	no	yes
SoffiXsponR570.03Ag320200.v2.1	3.94	no	no	no	yes
SoffiXsponR570.03Dg046700.v2.1	3.94	no	no	no	yes
SoffiXsponR570.03Ag262500.v2.1	3.939	no	no	no	yes
SoffiXsponR570.01Bg086700.v2.1	3.938	no	no	no	yes
SoffiXsponR570.02Cg191100.v2.1	3.936	no	no	no	yes
SoffiXsponR570.07Ag123900.v2.1	3.936	no	no	no	yes
SoffiXsponR570.08Cg021800.v2.1	3.935	no	no	no	yes
SoffiXsponR570.02Gg300400.v2.1	3.934	no	no	no	yes
SoffiXsponR570.02Fg369500.v2.1	3.934	no	no	no	yes
SoffiXsponR570.02Ag059600.v2.1	3.933	no	no	no	yes
SoffiXsponR570.10Ag097800.v2.1	3.933	no	no	no	yes
SoffiXsponR570.05Eg321200.v2.1	3.932	no	no	no	yes
SoffiXsponR570.07Bg022800.v2.1	3.932	no	no	no	yes
SoffiXsponR570.09Bg087200.v2.1	3.931	no	no	no	yes
SoffiXsponR570.8_10Ag220600.v2.1	3.93	no	no	no	yes
SoffiXsponR570.01Ag217100.v2.1	3.93	no	no	no	yes
SoffiXsponR570.01Ag171100.v2.1	3.929	no	no	no	yes
SoffiXsponR570.05Ag164900.v2.1	3.928	no	no	no	yes
SoffiXsponR570.6us88g034700.v2.1	3.928	no	no	no	yes
SoffiXsponR570.7_10Ag286300.v2.1	3.927	no	no	no	yes
SoffiXsponR570.03Dg178100.v2.1	3.926	no	no	no	yes
SoffiXsponR570.05Bg132800.v2.1	3.924	no	no	no	yes
SoffiXsponR570.03Ag171900.v2.1	3.924	no	no	no	yes
SoffiXsponR570.08Dg167300.v2.1	3.923	no	no	no	yes
SoffiXsponR570.8_5Ag115500.v2.1	3.923	no	no	no	yes
SoffiXsponR570.02Ag298500.v2.1	3.922	no	no	no	yes
SoffiXsponR570.09Dg006400.v2.1	3.922	no	no	no	yes
SoffiXsponR570.07Eg223600.v2.1	3.922	no	no	no	yes
SoffiXsponR570.07Dg055000.v2.1	3.92	no	no	no	yes
SoffiXsponR570.6_9Ag100200.v2.1	3.92	no	no	no	yes
SoffiXsponR570.02Ag254600.v2.1	3.92	no	no	no	yes
SoffiXsponR570.05Gg055000.v2.1	3.919	no	no	no	yes
SoffiXsponR570.07Ag248600.v2.1	3.918	no	no	no	yes
SoffiXsponR570.10Eg032500.v2.1	3.917	no	no	no	yes
SoffiXsponR570.8_10Ag032000.v2.1	3.915	no	no	no	yes
SoffiXsponR570.03Ag082900.v2.1	3.915	no	no	no	yes
SoffiXsponR570.10Dg101700.v2.1	3.912	no	no	no	yes
SoffiXsponR570.6us88g025400.v2.1	3.912	no	no	no	yes
SoffiXsponR570.02Gg317000.v2.1	3.912	no	no	no	yes
SoffiXsponR570.03Eg149800.v2.1	3.911	no	no	no	yes
SoffiXsponR570.10us89g080000.v2.1	3.91	no	no	no	yes
SoffiXsponR570.02Bg322000.v2.1	3.909	no	no	no	yes
SoffiXsponR570.10Fg103700.v2.1	3.908	no	yes	yes	no
SoffiXsponR570.08Eg035000.v2.1	3.908	no	no	no	yes
SoffiXsponR570.03Dg138000.v2.1	3.908	no	no	no	yes
SoffiXsponR570.05Cg047000.v2.1	3.907	no	no	no	yes
SoffiXsponR570.01Eg387100.v2.1	3.907	no	no	no	yes
SoffiXsponR570.8_10Ag235000.v2.1	3.906	no	no	no	yes
SoffiXsponR570.09Eg088300.v2.1	3.905	no	no	no	yes
SoffiXsponR570.07Cg248700.v2.1	3.905	no	no	no	yes
SoffiXsponR570.05Dg060600.v2.1	3.905	no	no	no	yes
SoffiXsponR570.10Bg055000.v2.1	3.904	no	no	no	yes
SoffiXsponR570.05Eg305900.v2.1	3.903	no	no	no	yes
SoffiXsponR570.06Ag223000.v2.1	3.903	no	no	no	yes
SoffiXsponR570.10Cg040300.v2.1	3.903	no	no	no	yes
SoffiXsponR570.10Ag180000.v2.1	3.902	no	no	no	yes
SoffiXsponR570.01Bg129100.v2.1	3.901	no	no	no	yes
SoffiXsponR570.01Bg301400.v2.1	3.9	no	no	no	yes
SoffiXsponR570.07Eg042800.v2.1	3.9	no	no	no	yes
SoffiXsponR570.05Cg345600.v2.1	3.899	no	no	no	yes
SoffiXsponR570.05Dg231900.v2.1	3.899	no	no	no	yes
SoffiXsponR570.05Bg143800.v2.1	3.898	no	no	no	yes
SoffiXsponR570.05Gg085300.v2.1	3.898	no	no	no	yes
SoffiXsponR570.05Bg298800.v2.1	3.897	no	no	no	yes
SoffiXsponR570.7_10Ag064400.v2.1	3.897	no	no	no	yes
SoffiXsponR570.02Fg339200.v2.1	3.896	no	no	yes	yes
SoffiXsponR570.10Dg182500.v2.1	3.896	no	no	no	yes
SoffiXsponR570.05Ag086500.v2.1	3.895	no	no	no	yes
SoffiXsponR570.01Ag355100.v2.1	3.894	no	no	no	yes
SoffiXsponR570.10Cg047000.v2.1	3.894	no	no	no	yes
SoffiXsponR570.04Gg113400.v2.1	3.893	no	no	no	yes
SoffiXsponR570.02Cg265400.v2.1	3.892	no	no	no	yes
SoffiXsponR570.03Fg075100.v2.1	3.891	no	yes	no	no
SoffiXsponR570.05Ag147700.v2.1	3.89	no	no	no	yes
SoffiXsponR570.8_5Ag246700.v2.1	3.89	no	no	no	yes
SoffiXsponR570.05Fg236700.v2.1	3.89	no	no	no	yes
SoffiXsponR570.05Bg318700.v2.1	3.889	no	no	no	yes
SoffiXsponR570.03Bg139900.v2.1	3.889	no	no	no	yes
SoffiXsponR570.07Eg033500.v2.1	3.889	no	no	no	yes
SoffiXsponR570.07Eg105300.v2.1	3.889	no	no	no	yes
SoffiXsponR570.09Eg077200.v2.1	3.889	no	no	no	yes
SoffiXsponR570.01Cg167700.v2.1	3.888	no	no	no	yes
SoffiXsponR570.06Cg073700.v2.1	3.886	no	no	no	yes
SoffiXsponR570.02Eg068700.v2.1	3.885	no	no	no	yes
SoffiXsponR570.04Cg272800.v2.1	3.882	no	no	no	yes
SoffiXsponR570.5_9Ag156800.v2.1	3.882	no	no	no	yes
SoffiXsponR570.04Eg018300.v2.1	3.881	no	no	no	yes
SoffiXsponR570.02Gg116100.v2.1	3.88	no	no	no	yes
SoffiXsponR570.08Bg126300.v2.1	3.88	no	no	no	yes
SoffiXsponR570.6_9Ag253400.v2.1	3.879	no	no	no	yes
SoffiXsponR570.01Ag502600.v2.1	3.878	no	no	no	yes
SoffiXsponR570.05Bg051700.v2.1	3.878	no	no	no	yes
SoffiXsponR570.8_5Ag042000.v2.1	3.878	no	no	no	yes
SoffiXsponR570.1Z165800.v2.1	3.877	no	no	no	yes
SoffiXsponR570.01Ag248000.v2.1	3.876	no	yes	no	yes
SoffiXsponR570.10Bg095500.v2.1	3.876	no	no	no	yes
SoffiXsponR570.04Gg052700.v2.1	3.876	no	no	no	yes
SoffiXsponR570.02Ag052800.v2.1	3.873	no	no	no	yes
SoffiXsponR570.01Ag549800.v2.1	3.873	no	no	no	yes
SoffiXsponR570.05Bg206500.v2.1	3.873	no	no	no	yes
SoffiXsponR570.03Ag231700.v2.1	3.873	no	no	no	yes
SoffiXsponR570.02Gg323700.v2.1	3.872	no	no	no	yes
SoffiXsponR570.06Dg080600.v2.1	3.872	no	no	no	yes
SoffiXsponR570.07Bg229500.v2.1	3.87	no	no	no	yes
SoffiXsponR570.01Dg094800.v2.1	3.87	no	no	no	yes
SoffiXsponR570.7_10Ag149200.v2.1	3.869	no	no	no	yes
SoffiXsponR570.01Eg427100.v2.1	3.869	no	no	no	yes
SoffiXsponR570.03Dg248800.v2.1	3.869	no	yes	no	yes
SoffiXsponR570.05Dg280500.v2.1	3.868	no	no	no	yes
SoffiXsponR570.01Dg233800.v2.1	3.867	no	no	no	yes
SoffiXsponR570.05Cg323600.v2.1	3.866	no	no	no	yes
SoffiXsponR570.09Ag105200.v2.1	3.864	no	no	no	yes
SoffiXsponR570.04Ag219600.v2.1	3.864	no	no	no	yes
SoffiXsponR570.8_5Ag194100.v2.1	3.862	no	no	no	yes
SoffiXsponR570.03Cg269800.v2.1	3.862	no	no	no	yes
SoffiXsponR570.02Eg018900.v2.1	3.862	no	no	no	yes
SoffiXsponR570.08Bg029900.v2.1	3.862	no	no	no	yes
SoffiXsponR570.05Dg019700.v2.1	3.861	no	no	no	yes
SoffiXsponR570.10Ag175600.v2.1	3.856	no	no	no	yes
SoffiXsponR570.5_9Ag320300.v2.1	3.855	no	no	no	yes
SoffiXsponR570.01Eg208700.v2.1	3.853	no	no	no	yes
SoffiXsponR570.01Bg478500.v2.1	3.852	yes	no	no	no
SoffiXsponR570.04Cg124900.v2.1	3.851	no	no	no	yes
SoffiXsponR570.01Ag324800.v2.1	3.85	no	no	no	yes
SoffiXsponR570.03Fg001100.v2.1	3.849	no	no	no	yes
SoffiXsponR570.8_10Ag138600.v2.1	3.849	no	no	no	yes
SoffiXsponR570.08Ag112100.v2.1	3.848	no	no	no	yes
SoffiXsponR570.01Ag486200.v2.1	3.847	no	no	no	yes
SoffiXsponR570.04Cg000500.v2.1	3.846	no	no	no	yes
SoffiXsponR570.03Ag210600.v2.1	3.846	no	no	no	yes
SoffiXsponR570.02Dg375300.v2.1	3.845	no	no	no	yes
SoffiXsponR570.02Dg042300.v2.1	3.845	no	no	no	yes
SoffiXsponR570.05Eg081800.v2.1	3.844	no	no	no	yes
SoffiXsponR570.06Ag091700.v2.1	3.844	no	no	no	yes
SoffiXsponR570.02Ag357800.v2.1	3.843	no	no	no	yes
SoffiXsponR570.01Eg286600.v2.1	3.842	no	no	no	yes
SoffiXsponR570.02Ag039600.v2.1	3.841	no	no	no	yes
SoffiXsponR570.08Bg128900.v2.1	3.841	no	no	no	yes
SoffiXsponR570.10Dg010300.v2.1	3.841	no	no	no	yes
SoffiXsponR570.01Bg390400.v2.1	3.841	no	no	no	yes
SoffiXsponR570.01Ag014200.v2.1	3.839	no	no	no	yes
SoffiXsponR570.06Dg021400.v2.1	3.838	no	no	no	yes
SoffiXsponR570.07Dg037000.v2.1	3.836	no	no	no	yes
SoffiXsponR570.03Gg051900.v2.1	3.836	no	no	no	yes
SoffiXsponR570.03Eg082200.v2.1	3.835	no	no	no	yes
SoffiXsponR570.02Cg152900.v2.1	3.835	no	no	no	yes
SoffiXsponR570.02Ag155300.v2.1	3.834	no	no	no	yes
SoffiXsponR570.10Bg054900.v2.1	3.834	no	no	no	yes
SoffiXsponR570.06Dg087200.v2.1	3.834	no	no	no	yes
SoffiXsponR570.05Dg369800.v2.1	3.832	no	no	no	yes
SoffiXsponR570.01Fg190700.v2.1	3.832	no	no	no	yes
SoffiXsponR570.10Eg106700.v2.1	3.831	no	no	no	yes
SoffiXsponR570.02Ag177000.v2.1	3.831	no	no	no	yes
SoffiXsponR570.05Ag308700.v2.1	3.83	no	no	no	yes
SoffiXsponR570.02Eg358300.v2.1	3.828	no	yes	yes	yes
SoffiXsponR570.03Bg279200.v2.1	3.827	no	no	no	yes
SoffiXsponR570.10Cg046900.v2.1	3.825	no	no	no	yes
SoffiXsponR570.02Ag145400.v2.1	3.824	no	no	no	yes
SoffiXsponR570.01Dg106300.v2.1	3.823	no	no	no	yes
SoffiXsponR570.02Gg035600.v2.1	3.821	no	no	no	yes
SoffiXsponR570.09Bg035100.v2.1	3.821	no	no	no	yes
SoffiXsponR570.02Eg250300.v2.1	3.819	no	no	no	yes
SoffiXsponR570.03Bg115500.v2.1	3.815	no	no	no	yes
SoffiXsponR570.9os1g017300.v2.1	3.814	no	no	no	yes
SoffiXsponR570.8_10Ag140200.v2.1	3.813	no	no	no	yes
SoffiXsponR570.05Bg215600.v2.1	3.812	no	no	no	yes
SoffiXsponR570.09Ag049800.v2.1	3.81	no	no	no	yes
SoffiXsponR570.05Fg259200.v2.1	3.809	no	no	no	yes
SoffiXsponR570.02Eg164000.v2.1	3.808	no	no	no	yes
SoffiXsponR570.01Cg041600.v2.1	3.807	no	no	no	yes
SoffiXsponR570.05Dg025200.v2.1	3.807	no	no	no	yes
SoffiXsponR570.04Cg120800.v2.1	3.807	no	no	no	yes
SoffiXsponR570.07Ag182700.v2.1	3.806	no	no	no	yes
SoffiXsponR570.02Ag037000.v2.1	3.803	no	no	no	yes
SoffiXsponR570.05Cg357600.v2.1	3.803	no	no	no	yes
SoffiXsponR570.07Dg162900.v2.1	3.803	no	no	no	yes
SoffiXsponR570.01Bg412300.v2.1	3.8	no	no	no	yes
SoffiXsponR570.05Bg157400.v2.1	3.8	no	no	no	yes
SoffiXsponR570.10Eg027700.v2.1	3.8	no	no	no	yes
SoffiXsponR570.02Cg304800.v2.1	3.799	no	no	no	yes
SoffiXsponR570.02Bg136300.v2.1	3.797	no	no	no	yes
SoffiXsponR570.08Dg021900.v2.1	3.797	no	no	no	yes
SoffiXsponR570.03Gg132000.v2.1	3.796	no	no	no	yes
SoffiXsponR570.05Bg174100.v2.1	3.794	no	no	no	yes
SoffiXsponR570.5_9Ag374200.v2.1	3.793	no	no	no	yes
SoffiXsponR570.05Bg383900.v2.1	3.79	no	no	no	yes
SoffiXsponR570.02Fg319400.v2.1	3.789	no	no	no	yes
SoffiXsponR570.9us90g063000.v2.1	3.788	no	yes	no	yes
SoffiXsponR570.5_9Ag026500.v2.1	3.787	no	no	no	yes
SoffiXsponR570.05Bg251500.v2.1	3.786	no	no	no	yes
SoffiXsponR570.01Ag105000.v2.1	3.785	no	no	no	yes
SoffiXsponR570.01Eg203300.v2.1	3.785	no	no	no	yes
SoffiXsponR570.07Eg141900.v2.1	3.784	no	no	no	yes
SoffiXsponR570.02Eg181700.v2.1	3.782	no	yes	no	no
SoffiXsponR570.01Ag521500.v2.1	3.782	no	no	no	yes
SoffiXsponR570.02Dg019600.v2.1	3.781	no	no	no	yes
SoffiXsponR570.08Bg042000.v2.1	3.777	no	no	no	yes
SoffiXsponR570.10Bg125900.v2.1	3.775	no	no	no	yes
SoffiXsponR570.9os1g073800.v2.1	3.774	no	no	no	yes
SoffiXsponR570.03Dg308300.v2.1	3.773	no	no	no	yes
SoffiXsponR570.03Bg036200.v2.1	3.77	no	no	no	yes
SoffiXsponR570.01Dg038700.v2.1	3.77	no	no	no	yes
SoffiXsponR570.02Eg122600.v2.1	3.77	no	no	no	yes
SoffiXsponR570.07Bg046700.v2.1	3.769	no	no	no	yes
SoffiXsponR570.7_10Ag141600.v2.1	3.769	no	no	no	yes
SoffiXsponR570.09Dg030900.v2.1	3.769	no	no	no	yes
SoffiXsponR570.01Cg049100.v2.1	3.768	no	no	no	yes
SoffiXsponR570.7_10Ag020700.v2.1	3.767	no	yes	no	yes
SoffiXsponR570.5_9Ag397300.v2.1	3.765	no	no	no	yes
SoffiXsponR570.07Bg148800.v2.1	3.765	no	no	no	yes
SoffiXsponR570.7_10Ag122200.v2.1	3.763	no	no	no	yes
SoffiXsponR570.03Fg015600.v2.1	3.762	no	no	no	yes
SoffiXsponR570.02Bg095500.v2.1	3.759	no	no	no	yes
SoffiXsponR570.01Dg007800.v2.1	3.759	no	no	no	yes
SoffiXsponR570.03Cg256900.v2.1	3.758	no	no	no	yes
SoffiXsponR570.02Ag318800.v2.1	3.756	no	no	no	yes
SoffiXsponR570.07Bg177600.v2.1	3.755	no	no	no	yes
SoffiXsponR570.03Eg273900.v2.1	3.755	no	no	no	yes
SoffiXsponR570.08Cg076300.v2.1	3.755	no	no	no	yes
SoffiXsponR570.03Fg115000.v2.1	3.754	no	no	no	yes
SoffiXsponR570.02Ag346400.v2.1	3.751	no	no	no	yes
SoffiXsponR570.06Dg095800.v2.1	3.75	no	no	no	yes
SoffiXsponR570.08Dg050900.v2.1	3.75	no	no	no	yes
SoffiXsponR570.10Bg102000.v2.1	3.749	no	no	no	yes
SoffiXsponR570.5_9Ag180300.v2.1	3.748	no	no	no	yes
SoffiXsponR570.10Bg068300.v2.1	3.748	no	no	no	yes
SoffiXsponR570.6_9Ag289700.v2.1	3.747	no	no	no	yes
SoffiXsponR570.10Ag210300.v2.1	3.746	no	yes	no	yes
SoffiXsponR570.8_5Ag129800.v2.1	3.746	no	no	no	yes
SoffiXsponR570.05Ag317300.v2.1	3.745	no	no	no	yes
SoffiXsponR570.06Dg053800.v2.1	3.744	no	no	no	yes
SoffiXsponR570.05Ag386400.v2.1	3.744	no	no	no	yes
SoffiXsponR570.09Bg088700.v2.1	3.742	no	no	no	yes
SoffiXsponR570.05Cg037900.v2.1	3.738	no	no	no	yes
SoffiXsponR570.02Bg293700.v2.1	3.738	no	no	no	yes
SoffiXsponR570.01Bg350600.v2.1	3.738	no	no	no	yes
SoffiXsponR570.01Eg387000.v2.1	3.738	no	no	no	yes
SoffiXsponR570.02Dg339000.v2.1	3.738	no	no	no	yes
SoffiXsponR570.02Eg255100.v2.1	3.737	no	no	no	yes
SoffiXsponR570.05Eg242500.v2.1	3.737	no	no	no	yes
SoffiXsponR570.04Dg131000.v2.1	3.736	no	no	no	yes
SoffiXsponR570.07Bg044800.v2.1	3.736	no	no	no	yes
SoffiXsponR570.07Dg050200.v2.1	3.735	no	no	no	yes
SoffiXsponR570.01Cg199300.v2.1	3.733	no	no	no	yes
SoffiXsponR570.05Eg218200.v2.1	3.731	no	no	no	yes
SoffiXsponR570.7os1g047000.v2.1	3.73	no	no	no	yes
SoffiXsponR570.03Eg211400.v2.1	3.73	no	no	no	yes
SoffiXsponR570.04Eg067500.v2.1	3.728	no	no	no	yes
SoffiXsponR570.01Cg343700.v2.1	3.728	no	no	no	yes
SoffiXsponR570.5_9Ag475700.v2.1	3.727	no	no	no	yes
SoffiXsponR570.05Ag133800.v2.1	3.726	no	no	no	yes
SoffiXsponR570.04Ag263100.v2.1	3.726	no	no	no	yes
SoffiXsponR570.10Cg078600.v2.1	3.726	no	no	no	yes
SoffiXsponR570.03Eg028800.v2.1	3.725	no	no	no	yes
SoffiXsponR570.08Cg092000.v2.1	3.725	no	no	no	yes
SoffiXsponR570.3os3g006700.v2.1	3.725	no	no	no	yes
SoffiXsponR570.01Fg103200.v2.1	3.724	no	no	no	yes
SoffiXsponR570.03Cg154000.v2.1	3.722	no	no	no	yes
SoffiXsponR570.01Dg097200.v2.1	3.722	no	no	no	yes
SoffiXsponR570.09Eg098800.v2.1	3.721	no	no	no	yes
SoffiXsponR570.05Bg387400.v2.1	3.721	no	no	no	yes
SoffiXsponR570.03Bg038900.v2.1	3.719	no	no	no	yes
SoffiXsponR570.01Fg142500.v2.1	3.716	no	no	no	yes
SoffiXsponR570.05Gg145600.v2.1	3.716	no	no	no	yes
SoffiXsponR570.05Bg131800.v2.1	3.716	no	no	no	yes
SoffiXsponR570.10Cg182100.v2.1	3.716	no	no	no	yes
SoffiXsponR570.04Bg167600.v2.1	3.716	no	no	no	yes
SoffiXsponR570.02Gg093100.v2.1	3.715	no	no	no	yes
SoffiXsponR570.03Gg126400.v2.1	3.715	no	no	no	yes
SoffiXsponR570.05Gg001100.v2.1	3.714	no	no	no	yes
SoffiXsponR570.06Fg004000.v2.1	3.711	no	no	no	yes
SoffiXsponR570.08Eg005800.v2.1	3.711	no	no	no	yes
SoffiXsponR570.05Ag198600.v2.1	3.708	no	no	no	yes
SoffiXsponR570.06Cg158900.v2.1	3.708	no	no	no	yes
SoffiXsponR570.05Fg137000.v2.1	3.708	no	no	no	yes
SoffiXsponR570.06Cg087600.v2.1	3.708	no	no	no	yes
SoffiXsponR570.09Dg116400.v2.1	3.707	no	no	no	yes
SoffiXsponR570.02Ag025500.v2.1	3.707	no	no	no	yes
SoffiXsponR570.10Bg063400.v2.1	3.706	no	no	no	yes
SoffiXsponR570.02Gg115000.v2.1	3.706	no	no	no	yes
SoffiXsponR570.07Cg165600.v2.1	3.705	no	no	no	yes
SoffiXsponR570.03Eg052000.v2.1	3.705	no	no	no	yes
SoffiXsponR570.04Ag246800.v2.1	3.704	no	no	no	yes
SoffiXsponR570.10Cg029200.v2.1	3.704	no	no	no	yes
SoffiXsponR570.02Bg322500.v2.1	3.704	no	no	no	yes
SoffiXsponR570.3os1g015600.v2.1	3.704	no	no	no	yes
SoffiXsponR570.02Ag343500.v2.1	3.703	no	no	no	yes
SoffiXsponR570.09Eg020400.v2.1	3.702	no	no	no	yes
SoffiXsponR570.6_9Ag060900.v2.1	3.702	no	no	no	yes
SoffiXsponR570.05Cg022300.v2.1	3.702	no	no	no	yes
SoffiXsponR570.05Cg144800.v2.1	3.7	no	no	no	yes
SoffiXsponR570.02Ag276900.v2.1	3.7	no	no	no	yes
SoffiXsponR570.02Bg326200.v2.1	3.699	no	no	no	yes
SoffiXsponR570.05Ag146700.v2.1	3.698	no	no	no	yes
SoffiXsponR570.07Bg038200.v2.1	3.697	no	no	no	yes
SoffiXsponR570.8_5Ag185500.v2.1	3.697	no	no	no	yes
SoffiXsponR570.01Ag178600.v2.1	3.697	no	no	no	yes
SoffiXsponR570.03Gg129500.v2.1	3.697	no	no	no	yes
SoffiXsponR570.05Fg248100.v2.1	3.696	no	no	no	yes
SoffiXsponR570.05Eg332000.v2.1	3.696	no	no	no	yes
SoffiXsponR570.06Ag211700.v2.1	3.696	no	no	no	yes
SoffiXsponR570.8_5Ag244600.v2.1	3.696	no	no	no	yes
SoffiXsponR570.07Eg211700.v2.1	3.695	no	no	no	yes
SoffiXsponR570.03Dg027900.v2.1	3.693	no	no	no	yes
SoffiXsponR570.10Bg147300.v2.1	3.693	no	no	no	yes
SoffiXsponR570.01Dg368700.v2.1	3.693	no	no	no	yes
SoffiXsponR570.04Cg246600.v2.1	3.692	no	no	no	yes
SoffiXsponR570.05Eg269000.v2.1	3.691	no	no	no	yes
SoffiXsponR570.01Bg407100.v2.1	3.691	no	no	no	yes
SoffiXsponR570.01Cg159600.v2.1	3.69	no	no	no	yes
SoffiXsponR570.06Dg120600.v2.1	3.689	no	no	no	yes
SoffiXsponR570.02Fg299200.v2.1	3.688	no	no	no	yes
SoffiXsponR570.1Z164700.v2.1	3.688	no	no	no	yes
SoffiXsponR570.07Dg211400.v2.1	3.688	no	no	no	yes
SoffiXsponR570.02Dg383000.v2.1	3.688	no	no	no	yes
SoffiXsponR570.04Cg002800.v2.1	3.688	no	no	no	yes
SoffiXsponR570.01Eg337800.v2.1	3.687	no	no	no	yes
SoffiXsponR570.01Ag057900.v2.1	3.686	no	no	no	yes
SoffiXsponR570.05Eg357200.v2.1	3.686	no	no	no	yes
SoffiXsponR570.02Ag292700.v2.1	3.686	no	no	no	yes
SoffiXsponR570.09Ag068200.v2.1	3.686	no	no	no	yes
SoffiXsponR570.03Ag069700.v2.1	3.686	no	no	no	yes
SoffiXsponR570.10Dg142300.v2.1	3.685	no	no	no	yes
SoffiXsponR570.04Eg108700.v2.1	3.685	no	no	no	yes
SoffiXsponR570.06Ag057200.v2.1	3.685	no	no	no	yes
SoffiXsponR570.02Bg339800.v2.1	3.684	no	no	no	yes
SoffiXsponR570.8_5Ag246000.v2.1	3.684	no	no	no	yes
SoffiXsponR570.01Dg238700.v2.1	3.684	no	no	no	yes
SoffiXsponR570.07Ag146900.v2.1	3.681	no	no	no	yes
SoffiXsponR570.05Bg353800.v2.1	3.68	no	no	no	yes
SoffiXsponR570.01Ag445900.v2.1	3.68	no	no	no	yes
SoffiXsponR570.08Ag185500.v2.1	3.679	no	no	no	yes
SoffiXsponR570.03Ag116700.v2.1	3.678	no	no	no	yes
SoffiXsponR570.04Ag248000.v2.1	3.678	no	no	no	yes
SoffiXsponR570.09Ag006200.v2.1	3.678	no	no	no	yes
SoffiXsponR570.09Eg115900.v2.1	3.677	no	no	no	yes
SoffiXsponR570.05Dg276600.v2.1	3.677	no	no	no	yes
SoffiXsponR570.02Bg336000.v2.1	3.676	no	no	no	yes
SoffiXsponR570.8_5Ag085200.v2.1	3.675	no	no	no	yes
SoffiXsponR570.07Bg149600.v2.1	3.674	no	no	no	yes
SoffiXsponR570.09Cg153100.v2.1	3.674	no	no	no	yes
SoffiXsponR570.03Dg166600.v2.1	3.673	no	no	no	yes
SoffiXsponR570.07Ag014500.v2.1	3.672	no	no	no	yes
SoffiXsponR570.03Dg209800.v2.1	3.671	no	no	no	yes
SoffiXsponR570.04Fg095200.v2.1	3.67	no	no	no	yes
SoffiXsponR570.05Ag361400.v2.1	3.67	no	no	no	yes
SoffiXsponR570.06Ag151700.v2.1	3.67	no	no	no	yes
SoffiXsponR570.01Ag406200.v2.1	3.669	no	no	no	yes
SoffiXsponR570.01Ag488000.v2.1	3.668	no	no	no	yes
SoffiXsponR570.10Ag121100.v2.1	3.667	no	no	no	yes
SoffiXsponR570.01Eg357800.v2.1	3.667	no	no	no	yes
SoffiXsponR570.01Dg049300.v2.1	3.666	no	no	no	yes
SoffiXsponR570.02Fg101400.v2.1	3.665	no	no	no	yes
SoffiXsponR570.08Cg097700.v2.1	3.664	no	no	no	yes
SoffiXsponR570.06Cg160500.v2.1	3.662	no	no	no	yes
SoffiXsponR570.06Eg040200.v2.1	3.661	no	no	no	yes
SoffiXsponR570.01Dg203700.v2.1	3.661	no	no	no	yes
SoffiXsponR570.01Dg207200.v2.1	3.661	no	no	yes	yes
SoffiXsponR570.02Fg054800.v2.1	3.661	no	no	no	yes
SoffiXsponR570.05Cg239700.v2.1	3.66	no	no	no	yes
SoffiXsponR570.05Fg042800.v2.1	3.66	no	no	no	yes
SoffiXsponR570.05Fg158500.v2.1	3.658	no	no	no	yes
SoffiXsponR570.02Gg285700.v2.1	3.656	no	no	no	yes
SoffiXsponR570.10Ag032400.v2.1	3.656	no	no	no	yes
SoffiXsponR570.10os1g037400.v2.1	3.656	no	no	no	yes
SoffiXsponR570.06Ag139400.v2.1	3.656	no	no	no	yes
SoffiXsponR570.07Dg102900.v2.1	3.656	no	no	no	yes
SoffiXsponR570.05Fg011000.v2.1	3.655	no	no	no	yes
SoffiXsponR570.02Bg224200.v2.1	3.655	no	no	no	yes
SoffiXsponR570.07Dg145900.v2.1	3.655	no	no	no	yes
SoffiXsponR570.7_10Ag306500.v2.1	3.654	no	no	no	yes
SoffiXsponR570.07Ag097900.v2.1	3.654	no	no	no	yes
SoffiXsponR570.09Dg070200.v2.1	3.653	no	no	no	yes
SoffiXsponR570.04Ag183700.v2.1	3.653	no	no	no	yes
SoffiXsponR570.10os1g012200.v2.1	3.653	no	no	no	yes
SoffiXsponR570.02Fg196200.v2.1	3.653	no	no	no	yes
SoffiXsponR570.02Cg290100.v2.1	3.652	no	no	no	yes
SoffiXsponR570.6_9Ag115600.v2.1	3.652	no	no	no	yes
SoffiXsponR570.1Z073700.v2.1	3.652	no	no	no	yes
SoffiXsponR570.8_5Ag254200.v2.1	3.652	no	no	no	yes
SoffiXsponR570.04Dg127800.v2.1	3.652	no	no	no	yes
SoffiXsponR570.05Ag269500.v2.1	3.652	no	no	no	yes
SoffiXsponR570.06Fg122600.v2.1	3.649	no	no	no	yes
SoffiXsponR570.05Bg265900.v2.1	3.648	no	no	no	yes
SoffiXsponR570.05Ag185000.v2.1	3.648	no	no	no	yes
SoffiXsponR570.03Dg041600.v2.1	3.648	no	no	no	yes
SoffiXsponR570.02Gg119000.v2.1	3.648	no	no	no	yes
SoffiXsponR570.07Ag209000.v2.1	3.647	no	no	no	yes
SoffiXsponR570.05Ag167200.v2.1	3.646	no	no	no	yes
SoffiXsponR570.04Fg018200.v2.1	3.645	no	no	no	yes
SoffiXsponR570.05Bg099800.v2.1	3.645	no	no	no	yes
SoffiXsponR570.01Dg080100.v2.1	3.645	no	no	no	yes
SoffiXsponR570.7_10Ag196900.v2.1	3.645	no	no	no	yes
SoffiXsponR570.01Dg070900.v2.1	3.643	no	no	no	yes
SoffiXsponR570.01Dg152600.v2.1	3.642	no	no	no	yes
SoffiXsponR570.05Fg144800.v2.1	3.642	no	no	no	yes
SoffiXsponR570.02Ag205500.v2.1	3.641	no	no	no	yes
SoffiXsponR570.07Dg088400.v2.1	3.641	no	no	no	yes
SoffiXsponR570.09Eg039600.v2.1	3.641	no	no	no	yes
SoffiXsponR570.7os1g087800.v2.1	3.64	no	no	no	yes
SoffiXsponR570.03Bg252500.v2.1	3.64	no	no	no	yes
SoffiXsponR570.01Bg279500.v2.1	3.639	no	no	no	yes
SoffiXsponR570.07Cg246200.v2.1	3.639	no	no	no	yes
SoffiXsponR570.09Eg120200.v2.1	3.639	no	no	no	yes
SoffiXsponR570.01Bg369500.v2.1	3.639	no	no	no	yes
SoffiXsponR570.03Dg296000.v2.1	3.638	no	no	no	yes
SoffiXsponR570.09Ag119500.v2.1	3.637	no	no	no	yes
SoffiXsponR570.03Bg074200.v2.1	3.636	no	no	no	yes
SoffiXsponR570.10Cg079600.v2.1	3.636	no	no	no	yes
SoffiXsponR570.07Dg152500.v2.1	3.635	no	no	no	yes
SoffiXsponR570.05Cg136400.v2.1	3.635	no	no	no	yes
SoffiXsponR570.04Gg034900.v2.1	3.633	no	no	no	yes
SoffiXsponR570.03Eg164500.v2.1	3.632	no	no	no	yes
SoffiXsponR570.1Z296000.v2.1	3.632	no	no	no	yes
SoffiXsponR570.02Fg046000.v2.1	3.631	no	no	no	yes
SoffiXsponR570.05Eg188400.v2.1	3.631	no	no	no	yes
SoffiXsponR570.02Bg200700.v2.1	3.63	no	no	no	yes
SoffiXsponR570.05Gg111100.v2.1	3.629	no	no	no	yes
SoffiXsponR570.05Eg031300.v2.1	3.628	no	no	no	yes
SoffiXsponR570.01Cg167000.v2.1	3.627	no	no	no	yes
SoffiXsponR570.03Eg069300.v2.1	3.627	no	no	no	yes
SoffiXsponR570.8_10Ag271300.v2.1	3.625	no	no	no	yes
SoffiXsponR570.02Cg027900.v2.1	3.624	no	no	no	yes
SoffiXsponR570.05Cg235200.v2.1	3.624	no	no	no	yes
SoffiXsponR570.02Gg121500.v2.1	3.623	no	no	no	yes
SoffiXsponR570.8_5Ag131800.v2.1	3.623	no	no	no	yes
SoffiXsponR570.8_5Ag166200.v2.1	3.623	no	no	no	yes
SoffiXsponR570.01Cg287900.v2.1	3.622	no	no	no	yes
SoffiXsponR570.09Ag142200.v2.1	3.621	no	no	no	yes
SoffiXsponR570.05Eg340600.v2.1	3.62	no	no	no	yes
SoffiXsponR570.05Bg048100.v2.1	3.619	no	no	no	yes
SoffiXsponR570.01Ag152800.v2.1	3.618	no	no	no	yes
SoffiXsponR570.01Dg279600.v2.1	3.618	no	no	no	yes
SoffiXsponR570.7_10Ag293200.v2.1	3.617	no	no	no	yes
SoffiXsponR570.02Ag241000.v2.1	3.616	no	no	no	yes
SoffiXsponR570.09Cg033100.v2.1	3.615	no	no	no	yes
SoffiXsponR570.01Fg096500.v2.1	3.613	no	no	no	yes
SoffiXsponR570.07Ag173600.v2.1	3.613	no	no	no	yes
SoffiXsponR570.04Ag166500.v2.1	3.611	no	no	no	yes
SoffiXsponR570.02Ag235600.v2.1	3.611	no	no	no	yes
SoffiXsponR570.01Fg063500.v2.1	3.611	no	no	no	yes
SoffiXsponR570.02Gg105300.v2.1	3.61	no	no	no	yes
SoffiXsponR570.02Ag171400.v2.1	3.608	no	no	no	yes
SoffiXsponR570.02Cg189100.v2.1	3.608	no	no	no	yes
SoffiXsponR570.9us90g016500.v2.1	3.608	no	no	no	yes
SoffiXsponR570.09Bg164700.v2.1	3.608	no	no	no	yes
SoffiXsponR570.04Dg101800.v2.1	3.606	no	yes	no	no
SoffiXsponR570.01Ag430700.v2.1	3.605	no	no	no	yes
SoffiXsponR570.03Eg289600.v2.1	3.605	no	no	no	yes
SoffiXsponR570.02Eg042500.v2.1	3.604	no	no	no	yes
SoffiXsponR570.4us91g015500.v2.1	3.603	no	no	no	yes
SoffiXsponR570.05Eg020600.v2.1	3.603	no	no	no	yes
SoffiXsponR570.01Dg079500.v2.1	3.603	no	no	no	yes
SoffiXsponR570.01Ag322800.v2.1	3.603	no	no	no	yes
SoffiXsponR570.02Cg286900.v2.1	3.602	no	no	no	yes
SoffiXsponR570.07Bg264500.v2.1	3.601	no	no	no	yes
SoffiXsponR570.09Cg032100.v2.1	3.601	no	no	no	yes
SoffiXsponR570.01Cg363000.v2.1	3.6	no	no	no	yes
SoffiXsponR570.04Eg149400.v2.1	3.599	no	no	no	yes
SoffiXsponR570.09Dg008000.v2.1	3.599	no	no	no	yes
SoffiXsponR570.08Eg038200.v2.1	3.599	no	no	no	yes
SoffiXsponR570.07Bg091500.v2.1	3.598	no	no	no	yes
SoffiXsponR570.02Bg037600.v2.1	3.598	no	no	no	yes
SoffiXsponR570.05Ag217700.v2.1	3.597	no	no	no	yes
SoffiXsponR570.03Ag216000.v2.1	3.597	no	no	no	yes
SoffiXsponR570.04Cg143900.v2.1	3.596	no	no	no	yes
SoffiXsponR570.06Eg000600.v2.1	3.596	no	no	no	yes
SoffiXsponR570.08Ag132600.v2.1	3.596	no	no	no	yes
SoffiXsponR570.03Cg250200.v2.1	3.595	no	no	no	yes
SoffiXsponR570.07Dg171700.v2.1	3.594	no	no	no	yes
SoffiXsponR570.05Gg201400.v2.1	3.594	no	no	no	yes
SoffiXsponR570.02Fg224200.v2.1	3.594	no	no	no	yes
SoffiXsponR570.07Cg020600.v2.1	3.593	no	no	no	yes
SoffiXsponR570.10Dg045300.v2.1	3.591	no	no	no	yes
SoffiXsponR570.05Fg086900.v2.1	3.59	no	no	no	yes
SoffiXsponR570.03Bg033900.v2.1	3.588	no	no	no	yes
SoffiXsponR570.02Gg079600.v2.1	3.588	no	no	no	yes
SoffiXsponR570.02Fg325000.v2.1	3.588	no	no	yes	yes
SoffiXsponR570.01Ag122400.v2.1	3.587	no	no	no	yes
SoffiXsponR570.01Cg001000.v2.1	3.586	no	no	no	yes
SoffiXsponR570.02Dg231200.v2.1	3.585	no	no	no	yes
SoffiXsponR570.04Fg092100.v2.1	3.585	no	no	no	yes
SoffiXsponR570.02Cg311500.v2.1	3.585	no	no	no	yes
SoffiXsponR570.03Cg198600.v2.1	3.583	no	no	no	yes
SoffiXsponR570.01Cg386600.v2.1	3.583	no	no	no	yes
SoffiXsponR570.08Cg089700.v2.1	3.582	no	no	no	yes
SoffiXsponR570.8_5Ag248000.v2.1	3.582	no	no	no	yes
SoffiXsponR570.04Dg116400.v2.1	3.582	no	no	no	yes
SoffiXsponR570.02Gg106800.v2.1	3.581	no	no	no	yes
SoffiXsponR570.09Eg031100.v2.1	3.581	no	no	no	yes
SoffiXsponR570.02Ag149600.v2.1	3.579	no	no	no	yes
SoffiXsponR570.06Ag157300.v2.1	3.579	no	no	no	yes
SoffiXsponR570.8_5Ag143100.v2.1	3.578	no	no	no	yes
SoffiXsponR570.03Cg166200.v2.1	3.578	no	no	no	yes
SoffiXsponR570.03Bg178700.v2.1	3.577	no	no	no	yes
SoffiXsponR570.02Ag360000.v2.1	3.577	no	no	no	yes
SoffiXsponR570.06Eg104100.v2.1	3.576	no	no	no	yes
SoffiXsponR570.07Ag185000.v2.1	3.576	no	no	no	yes
SoffiXsponR570.07Ag038400.v2.1	3.576	no	no	no	yes
SoffiXsponR570.05Dg025800.v2.1	3.575	no	no	no	yes
SoffiXsponR570.02Ag300800.v2.1	3.575	no	no	no	yes
SoffiXsponR570.08Eg022900.v2.1	3.574	no	no	no	yes
SoffiXsponR570.04Gg024200.v2.1	3.574	no	no	no	yes
SoffiXsponR570.05Fg026600.v2.1	3.574	no	no	no	yes
SoffiXsponR570.05Bg068700.v2.1	3.572	no	no	no	yes
SoffiXsponR570.01Fg335800.v2.1	3.571	no	no	no	yes
SoffiXsponR570.05Fg158100.v2.1	3.571	no	no	no	yes
SoffiXsponR570.02Ag016500.v2.1	3.57	no	no	no	yes
SoffiXsponR570.01Dg308300.v2.1	3.568	no	no	no	yes
SoffiXsponR570.01Fg272300.v2.1	3.567	no	no	no	yes
SoffiXsponR570.10Dg055200.v2.1	3.566	no	no	no	yes
SoffiXsponR570.07Dg198900.v2.1	3.566	no	no	yes	yes
SoffiXsponR570.10Fg071700.v2.1	3.565	no	no	no	yes
SoffiXsponR570.1Z060200.v2.1	3.564	no	no	no	yes
SoffiXsponR570.03Dg245900.v2.1	3.564	no	no	no	yes
SoffiXsponR570.05Ag210800.v2.1	3.564	no	no	no	yes
SoffiXsponR570.02Ag031300.v2.1	3.564	no	no	no	yes
SoffiXsponR570.3os3g002900.v2.1	3.563	no	no	no	yes
SoffiXsponR570.02Dg383800.v2.1	3.562	yes	yes	yes	yes
SoffiXsponR570.08Cg187900.v2.1	3.562	no	no	no	yes
SoffiXsponR570.01Eg073000.v2.1	3.561	no	no	no	yes
SoffiXsponR570.05Cg217600.v2.1	3.561	no	no	no	yes
SoffiXsponR570.03Eg282300.v2.1	3.56	no	no	no	yes
SoffiXsponR570.02Ag071800.v2.1	3.56	no	no	no	yes
SoffiXsponR570.02Gg009800.v2.1	3.559	no	no	no	yes
SoffiXsponR570.01Ag352900.v2.1	3.558	no	no	no	yes
SoffiXsponR570.03Ag138900.v2.1	3.558	no	no	no	yes
SoffiXsponR570.06Gg010800.v2.1	3.557	no	no	no	yes
SoffiXsponR570.09Bg132000.v2.1	3.557	no	no	no	yes
SoffiXsponR570.05Bg292300.v2.1	3.556	no	no	no	yes
SoffiXsponR570.02Bg121300.v2.1	3.556	no	no	no	yes
SoffiXsponR570.5_9Ag059300.v2.1	3.554	no	no	no	yes
SoffiXsponR570.02Bg149800.v2.1	3.554	no	no	yes	yes
SoffiXsponR570.05Eg182800.v2.1	3.553	no	no	no	yes
SoffiXsponR570.09Eg043900.v2.1	3.553	no	no	no	yes
SoffiXsponR570.08Dg022300.v2.1	3.55	no	no	no	yes
SoffiXsponR570.02Bg080700.v2.1	3.55	no	no	no	yes
SoffiXsponR570.05Ag186400.v2.1	3.549	no	no	no	yes
SoffiXsponR570.09Bg019900.v2.1	3.549	no	no	no	yes
SoffiXsponR570.08Ag098400.v2.1	3.548	no	no	no	yes
SoffiXsponR570.06Ag098200.v2.1	3.547	no	no	no	yes
SoffiXsponR570.01Ag329800.v2.1	3.547	no	no	no	yes
SoffiXsponR570.10Eg066400.v2.1	3.547	no	no	no	yes
SoffiXsponR570.01Bg343900.v2.1	3.547	no	no	no	yes
SoffiXsponR570.06Ag065700.v2.1	3.546	no	no	no	yes
SoffiXsponR570.01Bg384200.v2.1	3.546	no	no	no	yes
SoffiXsponR570.02Bg239000.v2.1	3.545	no	no	no	yes
SoffiXsponR570.05Ag228600.v2.1	3.544	no	no	no	yes
SoffiXsponR570.05Fg149900.v2.1	3.543	no	no	no	yes
SoffiXsponR570.02Fg147400.v2.1	3.543	no	no	no	yes
SoffiXsponR570.03Gg074100.v2.1	3.543	no	no	no	yes
SoffiXsponR570.10Fg011600.v2.1	3.542	no	no	no	yes
SoffiXsponR570.02Bg316900.v2.1	3.542	no	no	no	yes
SoffiXsponR570.10Cg061300.v2.1	3.541	no	no	no	yes
SoffiXsponR570.07Dg187900.v2.1	3.54	no	no	no	yes
SoffiXsponR570.04Fg133200.v2.1	3.539	no	no	no	yes
SoffiXsponR570.01Dg049700.v2.1	3.539	no	no	no	yes
SoffiXsponR570.01Bg224700.v2.1	3.539	no	no	no	yes
SoffiXsponR570.04Fg069600.v2.1	3.538	no	no	no	yes
SoffiXsponR570.06Dg055900.v2.1	3.538	no	no	no	yes
SoffiXsponR570.05Bg284000.v2.1	3.537	no	no	no	yes
SoffiXsponR570.05Cg087600.v2.1	3.537	no	no	no	yes
SoffiXsponR570.02Bg072300.v2.1	3.536	no	no	no	yes
SoffiXsponR570.09Eg060500.v2.1	3.536	no	no	no	yes
SoffiXsponR570.06Cg055100.v2.1	3.534	no	no	no	yes
SoffiXsponR570.02Eg338400.v2.1	3.533	no	yes	no	no
SoffiXsponR570.1Z002400.v2.1	3.532	no	no	no	yes
SoffiXsponR570.02Ag204900.v2.1	3.532	no	no	no	yes
SoffiXsponR570.10Cg129800.v2.1	3.531	no	no	no	yes
SoffiXsponR570.02Bg313900.v2.1	3.53	no	no	no	yes
SoffiXsponR570.07Eg156800.v2.1	3.529	no	no	no	yes
SoffiXsponR570.08Eg128000.v2.1	3.529	no	no	no	yes
SoffiXsponR570.10Ag009400.v2.1	3.529	no	no	no	yes
SoffiXsponR570.09Eg045900.v2.1	3.528	no	no	no	yes
SoffiXsponR570.10Dg124100.v2.1	3.528	no	no	no	yes
SoffiXsponR570.06Cg153300.v2.1	3.526	no	no	no	yes
SoffiXsponR570.01Cg262300.v2.1	3.526	no	no	no	yes
SoffiXsponR570.02Cg300400.v2.1	3.526	no	no	no	yes
SoffiXsponR570.08Eg009100.v2.1	3.526	no	no	no	yes
SoffiXsponR570.5_9Ag383700.v2.1	3.523	no	no	no	yes
SoffiXsponR570.09Eg028700.v2.1	3.522	no	no	no	yes
SoffiXsponR570.1Z056100.v2.1	3.522	no	no	no	yes
SoffiXsponR570.02Bg252900.v2.1	3.522	no	no	no	yes
SoffiXsponR570.05Ag153800.v2.1	3.522	no	no	no	yes
SoffiXsponR570.01Ag150600.v2.1	3.521	no	no	no	yes
SoffiXsponR570.07Eg074000.v2.1	3.52	no	no	no	yes
SoffiXsponR570.07Eg084600.v2.1	3.519	no	no	no	yes
SoffiXsponR570.02Bg006900.v2.1	3.519	no	no	no	yes
SoffiXsponR570.05Fg181500.v2.1	3.519	no	no	no	yes
SoffiXsponR570.02Fg222900.v2.1	3.517	no	no	no	yes
SoffiXsponR570.05Ag103300.v2.1	3.516	no	no	no	yes
SoffiXsponR570.5_9Ag036000.v2.1	3.515	no	no	no	yes
SoffiXsponR570.05Ag296000.v2.1	3.514	no	no	no	yes
SoffiXsponR570.06Eg150600.v2.1	3.514	no	no	no	yes
SoffiXsponR570.07Bg278100.v2.1	3.514	no	no	no	yes
SoffiXsponR570.01Bg250500.v2.1	3.514	no	no	no	yes
SoffiXsponR570.04Dg103900.v2.1	3.514	no	no	no	yes
SoffiXsponR570.02Dg159300.v2.1	3.512	no	no	no	yes
SoffiXsponR570.02Cg168500.v2.1	3.511	no	no	no	yes
SoffiXsponR570.01Bg267800.v2.1	3.51	no	no	no	yes
SoffiXsponR570.05Ag375200.v2.1	3.51	no	no	no	yes
SoffiXsponR570.03Eg056800.v2.1	3.51	no	no	no	yes
SoffiXsponR570.8_5Ag047900.v2.1	3.51	no	no	no	yes
SoffiXsponR570.02Gg309600.v2.1	3.51	no	no	no	yes
SoffiXsponR570.08Bg003000.v2.1	3.51	no	no	no	yes
SoffiXsponR570.09Eg024200.v2.1	3.509	no	no	no	yes
SoffiXsponR570.05Fg251400.v2.1	3.509	no	no	no	yes
SoffiXsponR570.02Ag065600.v2.1	3.509	no	no	no	yes
SoffiXsponR570.10Cg022700.v2.1	3.509	no	no	no	yes
SoffiXsponR570.06Ag064500.v2.1	3.508	no	no	no	yes
SoffiXsponR570.06Dg040400.v2.1	3.508	no	no	no	yes
SoffiXsponR570.10Ag071200.v2.1	3.507	no	no	no	yes
SoffiXsponR570.06Cg140800.v2.1	3.507	no	no	no	yes
SoffiXsponR570.5_9Ag410100.v2.1	3.507	no	no	no	yes
SoffiXsponR570.06Dg115600.v2.1	3.506	no	no	no	yes
SoffiXsponR570.01Cg334900.v2.1	3.505	no	no	no	yes
SoffiXsponR570.05Ag325200.v2.1	3.504	no	no	no	yes
SoffiXsponR570.07Eg220400.v2.1	3.504	no	no	no	yes
SoffiXsponR570.09Cg159400.v2.1	3.504	no	no	no	yes
SoffiXsponR570.03Ag028500.v2.1	3.503	no	no	no	yes
SoffiXsponR570.06Cg134400.v2.1	3.502	no	no	no	yes
SoffiXsponR570.03Eg152400.v2.1	3.501	no	no	no	yes
SoffiXsponR570.10Dg162400.v2.1	3.5	no	no	no	yes
SoffiXsponR570.05Gg146600.v2.1	3.5	no	no	no	yes
SoffiXsponR570.09Eg019100.v2.1	3.5	no	no	no	yes
SoffiXsponR570.09Ag114400.v2.1	3.499	no	no	no	yes
SoffiXsponR570.05Bg297000.v2.1	3.498	no	no	no	yes
SoffiXsponR570.09Ag104700.v2.1	3.498	no	no	no	yes
SoffiXsponR570.07Eg063100.v2.1	3.497	no	no	no	yes
SoffiXsponR570.01Bg029100.v2.1	3.496	no	no	no	yes
SoffiXsponR570.01Eg145100.v2.1	3.496	no	no	no	yes
SoffiXsponR570.09Ag108800.v2.1	3.496	no	no	no	yes
SoffiXsponR570.02Fg201800.v2.1	3.494	no	no	no	yes
SoffiXsponR570.01Ag503700.v2.1	3.49	no	no	no	yes
SoffiXsponR570.03Dg237500.v2.1	3.49	no	no	no	yes
SoffiXsponR570.07Cg193000.v2.1	3.489	no	no	no	yes
SoffiXsponR570.04Bg051400.v2.1	3.489	no	no	no	yes
SoffiXsponR570.03Cg016500.v2.1	3.488	no	no	no	yes
SoffiXsponR570.02Ag378500.v2.1	3.487	no	no	no	yes
SoffiXsponR570.07Eg102900.v2.1	3.487	no	no	no	yes
SoffiXsponR570.01Cg396100.v2.1	3.486	no	no	no	yes
SoffiXsponR570.06Ag222900.v2.1	3.485	no	no	no	yes
SoffiXsponR570.1Z176400.v2.1	3.485	no	no	no	yes
SoffiXsponR570.05Eg000400.v2.1	3.484	no	no	no	yes
SoffiXsponR570.05Ag038900.v2.1	3.484	no	yes	no	no
SoffiXsponR570.05Ag210500.v2.1	3.483	no	no	no	yes
SoffiXsponR570.02Dg211600.v2.1	3.48	no	no	no	yes
SoffiXsponR570.03Bg229400.v2.1	3.479	no	no	no	yes
SoffiXsponR570.10Ag005600.v2.1	3.479	no	no	no	yes
SoffiXsponR570.3os5g003700.v2.1	3.479	no	no	no	yes
SoffiXsponR570.02Bg385100.v2.1	3.478	no	no	no	yes
SoffiXsponR570.07Cg217400.v2.1	3.478	no	no	no	yes
SoffiXsponR570.06Dg100500.v2.1	3.477	no	no	no	yes
SoffiXsponR570.10Dg074800.v2.1	3.477	no	no	no	yes
SoffiXsponR570.07Eg015500.v2.1	3.477	no	no	no	yes
SoffiXsponR570.10Bg014300.v2.1	3.475	no	no	no	yes
SoffiXsponR570.05Eg360100.v2.1	3.474	no	no	no	yes
SoffiXsponR570.07Bg277500.v2.1	3.471	no	no	no	yes
SoffiXsponR570.02Ag215400.v2.1	3.47	no	no	no	yes
SoffiXsponR570.02Gg127200.v2.1	3.469	no	no	no	yes
SoffiXsponR570.06Ag081800.v2.1	3.469	no	no	no	yes
SoffiXsponR570.02Ag316100.v2.1	3.469	no	no	no	yes
SoffiXsponR570.6_9Ag051200.v2.1	3.469	no	no	no	yes
SoffiXsponR570.03Eg060500.v2.1	3.468	no	no	no	yes
SoffiXsponR570.07Eg067300.v2.1	3.467	no	no	no	yes
SoffiXsponR570.01Ag166300.v2.1	3.466	no	no	no	yes
SoffiXsponR570.02Dg389600.v2.1	3.466	no	no	no	yes
SoffiXsponR570.04Ag262000.v2.1	3.466	no	no	no	yes
SoffiXsponR570.7_10Ag287900.v2.1	3.466	no	no	no	yes
SoffiXsponR570.1Z138500.v2.1	3.464	no	no	no	yes
SoffiXsponR570.5_9Ag271600.v2.1	3.464	no	no	no	yes
SoffiXsponR570.02Ag166500.v2.1	3.463	no	no	no	yes
SoffiXsponR570.03Fg118300.v2.1	3.463	no	no	no	yes
SoffiXsponR570.7_10Ag182700.v2.1	3.463	no	no	no	yes
SoffiXsponR570.05Cg354900.v2.1	3.463	no	no	no	yes
SoffiXsponR570.05Fg100000.v2.1	3.462	no	no	no	yes
SoffiXsponR570.01Bg258900.v2.1	3.46	no	no	no	yes
SoffiXsponR570.6_9Ag306400.v2.1	3.46	no	no	no	yes
SoffiXsponR570.01Bg424200.v2.1	3.46	no	no	no	yes
SoffiXsponR570.5_9Ag146900.v2.1	3.459	no	no	no	yes
SoffiXsponR570.02Dg261200.v2.1	3.459	no	no	no	yes
SoffiXsponR570.08Bg174100.v2.1	3.459	no	no	no	yes
SoffiXsponR570.07Bg043900.v2.1	3.459	no	no	no	yes
SoffiXsponR570.02Bg012200.v2.1	3.458	no	no	no	yes
SoffiXsponR570.01Bg367300.v2.1	3.457	no	no	no	yes
SoffiXsponR570.07Ag103800.v2.1	3.456	no	no	no	yes
SoffiXsponR570.02Dg350300.v2.1	3.455	no	no	no	yes
SoffiXsponR570.01Dg129600.v2.1	3.454	no	no	no	yes
SoffiXsponR570.04Dg149700.v2.1	3.454	no	no	no	yes
SoffiXsponR570.10Bg052600.v2.1	3.454	no	no	no	yes
SoffiXsponR570.02Gg044000.v2.1	3.453	no	no	no	yes
SoffiXsponR570.08Cg151300.v2.1	3.453	no	no	no	yes
SoffiXsponR570.06Eg102000.v2.1	3.453	no	no	no	yes
SoffiXsponR570.05Bg186100.v2.1	3.452	no	no	no	yes
SoffiXsponR570.05Bg274300.v2.1	3.451	no	no	no	yes
SoffiXsponR570.02Dg269000.v2.1	3.45	no	no	no	yes
SoffiXsponR570.05Eg125100.v2.1	3.45	no	no	no	yes
SoffiXsponR570.02Cg354100.v2.1	3.45	no	no	no	yes
SoffiXsponR570.01Bg322700.v2.1	3.45	no	no	no	yes
SoffiXsponR570.08Ag083100.v2.1	3.448	no	no	no	yes
SoffiXsponR570.02Bg362700.v2.1	3.445	no	no	no	yes
SoffiXsponR570.05Fg247100.v2.1	3.445	no	no	no	yes
SoffiXsponR570.02Bg296200.v2.1	3.444	no	no	no	yes
SoffiXsponR570.06Gg064800.v2.1	3.444	no	no	no	yes
SoffiXsponR570.08Eg128500.v2.1	3.443	no	no	no	yes
SoffiXsponR570.01Bg357800.v2.1	3.442	no	no	no	yes
SoffiXsponR570.07Dg187300.v2.1	3.442	no	no	no	yes
SoffiXsponR570.06Bg008200.v2.1	3.442	no	no	no	yes
SoffiXsponR570.03Gg002300.v2.1	3.441	no	no	no	yes
SoffiXsponR570.5_9Ag042400.v2.1	3.44	no	no	no	yes
SoffiXsponR570.10Eg008800.v2.1	3.439	no	no	no	yes
SoffiXsponR570.10Bg040700.v2.1	3.439	no	no	no	yes
SoffiXsponR570.06Cg040400.v2.1	3.438	no	no	no	yes
SoffiXsponR570.02Gg289900.v2.1	3.438	no	no	no	yes
SoffiXsponR570.1Z130200.v2.1	3.438	no	no	no	yes
SoffiXsponR570.05Bg363200.v2.1	3.436	no	no	no	yes
SoffiXsponR570.01Ag531500.v2.1	3.435	no	no	no	yes
SoffiXsponR570.06Gg109300.v2.1	3.435	no	no	no	yes
SoffiXsponR570.02Gg244000.v2.1	3.435	no	no	no	yes
SoffiXsponR570.01Eg422400.v2.1	3.434	no	no	no	yes
SoffiXsponR570.03Bg245200.v2.1	3.434	no	no	no	yes
SoffiXsponR570.01Eg196100.v2.1	3.434	no	no	no	yes
SoffiXsponR570.03Cg232400.v2.1	3.432	no	no	no	yes
SoffiXsponR570.04Ag122800.v2.1	3.432	no	no	no	yes
SoffiXsponR570.02Cg141900.v2.1	3.431	no	no	no	yes
SoffiXsponR570.03Dg027500.v2.1	3.431	no	no	no	yes
SoffiXsponR570.04Dg046800.v2.1	3.431	no	no	no	yes
SoffiXsponR570.10Dg126000.v2.1	3.431	no	no	no	yes
SoffiXsponR570.02Bg382400.v2.1	3.431	no	no	no	yes
SoffiXsponR570.02Fg274100.v2.1	3.43	no	no	no	yes
SoffiXsponR570.8_10Ag298100.v2.1	3.43	no	no	no	yes
SoffiXsponR570.05Eg333300.v2.1	3.429	no	no	no	yes
SoffiXsponR570.04Eg130400.v2.1	3.429	no	no	no	yes
SoffiXsponR570.01Eg345400.v2.1	3.429	no	no	no	yes
SoffiXsponR570.01Ag310300.v2.1	3.428	no	no	no	yes
SoffiXsponR570.06Dg047500.v2.1	3.428	no	no	no	yes
SoffiXsponR570.01Ag198600.v2.1	3.428	no	no	no	yes
SoffiXsponR570.01Fg202600.v2.1	3.427	no	no	no	yes
SoffiXsponR570.01Eg040300.v2.1	3.427	no	no	no	yes
SoffiXsponR570.06Gg111900.v2.1	3.427	no	no	no	yes
SoffiXsponR570.4us91g060500.v2.1	3.426	no	no	no	yes
SoffiXsponR570.07Ag238300.v2.1	3.425	no	no	no	yes
SoffiXsponR570.07Eg123100.v2.1	3.425	no	no	no	yes
SoffiXsponR570.1Z044800.v2.1	3.424	no	no	no	yes
SoffiXsponR570.09Ag150700.v2.1	3.424	no	no	no	yes
SoffiXsponR570.08Ag171400.v2.1	3.423	no	no	no	yes
SoffiXsponR570.8_10Ag307400.v2.1	3.423	no	yes	no	yes
SoffiXsponR570.09Dg042800.v2.1	3.421	no	no	no	yes
SoffiXsponR570.05Eg109900.v2.1	3.42	no	no	no	yes
SoffiXsponR570.10Cg163500.v2.1	3.42	no	no	no	yes
SoffiXsponR570.09Ag113000.v2.1	3.419	no	no	no	yes
SoffiXsponR570.04Ag093500.v2.1	3.419	no	no	no	yes
SoffiXsponR570.06Ag162200.v2.1	3.418	no	no	no	yes
SoffiXsponR570.03Eg131000.v2.1	3.417	no	no	yes	yes
SoffiXsponR570.08Bg169200.v2.1	3.416	no	no	no	yes
SoffiXsponR570.01Eg341900.v2.1	3.415	no	no	no	yes
SoffiXsponR570.10Cg029100.v2.1	3.415	no	no	no	yes
SoffiXsponR570.01Eg254000.v2.1	3.414	no	no	no	yes
SoffiXsponR570.10us89g011000.v2.1	3.414	no	no	no	yes
SoffiXsponR570.02Cg187300.v2.1	3.413	no	no	no	yes
SoffiXsponR570.02Bg030400.v2.1	3.413	no	no	no	yes
SoffiXsponR570.09Bg084900.v2.1	3.413	no	no	no	yes
SoffiXsponR570.07Bg221600.v2.1	3.413	no	no	no	yes
SoffiXsponR570.1Z189400.v2.1	3.41	no	no	no	yes
SoffiXsponR570.02Ag036200.v2.1	3.409	no	no	no	yes
SoffiXsponR570.06Gg090400.v2.1	3.409	no	no	no	yes
SoffiXsponR570.07Ag156000.v2.1	3.408	no	no	no	yes
SoffiXsponR570.8_5Ag208500.v2.1	3.408	no	no	no	yes
SoffiXsponR570.09Dg123500.v2.1	3.407	no	no	no	yes
SoffiXsponR570.06Gg078000.v2.1	3.406	no	no	no	yes
SoffiXsponR570.05Dg171000.v2.1	3.404	no	no	no	yes
SoffiXsponR570.06Cg005300.v2.1	3.403	no	no	no	yes
SoffiXsponR570.05Cg033900.v2.1	3.403	no	no	no	yes
SoffiXsponR570.02Bg307600.v2.1	3.401	no	no	no	yes
SoffiXsponR570.02Eg296800.v2.1	3.401	no	no	no	yes
SoffiXsponR570.03Gg106200.v2.1	3.4	no	no	no	yes
SoffiXsponR570.08Cg019600.v2.1	3.399	no	no	no	yes
SoffiXsponR570.03Cg114200.v2.1	3.398	no	no	no	yes
SoffiXsponR570.02Eg246100.v2.1	3.398	no	yes	no	no
SoffiXsponR570.06Eg147400.v2.1	3.397	no	no	no	yes
SoffiXsponR570.07Bg169200.v2.1	3.397	no	no	no	yes
SoffiXsponR570.01Bg340100.v2.1	3.397	no	no	no	yes
SoffiXsponR570.5_9Ag299700.v2.1	3.396	no	no	no	yes
SoffiXsponR570.01Cg181600.v2.1	3.395	no	no	no	yes
SoffiXsponR570.05Fg214900.v2.1	3.394	no	no	no	yes
SoffiXsponR570.02Eg052700.v2.1	3.394	no	no	no	yes
SoffiXsponR570.06Dg075300.v2.1	3.393	no	no	no	yes
SoffiXsponR570.06Dg132300.v2.1	3.391	no	no	no	yes
SoffiXsponR570.08Cg071900.v2.1	3.391	no	no	no	yes
SoffiXsponR570.09Cg133000.v2.1	3.39	no	no	no	yes
SoffiXsponR570.01Bg227900.v2.1	3.39	no	no	no	yes
SoffiXsponR570.10Cg005200.v2.1	3.39	no	no	no	yes
SoffiXsponR570.05Fg016100.v2.1	3.388	no	no	no	yes
SoffiXsponR570.3os1g011900.v2.1	3.388	no	no	no	yes
SoffiXsponR570.5_9Ag280100.v2.1	3.388	no	no	no	yes
SoffiXsponR570.09Eg056500.v2.1	3.387	no	no	no	yes
SoffiXsponR570.04Cg018500.v2.1	3.385	no	no	no	yes
SoffiXsponR570.02Fg264700.v2.1	3.384	no	no	no	yes
SoffiXsponR570.07Ag211500.v2.1	3.383	no	no	no	yes
SoffiXsponR570.02Bg029900.v2.1	3.383	no	no	no	yes
SoffiXsponR570.04Cg156600.v2.1	3.382	no	no	no	yes
SoffiXsponR570.6_9Ag268000.v2.1	3.382	no	no	no	yes
SoffiXsponR570.02Ag090200.v2.1	3.382	no	no	no	yes
SoffiXsponR570.06Dg163900.v2.1	3.381	no	no	no	yes
SoffiXsponR570.07Eg218900.v2.1	3.38	no	no	no	yes
SoffiXsponR570.01Cg097100.v2.1	3.38	no	no	no	yes
SoffiXsponR570.03Cg126800.v2.1	3.379	no	no	no	yes
SoffiXsponR570.09Dg111400.v2.1	3.379	no	no	no	yes
SoffiXsponR570.06Eg033700.v2.1	3.378	no	no	no	yes
SoffiXsponR570.03Eg018900.v2.1	3.377	no	no	no	yes
SoffiXsponR570.01Eg191400.v2.1	3.376	no	no	no	yes
SoffiXsponR570.02Bg346100.v2.1	3.376	no	no	no	yes
SoffiXsponR570.02Cg280900.v2.1	3.375	no	no	no	yes
SoffiXsponR570.06Dg123100.v2.1	3.375	no	no	no	yes
SoffiXsponR570.01Cg193900.v2.1	3.375	no	no	no	yes
SoffiXsponR570.07Dg086700.v2.1	3.375	no	no	no	yes
SoffiXsponR570.07Cg267900.v2.1	3.374	no	no	no	yes
SoffiXsponR570.08Cg083200.v2.1	3.373	no	no	no	yes
SoffiXsponR570.01Dg109200.v2.1	3.373	no	no	no	yes
SoffiXsponR570.02Eg278600.v2.1	3.372	no	no	no	yes
SoffiXsponR570.05Cg299700.v2.1	3.372	no	no	no	yes
SoffiXsponR570.4us91g055000.v2.1	3.372	no	no	no	yes
SoffiXsponR570.10Dg021800.v2.1	3.372	no	no	no	yes
SoffiXsponR570.03Gg035500.v2.1	3.371	no	no	no	yes
SoffiXsponR570.6_9Ag091700.v2.1	3.371	no	no	no	yes
SoffiXsponR570.02Eg044900.v2.1	3.37	no	no	no	yes
SoffiXsponR570.02Fg301100.v2.1	3.37	no	no	yes	yes
SoffiXsponR570.6us88g100200.v2.1	3.369	no	no	no	yes
SoffiXsponR570.10Dg084000.v2.1	3.368	no	no	no	yes
SoffiXsponR570.05Dg320800.v2.1	3.368	no	no	no	yes
SoffiXsponR570.06Cg182700.v2.1	3.368	no	no	no	yes
SoffiXsponR570.05Bg320900.v2.1	3.367	no	no	no	yes
SoffiXsponR570.03Ag103500.v2.1	3.367	no	no	no	yes
SoffiXsponR570.02Fg267300.v2.1	3.367	no	no	no	yes
SoffiXsponR570.02Gg080800.v2.1	3.367	no	no	no	yes
SoffiXsponR570.09Bg062100.v2.1	3.366	no	no	no	yes
SoffiXsponR570.1Z260600.v2.1	3.365	no	no	no	yes
SoffiXsponR570.02Bg380400.v2.1	3.365	no	no	no	yes
SoffiXsponR570.1Z185400.v2.1	3.365	no	no	no	yes
SoffiXsponR570.01Dg077900.v2.1	3.364	no	no	no	yes
SoffiXsponR570.5_9Ag104200.v2.1	3.364	no	no	no	yes
SoffiXsponR570.02Dg364200.v2.1	3.363	no	no	no	yes
SoffiXsponR570.08Cg188800.v2.1	3.363	no	no	no	yes
SoffiXsponR570.07Ag209700.v2.1	3.362	no	no	no	yes
SoffiXsponR570.05Dg100800.v2.1	3.361	no	no	no	yes
SoffiXsponR570.02Bg254300.v2.1	3.361	no	no	no	yes
SoffiXsponR570.09Cg000700.v2.1	3.359	no	no	no	yes
SoffiXsponR570.8_10Ag085600.v2.1	3.359	no	no	no	yes
SoffiXsponR570.08Cg058500.v2.1	3.358	no	no	no	yes
SoffiXsponR570.08Ag160900.v2.1	3.358	no	no	no	yes
SoffiXsponR570.06Cg167800.v2.1	3.357	no	no	no	yes
SoffiXsponR570.06Cg200300.v2.1	3.356	no	no	no	yes
SoffiXsponR570.02Gg112500.v2.1	3.356	no	no	no	yes
SoffiXsponR570.10us89g040600.v2.1	3.356	no	no	no	yes
SoffiXsponR570.05Cg022200.v2.1	3.354	no	no	no	yes
SoffiXsponR570.02Cg428500.v2.1	3.354	no	no	no	yes
SoffiXsponR570.04Cg048600.v2.1	3.351	no	no	no	yes
SoffiXsponR570.10Eg095200.v2.1	3.351	no	no	no	yes
SoffiXsponR570.01Ag417700.v2.1	3.35	no	no	no	yes
SoffiXsponR570.10Dg006600.v2.1	3.35	no	no	no	yes
SoffiXsponR570.04Fg059900.v2.1	3.348	no	no	no	yes
SoffiXsponR570.02Bg032800.v2.1	3.347	no	no	no	yes
SoffiXsponR570.02Fg269400.v2.1	3.347	no	no	no	yes
SoffiXsponR570.04Fg150600.v2.1	3.347	no	no	no	yes
SoffiXsponR570.05Eg294900.v2.1	3.347	no	no	no	yes
SoffiXsponR570.08Bg182200.v2.1	3.346	no	no	no	yes
SoffiXsponR570.05Fg198200.v2.1	3.345	no	no	no	yes
SoffiXsponR570.08Cg082400.v2.1	3.343	no	no	no	yes
SoffiXsponR570.8_5Ag221900.v2.1	3.343	no	no	no	yes
SoffiXsponR570.03Ag077400.v2.1	3.343	no	no	no	yes
SoffiXsponR570.02Bg176600.v2.1	3.343	no	no	no	yes
SoffiXsponR570.06Cg043300.v2.1	3.343	no	no	no	yes
SoffiXsponR570.05Ag250600.v2.1	3.343	no	no	no	yes
SoffiXsponR570.05Dg330200.v2.1	3.342	no	no	no	yes
SoffiXsponR570.08Bg161800.v2.1	3.342	no	no	no	yes
SoffiXsponR570.10Fg013500.v2.1	3.341	no	no	no	yes
SoffiXsponR570.05Cg238300.v2.1	3.341	no	no	no	yes
SoffiXsponR570.1os1g002900.v2.1	3.341	no	no	no	yes
SoffiXsponR570.01Bg499300.v2.1	3.341	no	no	no	yes
SoffiXsponR570.01Eg161300.v2.1	3.341	no	no	no	yes
SoffiXsponR570.05Cg108600.v2.1	3.341	no	no	no	yes
SoffiXsponR570.10Ag116500.v2.1	3.341	yes	yes	yes	yes
SoffiXsponR570.02Dg055900.v2.1	3.339	no	yes	no	yes
SoffiXsponR570.08Cg073400.v2.1	3.339	no	yes	no	no
SoffiXsponR570.02Gg116000.v2.1	3.338	no	no	no	yes
SoffiXsponR570.07Bg111800.v2.1	3.337	no	no	no	yes
SoffiXsponR570.02Ag273500.v2.1	3.337	no	no	no	yes
SoffiXsponR570.7_10Ag271200.v2.1	3.336	no	no	no	yes
SoffiXsponR570.02Bg254000.v2.1	3.336	no	no	no	yes
SoffiXsponR570.6_9Ag059800.v2.1	3.335	no	no	no	yes
SoffiXsponR570.06Dg157200.v2.1	3.332	no	no	no	yes
SoffiXsponR570.1Z047100.v2.1	3.332	no	no	no	yes
SoffiXsponR570.02Cg248500.v2.1	3.331	no	no	no	yes
SoffiXsponR570.05Gg173400.v2.1	3.331	no	no	no	yes
SoffiXsponR570.01Eg141800.v2.1	3.331	no	no	no	yes
SoffiXsponR570.05Bg377300.v2.1	3.33	no	no	no	yes
SoffiXsponR570.03Bg232900.v2.1	3.33	no	no	no	yes
SoffiXsponR570.03Ag219400.v2.1	3.328	no	no	no	yes
SoffiXsponR570.07Eg009300.v2.1	3.328	no	no	no	yes
SoffiXsponR570.05Fg183400.v2.1	3.327	no	no	no	yes
SoffiXsponR570.01Bg353100.v2.1	3.327	no	no	no	yes
SoffiXsponR570.01Bg414600.v2.1	3.327	no	no	no	yes
SoffiXsponR570.03Eg275200.v2.1	3.326	no	no	no	yes
SoffiXsponR570.07Cg189700.v2.1	3.325	no	no	no	yes
SoffiXsponR570.04Bg094100.v2.1	3.325	no	no	no	yes
SoffiXsponR570.10Bg130300.v2.1	3.325	no	no	no	yes
SoffiXsponR570.02Bg345100.v2.1	3.325	no	no	no	yes
SoffiXsponR570.05Fg003100.v2.1	3.324	no	no	no	yes
SoffiXsponR570.03Gg048300.v2.1	3.324	no	no	no	yes
SoffiXsponR570.05Ag113900.v2.1	3.324	no	no	yes	yes
SoffiXsponR570.02Eg068500.v2.1	3.323	no	no	no	yes
SoffiXsponR570.01Cg075700.v2.1	3.323	no	no	no	yes
SoffiXsponR570.02Cg037100.v2.1	3.321	no	no	no	yes
SoffiXsponR570.5_9Ag274200.v2.1	3.32	no	no	no	yes
SoffiXsponR570.09Ag116600.v2.1	3.319	no	no	no	yes
SoffiXsponR570.02Ag270300.v2.1	3.319	no	no	no	yes
SoffiXsponR570.07Bg150500.v2.1	3.319	no	no	no	yes
SoffiXsponR570.10Dg146200.v2.1	3.319	no	no	no	yes
SoffiXsponR570.06Fg012500.v2.1	3.318	no	no	no	yes
SoffiXsponR570.9us90g033000.v2.1	3.318	no	no	no	yes
SoffiXsponR570.02Eg351400.v2.1	3.317	no	no	no	yes
SoffiXsponR570.06Eg132700.v2.1	3.317	no	no	no	yes
SoffiXsponR570.07Dg192600.v2.1	3.317	no	no	no	yes
SoffiXsponR570.06Fg125900.v2.1	3.317	no	no	no	yes
SoffiXsponR570.7_10Ag356400.v2.1	3.315	no	no	no	yes
SoffiXsponR570.05Ag176400.v2.1	3.315	no	no	no	yes
SoffiXsponR570.08Bg146400.v2.1	3.313	no	no	no	yes
SoffiXsponR570.05Dg284100.v2.1	3.313	no	no	no	yes
SoffiXsponR570.5_9Ag149000.v2.1	3.313	no	no	no	yes
SoffiXsponR570.04Dg040300.v2.1	3.313	no	no	no	yes
SoffiXsponR570.02Cg146400.v2.1	3.312	no	no	no	yes
SoffiXsponR570.06Fg151500.v2.1	3.311	no	no	no	yes
SoffiXsponR570.08Cg168100.v2.1	3.31	no	no	no	yes
SoffiXsponR570.5_9Ag317400.v2.1	3.31	no	no	no	yes
SoffiXsponR570.02Fg196400.v2.1	3.31	no	no	no	yes
SoffiXsponR570.05Ag374900.v2.1	3.308	no	no	no	yes
SoffiXsponR570.10Ag099600.v2.1	3.307	no	no	no	yes
SoffiXsponR570.02Ag243700.v2.1	3.306	no	no	no	yes
SoffiXsponR570.04Ag271600.v2.1	3.306	no	no	no	yes
SoffiXsponR570.07Eg045900.v2.1	3.305	no	no	no	yes
SoffiXsponR570.10Dg058000.v2.1	3.304	no	no	no	yes
SoffiXsponR570.10Dg183100.v2.1	3.304	no	no	no	yes
SoffiXsponR570.10Cg052800.v2.1	3.303	no	no	no	yes
SoffiXsponR570.08Cg174900.v2.1	3.303	no	no	no	yes
SoffiXsponR570.08Ag070300.v2.1	3.302	no	no	no	yes
SoffiXsponR570.03Eg279700.v2.1	3.301	no	no	no	yes
SoffiXsponR570.10Eg076900.v2.1	3.301	no	no	no	yes
SoffiXsponR570.08Cg140600.v2.1	3.301	no	no	no	yes
SoffiXsponR570.7_10Ag268800.v2.1	3.3	no	no	no	yes
SoffiXsponR570.3os1g011400.v2.1	3.3	no	yes	no	yes
SoffiXsponR570.09Eg089000.v2.1	3.299	no	no	no	yes
SoffiXsponR570.8_5Ag066300.v2.1	3.298	no	no	no	yes
SoffiXsponR570.5os1g002100.v2.1	3.298	no	no	no	yes
SoffiXsponR570.01Dg266700.v2.1	3.297	no	no	no	yes
SoffiXsponR570.02Fg057900.v2.1	3.296	no	no	no	yes
SoffiXsponR570.06Gg062700.v2.1	3.296	no	no	no	yes
SoffiXsponR570.01Bg305800.v2.1	3.296	no	no	no	yes
SoffiXsponR570.05Cg329300.v2.1	3.296	no	no	no	yes
SoffiXsponR570.3os2g004400.v2.1	3.295	no	no	no	yes
SoffiXsponR570.04Eg099700.v2.1	3.294	no	no	no	yes
SoffiXsponR570.6_9Ag302400.v2.1	3.294	no	no	no	yes
SoffiXsponR570.6_9Ag046000.v2.1	3.294	no	no	no	yes
SoffiXsponR570.05Cg172300.v2.1	3.293	no	no	no	yes
SoffiXsponR570.01Ag552900.v2.1	3.293	no	no	no	yes
SoffiXsponR570.06Gg048200.v2.1	3.292	no	no	no	yes
SoffiXsponR570.08Bg047100.v2.1	3.291	no	no	no	yes
SoffiXsponR570.05Cg163200.v2.1	3.291	no	no	no	yes
SoffiXsponR570.07Eg152300.v2.1	3.291	no	no	no	yes
SoffiXsponR570.02Dg296500.v2.1	3.29	no	no	no	yes
SoffiXsponR570.03Ag321200.v2.1	3.29	no	no	no	yes
SoffiXsponR570.02Bg048500.v2.1	3.289	no	no	no	yes
SoffiXsponR570.09Dg086500.v2.1	3.289	no	no	no	yes
SoffiXsponR570.03Eg073600.v2.1	3.289	no	no	no	yes
SoffiXsponR570.4us91g023800.v2.1	3.288	no	no	no	yes
SoffiXsponR570.02Gg262100.v2.1	3.287	no	no	no	yes
SoffiXsponR570.03Fg088000.v2.1	3.286	no	no	no	yes
SoffiXsponR570.05Cg297400.v2.1	3.286	no	no	no	yes
SoffiXsponR570.02Cg367400.v2.1	3.286	no	no	no	yes
SoffiXsponR570.4us91g002600.v2.1	3.286	no	no	no	yes
SoffiXsponR570.5_9Ag312700.v2.1	3.285	no	no	no	yes
SoffiXsponR570.04Bg245800.v2.1	3.285	no	no	no	yes
SoffiXsponR570.10Dg119200.v2.1	3.284	no	no	no	yes
SoffiXsponR570.07Dg153400.v2.1	3.284	no	no	no	yes
SoffiXsponR570.03Eg084600.v2.1	3.284	no	no	no	yes
SoffiXsponR570.03Eg052200.v2.1	3.283	no	no	no	yes
SoffiXsponR570.02Cg168300.v2.1	3.283	no	no	no	yes
SoffiXsponR570.7os1g007700.v2.1	3.282	no	no	no	yes
SoffiXsponR570.07Eg221500.v2.1	3.282	no	no	no	yes
SoffiXsponR570.6us88g113800.v2.1	3.282	no	no	no	yes
SoffiXsponR570.01Fg098300.v2.1	3.281	no	no	no	yes
SoffiXsponR570.03Cg148500.v2.1	3.281	no	no	no	yes
SoffiXsponR570.02Dg410300.v2.1	3.28	no	yes	no	no
SoffiXsponR570.04Ag116200.v2.1	3.28	no	no	no	yes
SoffiXsponR570.06Ag020700.v2.1	3.28	no	no	no	yes
SoffiXsponR570.02Gg093000.v2.1	3.278	no	no	no	yes
SoffiXsponR570.09Bg028300.v2.1	3.278	no	no	no	yes
SoffiXsponR570.01Ag073500.v2.1	3.277	no	no	no	yes
SoffiXsponR570.02Eg388200.v2.1	3.277	no	no	no	yes
SoffiXsponR570.02Cg236700.v2.1	3.277	no	no	no	yes
SoffiXsponR570.05Bg094700.v2.1	3.277	no	no	no	yes
SoffiXsponR570.8_5Ag153300.v2.1	3.277	no	no	no	yes
SoffiXsponR570.06Ag050500.v2.1	3.275	no	no	no	yes
SoffiXsponR570.10Ag220800.v2.1	3.274	no	no	no	yes
SoffiXsponR570.03Dg259300.v2.1	3.274	no	no	no	yes
SoffiXsponR570.03Dg352500.v2.1	3.273	no	no	no	yes
SoffiXsponR570.07Ag195700.v2.1	3.273	no	no	no	yes
SoffiXsponR570.07Cg222700.v2.1	3.273	no	no	no	yes
SoffiXsponR570.01Eg400100.v2.1	3.271	no	no	no	yes
SoffiXsponR570.02Fg349300.v2.1	3.271	no	no	no	yes
SoffiXsponR570.7os1g030200.v2.1	3.27	no	no	no	yes
SoffiXsponR570.07Cg199300.v2.1	3.269	no	no	no	yes
SoffiXsponR570.01Bg406100.v2.1	3.268	no	no	no	yes
SoffiXsponR570.09Ag015700.v2.1	3.268	no	no	no	yes
SoffiXsponR570.02Bg086900.v2.1	3.268	no	no	no	yes
SoffiXsponR570.01Cg125000.v2.1	3.268	no	no	no	yes
SoffiXsponR570.07Eg089400.v2.1	3.265	no	no	no	yes
SoffiXsponR570.06Ag053500.v2.1	3.264	no	no	no	yes
SoffiXsponR570.07Dg041800.v2.1	3.263	no	no	no	yes
SoffiXsponR570.06Cg018700.v2.1	3.261	no	no	no	yes
SoffiXsponR570.1Z006900.v2.1	3.261	no	no	no	yes
SoffiXsponR570.08Bg132000.v2.1	3.261	no	no	no	yes
SoffiXsponR570.01Ag265400.v2.1	3.261	no	no	no	yes
SoffiXsponR570.06Fg054400.v2.1	3.26	no	no	no	yes
SoffiXsponR570.1Z055000.v2.1	3.26	no	no	no	yes
SoffiXsponR570.8_5Ag198600.v2.1	3.259	no	no	no	yes
SoffiXsponR570.05Ag220900.v2.1	3.259	no	no	no	yes
SoffiXsponR570.02Bg204900.v2.1	3.257	no	no	no	yes
SoffiXsponR570.08Dg160600.v2.1	3.257	yes	yes	yes	yes
SoffiXsponR570.01Ag334100.v2.1	3.257	no	no	no	yes
SoffiXsponR570.7os1g003000.v2.1	3.255	no	no	no	yes
SoffiXsponR570.05Fg140000.v2.1	3.254	no	no	no	yes
SoffiXsponR570.05Ag375400.v2.1	3.254	no	no	no	yes
SoffiXsponR570.01Cg347800.v2.1	3.254	no	no	no	yes
SoffiXsponR570.10Dg152500.v2.1	3.254	no	no	no	yes
SoffiXsponR570.09Ag111600.v2.1	3.254	no	no	no	yes
SoffiXsponR570.5_9Ag436000.v2.1	3.253	no	no	no	yes
SoffiXsponR570.02Ag200900.v2.1	3.253	no	no	no	yes
SoffiXsponR570.07Eg000500.v2.1	3.252	no	no	no	yes
SoffiXsponR570.07Bg005500.v2.1	3.252	no	no	no	yes
SoffiXsponR570.04Bg268100.v2.1	3.252	no	no	no	yes
SoffiXsponR570.02Eg087300.v2.1	3.251	no	no	no	yes
SoffiXsponR570.10Dg115500.v2.1	3.25	no	no	no	yes
SoffiXsponR570.8_10Ag242900.v2.1	3.249	no	no	no	yes
SoffiXsponR570.02Gg152300.v2.1	3.249	no	no	no	yes
SoffiXsponR570.03Ag117900.v2.1	3.249	no	no	no	yes
SoffiXsponR570.05Bg365900.v2.1	3.248	no	no	no	yes
SoffiXsponR570.04Fg100300.v2.1	3.248	no	no	no	yes
SoffiXsponR570.02Bg342500.v2.1	3.247	no	no	no	yes
SoffiXsponR570.09Cg126700.v2.1	3.247	no	no	no	yes
SoffiXsponR570.03Eg238300.v2.1	3.247	no	no	no	yes
SoffiXsponR570.05Fg300000.v2.1	3.246	no	no	no	yes
SoffiXsponR570.04Eg056500.v2.1	3.245	no	no	no	yes
SoffiXsponR570.03Bg094100.v2.1	3.245	no	no	no	yes
SoffiXsponR570.02Eg059600.v2.1	3.244	no	no	no	yes
SoffiXsponR570.02Ag342800.v2.1	3.244	no	no	no	yes
SoffiXsponR570.02Bg108200.v2.1	3.244	no	no	no	yes
SoffiXsponR570.05Ag224900.v2.1	3.242	no	no	no	yes
SoffiXsponR570.05Eg111400.v2.1	3.242	no	no	no	yes
SoffiXsponR570.02Bg013500.v2.1	3.241	no	no	no	yes
SoffiXsponR570.03Eg052300.v2.1	3.241	no	no	no	yes
SoffiXsponR570.05Eg061400.v2.1	3.24	no	no	no	yes
SoffiXsponR570.06Eg085700.v2.1	3.24	no	no	no	yes
SoffiXsponR570.08Dg059100.v2.1	3.24	no	no	no	yes
SoffiXsponR570.05Dg030100.v2.1	3.24	no	no	no	yes
SoffiXsponR570.04Fg011100.v2.1	3.24	no	no	no	yes
SoffiXsponR570.05Cg375300.v2.1	3.239	no	no	no	yes
SoffiXsponR570.01Bg206400.v2.1	3.239	no	no	no	yes
SoffiXsponR570.9os1g071600.v2.1	3.238	no	no	no	yes
SoffiXsponR570.08Cg041700.v2.1	3.238	no	yes	yes	no
SoffiXsponR570.05Dg384300.v2.1	3.237	no	no	no	yes
SoffiXsponR570.05Ag377500.v2.1	3.237	no	no	no	yes
SoffiXsponR570.7_10Ag322600.v2.1	3.237	no	no	no	yes
SoffiXsponR570.02Ag238200.v2.1	3.237	no	no	no	yes
SoffiXsponR570.05Cg135100.v2.1	3.236	no	no	no	yes
SoffiXsponR570.09Dg048000.v2.1	3.234	no	no	no	yes
SoffiXsponR570.06Eg089500.v2.1	3.234	no	no	no	yes
SoffiXsponR570.04Cg010900.v2.1	3.233	no	no	no	yes
SoffiXsponR570.05Dg348800.v2.1	3.232	no	no	no	yes
SoffiXsponR570.04Cg262700.v2.1	3.232	no	no	no	yes
SoffiXsponR570.04Gg050100.v2.1	3.232	no	no	no	yes
SoffiXsponR570.02Eg327800.v2.1	3.232	no	no	no	yes
SoffiXsponR570.03Fg103500.v2.1	3.232	no	no	no	yes
SoffiXsponR570.7_10Ag239800.v2.1	3.231	no	yes	no	yes
SoffiXsponR570.05Cg103400.v2.1	3.231	no	no	no	yes
SoffiXsponR570.02Gg029800.v2.1	3.23	no	no	no	yes
SoffiXsponR570.05Eg356500.v2.1	3.23	no	no	no	yes
SoffiXsponR570.03Gg057200.v2.1	3.23	no	no	no	yes
SoffiXsponR570.05Dg357000.v2.1	3.23	no	no	no	yes
SoffiXsponR570.03Bg070000.v2.1	3.229	no	no	no	yes
SoffiXsponR570.03Ag135100.v2.1	3.227	no	no	no	yes
SoffiXsponR570.5_9Ag059700.v2.1	3.227	no	no	no	yes
SoffiXsponR570.02Ag066200.v2.1	3.227	no	no	no	yes
SoffiXsponR570.02Gg138300.v2.1	3.227	no	yes	no	yes
SoffiXsponR570.03Ag039700.v2.1	3.226	no	no	no	yes
SoffiXsponR570.07Ag086800.v2.1	3.226	no	no	no	yes
SoffiXsponR570.09Eg049100.v2.1	3.225	no	no	no	yes
SoffiXsponR570.01Bg493700.v2.1	3.225	no	no	no	yes
SoffiXsponR570.05Bg336000.v2.1	3.224	no	no	no	yes
SoffiXsponR570.03Cg104500.v2.1	3.224	no	no	no	yes
SoffiXsponR570.02Gg127800.v2.1	3.224	no	no	no	yes
SoffiXsponR570.03Bg182300.v2.1	3.223	no	no	no	yes
SoffiXsponR570.06Dg143600.v2.1	3.222	no	no	no	yes
SoffiXsponR570.01Ag210200.v2.1	3.221	no	no	no	yes
SoffiXsponR570.3os2g010100.v2.1	3.22	no	no	no	yes
SoffiXsponR570.02Gg050000.v2.1	3.22	no	no	no	yes
SoffiXsponR570.8_10Ag046600.v2.1	3.219	no	no	no	yes
SoffiXsponR570.01Cg027000.v2.1	3.219	no	no	no	yes
SoffiXsponR570.03Fg137900.v2.1	3.219	no	no	no	yes
SoffiXsponR570.5_9Ag008000.v2.1	3.218	no	no	no	yes
SoffiXsponR570.03Gg001700.v2.1	3.218	no	no	no	yes
SoffiXsponR570.02Bg338800.v2.1	3.217	no	no	no	yes
SoffiXsponR570.02Cg046900.v2.1	3.216	no	no	no	yes
SoffiXsponR570.02Dg377700.v2.1	3.215	no	no	no	yes
SoffiXsponR570.06Bg030300.v2.1	3.215	no	no	no	yes
SoffiXsponR570.04Bg264600.v2.1	3.214	no	no	no	yes
SoffiXsponR570.10Bg048500.v2.1	3.213	no	no	no	yes
SoffiXsponR570.01Fg303500.v2.1	3.213	no	no	no	yes
SoffiXsponR570.10Eg100300.v2.1	3.211	no	no	no	yes
SoffiXsponR570.03Bg289500.v2.1	3.211	no	no	no	yes
SoffiXsponR570.04Gg108300.v2.1	3.211	no	no	no	yes
SoffiXsponR570.06Fg054500.v2.1	3.21	no	no	no	yes
SoffiXsponR570.05Gg107000.v2.1	3.21	no	no	no	yes
SoffiXsponR570.10Bg122900.v2.1	3.21	no	no	no	yes
SoffiXsponR570.01Dg239800.v2.1	3.209	no	no	no	yes
SoffiXsponR570.07Dg146500.v2.1	3.209	no	no	no	yes
SoffiXsponR570.07Ag067700.v2.1	3.209	no	no	no	yes
SoffiXsponR570.08Ag018800.v2.1	3.208	no	no	no	yes
SoffiXsponR570.03Eg182100.v2.1	3.208	no	no	no	yes
SoffiXsponR570.05Ag347000.v2.1	3.208	no	no	no	yes
SoffiXsponR570.02Gg190700.v2.1	3.206	no	no	no	yes
SoffiXsponR570.06Dg136100.v2.1	3.205	no	no	no	yes
SoffiXsponR570.03Fg057600.v2.1	3.205	no	no	no	yes
SoffiXsponR570.06Ag178200.v2.1	3.203	no	no	no	yes
SoffiXsponR570.01Ag395200.v2.1	3.203	no	no	no	yes
SoffiXsponR570.03Ag143200.v2.1	3.202	no	no	no	yes
SoffiXsponR570.01Dg012800.v2.1	3.202	no	no	no	yes
SoffiXsponR570.07Eg141200.v2.1	3.201	no	no	no	yes
SoffiXsponR570.05Gg028200.v2.1	3.201	no	no	no	yes
SoffiXsponR570.04Dg157600.v2.1	3.201	no	no	no	yes
SoffiXsponR570.7_10Ag072200.v2.1	3.197	no	no	no	yes
SoffiXsponR570.01Eg094300.v2.1	3.195	no	no	no	yes
SoffiXsponR570.05Cg010100.v2.1	3.195	no	no	no	yes
SoffiXsponR570.09Dg071400.v2.1	3.195	no	no	no	yes
SoffiXsponR570.02Dg375200.v2.1	3.194	no	no	no	yes
SoffiXsponR570.05Cg079600.v2.1	3.193	no	no	no	yes
SoffiXsponR570.05Bg340100.v2.1	3.192	no	no	no	yes
SoffiXsponR570.1Z274300.v2.1	3.192	no	no	yes	yes
SoffiXsponR570.02Dg422200.v2.1	3.192	no	no	no	yes
SoffiXsponR570.10Bg111300.v2.1	3.191	no	no	no	yes
SoffiXsponR570.03Eg124300.v2.1	3.19	no	no	no	yes
SoffiXsponR570.02Bg277600.v2.1	3.19	no	no	no	yes
SoffiXsponR570.6us88g088600.v2.1	3.189	no	no	no	yes
SoffiXsponR570.02Dg002500.v2.1	3.189	no	no	no	yes
SoffiXsponR570.06Eg045700.v2.1	3.189	no	no	no	yes
SoffiXsponR570.05Dg010600.v2.1	3.188	no	no	no	yes
SoffiXsponR570.01Cg343400.v2.1	3.187	no	no	no	yes
SoffiXsponR570.8_5Ag160400.v2.1	3.187	no	no	no	yes
SoffiXsponR570.03Cg135700.v2.1	3.187	no	no	no	yes
SoffiXsponR570.07Eg226000.v2.1	3.186	no	no	no	yes
SoffiXsponR570.01Dg212400.v2.1	3.186	no	no	no	yes
SoffiXsponR570.10Eg081000.v2.1	3.185	no	no	no	yes
SoffiXsponR570.01Ag457900.v2.1	3.185	no	no	no	yes
SoffiXsponR570.07Dg187100.v2.1	3.185	no	no	no	yes
SoffiXsponR570.03Eg281700.v2.1	3.185	no	no	yes	yes
SoffiXsponR570.01Cg394500.v2.1	3.185	no	no	no	yes
SoffiXsponR570.01Ag250600.v2.1	3.182	no	no	no	yes
SoffiXsponR570.05Fg145800.v2.1	3.181	no	no	no	yes
SoffiXsponR570.07Dg180600.v2.1	3.18	no	no	no	yes
SoffiXsponR570.02Ag120100.v2.1	3.18	no	no	no	yes
SoffiXsponR570.05Fg261300.v2.1	3.18	no	no	no	yes
SoffiXsponR570.08Eg048500.v2.1	3.18	no	no	no	yes
SoffiXsponR570.01Bg257900.v2.1	3.179	no	no	no	yes
SoffiXsponR570.04Eg096600.v2.1	3.178	no	no	no	yes
SoffiXsponR570.09Bg061300.v2.1	3.178	no	no	no	yes
SoffiXsponR570.03Bg195800.v2.1	3.178	no	no	no	yes
SoffiXsponR570.05Fg105800.v2.1	3.177	no	no	no	yes
SoffiXsponR570.03Gg028900.v2.1	3.175	no	no	no	yes
SoffiXsponR570.01Fg111100.v2.1	3.175	no	no	no	yes
SoffiXsponR570.06Gg068800.v2.1	3.175	no	no	no	yes
SoffiXsponR570.02Fg329700.v2.1	3.175	no	no	no	yes
SoffiXsponR570.8_5Ag082000.v2.1	3.175	no	yes	no	yes
SoffiXsponR570.09Eg095400.v2.1	3.174	no	no	no	yes
SoffiXsponR570.7_10Ag350000.v2.1	3.174	no	no	no	yes
SoffiXsponR570.07Dg024300.v2.1	3.173	no	no	no	yes
SoffiXsponR570.03Eg232300.v2.1	3.172	no	no	no	yes
SoffiXsponR570.03Dg200900.v2.1	3.172	no	no	no	yes
SoffiXsponR570.02Bg242200.v2.1	3.172	no	yes	no	yes
SoffiXsponR570.3os1g004400.v2.1	3.171	no	no	no	yes
SoffiXsponR570.04Ag088100.v2.1	3.169	no	no	no	yes
SoffiXsponR570.01Ag229800.v2.1	3.169	no	no	no	yes
SoffiXsponR570.01Dg325600.v2.1	3.168	no	no	no	yes
SoffiXsponR570.02Ag328900.v2.1	3.167	no	no	no	yes
SoffiXsponR570.04Bg246600.v2.1	3.166	no	no	no	yes
SoffiXsponR570.02Eg211000.v2.1	3.165	no	no	no	yes
SoffiXsponR570.05Ag355900.v2.1	3.165	no	no	no	yes
SoffiXsponR570.03Bg248100.v2.1	3.163	no	no	no	yes
SoffiXsponR570.07Eg005100.v2.1	3.163	no	no	no	yes
SoffiXsponR570.06Dg074200.v2.1	3.161	no	no	no	yes
SoffiXsponR570.5_9Ag183800.v2.1	3.161	no	no	no	yes
SoffiXsponR570.10Eg127000.v2.1	3.161	no	no	no	yes
SoffiXsponR570.09Eg124200.v2.1	3.161	no	no	no	yes
SoffiXsponR570.7_10Ag293500.v2.1	3.161	no	no	no	yes
SoffiXsponR570.5_9Ag408500.v2.1	3.161	no	no	no	yes
SoffiXsponR570.02Gg080900.v2.1	3.16	no	no	no	yes
SoffiXsponR570.5_9Ag051400.v2.1	3.159	no	no	no	yes
SoffiXsponR570.05Gg117400.v2.1	3.158	no	no	no	yes
SoffiXsponR570.10Ag092900.v2.1	3.158	no	no	no	yes
SoffiXsponR570.05Cg041800.v2.1	3.157	no	no	no	yes
SoffiXsponR570.8_10Ag121900.v2.1	3.157	no	no	no	yes
SoffiXsponR570.03Eg100500.v2.1	3.157	no	no	no	yes
SoffiXsponR570.01Bg111400.v2.1	3.157	no	no	no	yes
SoffiXsponR570.10Cg036700.v2.1	3.157	no	no	no	yes
SoffiXsponR570.03Eg245800.v2.1	3.156	no	no	no	yes
SoffiXsponR570.01Bg327500.v2.1	3.155	no	no	no	yes
SoffiXsponR570.10Bg100300.v2.1	3.155	no	no	no	yes
SoffiXsponR570.05Dg378700.v2.1	3.154	no	no	no	yes
SoffiXsponR570.02Bg347600.v2.1	3.152	no	no	no	yes
SoffiXsponR570.01Cg118900.v2.1	3.152	no	no	no	yes
SoffiXsponR570.09Dg019800.v2.1	3.15	no	no	no	yes
SoffiXsponR570.06Gg003200.v2.1	3.15	no	no	no	yes
SoffiXsponR570.01Dg245600.v2.1	3.149	no	no	no	yes
SoffiXsponR570.4us91g060300.v2.1	3.149	no	no	no	yes
SoffiXsponR570.05Bg016900.v2.1	3.149	no	no	no	yes
SoffiXsponR570.09Cg029800.v2.1	3.149	no	no	no	yes
SoffiXsponR570.01Dg359900.v2.1	3.147	no	no	no	yes
SoffiXsponR570.05Fg201300.v2.1	3.147	no	no	no	yes
SoffiXsponR570.02Gg172000.v2.1	3.146	no	no	no	yes
SoffiXsponR570.08Cg111200.v2.1	3.146	no	no	no	yes
SoffiXsponR570.07Bg001200.v2.1	3.145	no	no	no	yes
SoffiXsponR570.01Eg217400.v2.1	3.145	no	no	no	yes
SoffiXsponR570.09Ag077800.v2.1	3.145	no	no	no	yes
SoffiXsponR570.04Cg023000.v2.1	3.144	no	no	yes	yes
SoffiXsponR570.05Eg111800.v2.1	3.144	no	no	no	yes
SoffiXsponR570.8_5Ag196600.v2.1	3.144	no	no	no	yes
SoffiXsponR570.06Cg168200.v2.1	3.144	no	no	no	yes
SoffiXsponR570.8_5Ag251200.v2.1	3.143	no	no	no	yes
SoffiXsponR570.04Bg022600.v2.1	3.143	no	no	no	yes
SoffiXsponR570.1Z190900.v2.1	3.143	no	no	no	yes
SoffiXsponR570.02Ag323200.v2.1	3.143	no	no	no	yes
SoffiXsponR570.10Ag099200.v2.1	3.142	no	no	no	yes
SoffiXsponR570.04Ag140000.v2.1	3.142	no	no	no	yes
SoffiXsponR570.07Bg260300.v2.1	3.142	no	no	no	yes
SoffiXsponR570.06Cg107900.v2.1	3.142	no	no	no	yes
SoffiXsponR570.10Bg202300.v2.1	3.14	no	no	yes	yes
SoffiXsponR570.07Dg037200.v2.1	3.14	no	no	no	yes
SoffiXsponR570.08Cg103700.v2.1	3.14	no	no	no	yes
SoffiXsponR570.02Ag433200.v2.1	3.14	no	no	no	yes
SoffiXsponR570.04Eg000600.v2.1	3.139	no	no	no	yes
SoffiXsponR570.01Cg262000.v2.1	3.136	no	no	no	yes
SoffiXsponR570.5_9Ag006200.v2.1	3.136	no	no	no	yes
SoffiXsponR570.05Cg159400.v2.1	3.135	no	no	no	yes
SoffiXsponR570.04Dg197100.v2.1	3.135	no	no	no	yes
SoffiXsponR570.06Eg061500.v2.1	3.134	no	no	no	yes
SoffiXsponR570.05Gg120200.v2.1	3.134	no	no	no	yes
SoffiXsponR570.02Fg337000.v2.1	3.134	no	no	no	yes
SoffiXsponR570.04Ag004700.v2.1	3.133	no	no	no	yes
SoffiXsponR570.01Cg164000.v2.1	3.132	no	no	no	yes
SoffiXsponR570.02Ag315900.v2.1	3.132	no	no	no	yes
SoffiXsponR570.02Fg309000.v2.1	3.132	no	no	no	yes
SoffiXsponR570.01Ag065800.v2.1	3.132	no	no	no	yes
SoffiXsponR570.9os1g066400.v2.1	3.131	no	no	no	yes
SoffiXsponR570.01Ag322500.v2.1	3.131	no	no	no	yes
SoffiXsponR570.02Cg122700.v2.1	3.129	no	no	no	yes
SoffiXsponR570.10Ag220200.v2.1	3.129	no	no	no	yes
SoffiXsponR570.03Cg152200.v2.1	3.128	no	no	no	yes
SoffiXsponR570.05Fg222400.v2.1	3.128	no	no	no	yes
SoffiXsponR570.07Ag057600.v2.1	3.128	no	no	no	yes
SoffiXsponR570.02Dg235500.v2.1	3.126	no	no	no	yes
SoffiXsponR570.02Ag273300.v2.1	3.126	no	no	no	yes
SoffiXsponR570.04Ag062700.v2.1	3.126	no	no	no	yes
SoffiXsponR570.04Cg105400.v2.1	3.124	no	no	no	yes
SoffiXsponR570.02Eg369100.v2.1	3.124	no	no	no	yes
SoffiXsponR570.08Eg093700.v2.1	3.123	no	no	no	yes
SoffiXsponR570.03Eg001500.v2.1	3.122	no	no	no	yes
SoffiXsponR570.05Fg166400.v2.1	3.122	no	no	no	yes
SoffiXsponR570.08Bg108300.v2.1	3.121	no	no	no	yes
SoffiXsponR570.07Eg114100.v2.1	3.121	no	no	no	yes
SoffiXsponR570.02Dg401800.v2.1	3.12	no	no	no	yes
SoffiXsponR570.03Cg259900.v2.1	3.12	no	no	no	yes
SoffiXsponR570.02Dg307000.v2.1	3.12	no	no	no	yes
SoffiXsponR570.04Dg059200.v2.1	3.119	no	no	no	yes
SoffiXsponR570.10Dg099800.v2.1	3.117	no	no	no	yes
SoffiXsponR570.05Gg115200.v2.1	3.117	no	no	no	yes
SoffiXsponR570.03Cg293100.v2.1	3.117	no	no	no	yes
SoffiXsponR570.08Cg009100.v2.1	3.116	no	no	no	yes
SoffiXsponR570.05Fg234400.v2.1	3.115	no	no	no	yes
SoffiXsponR570.10Ag140900.v2.1	3.113	no	no	no	yes
SoffiXsponR570.05Ag312300.v2.1	3.113	no	no	no	yes
SoffiXsponR570.08Ag087900.v2.1	3.112	no	no	no	yes
SoffiXsponR570.06Ag190700.v2.1	3.111	no	no	no	yes
SoffiXsponR570.01Cg292200.v2.1	3.111	no	no	no	yes
SoffiXsponR570.01Ag148500.v2.1	3.111	no	no	no	yes
SoffiXsponR570.03Bg032200.v2.1	3.109	no	no	no	yes
SoffiXsponR570.06Gg082600.v2.1	3.109	no	yes	no	yes
SoffiXsponR570.02Fg131300.v2.1	3.108	no	no	no	yes
SoffiXsponR570.5_9Ag360500.v2.1	3.108	no	no	no	yes
SoffiXsponR570.02Bg309900.v2.1	3.108	no	no	no	yes
SoffiXsponR570.8_5Ag258600.v2.1	3.107	no	no	no	yes
SoffiXsponR570.09Bg109000.v2.1	3.106	no	no	no	yes
SoffiXsponR570.01Ag147600.v2.1	3.106	no	no	no	yes
SoffiXsponR570.01Bg270400.v2.1	3.104	no	no	no	yes
SoffiXsponR570.05Cg158400.v2.1	3.104	no	no	no	yes
SoffiXsponR570.1os1g008600.v2.1	3.104	no	no	no	yes
SoffiXsponR570.10Bg140600.v2.1	3.104	no	no	no	yes
SoffiXsponR570.06Cg198000.v2.1	3.101	no	no	no	yes
SoffiXsponR570.8_10Ag134100.v2.1	3.1	no	no	no	yes
SoffiXsponR570.02Dg375100.v2.1	3.1	no	no	no	yes
SoffiXsponR570.10Ag053900.v2.1	3.099	no	no	no	yes
SoffiXsponR570.05Fg120100.v2.1	3.099	no	no	no	yes
SoffiXsponR570.03Cg105000.v2.1	3.099	no	no	no	yes
SoffiXsponR570.06Fg116900.v2.1	3.098	no	no	no	yes
SoffiXsponR570.01Cg286700.v2.1	3.098	no	no	no	yes
SoffiXsponR570.02Bg211400.v2.1	3.098	no	no	no	yes
SoffiXsponR570.05Ag226700.v2.1	3.096	no	no	no	yes
SoffiXsponR570.03Ag282300.v2.1	3.096	no	no	no	yes
SoffiXsponR570.02Eg008500.v2.1	3.096	no	no	no	yes
SoffiXsponR570.05Bg345700.v2.1	3.096	no	no	no	yes
SoffiXsponR570.05Cg273900.v2.1	3.094	no	no	no	yes
SoffiXsponR570.01Ag446400.v2.1	3.093	no	no	no	yes
SoffiXsponR570.03Ag103400.v2.1	3.092	no	no	no	yes
SoffiXsponR570.10Cg012000.v2.1	3.092	no	no	no	yes
SoffiXsponR570.10Bg163300.v2.1	3.091	no	no	no	yes
SoffiXsponR570.08Cg090200.v2.1	3.09	no	no	no	yes
SoffiXsponR570.07Dg171500.v2.1	3.09	no	no	no	yes
SoffiXsponR570.07Dg027900.v2.1	3.089	no	no	no	yes
SoffiXsponR570.07Dg033300.v2.1	3.088	no	no	no	yes
SoffiXsponR570.07Dg070200.v2.1	3.088	no	no	no	yes
SoffiXsponR570.02Fg059100.v2.1	3.088	no	no	no	yes
SoffiXsponR570.08Eg064000.v2.1	3.087	no	no	no	yes
SoffiXsponR570.03Cg164400.v2.1	3.084	no	no	no	yes
SoffiXsponR570.02Bg017400.v2.1	3.084	no	no	no	yes
SoffiXsponR570.05Ag316700.v2.1	3.084	no	no	no	yes
SoffiXsponR570.05Bg237000.v2.1	3.083	no	no	no	yes
SoffiXsponR570.05Dg236300.v2.1	3.083	no	no	no	yes
SoffiXsponR570.03Dg058400.v2.1	3.082	no	yes	no	yes
SoffiXsponR570.03Ag243600.v2.1	3.082	no	no	no	yes
SoffiXsponR570.01Bg268100.v2.1	3.081	no	no	no	yes
SoffiXsponR570.02Dg329000.v2.1	3.081	no	no	no	yes
SoffiXsponR570.10Ag131400.v2.1	3.081	no	no	no	yes
SoffiXsponR570.8_10Ag094800.v2.1	3.078	no	no	no	yes
SoffiXsponR570.04Ag004900.v2.1	3.077	no	no	no	yes
SoffiXsponR570.08Ag213800.v2.1	3.077	no	no	no	yes
SoffiXsponR570.04Ag182300.v2.1	3.076	no	no	no	yes
SoffiXsponR570.08Ag137500.v2.1	3.075	no	no	no	yes
SoffiXsponR570.06Dg018900.v2.1	3.075	no	no	no	yes
SoffiXsponR570.08Bg031000.v2.1	3.075	no	no	no	yes
SoffiXsponR570.03Cg242000.v2.1	3.074	no	no	no	yes
SoffiXsponR570.06Cg187000.v2.1	3.074	no	no	no	yes
SoffiXsponR570.03Dg319700.v2.1	3.074	no	no	no	yes
SoffiXsponR570.6_9Ag211700.v2.1	3.073	no	no	no	yes
SoffiXsponR570.02Gg254700.v2.1	3.071	no	no	no	yes
SoffiXsponR570.09Dg102300.v2.1	3.067	no	no	no	yes
SoffiXsponR570.5_9Ag136900.v2.1	3.067	no	no	no	yes
SoffiXsponR570.01Ag544000.v2.1	3.067	no	no	no	yes
SoffiXsponR570.10Eg087900.v2.1	3.065	no	no	no	yes
SoffiXsponR570.7_10Ag030100.v2.1	3.064	no	no	no	yes
SoffiXsponR570.1Z229100.v2.1	3.064	no	no	no	yes
SoffiXsponR570.05Gg103200.v2.1	3.064	no	no	no	yes
SoffiXsponR570.03Cg072500.v2.1	3.063	no	no	no	yes
SoffiXsponR570.01Cg315300.v2.1	3.062	no	no	no	yes
SoffiXsponR570.01Eg319200.v2.1	3.062	no	no	no	yes
SoffiXsponR570.01Cg093400.v2.1	3.062	no	no	no	yes
SoffiXsponR570.8_5Ag263800.v2.1	3.061	no	no	no	yes
SoffiXsponR570.03Cg099300.v2.1	3.06	no	yes	no	yes
SoffiXsponR570.02Gg195000.v2.1	3.06	no	no	no	yes
SoffiXsponR570.01Dg134500.v2.1	3.059	no	no	no	yes
SoffiXsponR570.07Cg063700.v2.1	3.059	no	no	no	yes
SoffiXsponR570.02Gg090200.v2.1	3.058	no	no	no	yes
SoffiXsponR570.05Gg182400.v2.1	3.058	no	no	no	yes
SoffiXsponR570.01Dg100700.v2.1	3.058	no	no	no	yes
SoffiXsponR570.02Eg322200.v2.1	3.058	no	no	no	yes
SoffiXsponR570.03Eg202600.v2.1	3.057	no	no	no	yes
SoffiXsponR570.06Gg004900.v2.1	3.057	no	no	no	yes
SoffiXsponR570.01Dg195000.v2.1	3.056	no	no	no	yes
SoffiXsponR570.06Dg033600.v2.1	3.056	no	no	no	yes
SoffiXsponR570.08Ag135500.v2.1	3.056	no	no	no	yes
SoffiXsponR570.03Dg039300.v2.1	3.054	no	no	no	yes
SoffiXsponR570.7os1g037400.v2.1	3.054	no	no	no	yes
SoffiXsponR570.02Bg058300.v2.1	3.052	no	no	no	yes
SoffiXsponR570.03Bg279000.v2.1	3.052	no	no	no	yes
SoffiXsponR570.03Bg096900.v2.1	3.052	no	no	no	yes
SoffiXsponR570.05Fg022300.v2.1	3.052	no	no	no	yes
SoffiXsponR570.02Bg289200.v2.1	3.051	no	no	no	yes
SoffiXsponR570.01Ag439800.v2.1	3.05	no	no	no	yes
SoffiXsponR570.07Dg225700.v2.1	3.049	no	no	no	yes
SoffiXsponR570.07Ag247900.v2.1	3.049	no	no	no	yes
SoffiXsponR570.02Cg169300.v2.1	3.048	no	no	no	yes
SoffiXsponR570.05Gg061000.v2.1	3.047	no	no	no	yes
SoffiXsponR570.01Bg329600.v2.1	3.047	no	no	no	yes
SoffiXsponR570.01Cg310900.v2.1	3.047	no	no	no	yes
SoffiXsponR570.05Cg042000.v2.1	3.047	no	no	no	yes
SoffiXsponR570.10os2g006800.v2.1	3.046	no	no	no	yes
SoffiXsponR570.01Dg010300.v2.1	3.046	no	no	no	yes
SoffiXsponR570.06Dg000600.v2.1	3.046	no	no	no	yes
SoffiXsponR570.08Cg123300.v2.1	3.046	no	no	no	yes
SoffiXsponR570.02Eg072100.v2.1	3.046	no	no	no	yes
SoffiXsponR570.01Ag488100.v2.1	3.045	no	no	no	yes
SoffiXsponR570.07Dg199600.v2.1	3.045	no	no	no	yes
SoffiXsponR570.03Dg083200.v2.1	3.045	no	no	no	yes
SoffiXsponR570.02Gg119600.v2.1	3.04	no	no	no	yes
SoffiXsponR570.05Ag370300.v2.1	3.039	no	no	no	yes
SoffiXsponR570.08Eg112100.v2.1	3.037	no	no	no	yes
SoffiXsponR570.5_9Ag313300.v2.1	3.037	no	no	no	yes
SoffiXsponR570.03Eg249300.v2.1	3.037	no	no	no	yes
SoffiXsponR570.05Cg032900.v2.1	3.037	no	no	no	yes
SoffiXsponR570.02Bg022600.v2.1	3.037	no	no	no	yes
SoffiXsponR570.05Bg133500.v2.1	3.036	no	no	no	yes
SoffiXsponR570.05Eg324700.v2.1	3.036	no	no	no	yes
SoffiXsponR570.02Gg020600.v2.1	3.036	no	no	no	yes
SoffiXsponR570.02Eg292300.v2.1	3.035	no	no	no	yes
SoffiXsponR570.06Eg083500.v2.1	3.034	no	no	no	yes
SoffiXsponR570.05Eg172600.v2.1	3.033	no	no	no	yes
SoffiXsponR570.03Ag146600.v2.1	3.031	no	no	no	yes
SoffiXsponR570.01Cg143200.v2.1	3.03	no	no	no	yes
SoffiXsponR570.05Ag339900.v2.1	3.03	no	no	no	yes
SoffiXsponR570.8_10Ag322900.v2.1	3.03	no	yes	no	yes
SoffiXsponR570.03Bg227600.v2.1	3.03	no	no	no	yes
SoffiXsponR570.01Ag493900.v2.1	3.029	no	no	no	yes
SoffiXsponR570.04Fg021900.v2.1	3.029	no	no	no	yes
SoffiXsponR570.09Ag057100.v2.1	3.028	no	no	no	yes
SoffiXsponR570.01Cg010100.v2.1	3.028	no	no	no	yes
SoffiXsponR570.02Gg286700.v2.1	3.027	no	no	no	yes
SoffiXsponR570.04Fg042100.v2.1	3.027	no	no	no	yes
SoffiXsponR570.02Ag257100.v2.1	3.026	no	no	no	yes
SoffiXsponR570.05Bg261100.v2.1	3.025	no	no	no	yes
SoffiXsponR570.01Fg119200.v2.1	3.024	no	no	no	yes
SoffiXsponR570.05Bg273900.v2.1	3.024	no	no	no	yes
SoffiXsponR570.10Eg051700.v2.1	3.024	no	no	no	yes
SoffiXsponR570.09Dg096200.v2.1	3.024	no	no	no	yes
SoffiXsponR570.02Fg136000.v2.1	3.023	no	no	no	yes
SoffiXsponR570.03Dg083500.v2.1	3.023	no	no	no	yes
SoffiXsponR570.03Bg048600.v2.1	3.022	no	no	no	yes
SoffiXsponR570.07Ag050500.v2.1	3.022	no	no	yes	yes
SoffiXsponR570.02Eg395600.v2.1	3.021	no	no	no	yes
SoffiXsponR570.05Eg298700.v2.1	3.021	no	no	no	yes
SoffiXsponR570.06Ag204400.v2.1	3.021	no	no	no	yes
SoffiXsponR570.05Bg017600.v2.1	3.02	no	no	no	yes
SoffiXsponR570.07Cg238700.v2.1	3.019	no	no	no	yes
SoffiXsponR570.05Eg174000.v2.1	3.018	no	no	no	yes
SoffiXsponR570.02Ag139600.v2.1	3.018	no	no	no	yes
SoffiXsponR570.05Ag249000.v2.1	3.018	no	no	no	yes
SoffiXsponR570.01Cg051000.v2.1	3.017	no	no	no	yes
SoffiXsponR570.05Dg142200.v2.1	3.016	no	no	no	yes
SoffiXsponR570.02Bg081600.v2.1	3.016	no	no	no	yes
SoffiXsponR570.10Ag082600.v2.1	3.015	no	no	no	yes
SoffiXsponR570.10Ag007300.v2.1	3.013	no	no	no	yes
SoffiXsponR570.02Ag403500.v2.1	3.011	no	no	no	yes
SoffiXsponR570.01Eg306800.v2.1	3.011	no	no	no	yes
SoffiXsponR570.05Eg105900.v2.1	3.01	no	no	no	yes
SoffiXsponR570.05Cg134400.v2.1	3.009	no	no	no	yes
SoffiXsponR570.03Bg277600.v2.1	3.008	no	no	no	yes
SoffiXsponR570.06Dg112500.v2.1	3.007	no	no	no	yes
SoffiXsponR570.08Bg098900.v2.1	3.007	no	no	no	yes
SoffiXsponR570.05Fg262300.v2.1	3.006	no	no	no	yes
SoffiXsponR570.07Ag126500.v2.1	3.006	no	no	no	yes
SoffiXsponR570.02Ag210200.v2.1	3.004	no	no	no	yes
SoffiXsponR570.10Dg090800.v2.1	3.004	no	no	no	yes
SoffiXsponR570.5_9Ag049100.v2.1	3.004	no	no	no	yes
SoffiXsponR570.05Ag123300.v2.1	3.002	no	no	no	yes
SoffiXsponR570.06Gg126800.v2.1	3.001	no	no	no	yes
SoffiXsponR570.06Ag142500.v2.1	3.001	no	yes	no	yes
SoffiXsponR570.06Ag161900.v2.1	2.999	no	no	no	yes
SoffiXsponR570.05Gg166300.v2.1	2.998	no	no	no	yes
SoffiXsponR570.10Ag104600.v2.1	2.997	no	no	no	yes
SoffiXsponR570.03Gg134500.v2.1	2.997	no	no	yes	no
SoffiXsponR570.02Gg260200.v2.1	2.996	no	no	no	yes
SoffiXsponR570.07Dg216800.v2.1	2.996	no	no	yes	no
SoffiXsponR570.04Cg049700.v2.1	2.996	no	no	no	yes
SoffiXsponR570.06Ag141700.v2.1	2.995	no	no	no	yes
SoffiXsponR570.10Dg165900.v2.1	2.994	no	no	no	yes
SoffiXsponR570.10Fg005800.v2.1	2.994	no	no	no	yes
SoffiXsponR570.02Fg146600.v2.1	2.994	no	no	no	yes
SoffiXsponR570.03Ag031500.v2.1	2.993	no	no	no	yes
SoffiXsponR570.06Dg082700.v2.1	2.993	no	no	no	yes
SoffiXsponR570.07Bg203300.v2.1	2.993	no	no	no	yes
SoffiXsponR570.02Gg258100.v2.1	2.992	no	no	no	yes
SoffiXsponR570.03Dg171200.v2.1	2.992	no	no	no	yes
SoffiXsponR570.04Fg037700.v2.1	2.992	no	no	no	yes
SoffiXsponR570.02Ag060800.v2.1	2.992	no	no	no	yes
SoffiXsponR570.07Eg062000.v2.1	2.991	no	no	no	yes
SoffiXsponR570.02Dg271500.v2.1	2.99	no	no	no	yes
SoffiXsponR570.10us89g025100.v2.1	2.988	no	no	no	yes
SoffiXsponR570.05Cg042700.v2.1	2.987	no	no	no	yes
SoffiXsponR570.8_10Ag019700.v2.1	2.986	no	no	no	yes
SoffiXsponR570.05Dg083200.v2.1	2.986	no	no	no	yes
SoffiXsponR570.06Eg057700.v2.1	2.985	no	no	no	yes
SoffiXsponR570.02Dg194500.v2.1	2.984	no	no	no	yes
SoffiXsponR570.04Ag041500.v2.1	2.984	no	no	no	yes
SoffiXsponR570.06Fg159100.v2.1	2.982	no	no	no	yes
SoffiXsponR570.04Ag080200.v2.1	2.982	no	no	no	yes
SoffiXsponR570.05Bg122500.v2.1	2.98	no	no	no	yes
SoffiXsponR570.10us89g101800.v2.1	2.98	no	no	no	yes
SoffiXsponR570.02Bg095400.v2.1	2.979	no	no	no	yes
SoffiXsponR570.01Ag034800.v2.1	2.979	no	no	no	yes
SoffiXsponR570.05Eg073800.v2.1	2.977	no	no	no	yes
SoffiXsponR570.06Cg066600.v2.1	2.977	no	no	no	yes
SoffiXsponR570.06Cg181500.v2.1	2.977	no	no	no	yes
SoffiXsponR570.08Cg037300.v2.1	2.977	no	no	no	yes
SoffiXsponR570.05Fg203800.v2.1	2.976	no	no	no	yes
SoffiXsponR570.09Cg068100.v2.1	2.975	no	no	no	yes
SoffiXsponR570.06Cg050900.v2.1	2.974	no	no	no	yes
SoffiXsponR570.02Fg340200.v2.1	2.974	no	no	no	yes
SoffiXsponR570.05Ag369500.v2.1	2.974	no	no	no	yes
SoffiXsponR570.03Bg232000.v2.1	2.973	no	no	no	yes
SoffiXsponR570.09Ag166200.v2.1	2.972	no	no	no	yes
SoffiXsponR570.07Eg184400.v2.1	2.97	no	no	no	yes
SoffiXsponR570.05Cg043800.v2.1	2.97	no	no	no	yes
SoffiXsponR570.02Ag390700.v2.1	2.969	no	no	no	yes
SoffiXsponR570.10Dg078000.v2.1	2.968	no	no	no	yes
SoffiXsponR570.10Eg120100.v2.1	2.968	no	no	no	yes
SoffiXsponR570.10Ag218400.v2.1	2.968	no	no	no	yes
SoffiXsponR570.5_9Ag399200.v2.1	2.967	no	no	no	yes
SoffiXsponR570.03Cg102600.v2.1	2.966	no	no	no	yes
SoffiXsponR570.04Ag010000.v2.1	2.966	no	no	no	yes
SoffiXsponR570.07Cg238300.v2.1	2.963	no	no	no	yes
SoffiXsponR570.08Ag213000.v2.1	2.963	no	no	no	yes
SoffiXsponR570.06Ag154700.v2.1	2.961	no	no	no	yes
SoffiXsponR570.02Cg339900.v2.1	2.96	no	no	no	yes
SoffiXsponR570.01Eg043200.v2.1	2.96	no	no	no	yes
SoffiXsponR570.03Eg164100.v2.1	2.96	no	no	no	yes
SoffiXsponR570.06Gg104200.v2.1	2.957	no	no	no	yes
SoffiXsponR570.04Ag146700.v2.1	2.956	no	no	no	yes
SoffiXsponR570.06Cg171400.v2.1	2.955	no	no	no	yes
SoffiXsponR570.08Bg093600.v2.1	2.955	no	no	no	yes
SoffiXsponR570.09Eg110200.v2.1	2.954	no	no	no	yes
SoffiXsponR570.10Bg191600.v2.1	2.954	no	no	no	yes
SoffiXsponR570.01Dg285700.v2.1	2.953	no	no	no	yes
SoffiXsponR570.03Ag136300.v2.1	2.953	no	no	no	yes
SoffiXsponR570.05Cg032500.v2.1	2.953	no	no	no	yes
SoffiXsponR570.05Ag266600.v2.1	2.952	no	no	no	yes
SoffiXsponR570.02Eg193800.v2.1	2.951	no	no	no	yes
SoffiXsponR570.02Ag043700.v2.1	2.951	no	no	no	yes
SoffiXsponR570.01Cg082200.v2.1	2.95	no	no	no	yes
SoffiXsponR570.06Gg116300.v2.1	2.949	no	no	no	yes
SoffiXsponR570.09Ag067400.v2.1	2.949	no	no	no	yes
SoffiXsponR570.04Gg114900.v2.1	2.948	no	no	no	yes
SoffiXsponR570.09Ag084400.v2.1	2.948	no	no	no	yes
SoffiXsponR570.03Dg137700.v2.1	2.947	no	no	no	yes
SoffiXsponR570.8_5Ag082200.v2.1	2.947	no	no	no	yes
SoffiXsponR570.08Eg117600.v2.1	2.947	no	no	no	yes
SoffiXsponR570.01Ag482600.v2.1	2.944	no	no	no	yes
SoffiXsponR570.03Dg209700.v2.1	2.944	no	no	no	yes
SoffiXsponR570.07Ag038200.v2.1	2.944	no	no	no	yes
SoffiXsponR570.06Eg134000.v2.1	2.944	no	no	no	yes
SoffiXsponR570.10Dg143800.v2.1	2.944	no	no	no	yes
SoffiXsponR570.01Fg107100.v2.1	2.944	no	no	no	yes
SoffiXsponR570.02Fg164900.v2.1	2.943	no	no	no	yes
SoffiXsponR570.01Bg313800.v2.1	2.943	no	no	no	yes
SoffiXsponR570.01Eg094700.v2.1	2.943	no	no	no	yes
SoffiXsponR570.10Eg087700.v2.1	2.943	no	no	no	yes
SoffiXsponR570.8_10Ag071100.v2.1	2.942	no	no	no	yes
SoffiXsponR570.02Fg163500.v2.1	2.941	no	no	no	yes
SoffiXsponR570.05Gg153200.v2.1	2.941	no	no	no	yes
SoffiXsponR570.10os1g013600.v2.1	2.94	no	no	no	yes
SoffiXsponR570.05Dg235100.v2.1	2.938	no	no	no	yes
SoffiXsponR570.05Bg110600.v2.1	2.938	no	no	no	yes
SoffiXsponR570.03Bg102400.v2.1	2.937	no	no	no	yes
SoffiXsponR570.02Dg160500.v2.1	2.937	no	no	no	yes
SoffiXsponR570.01Ag151000.v2.1	2.935	no	no	no	yes
SoffiXsponR570.05Eg150000.v2.1	2.934	no	no	no	yes
SoffiXsponR570.06Gg091800.v2.1	2.934	no	no	no	yes
SoffiXsponR570.01Dg118600.v2.1	2.934	no	no	no	yes
SoffiXsponR570.04Ag158200.v2.1	2.933	no	no	no	yes
SoffiXsponR570.05Ag339800.v2.1	2.932	no	no	no	yes
SoffiXsponR570.04Dg075100.v2.1	2.932	no	no	no	yes
SoffiXsponR570.02Fg064100.v2.1	2.932	no	no	no	yes
SoffiXsponR570.01Dg095700.v2.1	2.932	no	no	yes	yes
SoffiXsponR570.01Cg230600.v2.1	2.932	no	no	no	yes
SoffiXsponR570.5_9Ag098200.v2.1	2.932	no	no	no	yes
SoffiXsponR570.05Bg134200.v2.1	2.932	no	no	no	yes
SoffiXsponR570.05Ag263500.v2.1	2.931	no	no	no	yes
SoffiXsponR570.02Eg326300.v2.1	2.931	no	no	no	yes
SoffiXsponR570.1Z032700.v2.1	2.931	no	no	no	yes
SoffiXsponR570.04Ag162000.v2.1	2.93	no	no	no	yes
SoffiXsponR570.5_9Ag229700.v2.1	2.928	no	no	no	yes
SoffiXsponR570.03Ag027000.v2.1	2.928	no	no	no	yes
SoffiXsponR570.02Ag315000.v2.1	2.927	no	no	no	yes
SoffiXsponR570.01Ag287700.v2.1	2.927	no	no	no	yes
SoffiXsponR570.04Gg106100.v2.1	2.927	no	no	no	yes
SoffiXsponR570.09Cg003800.v2.1	2.927	no	no	no	yes
SoffiXsponR570.01Cg396700.v2.1	2.926	no	no	no	yes
SoffiXsponR570.05Ag076600.v2.1	2.926	no	no	no	yes
SoffiXsponR570.05Dg127900.v2.1	2.926	no	no	no	yes
SoffiXsponR570.05Bg387000.v2.1	2.925	no	no	no	yes
SoffiXsponR570.03Fg035000.v2.1	2.925	no	no	no	yes
SoffiXsponR570.03Cg291500.v2.1	2.925	no	no	yes	yes
SoffiXsponR570.02Bg368400.v2.1	2.925	no	no	no	yes
SoffiXsponR570.01Bg372800.v2.1	2.924	no	no	no	yes
SoffiXsponR570.09Eg021700.v2.1	2.923	no	no	no	yes
SoffiXsponR570.08Ag126100.v2.1	2.923	no	yes	no	no
SoffiXsponR570.01Ag244700.v2.1	2.921	no	no	no	yes
SoffiXsponR570.2os1g001200.v2.1	2.921	no	no	no	yes
SoffiXsponR570.02Ag112200.v2.1	2.921	no	no	no	yes
SoffiXsponR570.06Cg060900.v2.1	2.921	no	no	no	yes
SoffiXsponR570.05Ag011700.v2.1	2.921	no	no	no	yes
SoffiXsponR570.09Ag020800.v2.1	2.92	no	no	no	yes
SoffiXsponR570.03Gg087600.v2.1	2.92	no	no	no	yes
SoffiXsponR570.01Dg299200.v2.1	2.92	no	no	no	yes
SoffiXsponR570.07Eg073700.v2.1	2.92	no	no	no	yes
SoffiXsponR570.03Cg125000.v2.1	2.919	no	no	no	yes
SoffiXsponR570.05Eg270800.v2.1	2.919	no	no	no	yes
SoffiXsponR570.02Gg072200.v2.1	2.919	no	no	no	yes
SoffiXsponR570.07Dg115600.v2.1	2.918	no	no	no	yes
SoffiXsponR570.5_9Ag304600.v2.1	2.918	no	no	no	yes
SoffiXsponR570.05Fg075500.v2.1	2.918	no	no	no	yes
SoffiXsponR570.04Eg096300.v2.1	2.917	no	no	no	yes
SoffiXsponR570.02Cg319700.v2.1	2.914	no	no	no	yes
SoffiXsponR570.02Dg239200.v2.1	2.913	no	no	no	yes
SoffiXsponR570.01Ag384500.v2.1	2.912	no	no	no	yes
SoffiXsponR570.01Cg208100.v2.1	2.912	no	no	no	yes
SoffiXsponR570.07Cg171400.v2.1	2.912	no	no	no	yes
SoffiXsponR570.8_10Ag254500.v2.1	2.911	no	no	no	yes
SoffiXsponR570.08Dg112300.v2.1	2.911	no	yes	yes	yes
SoffiXsponR570.04Fg115600.v2.1	2.911	no	no	no	yes
SoffiXsponR570.6_9Ag337000.v2.1	2.911	no	no	no	yes
SoffiXsponR570.02Gg003800.v2.1	2.911	no	no	no	yes
SoffiXsponR570.01Dg002700.v2.1	2.91	no	no	no	yes
SoffiXsponR570.05Eg103800.v2.1	2.908	no	no	no	yes
SoffiXsponR570.08Bg154700.v2.1	2.907	no	no	no	yes
SoffiXsponR570.07Dg021600.v2.1	2.907	no	no	no	yes
SoffiXsponR570.02Fg230300.v2.1	2.907	no	no	no	yes
SoffiXsponR570.10Cg098600.v2.1	2.907	no	no	no	yes
SoffiXsponR570.02Gg037600.v2.1	2.906	no	no	no	yes
SoffiXsponR570.06Dg008000.v2.1	2.906	no	no	no	yes
SoffiXsponR570.02Gg270600.v2.1	2.905	no	no	no	yes
SoffiXsponR570.09Ag015100.v2.1	2.905	no	no	no	yes
SoffiXsponR570.5_9Ag119300.v2.1	2.902	no	yes	no	yes
SoffiXsponR570.01Eg045000.v2.1	2.902	no	no	no	yes
SoffiXsponR570.02Eg342000.v2.1	2.901	no	no	no	yes
SoffiXsponR570.1Z159900.v2.1	2.901	no	no	no	yes
SoffiXsponR570.01Cg296200.v2.1	2.901	no	no	no	yes
SoffiXsponR570.08Dg148700.v2.1	2.9	no	no	no	yes
SoffiXsponR570.05Fg122300.v2.1	2.9	no	no	no	yes
SoffiXsponR570.4us91g049900.v2.1	2.9	no	no	no	yes
SoffiXsponR570.07Bg273300.v2.1	2.899	no	no	no	yes
SoffiXsponR570.06Gg039900.v2.1	2.899	no	no	no	yes
SoffiXsponR570.01Dg360100.v2.1	2.899	no	no	no	yes
SoffiXsponR570.05Cg247200.v2.1	2.898	no	no	no	yes
SoffiXsponR570.03Fg091200.v2.1	2.898	no	no	no	yes
SoffiXsponR570.02Dg278800.v2.1	2.898	no	no	no	yes
SoffiXsponR570.10Fg084100.v2.1	2.898	no	no	no	yes
SoffiXsponR570.08Cg102600.v2.1	2.897	no	no	no	yes
SoffiXsponR570.01Cg324100.v2.1	2.897	no	no	no	yes
SoffiXsponR570.04Eg054200.v2.1	2.897	no	no	yes	yes
SoffiXsponR570.02Eg151800.v2.1	2.896	no	no	no	yes
SoffiXsponR570.03Cg256500.v2.1	2.896	no	no	no	yes
SoffiXsponR570.01Eg377200.v2.1	2.895	no	no	no	yes
SoffiXsponR570.10os1g062300.v2.1	2.895	no	no	no	yes
SoffiXsponR570.09Bg009300.v2.1	2.895	no	no	no	yes
SoffiXsponR570.02Dg347800.v2.1	2.894	no	no	no	yes
SoffiXsponR570.07Eg100700.v2.1	2.894	no	no	no	yes
SoffiXsponR570.1Z215700.v2.1	2.893	no	no	yes	no
SoffiXsponR570.10Eg081100.v2.1	2.893	no	no	no	yes
SoffiXsponR570.02Ag147500.v2.1	2.891	no	no	no	yes
SoffiXsponR570.08Dg022100.v2.1	2.89	no	no	no	yes
SoffiXsponR570.06Cg147200.v2.1	2.889	no	no	no	yes
SoffiXsponR570.10Fg115700.v2.1	2.889	no	no	no	yes
SoffiXsponR570.06Cg084400.v2.1	2.888	no	no	no	yes
SoffiXsponR570.8_5Ag212300.v2.1	2.888	no	no	no	yes
SoffiXsponR570.05Ag135200.v2.1	2.887	no	no	no	yes
SoffiXsponR570.08Cg028500.v2.1	2.886	no	no	no	yes
SoffiXsponR570.04Fg059100.v2.1	2.886	no	no	no	yes
SoffiXsponR570.07Ag115600.v2.1	2.885	no	no	no	yes
SoffiXsponR570.01Ag030200.v2.1	2.885	no	no	no	yes
SoffiXsponR570.03Ag015600.v2.1	2.884	no	no	no	yes
SoffiXsponR570.01Cg241500.v2.1	2.884	no	no	yes	yes
SoffiXsponR570.7os1g077800.v2.1	2.884	no	no	no	yes
SoffiXsponR570.01Eg160400.v2.1	2.883	no	no	no	yes
SoffiXsponR570.05Fg109700.v2.1	2.883	no	no	no	yes
SoffiXsponR570.05Bg336100.v2.1	2.882	no	no	no	yes
SoffiXsponR570.8_5Ag196300.v2.1	2.882	no	no	no	yes
SoffiXsponR570.04Eg160300.v2.1	2.879	no	no	no	yes
SoffiXsponR570.03Bg106300.v2.1	2.878	no	no	no	yes
SoffiXsponR570.02Ag043800.v2.1	2.878	no	no	no	yes
SoffiXsponR570.01Eg054400.v2.1	2.878	no	no	no	yes
SoffiXsponR570.02Eg352400.v2.1	2.878	no	no	no	yes
SoffiXsponR570.01Fg258200.v2.1	2.877	no	no	no	yes
SoffiXsponR570.03Dg158700.v2.1	2.877	no	no	no	yes
SoffiXsponR570.09Bg011600.v2.1	2.877	no	no	no	yes
SoffiXsponR570.09Ag117000.v2.1	2.876	no	no	no	yes
SoffiXsponR570.06Fg100500.v2.1	2.876	no	no	no	yes
SoffiXsponR570.04Cg088200.v2.1	2.876	no	no	no	yes
SoffiXsponR570.10Fg116100.v2.1	2.876	no	no	no	yes
SoffiXsponR570.05Fg117500.v2.1	2.875	no	no	no	yes
SoffiXsponR570.02Fg312500.v2.1	2.875	no	no	no	yes
SoffiXsponR570.5_9Ag008800.v2.1	2.875	no	no	no	yes
SoffiXsponR570.06Cg055800.v2.1	2.874	no	no	no	yes
SoffiXsponR570.01Eg336100.v2.1	2.874	no	no	no	yes
SoffiXsponR570.10Dg042800.v2.1	2.873	no	no	no	yes
SoffiXsponR570.06Ag191600.v2.1	2.873	no	no	no	yes
SoffiXsponR570.06Gg109200.v2.1	2.871	no	no	no	yes
SoffiXsponR570.09Eg088100.v2.1	2.868	no	no	no	yes
SoffiXsponR570.03Cg029200.v2.1	2.868	no	no	no	yes
SoffiXsponR570.07Bg242000.v2.1	2.867	no	no	no	yes
SoffiXsponR570.01Fg043000.v2.1	2.866	no	no	no	yes
SoffiXsponR570.10Bg163100.v2.1	2.866	no	no	no	yes
SoffiXsponR570.09Eg084200.v2.1	2.865	no	no	no	yes
SoffiXsponR570.10Bg147400.v2.1	2.865	no	no	no	yes
SoffiXsponR570.02Ag313700.v2.1	2.865	no	no	no	yes
SoffiXsponR570.09Eg044100.v2.1	2.864	no	no	no	yes
SoffiXsponR570.1os1g012400.v2.1	2.863	no	no	no	yes
SoffiXsponR570.07Ag209300.v2.1	2.862	no	no	no	yes
SoffiXsponR570.08Cg143600.v2.1	2.862	no	yes	yes	yes
SoffiXsponR570.07Bg046900.v2.1	2.861	no	no	no	yes
SoffiXsponR570.05Bg313400.v2.1	2.861	no	no	no	yes
SoffiXsponR570.10Cg027700.v2.1	2.861	no	no	no	yes
SoffiXsponR570.07Cg258800.v2.1	2.859	no	no	no	yes
SoffiXsponR570.07Cg092500.v2.1	2.858	no	no	no	yes
SoffiXsponR570.02Ag425400.v2.1	2.858	no	no	no	yes
SoffiXsponR570.02Fg182000.v2.1	2.857	no	no	no	yes
SoffiXsponR570.06Dg027700.v2.1	2.857	no	no	no	yes
SoffiXsponR570.01Ag480000.v2.1	2.857	no	no	no	yes
SoffiXsponR570.01Bg087500.v2.1	2.856	no	no	no	yes
SoffiXsponR570.05Dg139300.v2.1	2.856	no	no	no	yes
SoffiXsponR570.02Cg017200.v2.1	2.856	no	no	no	yes
SoffiXsponR570.01Bg328600.v2.1	2.856	no	no	no	yes
SoffiXsponR570.07Dg179100.v2.1	2.855	no	no	no	yes
SoffiXsponR570.05Gg109300.v2.1	2.854	no	no	no	yes
SoffiXsponR570.1Z063400.v2.1	2.853	no	no	no	yes
SoffiXsponR570.4us91g011000.v2.1	2.853	no	no	no	yes
SoffiXsponR570.01Cg231200.v2.1	2.852	no	no	no	yes
SoffiXsponR570.7_10Ag017000.v2.1	2.852	no	no	no	yes
SoffiXsponR570.02Ag253000.v2.1	2.851	no	no	no	yes
SoffiXsponR570.02Dg418300.v2.1	2.851	no	no	no	yes
SoffiXsponR570.10Bg152900.v2.1	2.849	no	no	no	yes
SoffiXsponR570.08Cg136000.v2.1	2.848	no	no	no	yes
SoffiXsponR570.06Eg032400.v2.1	2.848	no	no	no	yes
SoffiXsponR570.08Bg058000.v2.1	2.848	no	no	no	yes
SoffiXsponR570.01Ag369000.v2.1	2.847	no	no	no	yes
SoffiXsponR570.02Ag027700.v2.1	2.845	no	no	no	yes
SoffiXsponR570.03Eg281600.v2.1	2.844	no	no	no	yes
SoffiXsponR570.04Cg078000.v2.1	2.844	no	no	no	yes
SoffiXsponR570.02Fg060400.v2.1	2.844	no	no	no	yes
SoffiXsponR570.01Cg291700.v2.1	2.843	no	no	no	yes
SoffiXsponR570.07Ag145900.v2.1	2.843	no	no	no	yes
SoffiXsponR570.06Ag075900.v2.1	2.843	no	no	no	yes
SoffiXsponR570.05Dg071900.v2.1	2.843	no	no	no	yes
SoffiXsponR570.02Fg284200.v2.1	2.842	no	no	no	yes
SoffiXsponR570.09Cg040900.v2.1	2.842	no	no	no	yes
SoffiXsponR570.05Bg011200.v2.1	2.842	no	no	no	yes
SoffiXsponR570.06Ag070900.v2.1	2.841	no	no	no	yes
SoffiXsponR570.01Ag268700.v2.1	2.841	no	no	no	yes
SoffiXsponR570.10Cg159800.v2.1	2.84	no	no	no	yes
SoffiXsponR570.04Cg206100.v2.1	2.84	no	no	no	yes
SoffiXsponR570.04Dg002500.v2.1	2.84	no	no	no	yes
SoffiXsponR570.01Eg004200.v2.1	2.84	no	no	no	yes
SoffiXsponR570.01Bg431600.v2.1	2.84	no	no	no	yes
SoffiXsponR570.04Fg127200.v2.1	2.839	no	no	no	yes
SoffiXsponR570.03Eg241300.v2.1	2.838	no	no	no	yes
SoffiXsponR570.09Dg120300.v2.1	2.838	no	no	no	yes
SoffiXsponR570.06Cg084000.v2.1	2.838	no	no	no	yes
SoffiXsponR570.03Eg259300.v2.1	2.837	no	no	no	yes
SoffiXsponR570.01Bg262900.v2.1	2.837	no	no	no	yes
SoffiXsponR570.03Ag289600.v2.1	2.837	no	no	no	yes
SoffiXsponR570.03Bg141200.v2.1	2.837	no	no	no	yes
SoffiXsponR570.05Cg131200.v2.1	2.837	no	no	no	yes
SoffiXsponR570.06Eg035700.v2.1	2.835	no	no	no	yes
SoffiXsponR570.06Cg191700.v2.1	2.835	no	no	no	yes
SoffiXsponR570.02Eg111800.v2.1	2.834	no	no	no	yes
SoffiXsponR570.02Ag045600.v2.1	2.833	no	no	no	yes
SoffiXsponR570.01Dg040400.v2.1	2.832	no	no	no	yes
SoffiXsponR570.02Ag144400.v2.1	2.832	no	no	no	yes
SoffiXsponR570.08Cg180800.v2.1	2.832	no	no	no	yes
SoffiXsponR570.7os1g039100.v2.1	2.83	no	no	no	yes
SoffiXsponR570.01Eg186700.v2.1	2.83	no	no	no	yes
SoffiXsponR570.02Gg101400.v2.1	2.83	no	no	no	yes
SoffiXsponR570.05Eg197300.v2.1	2.829	no	no	no	yes
SoffiXsponR570.02Ag073300.v2.1	2.828	no	no	no	yes
SoffiXsponR570.03Cg232300.v2.1	2.828	no	no	no	yes
SoffiXsponR570.10Cg032200.v2.1	2.828	no	no	no	yes
SoffiXsponR570.05Gg053300.v2.1	2.826	no	no	no	yes
SoffiXsponR570.5_9Ag366300.v2.1	2.826	no	no	no	yes
SoffiXsponR570.02Ag381900.v2.1	2.826	no	no	no	yes
SoffiXsponR570.08Cg015800.v2.1	2.826	no	no	no	yes
SoffiXsponR570.01Cg363700.v2.1	2.826	no	no	no	yes
SoffiXsponR570.03Dg319600.v2.1	2.826	no	no	no	yes
SoffiXsponR570.02Dg162200.v2.1	2.825	no	no	no	yes
SoffiXsponR570.02Eg242300.v2.1	2.824	no	yes	no	no
SoffiXsponR570.06Cg044400.v2.1	2.824	no	no	no	yes
SoffiXsponR570.09Dg001700.v2.1	2.824	no	no	no	yes
SoffiXsponR570.9us90g049400.v2.1	2.824	no	no	no	yes
SoffiXsponR570.07Ag217600.v2.1	2.823	no	no	no	yes
SoffiXsponR570.02Gg148500.v2.1	2.823	no	no	no	yes
SoffiXsponR570.03Cg200200.v2.1	2.823	no	no	no	yes
SoffiXsponR570.03Dg146400.v2.1	2.822	no	no	no	yes
SoffiXsponR570.07Bg177000.v2.1	2.822	no	no	no	yes
SoffiXsponR570.7_10Ag185300.v2.1	2.822	no	no	no	yes
SoffiXsponR570.6_9Ag267200.v2.1	2.821	no	no	no	yes
SoffiXsponR570.02Cg175900.v2.1	2.821	no	no	no	yes
SoffiXsponR570.05Bg120200.v2.1	2.821	no	no	no	yes
SoffiXsponR570.05Ag189000.v2.1	2.82	no	no	no	yes
SoffiXsponR570.8_5Ag079300.v2.1	2.819	no	no	no	yes
SoffiXsponR570.05Bg065300.v2.1	2.819	no	no	no	yes
SoffiXsponR570.10os1g000200.v2.1	2.818	no	no	no	yes
SoffiXsponR570.01Bg251000.v2.1	2.817	no	no	no	yes
SoffiXsponR570.03Cg207500.v2.1	2.817	no	no	no	yes
SoffiXsponR570.05Cg359400.v2.1	2.816	no	no	no	yes
SoffiXsponR570.03Ag102200.v2.1	2.815	no	no	no	yes
SoffiXsponR570.05Eg233700.v2.1	2.814	no	no	no	yes
SoffiXsponR570.02Fg090400.v2.1	2.814	no	no	no	yes
SoffiXsponR570.05Gg137100.v2.1	2.814	no	no	no	yes
SoffiXsponR570.07Bg064700.v2.1	2.812	no	no	no	yes
SoffiXsponR570.03Ag272400.v2.1	2.812	no	no	no	yes
SoffiXsponR570.02Ag407400.v2.1	2.812	no	no	no	yes
SoffiXsponR570.04Gg089600.v2.1	2.811	no	no	no	yes
SoffiXsponR570.1Z035300.v2.1	2.81	no	no	no	yes
SoffiXsponR570.05Fg288900.v2.1	2.81	no	no	no	yes
SoffiXsponR570.01Fg056400.v2.1	2.809	no	no	no	yes
SoffiXsponR570.03Bg036300.v2.1	2.809	no	no	no	yes
SoffiXsponR570.5_9Ag040000.v2.1	2.809	no	no	no	yes
SoffiXsponR570.05Ag390000.v2.1	2.808	no	no	no	yes
SoffiXsponR570.01Eg415600.v2.1	2.807	no	no	no	yes
SoffiXsponR570.8_10Ag267600.v2.1	2.807	no	no	no	yes
SoffiXsponR570.10Eg037100.v2.1	2.806	no	yes	yes	no
SoffiXsponR570.06Gg121900.v2.1	2.805	no	no	no	yes
SoffiXsponR570.06Fg159200.v2.1	2.804	no	no	no	yes
SoffiXsponR570.10Ag105000.v2.1	2.804	no	no	no	yes
SoffiXsponR570.07Cg079700.v2.1	2.8	no	no	no	yes
SoffiXsponR570.10Dg077300.v2.1	2.799	no	no	no	yes
SoffiXsponR570.07Ag131400.v2.1	2.798	no	no	no	yes
SoffiXsponR570.05Dg145200.v2.1	2.798	no	no	no	yes
SoffiXsponR570.01Cg313700.v2.1	2.798	no	no	no	yes
SoffiXsponR570.1Z154800.v2.1	2.796	no	no	no	yes
SoffiXsponR570.06Cg090600.v2.1	2.796	no	no	no	yes
SoffiXsponR570.9os1g023500.v2.1	2.795	no	no	no	yes
SoffiXsponR570.01Dg377200.v2.1	2.795	no	no	no	yes
SoffiXsponR570.03Gg041700.v2.1	2.795	no	no	no	yes
SoffiXsponR570.5_9Ag016300.v2.1	2.794	no	no	no	yes
SoffiXsponR570.07Cg020800.v2.1	2.793	no	no	no	yes
SoffiXsponR570.05Dg083700.v2.1	2.793	no	no	no	yes
SoffiXsponR570.09Bg049300.v2.1	2.793	no	no	no	yes
SoffiXsponR570.06Gg003000.v2.1	2.793	no	no	no	yes
SoffiXsponR570.05Gg130400.v2.1	2.791	no	no	no	yes
SoffiXsponR570.05Ag218200.v2.1	2.791	no	no	no	yes
SoffiXsponR570.02Eg312600.v2.1	2.79	no	no	no	yes
SoffiXsponR570.04Dg045200.v2.1	2.79	no	no	no	yes
SoffiXsponR570.05Bg114800.v2.1	2.79	no	no	no	yes
SoffiXsponR570.05Ag316200.v2.1	2.789	no	no	no	yes
SoffiXsponR570.09Cg091800.v2.1	2.788	no	no	no	yes
SoffiXsponR570.5_9Ag082200.v2.1	2.788	no	no	no	yes
SoffiXsponR570.6us88g084500.v2.1	2.786	no	no	no	yes
SoffiXsponR570.05Bg094800.v2.1	2.786	no	no	no	yes
SoffiXsponR570.05Fg296600.v2.1	2.785	no	no	no	yes
SoffiXsponR570.05Gg061100.v2.1	2.785	no	no	no	yes
SoffiXsponR570.03Ag026500.v2.1	2.785	no	no	no	yes
SoffiXsponR570.07Eg080400.v2.1	2.785	no	no	no	yes
SoffiXsponR570.02Fg038200.v2.1	2.784	no	no	no	yes
SoffiXsponR570.01Cg150900.v2.1	2.784	no	no	no	yes
SoffiXsponR570.5_9Ag355800.v2.1	2.783	no	no	no	yes
SoffiXsponR570.8_10Ag337100.v2.1	2.782	no	yes	no	no
SoffiXsponR570.06Cg063800.v2.1	2.782	no	no	no	yes
SoffiXsponR570.04Ag274600.v2.1	2.782	no	no	no	yes
SoffiXsponR570.06Ag098300.v2.1	2.782	no	no	no	yes
SoffiXsponR570.02Ag391700.v2.1	2.781	no	no	no	yes
SoffiXsponR570.02Bg205800.v2.1	2.78	no	no	no	yes
SoffiXsponR570.03Cg333900.v2.1	2.779	no	no	no	yes
SoffiXsponR570.07Cg245300.v2.1	2.779	no	no	no	yes
SoffiXsponR570.03Eg114600.v2.1	2.779	no	no	no	yes
SoffiXsponR570.06Dg079300.v2.1	2.778	no	no	no	yes
SoffiXsponR570.09Cg036800.v2.1	2.774	no	no	no	yes
SoffiXsponR570.08Ag185200.v2.1	2.773	no	no	no	yes
SoffiXsponR570.09Cg083900.v2.1	2.773	no	no	no	yes
SoffiXsponR570.02Eg119700.v2.1	2.773	no	no	no	yes
SoffiXsponR570.05Eg275000.v2.1	2.773	no	no	no	yes
SoffiXsponR570.02Bg122500.v2.1	2.772	no	no	no	yes
SoffiXsponR570.5_9Ag034300.v2.1	2.772	no	no	no	yes
SoffiXsponR570.05Fg182700.v2.1	2.771	no	no	no	yes
SoffiXsponR570.05Dg129000.v2.1	2.771	no	no	no	yes
SoffiXsponR570.05Ag368700.v2.1	2.77	no	no	no	yes
SoffiXsponR570.03Gg073600.v2.1	2.77	no	no	no	yes
SoffiXsponR570.05Gg122300.v2.1	2.77	no	no	no	yes
SoffiXsponR570.07Dg034800.v2.1	2.769	no	no	no	yes
SoffiXsponR570.05Eg090400.v2.1	2.769	no	no	no	yes
SoffiXsponR570.4us91g045400.v2.1	2.769	no	no	no	yes
SoffiXsponR570.03Gg050700.v2.1	2.768	no	no	no	yes
SoffiXsponR570.02Fg317400.v2.1	2.768	no	no	no	yes
SoffiXsponR570.05Bg173700.v2.1	2.767	no	no	no	yes
SoffiXsponR570.09Cg021700.v2.1	2.767	no	no	no	yes
SoffiXsponR570.05Cg079400.v2.1	2.765	no	no	no	yes
SoffiXsponR570.03Eg305200.v2.1	2.765	no	no	no	yes
SoffiXsponR570.03Dg109400.v2.1	2.765	no	no	no	yes
SoffiXsponR570.10Dg055500.v2.1	2.765	no	no	no	yes
SoffiXsponR570.03Eg224200.v2.1	2.764	no	no	no	yes
SoffiXsponR570.04Bg173000.v2.1	2.763	no	no	no	yes
SoffiXsponR570.01Cg158500.v2.1	2.763	no	no	no	yes
SoffiXsponR570.02Gg134000.v2.1	2.762	no	no	no	yes
SoffiXsponR570.07Cg248300.v2.1	2.762	no	no	no	yes
SoffiXsponR570.6os1g000800.v2.1	2.759	no	no	no	yes
SoffiXsponR570.03Gg018100.v2.1	2.758	no	no	no	yes
SoffiXsponR570.09Dg091800.v2.1	2.758	no	no	no	yes
SoffiXsponR570.04Gg037500.v2.1	2.758	no	no	no	yes
SoffiXsponR570.06Cg198200.v2.1	2.758	no	no	no	yes
SoffiXsponR570.03Dg031300.v2.1	2.756	no	no	no	yes
SoffiXsponR570.08Cg171300.v2.1	2.756	no	no	no	yes
SoffiXsponR570.02Bg186500.v2.1	2.756	no	no	no	yes
SoffiXsponR570.06Dg120500.v2.1	2.755	no	no	no	yes
SoffiXsponR570.05Gg040800.v2.1	2.754	no	no	no	yes
SoffiXsponR570.10Eg068300.v2.1	2.754	no	no	no	yes
SoffiXsponR570.05Eg284900.v2.1	2.753	no	no	no	yes
SoffiXsponR570.02Dg414600.v2.1	2.752	no	no	no	yes
SoffiXsponR570.08Bg145400.v2.1	2.752	no	no	no	yes
SoffiXsponR570.04Bg175600.v2.1	2.752	no	no	no	yes
SoffiXsponR570.06Fg086700.v2.1	2.75	no	no	no	yes
SoffiXsponR570.01Eg013900.v2.1	2.75	no	no	no	yes
SoffiXsponR570.02Gg299500.v2.1	2.749	no	no	no	yes
SoffiXsponR570.02Cg175100.v2.1	2.749	no	no	no	yes
SoffiXsponR570.01Ag458600.v2.1	2.748	no	no	no	yes
SoffiXsponR570.01Bg053300.v2.1	2.747	no	no	no	yes
SoffiXsponR570.02Dg360300.v2.1	2.745	no	no	no	yes
SoffiXsponR570.02Cg141200.v2.1	2.745	no	no	no	yes
SoffiXsponR570.02Fg215500.v2.1	2.745	no	no	no	yes
SoffiXsponR570.07Ag076900.v2.1	2.744	no	no	no	yes
SoffiXsponR570.04Cg157700.v2.1	2.744	no	no	no	yes
SoffiXsponR570.06Ag091500.v2.1	2.742	no	no	no	yes
SoffiXsponR570.03Eg250300.v2.1	2.742	no	no	no	yes
SoffiXsponR570.10Dg014600.v2.1	2.742	no	no	no	yes
SoffiXsponR570.02Eg074400.v2.1	2.74	no	no	no	yes
SoffiXsponR570.02Bg241500.v2.1	2.74	no	no	no	yes
SoffiXsponR570.05Bg372100.v2.1	2.739	no	no	no	yes
SoffiXsponR570.04Ag133800.v2.1	2.739	no	no	no	yes
SoffiXsponR570.01Fg093300.v2.1	2.739	no	no	no	yes
SoffiXsponR570.6_9Ag145200.v2.1	2.739	no	no	yes	yes
SoffiXsponR570.05Cg016700.v2.1	2.738	no	no	no	yes
SoffiXsponR570.07Dg114100.v2.1	2.737	no	no	no	yes
SoffiXsponR570.09Cg131700.v2.1	2.737	no	no	no	yes
SoffiXsponR570.05Bg202900.v2.1	2.736	no	no	no	yes
SoffiXsponR570.8_10Ag210200.v2.1	2.735	no	no	no	yes
SoffiXsponR570.03Ag253800.v2.1	2.735	no	no	no	yes
SoffiXsponR570.05Bg041500.v2.1	2.732	no	no	no	yes
SoffiXsponR570.01Fg213600.v2.1	2.732	no	no	yes	yes
SoffiXsponR570.01Eg100400.v2.1	2.731	no	no	no	yes
SoffiXsponR570.03Ag259600.v2.1	2.73	no	no	no	yes
SoffiXsponR570.7_10Ag143200.v2.1	2.729	no	no	no	yes
SoffiXsponR570.04Bg239600.v2.1	2.727	no	no	no	yes
SoffiXsponR570.6us88g055100.v2.1	2.727	no	no	no	yes
SoffiXsponR570.03Dg103900.v2.1	2.727	no	no	no	yes
SoffiXsponR570.01Ag445700.v2.1	2.727	no	no	no	yes
SoffiXsponR570.01Ag129900.v2.1	2.726	no	no	no	yes
SoffiXsponR570.04Dg195900.v2.1	2.726	no	no	no	yes
SoffiXsponR570.5_9Ag367100.v2.1	2.725	no	no	no	yes
SoffiXsponR570.02Fg272600.v2.1	2.725	no	no	no	yes
SoffiXsponR570.05Dg157000.v2.1	2.725	no	no	no	yes
SoffiXsponR570.01Bg469700.v2.1	2.724	no	no	no	yes
SoffiXsponR570.05Fg058200.v2.1	2.723	no	no	no	yes
SoffiXsponR570.09Cg097400.v2.1	2.723	no	no	no	yes
SoffiXsponR570.06Ag050400.v2.1	2.722	no	no	no	yes
SoffiXsponR570.6_9Ag044100.v2.1	2.722	no	no	no	yes
SoffiXsponR570.06Ag181000.v2.1	2.722	no	no	no	yes
SoffiXsponR570.9os1g000500.v2.1	2.721	no	no	no	yes
SoffiXsponR570.5_9Ag160900.v2.1	2.721	no	no	no	yes
SoffiXsponR570.05Fg300500.v2.1	2.72	no	no	no	yes
SoffiXsponR570.08Eg078900.v2.1	2.719	no	no	no	yes
SoffiXsponR570.05Fg212300.v2.1	2.718	no	no	no	yes
SoffiXsponR570.04Gg108000.v2.1	2.717	no	no	no	yes
SoffiXsponR570.03Dg354900.v2.1	2.717	no	no	no	yes
SoffiXsponR570.05Bg217500.v2.1	2.716	no	no	no	yes
SoffiXsponR570.05Eg339900.v2.1	2.716	no	no	no	yes
SoffiXsponR570.02Gg198200.v2.1	2.716	no	no	no	yes
SoffiXsponR570.01Fg257800.v2.1	2.715	no	no	no	yes
SoffiXsponR570.03Gg106100.v2.1	2.714	no	no	no	yes
SoffiXsponR570.01Cg297800.v2.1	2.713	no	no	no	yes
SoffiXsponR570.02Gg060800.v2.1	2.713	no	no	no	yes
SoffiXsponR570.05Fg018600.v2.1	2.712	no	no	no	yes
SoffiXsponR570.09Cg014000.v2.1	2.712	no	no	no	yes
SoffiXsponR570.03Cg306200.v2.1	2.711	no	no	no	yes
SoffiXsponR570.02Bg211600.v2.1	2.711	no	no	no	yes
SoffiXsponR570.06Gg053500.v2.1	2.711	no	no	no	yes
SoffiXsponR570.01Bg105300.v2.1	2.71	no	no	no	yes
SoffiXsponR570.03Ag333400.v2.1	2.71	no	no	no	yes
SoffiXsponR570.01Cg148700.v2.1	2.709	no	no	no	yes
SoffiXsponR570.02Ag217600.v2.1	2.709	no	no	no	yes
SoffiXsponR570.05Gg085000.v2.1	2.709	no	no	no	yes
SoffiXsponR570.03Dg114500.v2.1	2.709	no	no	no	yes
SoffiXsponR570.07Bg036800.v2.1	2.709	no	no	no	yes
SoffiXsponR570.07Ag070100.v2.1	2.707	no	no	no	yes
SoffiXsponR570.1Z131200.v2.1	2.706	no	no	no	yes
SoffiXsponR570.06Bg017000.v2.1	2.705	no	no	no	yes
SoffiXsponR570.02Fg041900.v2.1	2.705	no	no	no	yes
SoffiXsponR570.04Cg186100.v2.1	2.702	no	no	no	yes
SoffiXsponR570.4us91g057800.v2.1	2.702	no	no	no	yes
SoffiXsponR570.10Ag083600.v2.1	2.702	no	no	no	yes
SoffiXsponR570.06Cg036700.v2.1	2.701	no	no	no	yes
SoffiXsponR570.06Fg151900.v2.1	2.7	no	no	no	yes
SoffiXsponR570.04Eg006900.v2.1	2.699	no	no	no	yes
SoffiXsponR570.10Dg086700.v2.1	2.699	no	no	no	yes
SoffiXsponR570.05Dg328500.v2.1	2.699	no	no	no	yes
SoffiXsponR570.05Cg227400.v2.1	2.699	no	no	no	yes
SoffiXsponR570.03Gg052400.v2.1	2.698	no	no	no	yes
SoffiXsponR570.02Dg247200.v2.1	2.697	no	no	no	yes
SoffiXsponR570.05Ag068800.v2.1	2.697	no	no	no	yes
SoffiXsponR570.04Fg063100.v2.1	2.697	no	no	no	yes
SoffiXsponR570.01Eg190900.v2.1	2.697	no	no	no	yes
SoffiXsponR570.02Gg209100.v2.1	2.697	no	no	no	yes
SoffiXsponR570.05Bg255200.v2.1	2.696	no	no	no	yes
SoffiXsponR570.03Eg110300.v2.1	2.696	no	no	no	yes
SoffiXsponR570.02Fg161100.v2.1	2.696	no	no	no	yes
SoffiXsponR570.01Eg030100.v2.1	2.695	no	no	no	yes
SoffiXsponR570.10Ag045300.v2.1	2.695	no	no	no	yes
SoffiXsponR570.08Ag218600.v2.1	2.695	no	no	no	yes
SoffiXsponR570.07Eg034200.v2.1	2.694	no	no	no	yes
SoffiXsponR570.01Bg398300.v2.1	2.694	no	no	no	yes
SoffiXsponR570.02Cg165400.v2.1	2.694	no	no	no	yes
SoffiXsponR570.6us88g064600.v2.1	2.693	no	no	no	yes
SoffiXsponR570.01Cg391300.v2.1	2.693	no	no	no	yes
SoffiXsponR570.02Bg363700.v2.1	2.693	no	no	no	yes
SoffiXsponR570.01Eg168000.v2.1	2.692	no	no	no	yes
SoffiXsponR570.02Dg168600.v2.1	2.692	no	no	no	yes
SoffiXsponR570.03Bg104100.v2.1	2.691	no	no	no	yes
SoffiXsponR570.03Ag114400.v2.1	2.691	no	no	no	yes
SoffiXsponR570.09Bg110400.v2.1	2.69	no	no	no	yes
SoffiXsponR570.06Cg037100.v2.1	2.689	no	no	no	yes
SoffiXsponR570.02Gg243600.v2.1	2.688	no	no	no	yes
SoffiXsponR570.06Dg095700.v2.1	2.686	no	no	no	yes
SoffiXsponR570.05Ag278300.v2.1	2.685	no	no	no	yes
SoffiXsponR570.05Fg044200.v2.1	2.684	no	no	no	yes
SoffiXsponR570.05Bg076800.v2.1	2.684	no	no	no	yes
SoffiXsponR570.02Bg043800.v2.1	2.684	no	no	no	yes
SoffiXsponR570.05Bg351500.v2.1	2.684	no	no	no	yes
SoffiXsponR570.07Eg154600.v2.1	2.683	no	no	no	yes
SoffiXsponR570.03Dg004000.v2.1	2.683	no	no	no	yes
SoffiXsponR570.8_10Ag124000.v2.1	2.682	no	no	no	yes
SoffiXsponR570.01Bg217900.v2.1	2.682	no	no	no	yes
SoffiXsponR570.07Eg132000.v2.1	2.682	no	no	no	yes
SoffiXsponR570.01Fg247700.v2.1	2.681	no	no	no	yes
SoffiXsponR570.5_9Ag107900.v2.1	2.679	no	no	no	yes
SoffiXsponR570.03Gg113200.v2.1	2.679	no	no	no	yes
SoffiXsponR570.03Cg225500.v2.1	2.678	no	no	no	yes
SoffiXsponR570.03Cg266800.v2.1	2.678	no	no	no	yes
SoffiXsponR570.01Ag402000.v2.1	2.677	no	no	no	yes
SoffiXsponR570.02Ag341100.v2.1	2.677	no	no	no	yes
SoffiXsponR570.02Ag340000.v2.1	2.677	no	no	no	yes
SoffiXsponR570.03Bg019100.v2.1	2.676	no	no	no	yes
SoffiXsponR570.07Bg278200.v2.1	2.676	no	no	no	yes
SoffiXsponR570.03Dg324300.v2.1	2.676	no	no	no	yes
SoffiXsponR570.01Dg336000.v2.1	2.675	no	no	no	yes
SoffiXsponR570.09Cg083400.v2.1	2.675	no	no	no	yes
SoffiXsponR570.02Fg183700.v2.1	2.674	no	no	no	yes
SoffiXsponR570.06Cg169000.v2.1	2.674	no	no	no	yes
SoffiXsponR570.08Bg107300.v2.1	2.672	no	no	no	yes
SoffiXsponR570.01Dg189300.v2.1	2.671	no	no	no	yes
SoffiXsponR570.01Bg388100.v2.1	2.67	no	no	no	yes
SoffiXsponR570.02Dg349600.v2.1	2.67	no	yes	no	yes
SoffiXsponR570.09Dg115100.v2.1	2.67	no	no	no	yes
SoffiXsponR570.02Eg369700.v2.1	2.67	no	no	no	yes
SoffiXsponR570.5_9Ag446000.v2.1	2.669	no	no	no	yes
SoffiXsponR570.10os1g029000.v2.1	2.668	no	no	no	yes
SoffiXsponR570.01Dg090500.v2.1	2.668	no	no	no	yes
SoffiXsponR570.05Cg037400.v2.1	2.668	no	no	no	yes
SoffiXsponR570.06Cg176100.v2.1	2.667	no	no	no	yes
SoffiXsponR570.4os1g002500.v2.1	2.666	no	no	no	yes
SoffiXsponR570.05Ag209200.v2.1	2.666	no	no	no	yes
SoffiXsponR570.03Ag319500.v2.1	2.663	no	no	no	yes
SoffiXsponR570.01Fg085700.v2.1	2.662	no	no	no	yes
SoffiXsponR570.02Eg377700.v2.1	2.662	no	no	no	yes
SoffiXsponR570.09Ag022100.v2.1	2.662	no	no	no	yes
SoffiXsponR570.08Eg145500.v2.1	2.661	no	no	no	yes
SoffiXsponR570.04Bg107000.v2.1	2.661	no	no	no	yes
SoffiXsponR570.03Ag075500.v2.1	2.661	no	no	no	yes
SoffiXsponR570.05Cg063500.v2.1	2.661	no	no	no	yes
SoffiXsponR570.08Ag201300.v2.1	2.66	no	no	no	yes
SoffiXsponR570.03Dg139700.v2.1	2.66	no	no	no	yes
SoffiXsponR570.03Bg260600.v2.1	2.66	no	no	no	yes
SoffiXsponR570.03Cg251000.v2.1	2.66	no	no	no	yes
SoffiXsponR570.06Ag198100.v2.1	2.659	no	no	no	yes
SoffiXsponR570.03Ag217200.v2.1	2.659	no	no	no	yes
SoffiXsponR570.06Dg148900.v2.1	2.658	no	no	no	yes
SoffiXsponR570.06Gg111100.v2.1	2.658	no	no	no	yes
SoffiXsponR570.01Ag501800.v2.1	2.657	no	no	no	yes
SoffiXsponR570.01Fg098500.v2.1	2.657	no	no	no	yes
SoffiXsponR570.02Eg009000.v2.1	2.657	no	no	no	yes
SoffiXsponR570.02Cg140900.v2.1	2.657	no	no	no	yes
SoffiXsponR570.04Cg035600.v2.1	2.657	no	no	no	yes
SoffiXsponR570.02Fg337500.v2.1	2.657	no	no	no	yes
SoffiXsponR570.6us88g029400.v2.1	2.655	no	no	no	yes
SoffiXsponR570.3os4g000400.v2.1	2.654	no	no	no	yes
SoffiXsponR570.04Eg031900.v2.1	2.654	no	no	no	yes
SoffiXsponR570.05Bg074800.v2.1	2.654	no	no	no	yes
SoffiXsponR570.02Ag262900.v2.1	2.653	no	no	no	yes
SoffiXsponR570.03Dg073600.v2.1	2.653	no	yes	no	yes
SoffiXsponR570.8_5Ag159200.v2.1	2.652	no	no	no	yes
SoffiXsponR570.08Bg172700.v2.1	2.652	no	no	no	yes
SoffiXsponR570.07Dg065200.v2.1	2.652	no	no	no	yes
SoffiXsponR570.01Eg366900.v2.1	2.651	no	no	no	yes
SoffiXsponR570.03Eg109000.v2.1	2.651	no	no	no	yes
SoffiXsponR570.08Ag071000.v2.1	2.65	no	no	no	yes
SoffiXsponR570.05Ag116200.v2.1	2.65	no	no	no	yes
SoffiXsponR570.03Ag225000.v2.1	2.65	no	no	no	yes
SoffiXsponR570.03Eg030300.v2.1	2.648	no	no	no	yes
SoffiXsponR570.10Dg019900.v2.1	2.648	no	no	no	yes
SoffiXsponR570.04Cg090100.v2.1	2.647	no	no	no	yes
SoffiXsponR570.05Bg160600.v2.1	2.647	no	no	no	yes
SoffiXsponR570.03Bg289900.v2.1	2.645	no	no	no	yes
SoffiXsponR570.03Eg070200.v2.1	2.645	no	no	no	yes
SoffiXsponR570.01Bg253800.v2.1	2.645	no	no	no	yes
SoffiXsponR570.07Ag193800.v2.1	2.645	no	no	no	yes
SoffiXsponR570.10Bg052300.v2.1	2.644	no	no	no	yes
SoffiXsponR570.1Z147200.v2.1	2.644	no	no	no	yes
SoffiXsponR570.07Bg178300.v2.1	2.644	no	no	no	yes
SoffiXsponR570.1Z006100.v2.1	2.643	no	no	no	yes
SoffiXsponR570.04Dg174900.v2.1	2.643	no	no	no	yes
SoffiXsponR570.02Ag373500.v2.1	2.643	no	no	no	yes
SoffiXsponR570.01Dg390500.v2.1	2.642	no	no	no	yes
SoffiXsponR570.02Bg053600.v2.1	2.642	no	no	no	yes
SoffiXsponR570.06Gg052900.v2.1	2.641	no	no	no	yes
SoffiXsponR570.10Ag005800.v2.1	2.641	no	no	no	yes
SoffiXsponR570.05Dg207400.v2.1	2.64	no	no	no	yes
SoffiXsponR570.02Bg181600.v2.1	2.639	no	no	no	yes
SoffiXsponR570.05Bg376300.v2.1	2.639	no	no	no	yes
SoffiXsponR570.02Fg339400.v2.1	2.639	no	no	no	yes
SoffiXsponR570.02Bg064700.v2.1	2.638	no	no	no	yes
SoffiXsponR570.09Bg023500.v2.1	2.638	no	no	no	yes
SoffiXsponR570.07Eg222100.v2.1	2.637	no	no	no	yes
SoffiXsponR570.07Cg119000.v2.1	2.637	no	no	no	yes
SoffiXsponR570.02Fg229500.v2.1	2.636	no	no	no	yes
SoffiXsponR570.07Bg119900.v2.1	2.635	no	no	no	yes
SoffiXsponR570.06Ag049900.v2.1	2.635	no	no	no	yes
SoffiXsponR570.07Cg258300.v2.1	2.635	no	no	no	yes
SoffiXsponR570.02Bg106200.v2.1	2.634	no	no	no	yes
SoffiXsponR570.03Bg163900.v2.1	2.634	no	no	no	yes
SoffiXsponR570.09Eg114000.v2.1	2.634	no	no	no	yes
SoffiXsponR570.07Dg078000.v2.1	2.634	no	no	no	yes
SoffiXsponR570.06Ag144000.v2.1	2.633	no	no	no	yes
SoffiXsponR570.05Eg239500.v2.1	2.633	no	no	no	yes
SoffiXsponR570.03Ag017500.v2.1	2.632	no	no	no	yes
SoffiXsponR570.8_5Ag128300.v2.1	2.631	no	no	no	yes
SoffiXsponR570.01Ag352600.v2.1	2.631	no	no	no	yes
SoffiXsponR570.05Bg149900.v2.1	2.63	no	no	no	yes
SoffiXsponR570.04Cg113200.v2.1	2.63	no	no	no	yes
SoffiXsponR570.07Eg161000.v2.1	2.629	no	no	no	yes
SoffiXsponR570.03Ag098500.v2.1	2.629	no	no	no	yes
SoffiXsponR570.08Dg020300.v2.1	2.629	no	no	no	yes
SoffiXsponR570.05Cg274900.v2.1	2.629	no	no	no	yes
SoffiXsponR570.02Bg020200.v2.1	2.626	no	no	no	yes
SoffiXsponR570.06Ag107100.v2.1	2.625	no	no	no	yes
SoffiXsponR570.01Eg170500.v2.1	2.625	no	no	no	yes
SoffiXsponR570.8_10Ag307700.v2.1	2.624	no	no	no	yes
SoffiXsponR570.08Dg085600.v2.1	2.622	no	yes	no	no
SoffiXsponR570.01Cg101300.v2.1	2.622	no	no	no	yes
SoffiXsponR570.09Ag071900.v2.1	2.62	no	no	no	yes
SoffiXsponR570.02Ag314300.v2.1	2.619	no	no	no	yes
SoffiXsponR570.08Ag014600.v2.1	2.619	no	no	no	yes
SoffiXsponR570.08Eg080800.v2.1	2.617	no	no	no	yes
SoffiXsponR570.01Ag262700.v2.1	2.617	no	no	no	yes
SoffiXsponR570.05Fg286100.v2.1	2.616	no	no	no	yes
SoffiXsponR570.01Bg003100.v2.1	2.615	no	no	no	yes
SoffiXsponR570.02Bg056700.v2.1	2.615	no	no	no	yes
SoffiXsponR570.01Fg297600.v2.1	2.615	no	no	no	yes
SoffiXsponR570.06Eg147300.v2.1	2.615	no	no	no	yes
SoffiXsponR570.09Ag074200.v2.1	2.614	no	no	no	yes
SoffiXsponR570.04Gg065900.v2.1	2.614	no	no	no	yes
SoffiXsponR570.02Fg071900.v2.1	2.614	no	no	no	yes
SoffiXsponR570.06Ag199900.v2.1	2.613	no	no	yes	yes
SoffiXsponR570.6_9Ag088000.v2.1	2.613	no	no	no	yes
SoffiXsponR570.05Fg226700.v2.1	2.611	no	no	no	yes
SoffiXsponR570.09Ag161000.v2.1	2.611	no	no	no	yes
SoffiXsponR570.03Dg182900.v2.1	2.611	no	no	no	yes
SoffiXsponR570.07Dg226600.v2.1	2.61	no	no	no	yes
SoffiXsponR570.10Fg048000.v2.1	2.61	no	no	no	yes
SoffiXsponR570.05Ag161100.v2.1	2.61	no	no	no	yes
SoffiXsponR570.09Bg033300.v2.1	2.61	no	no	no	yes
SoffiXsponR570.09Eg060600.v2.1	2.61	no	no	no	yes
SoffiXsponR570.08Cg121500.v2.1	2.609	no	no	no	yes
SoffiXsponR570.05Bg336200.v2.1	2.609	no	no	no	yes
SoffiXsponR570.05Bg237900.v2.1	2.606	no	no	no	yes
SoffiXsponR570.05Fg168200.v2.1	2.605	no	no	no	yes
SoffiXsponR570.5_9Ag054200.v2.1	2.604	no	no	no	yes
SoffiXsponR570.1Z232500.v2.1	2.604	no	no	no	yes
SoffiXsponR570.6_9Ag144300.v2.1	2.604	no	no	no	yes
SoffiXsponR570.01Ag093600.v2.1	2.603	no	yes	yes	yes
SoffiXsponR570.02Bg040300.v2.1	2.603	no	no	no	yes
SoffiXsponR570.04Fg119200.v2.1	2.601	no	no	no	yes
SoffiXsponR570.01Fg194100.v2.1	2.6	no	no	no	yes
SoffiXsponR570.02Gg321900.v2.1	2.6	no	no	no	yes
SoffiXsponR570.08Cg055500.v2.1	2.6	no	no	no	yes
SoffiXsponR570.3os2g009100.v2.1	2.6	no	no	no	yes
SoffiXsponR570.7os1g077700.v2.1	2.599	no	no	no	yes
SoffiXsponR570.06Gg074800.v2.1	2.599	no	no	no	yes
SoffiXsponR570.08Dg133100.v2.1	2.597	no	no	no	yes
SoffiXsponR570.02Bg117400.v2.1	2.597	no	no	no	yes
SoffiXsponR570.08Ag134300.v2.1	2.597	no	no	no	yes
SoffiXsponR570.05Ag301000.v2.1	2.596	no	no	no	yes
SoffiXsponR570.8_10Ag108300.v2.1	2.596	no	no	no	yes
SoffiXsponR570.06Eg040100.v2.1	2.595	no	no	no	yes
SoffiXsponR570.07Bg045500.v2.1	2.594	no	no	no	yes
SoffiXsponR570.01Cg292000.v2.1	2.593	no	no	no	yes
SoffiXsponR570.01Eg393800.v2.1	2.593	no	no	no	yes
SoffiXsponR570.04Cg148100.v2.1	2.589	no	no	no	yes
SoffiXsponR570.06Ag141200.v2.1	2.589	no	no	no	yes
SoffiXsponR570.02Bg101000.v2.1	2.589	no	no	no	yes
SoffiXsponR570.06Eg040000.v2.1	2.589	no	no	no	yes
SoffiXsponR570.5_9Ag167200.v2.1	2.589	no	no	no	yes
SoffiXsponR570.07Eg156400.v2.1	2.587	no	no	no	yes
SoffiXsponR570.03Dg152900.v2.1	2.587	no	no	no	yes
SoffiXsponR570.02Bg096300.v2.1	2.586	no	no	no	yes
SoffiXsponR570.05Fg231200.v2.1	2.586	no	no	no	yes
SoffiXsponR570.08Bg050900.v2.1	2.586	no	no	no	yes
SoffiXsponR570.02Cg188900.v2.1	2.586	no	no	no	yes
SoffiXsponR570.02Bg031000.v2.1	2.585	no	no	no	yes
SoffiXsponR570.01Dg088500.v2.1	2.584	no	no	no	yes
SoffiXsponR570.08Dg106800.v2.1	2.584	no	no	no	yes
SoffiXsponR570.02Ag322100.v2.1	2.583	no	no	no	yes
SoffiXsponR570.05Fg235600.v2.1	2.583	no	no	no	yes
SoffiXsponR570.10Dg123000.v2.1	2.583	no	no	no	yes
SoffiXsponR570.08Dg023900.v2.1	2.582	no	no	no	yes
SoffiXsponR570.02Fg142000.v2.1	2.582	no	no	no	yes
SoffiXsponR570.02Gg246400.v2.1	2.58	no	no	no	yes
SoffiXsponR570.02Cg051400.v2.1	2.58	no	no	no	yes
SoffiXsponR570.02Ag170400.v2.1	2.58	no	no	no	yes
SoffiXsponR570.6us88g094000.v2.1	2.58	no	no	no	yes
SoffiXsponR570.02Bg372800.v2.1	2.579	no	no	no	yes
SoffiXsponR570.06Cg050100.v2.1	2.579	no	no	no	yes
SoffiXsponR570.02Ag259800.v2.1	2.578	no	no	no	yes
SoffiXsponR570.05Cg309000.v2.1	2.578	no	no	no	yes
SoffiXsponR570.07Cg080000.v2.1	2.578	no	no	no	yes
SoffiXsponR570.10os1g044000.v2.1	2.578	no	no	no	yes
SoffiXsponR570.7_10Ag252400.v2.1	2.576	no	no	no	yes
SoffiXsponR570.6_9Ag158500.v2.1	2.576	no	no	no	yes
SoffiXsponR570.01Ag081100.v2.1	2.576	no	no	no	yes
SoffiXsponR570.07Cg133000.v2.1	2.576	no	no	no	yes
SoffiXsponR570.5_9Ag019800.v2.1	2.575	no	no	no	yes
SoffiXsponR570.06Gg152300.v2.1	2.575	no	no	no	yes
SoffiXsponR570.07Eg142000.v2.1	2.575	no	no	no	yes
SoffiXsponR570.02Ag430300.v2.1	2.574	no	no	no	yes
SoffiXsponR570.02Cg409700.v2.1	2.574	no	no	no	yes
SoffiXsponR570.07Ag266500.v2.1	2.574	no	no	no	yes
SoffiXsponR570.02Gg320600.v2.1	2.574	no	no	no	yes
SoffiXsponR570.07Bg258500.v2.1	2.573	no	no	no	yes
SoffiXsponR570.7_10Ag223500.v2.1	2.573	no	no	no	yes
SoffiXsponR570.05Ag045300.v2.1	2.572	no	no	no	yes
SoffiXsponR570.03Bg184400.v2.1	2.572	no	no	no	yes
SoffiXsponR570.1Z182000.v2.1	2.572	no	no	no	yes
SoffiXsponR570.06Cg058200.v2.1	2.572	no	no	no	yes
SoffiXsponR570.10Bg178900.v2.1	2.571	no	no	no	yes
SoffiXsponR570.05Bg098500.v2.1	2.571	no	no	no	yes
SoffiXsponR570.07Ag262000.v2.1	2.571	no	no	no	yes
SoffiXsponR570.02Eg190500.v2.1	2.57	no	no	no	yes
SoffiXsponR570.01Ag089300.v2.1	2.569	no	no	no	yes
SoffiXsponR570.9os1g043400.v2.1	2.569	no	no	yes	yes
SoffiXsponR570.05Cg129400.v2.1	2.566	no	no	no	yes
SoffiXsponR570.02Gg276500.v2.1	2.566	no	no	no	yes
SoffiXsponR570.02Bg150800.v2.1	2.565	no	no	no	yes
SoffiXsponR570.8_5Ag059300.v2.1	2.565	no	no	no	yes
SoffiXsponR570.01Bg344000.v2.1	2.565	no	no	no	yes
SoffiXsponR570.5_9Ag221100.v2.1	2.564	no	no	no	yes
SoffiXsponR570.07Ag239200.v2.1	2.564	no	no	no	yes
SoffiXsponR570.03Gg019600.v2.1	2.563	no	no	no	yes
SoffiXsponR570.03Cg056400.v2.1	2.562	no	no	no	yes
SoffiXsponR570.5_9Ag018200.v2.1	2.562	no	no	no	yes
SoffiXsponR570.5_9Ag178100.v2.1	2.561	no	no	no	yes
SoffiXsponR570.02Bg132300.v2.1	2.561	no	no	no	yes
SoffiXsponR570.03Ag079900.v2.1	2.56	no	no	no	yes
SoffiXsponR570.01Eg355700.v2.1	2.558	no	no	no	yes
SoffiXsponR570.10Cg043000.v2.1	2.556	no	no	no	yes
SoffiXsponR570.09Eg041300.v2.1	2.556	no	no	no	yes
SoffiXsponR570.03Dg247000.v2.1	2.554	no	no	no	yes
SoffiXsponR570.01Dg173200.v2.1	2.554	no	no	no	yes
SoffiXsponR570.07Eg135500.v2.1	2.554	no	no	no	yes
SoffiXsponR570.01Bg276800.v2.1	2.553	no	no	no	yes
SoffiXsponR570.10Bg130400.v2.1	2.553	no	no	no	yes
SoffiXsponR570.02Fg232700.v2.1	2.55	no	no	no	yes
SoffiXsponR570.06Dg131300.v2.1	2.55	no	no	no	yes
SoffiXsponR570.6_9Ag133000.v2.1	2.549	no	no	no	yes
SoffiXsponR570.03Eg210600.v2.1	2.549	yes	yes	yes	yes
SoffiXsponR570.02Fg319000.v2.1	2.548	no	no	yes	yes
SoffiXsponR570.09Bg113400.v2.1	2.548	no	no	no	yes
SoffiXsponR570.02Bg038400.v2.1	2.547	no	no	no	yes
SoffiXsponR570.10Cg046800.v2.1	2.547	no	no	no	yes
SoffiXsponR570.01Dg217600.v2.1	2.545	no	no	no	yes
SoffiXsponR570.03Dg104100.v2.1	2.545	no	no	no	yes
SoffiXsponR570.1Z000800.v2.1	2.544	no	no	no	yes
SoffiXsponR570.1Z242900.v2.1	2.544	no	no	no	yes
SoffiXsponR570.04Ag262900.v2.1	2.544	no	no	no	yes
SoffiXsponR570.8_5Ag009000.v2.1	2.544	no	no	no	yes
SoffiXsponR570.1Z023300.v2.1	2.543	no	no	no	yes
SoffiXsponR570.02Fg115700.v2.1	2.542	no	no	no	yes
SoffiXsponR570.03Gg054300.v2.1	2.542	no	no	no	yes
SoffiXsponR570.01Eg215400.v2.1	2.542	no	no	no	yes
SoffiXsponR570.9os1g063400.v2.1	2.542	no	no	no	yes
SoffiXsponR570.01Cg292100.v2.1	2.54	no	no	no	yes
SoffiXsponR570.07Eg117700.v2.1	2.539	no	no	no	yes
SoffiXsponR570.09Eg036100.v2.1	2.539	no	no	no	yes
SoffiXsponR570.6_9Ag253300.v2.1	2.538	no	no	no	yes
SoffiXsponR570.06Fg027800.v2.1	2.538	no	no	no	yes
SoffiXsponR570.05Dg133000.v2.1	2.538	no	no	no	yes
SoffiXsponR570.03Bg188200.v2.1	2.537	no	no	no	yes
SoffiXsponR570.09Bg113600.v2.1	2.537	no	no	no	yes
SoffiXsponR570.04Fg135100.v2.1	2.536	no	no	no	yes
SoffiXsponR570.02Eg002900.v2.1	2.535	no	no	no	yes
SoffiXsponR570.08Ag150500.v2.1	2.535	no	no	no	yes
SoffiXsponR570.02Eg182600.v2.1	2.535	no	no	no	yes
SoffiXsponR570.03Bg024600.v2.1	2.535	no	no	no	yes
SoffiXsponR570.02Bg029000.v2.1	2.534	no	no	no	yes
SoffiXsponR570.01Cg345900.v2.1	2.534	no	no	no	yes
SoffiXsponR570.07Ag180800.v2.1	2.533	no	no	no	yes
SoffiXsponR570.03Cg060000.v2.1	2.533	no	no	no	yes
SoffiXsponR570.01Bg262400.v2.1	2.532	no	no	no	yes
SoffiXsponR570.02Dg146000.v2.1	2.532	no	no	no	yes
SoffiXsponR570.03Cg135500.v2.1	2.531	no	no	no	yes
SoffiXsponR570.8_10Ag068100.v2.1	2.531	no	no	no	yes
SoffiXsponR570.08Eg005900.v2.1	2.531	no	no	no	yes
SoffiXsponR570.10Ag001000.v2.1	2.53	no	no	no	yes
SoffiXsponR570.10Fg033800.v2.1	2.529	no	no	no	yes
SoffiXsponR570.03Eg126600.v2.1	2.528	no	no	no	yes
SoffiXsponR570.6_9Ag011300.v2.1	2.528	no	no	no	yes
SoffiXsponR570.05Dg343000.v2.1	2.527	no	no	no	yes
SoffiXsponR570.02Fg204400.v2.1	2.527	no	no	no	yes
SoffiXsponR570.09Ag097800.v2.1	2.526	no	no	no	yes
SoffiXsponR570.01Fg078900.v2.1	2.526	no	no	no	yes
SoffiXsponR570.05Bg125600.v2.1	2.526	no	no	no	yes
SoffiXsponR570.05Eg023500.v2.1	2.526	no	no	no	yes
SoffiXsponR570.02Ag233700.v2.1	2.525	no	no	no	yes
SoffiXsponR570.03Ag168200.v2.1	2.525	no	no	no	yes
SoffiXsponR570.05Bg023700.v2.1	2.525	no	no	no	yes
SoffiXsponR570.03Bg198200.v2.1	2.524	no	no	no	yes
SoffiXsponR570.02Dg050500.v2.1	2.524	no	no	no	yes
SoffiXsponR570.09Cg113500.v2.1	2.524	no	no	no	yes
SoffiXsponR570.05Ag373700.v2.1	2.523	no	no	no	yes
SoffiXsponR570.06Ag163400.v2.1	2.523	no	no	yes	yes
SoffiXsponR570.02Fg154400.v2.1	2.523	no	no	no	yes
SoffiXsponR570.01Ag461300.v2.1	2.523	no	no	no	yes
SoffiXsponR570.01Bg434200.v2.1	2.522	no	no	no	yes
SoffiXsponR570.08Cg091300.v2.1	2.522	no	no	no	yes
SoffiXsponR570.02Dg375800.v2.1	2.522	no	no	no	yes
SoffiXsponR570.02Ag338200.v2.1	2.522	no	no	no	yes
SoffiXsponR570.09Cg069400.v2.1	2.521	no	no	no	yes
SoffiXsponR570.01Ag493800.v2.1	2.521	no	no	no	yes
SoffiXsponR570.04Bg009800.v2.1	2.521	no	no	no	yes
SoffiXsponR570.01Cg336400.v2.1	2.52	no	no	no	yes
SoffiXsponR570.06Fg052400.v2.1	2.52	no	no	no	yes
SoffiXsponR570.06Cg081100.v2.1	2.52	no	no	no	yes
SoffiXsponR570.02Dg366400.v2.1	2.519	no	no	no	yes
SoffiXsponR570.01Eg205900.v2.1	2.519	no	no	no	yes
SoffiXsponR570.03Dg005900.v2.1	2.518	no	no	no	yes
SoffiXsponR570.02Dg331700.v2.1	2.517	no	no	no	yes
SoffiXsponR570.02Eg063000.v2.1	2.517	no	no	no	yes
SoffiXsponR570.06Cg002800.v2.1	2.517	no	no	no	yes
SoffiXsponR570.09Ag079000.v2.1	2.517	no	no	no	yes
SoffiXsponR570.1Z020200.v2.1	2.516	no	no	no	yes
SoffiXsponR570.7_10Ag155200.v2.1	2.514	no	no	no	yes
SoffiXsponR570.05Cg202600.v2.1	2.514	no	no	no	yes
SoffiXsponR570.08Cg075200.v2.1	2.512	no	no	no	yes
SoffiXsponR570.06Cg027400.v2.1	2.511	no	no	no	yes
SoffiXsponR570.1Z277100.v2.1	2.511	no	no	no	yes
SoffiXsponR570.05Ag254600.v2.1	2.51	no	no	no	yes
SoffiXsponR570.05Ag195200.v2.1	2.51	no	no	no	yes
SoffiXsponR570.07Bg162100.v2.1	2.51	no	no	no	yes
SoffiXsponR570.03Cg094300.v2.1	2.51	no	no	no	yes
SoffiXsponR570.04Eg043800.v2.1	2.509	no	no	no	yes
SoffiXsponR570.07Dg038500.v2.1	2.508	no	no	no	yes
SoffiXsponR570.10us89g073700.v2.1	2.508	no	no	no	yes
SoffiXsponR570.08Eg146600.v2.1	2.508	no	no	no	yes
SoffiXsponR570.1Z177100.v2.1	2.507	no	no	no	yes
SoffiXsponR570.05Fg159700.v2.1	2.507	no	no	no	yes
SoffiXsponR570.04Ag196800.v2.1	2.506	no	no	no	yes
SoffiXsponR570.05Bg387800.v2.1	2.506	no	no	no	yes
SoffiXsponR570.05Fg232200.v2.1	2.505	no	no	no	yes
SoffiXsponR570.09Bg012000.v2.1	2.505	no	no	no	yes
SoffiXsponR570.04Bg000200.v2.1	2.504	no	no	no	yes
SoffiXsponR570.07Cg256400.v2.1	2.504	no	no	no	yes
SoffiXsponR570.05Eg300200.v2.1	2.503	no	no	no	yes
SoffiXsponR570.05Fg102500.v2.1	2.503	no	no	no	yes
SoffiXsponR570.7_10Ag060000.v2.1	2.503	no	no	no	yes
SoffiXsponR570.10Cg127300.v2.1	2.501	no	no	no	yes
SoffiXsponR570.01Fg224900.v2.1	2.501	no	no	no	yes
SoffiXsponR570.06Ag225100.v2.1	2.501	no	no	no	yes
SoffiXsponR570.02Cg316400.v2.1	2.501	no	no	no	yes
SoffiXsponR570.05Fg292700.v2.1	2.5	no	no	no	yes
SoffiXsponR570.05Eg109600.v2.1	2.5	no	no	no	yes
SoffiXsponR570.05Bg217600.v2.1	2.499	no	no	no	yes
SoffiXsponR570.02Eg213200.v2.1	2.499	no	no	no	yes
SoffiXsponR570.10Bg006800.v2.1	2.498	no	no	no	yes
SoffiXsponR570.03Ag169000.v2.1	2.497	no	no	no	yes
SoffiXsponR570.06Fg097700.v2.1	2.497	no	no	no	yes
SoffiXsponR570.03Cg281000.v2.1	2.496	no	no	no	yes
SoffiXsponR570.01Cg388000.v2.1	2.495	no	no	no	yes
SoffiXsponR570.04Fg103300.v2.1	2.493	no	no	no	yes
SoffiXsponR570.10Ag099100.v2.1	2.493	no	no	no	yes
SoffiXsponR570.02Gg226200.v2.1	2.492	no	no	no	yes
SoffiXsponR570.02Gg010500.v2.1	2.492	no	no	no	yes
SoffiXsponR570.07Ag128100.v2.1	2.49	no	no	no	yes
SoffiXsponR570.05Gg124100.v2.1	2.49	no	no	no	yes
SoffiXsponR570.01Ag200800.v2.1	2.489	no	no	no	yes
SoffiXsponR570.05Bg086700.v2.1	2.489	no	no	no	yes
SoffiXsponR570.09Dg047700.v2.1	2.488	no	no	no	yes
SoffiXsponR570.08Cg083300.v2.1	2.488	no	no	no	yes
SoffiXsponR570.01Dg263100.v2.1	2.487	no	no	no	yes
SoffiXsponR570.10Fg004800.v2.1	2.486	no	no	no	yes
SoffiXsponR570.03Eg054600.v2.1	2.485	no	no	no	yes
SoffiXsponR570.03Cg213700.v2.1	2.485	no	no	no	yes
SoffiXsponR570.04Cg060100.v2.1	2.485	no	no	no	yes
SoffiXsponR570.07Ag112500.v2.1	2.485	no	no	no	yes
SoffiXsponR570.05Ag150400.v2.1	2.484	no	no	no	yes
SoffiXsponR570.05Dg339600.v2.1	2.483	no	no	no	yes
SoffiXsponR570.1Z048800.v2.1	2.482	no	no	no	yes
SoffiXsponR570.7_10Ag173700.v2.1	2.481	no	no	no	yes
SoffiXsponR570.02Cg355400.v2.1	2.481	no	no	no	yes
SoffiXsponR570.03Gg016500.v2.1	2.48	no	no	no	yes
SoffiXsponR570.03Bg271300.v2.1	2.479	no	no	no	yes
SoffiXsponR570.05Bg211800.v2.1	2.479	no	no	no	yes
SoffiXsponR570.04Eg139800.v2.1	2.479	no	no	no	yes
SoffiXsponR570.02Bg336900.v2.1	2.479	no	no	no	yes
SoffiXsponR570.04Fg033100.v2.1	2.479	no	no	no	yes
SoffiXsponR570.07Bg271300.v2.1	2.478	no	no	no	yes
SoffiXsponR570.05Bg351000.v2.1	2.478	no	no	no	yes
SoffiXsponR570.9os1g013500.v2.1	2.478	no	no	no	yes
SoffiXsponR570.09Bg009600.v2.1	2.477	no	no	no	yes
SoffiXsponR570.04Fg031800.v2.1	2.477	no	no	no	yes
SoffiXsponR570.03Bg072600.v2.1	2.477	no	no	no	yes
SoffiXsponR570.01Ag365000.v2.1	2.477	no	no	no	yes
SoffiXsponR570.07Dg088500.v2.1	2.476	no	no	no	yes
SoffiXsponR570.03Eg267300.v2.1	2.475	no	no	no	yes
SoffiXsponR570.02Dg167900.v2.1	2.475	no	no	no	yes
SoffiXsponR570.05Ag343600.v2.1	2.475	no	no	no	yes
SoffiXsponR570.06Gg142300.v2.1	2.474	no	no	no	yes
SoffiXsponR570.05Gg152000.v2.1	2.474	no	no	no	yes
SoffiXsponR570.9os1g036200.v2.1	2.473	no	no	no	yes
SoffiXsponR570.05Cg310700.v2.1	2.473	no	no	no	yes
SoffiXsponR570.02Bg256700.v2.1	2.472	no	no	no	yes
SoffiXsponR570.04Bg034700.v2.1	2.472	no	no	no	yes
SoffiXsponR570.10Cg106400.v2.1	2.472	no	no	no	yes
SoffiXsponR570.03Ag316600.v2.1	2.472	no	no	no	yes
SoffiXsponR570.06Dg073300.v2.1	2.471	no	no	no	yes
SoffiXsponR570.02Fg340400.v2.1	2.471	no	no	no	yes
SoffiXsponR570.10Cg101400.v2.1	2.471	no	no	no	yes
SoffiXsponR570.04Ag241800.v2.1	2.471	no	no	no	yes
SoffiXsponR570.09Bg076500.v2.1	2.471	no	no	no	yes
SoffiXsponR570.06Dg144600.v2.1	2.47	no	no	no	yes
SoffiXsponR570.08Bg124800.v2.1	2.469	no	no	no	yes
SoffiXsponR570.08Eg115300.v2.1	2.468	no	no	no	yes
SoffiXsponR570.01Fg112300.v2.1	2.468	no	no	no	yes
SoffiXsponR570.05Fg063700.v2.1	2.468	no	no	no	yes
SoffiXsponR570.03Eg244600.v2.1	2.466	no	no	no	yes
SoffiXsponR570.05Ag353100.v2.1	2.466	no	no	no	yes
SoffiXsponR570.06Fg074600.v2.1	2.466	no	no	no	yes
SoffiXsponR570.05Dg190000.v2.1	2.466	no	no	no	yes
SoffiXsponR570.01Bg428200.v2.1	2.466	no	no	no	yes
SoffiXsponR570.10Bg129000.v2.1	2.466	no	no	no	yes
SoffiXsponR570.8_5Ag210400.v2.1	2.465	no	no	no	yes
SoffiXsponR570.05Dg150200.v2.1	2.465	no	no	no	yes
SoffiXsponR570.02Fg257100.v2.1	2.465	no	no	no	yes
SoffiXsponR570.09Dg096000.v2.1	2.464	no	no	no	yes
SoffiXsponR570.3os3g002500.v2.1	2.464	no	no	no	yes
SoffiXsponR570.5_9Ag030300.v2.1	2.464	no	no	no	yes
SoffiXsponR570.02Eg065300.v2.1	2.464	no	no	no	yes
SoffiXsponR570.07Dg226700.v2.1	2.46	no	no	no	yes
SoffiXsponR570.02Eg070500.v2.1	2.459	no	no	no	yes
SoffiXsponR570.01Fg201200.v2.1	2.459	no	no	no	yes
SoffiXsponR570.10Dg029600.v2.1	2.459	no	no	no	yes
SoffiXsponR570.01Bg174600.v2.1	2.459	no	no	no	yes
SoffiXsponR570.6_9Ag242500.v2.1	2.458	no	no	no	yes
SoffiXsponR570.01Dg358000.v2.1	2.458	no	no	no	yes
SoffiXsponR570.02Gg272200.v2.1	2.457	no	no	no	yes
SoffiXsponR570.02Bg365500.v2.1	2.457	no	no	no	yes
SoffiXsponR570.02Fg295900.v2.1	2.457	no	no	no	yes
SoffiXsponR570.10Cg091600.v2.1	2.456	no	no	no	yes
SoffiXsponR570.03Bg278800.v2.1	2.456	no	no	no	yes
SoffiXsponR570.01Bg384400.v2.1	2.456	no	no	no	yes
SoffiXsponR570.08Ag191700.v2.1	2.456	no	no	no	yes
SoffiXsponR570.07Ag249400.v2.1	2.456	no	no	no	yes
SoffiXsponR570.05Fg289000.v2.1	2.455	no	no	no	yes
SoffiXsponR570.5_9Ag268000.v2.1	2.455	no	no	no	yes
SoffiXsponR570.05Ag337400.v2.1	2.455	no	no	no	yes
SoffiXsponR570.7_10Ag372700.v2.1	2.455	no	no	no	yes
SoffiXsponR570.1Z071700.v2.1	2.455	no	no	no	yes
SoffiXsponR570.08Cg125700.v2.1	2.453	no	no	no	yes
SoffiXsponR570.07Ag035200.v2.1	2.453	no	no	no	yes
SoffiXsponR570.02Bg039100.v2.1	2.453	no	no	no	yes
SoffiXsponR570.02Cg369900.v2.1	2.453	no	no	no	yes
SoffiXsponR570.03Ag289000.v2.1	2.453	no	no	no	yes
SoffiXsponR570.05Bg218100.v2.1	2.453	no	no	no	yes
SoffiXsponR570.03Fg119500.v2.1	2.452	no	no	no	yes
SoffiXsponR570.01Ag378600.v2.1	2.452	no	no	no	yes
SoffiXsponR570.5_9Ag072100.v2.1	2.452	no	no	no	yes
SoffiXsponR570.05Bg250300.v2.1	2.452	no	no	no	yes
SoffiXsponR570.05Ag000600.v2.1	2.451	no	no	no	yes
SoffiXsponR570.01Eg071400.v2.1	2.451	no	no	no	yes
SoffiXsponR570.01Fg088000.v2.1	2.45	no	no	no	yes
SoffiXsponR570.05Fg112500.v2.1	2.45	no	no	no	yes
SoffiXsponR570.07Dg117100.v2.1	2.449	no	no	no	yes
SoffiXsponR570.01Ag433300.v2.1	2.449	no	no	no	yes
SoffiXsponR570.04Eg022800.v2.1	2.449	no	no	no	yes
SoffiXsponR570.08Cg103100.v2.1	2.449	no	no	no	yes
SoffiXsponR570.06Gg076600.v2.1	2.448	no	no	no	yes
SoffiXsponR570.10Fg069600.v2.1	2.447	no	no	no	yes
SoffiXsponR570.10Bg028900.v2.1	2.447	no	no	no	yes
SoffiXsponR570.05Ag304000.v2.1	2.447	no	no	no	yes
SoffiXsponR570.05Fg265800.v2.1	2.446	no	no	no	yes
SoffiXsponR570.07Bg233500.v2.1	2.446	no	no	no	yes
SoffiXsponR570.01Cg254600.v2.1	2.446	no	no	no	yes
SoffiXsponR570.03Ag111600.v2.1	2.445	no	no	no	yes
SoffiXsponR570.02Gg185200.v2.1	2.445	no	no	no	yes
SoffiXsponR570.06Ag086800.v2.1	2.444	no	no	no	yes
SoffiXsponR570.1Z002900.v2.1	2.444	no	no	no	yes
SoffiXsponR570.05Dg387700.v2.1	2.443	no	no	no	yes
SoffiXsponR570.08Eg128400.v2.1	2.443	no	no	no	yes
SoffiXsponR570.10us89g062900.v2.1	2.443	no	yes	no	yes
SoffiXsponR570.05Ag254200.v2.1	2.442	no	no	no	yes
SoffiXsponR570.05Cg162200.v2.1	2.442	no	no	no	yes
SoffiXsponR570.8_5Ag189600.v2.1	2.441	no	no	no	yes
SoffiXsponR570.02Ag085100.v2.1	2.441	no	no	no	yes
SoffiXsponR570.02Eg050400.v2.1	2.44	no	no	no	yes
SoffiXsponR570.04Cg201300.v2.1	2.44	no	no	no	yes
SoffiXsponR570.10Fg025700.v2.1	2.439	no	no	no	yes
SoffiXsponR570.03Gg005900.v2.1	2.439	no	no	no	yes
SoffiXsponR570.04Dg183900.v2.1	2.439	no	no	no	yes
SoffiXsponR570.10Ag217300.v2.1	2.438	no	no	no	yes
SoffiXsponR570.7os1g058700.v2.1	2.438	no	no	no	yes
SoffiXsponR570.06Gg075300.v2.1	2.438	no	no	no	yes
SoffiXsponR570.09Bg008200.v2.1	2.438	no	no	no	yes
SoffiXsponR570.5_9Ag046900.v2.1	2.437	no	no	no	yes
SoffiXsponR570.01Ag115200.v2.1	2.437	no	no	no	yes
SoffiXsponR570.10Bg200300.v2.1	2.437	no	no	yes	no
SoffiXsponR570.01Dg093100.v2.1	2.436	no	no	no	yes
SoffiXsponR570.08Bg174400.v2.1	2.436	no	no	no	yes
SoffiXsponR570.05Fg114900.v2.1	2.436	no	no	no	yes
SoffiXsponR570.02Cg201000.v2.1	2.432	no	no	no	yes
SoffiXsponR570.02Gg166400.v2.1	2.432	no	no	no	yes
SoffiXsponR570.05Dg331500.v2.1	2.431	no	no	no	yes
SoffiXsponR570.05Dg332400.v2.1	2.431	no	no	no	yes
SoffiXsponR570.03Ag314000.v2.1	2.431	no	no	no	yes
SoffiXsponR570.10Ag167400.v2.1	2.43	no	no	yes	yes
SoffiXsponR570.02Dg111800.v2.1	2.43	no	no	no	yes
SoffiXsponR570.03Gg063700.v2.1	2.43	no	no	no	yes
SoffiXsponR570.1Z194600.v2.1	2.429	no	no	no	yes
SoffiXsponR570.09Bg124600.v2.1	2.427	no	no	no	yes
SoffiXsponR570.07Dg137100.v2.1	2.427	no	no	no	yes
SoffiXsponR570.10Ag226300.v2.1	2.426	no	no	no	yes
SoffiXsponR570.07Cg242100.v2.1	2.426	no	no	no	yes
SoffiXsponR570.02Ag312600.v2.1	2.425	no	no	no	yes
SoffiXsponR570.05Eg005800.v2.1	2.424	no	no	no	yes
SoffiXsponR570.05Cg311500.v2.1	2.424	no	no	no	yes
SoffiXsponR570.02Cg311300.v2.1	2.424	no	no	no	yes
SoffiXsponR570.09Cg043400.v2.1	2.423	no	no	no	yes
SoffiXsponR570.1Z092300.v2.1	2.423	no	yes	no	yes
SoffiXsponR570.7_10Ag005100.v2.1	2.423	no	no	no	yes
SoffiXsponR570.01Ag405300.v2.1	2.422	no	no	no	yes
SoffiXsponR570.01Eg095800.v2.1	2.422	no	no	no	yes
SoffiXsponR570.02Eg096900.v2.1	2.422	no	no	no	yes
SoffiXsponR570.03Ag309000.v2.1	2.422	no	no	no	yes
SoffiXsponR570.03Ag154300.v2.1	2.421	no	no	no	yes
SoffiXsponR570.09Dg086400.v2.1	2.421	no	no	no	yes
SoffiXsponR570.05Eg220600.v2.1	2.42	no	no	no	yes
SoffiXsponR570.03Dg305300.v2.1	2.42	no	no	no	yes
SoffiXsponR570.05Ag190000.v2.1	2.42	no	no	no	yes
SoffiXsponR570.5_9Ag341400.v2.1	2.419	no	no	no	yes
SoffiXsponR570.08Ag128500.v2.1	2.418	no	no	no	yes
SoffiXsponR570.01Fg272000.v2.1	2.418	no	no	no	yes
SoffiXsponR570.05Fg095100.v2.1	2.418	no	no	no	yes
SoffiXsponR570.05Cg047100.v2.1	2.417	no	no	no	yes
SoffiXsponR570.06Cg091800.v2.1	2.416	no	no	no	yes
SoffiXsponR570.03Bg290900.v2.1	2.416	no	no	no	yes
SoffiXsponR570.05Ag220000.v2.1	2.415	no	no	no	yes
SoffiXsponR570.04Bg246800.v2.1	2.413	no	no	no	yes
SoffiXsponR570.02Dg280500.v2.1	2.413	yes	yes	no	yes
SoffiXsponR570.7_10Ag031900.v2.1	2.413	no	no	no	yes
SoffiXsponR570.06Ag157600.v2.1	2.412	no	no	no	yes
SoffiXsponR570.06Gg048500.v2.1	2.412	no	no	no	yes
SoffiXsponR570.07Bg262600.v2.1	2.411	no	no	no	yes
SoffiXsponR570.02Eg386800.v2.1	2.411	no	yes	no	no
SoffiXsponR570.09Bg077800.v2.1	2.411	no	no	no	yes
SoffiXsponR570.04Eg039600.v2.1	2.411	no	no	no	yes
SoffiXsponR570.01Fg104700.v2.1	2.41	no	no	no	yes
SoffiXsponR570.6_9Ag325200.v2.1	2.41	no	no	no	yes
SoffiXsponR570.10Dg189800.v2.1	2.41	no	no	no	yes
SoffiXsponR570.03Cg131000.v2.1	2.41	no	no	no	yes
SoffiXsponR570.05Ag315100.v2.1	2.41	no	no	no	yes
SoffiXsponR570.02Bg215400.v2.1	2.41	no	no	no	yes
SoffiXsponR570.02Gg155100.v2.1	2.41	no	no	no	yes
SoffiXsponR570.04Ag014900.v2.1	2.409	no	no	no	yes
SoffiXsponR570.01Cg246800.v2.1	2.409	no	no	no	yes
SoffiXsponR570.01Cg037900.v2.1	2.409	no	no	no	yes
SoffiXsponR570.03Cg028500.v2.1	2.409	no	no	no	yes
SoffiXsponR570.08Cg128000.v2.1	2.407	no	no	no	yes
SoffiXsponR570.01Eg251200.v2.1	2.407	no	no	no	yes
SoffiXsponR570.04Dg195400.v2.1	2.407	no	no	no	yes
SoffiXsponR570.1Z158200.v2.1	2.407	no	no	no	yes
SoffiXsponR570.04Cg144400.v2.1	2.406	no	no	no	yes
SoffiXsponR570.03Cg188400.v2.1	2.406	no	no	no	yes
SoffiXsponR570.04Bg139200.v2.1	2.406	no	no	no	yes
SoffiXsponR570.05Gg024400.v2.1	2.406	no	no	no	yes
SoffiXsponR570.02Fg359500.v2.1	2.406	no	no	no	yes
SoffiXsponR570.05Eg116800.v2.1	2.406	no	no	no	yes
SoffiXsponR570.10Ag018300.v2.1	2.405	no	no	no	yes
SoffiXsponR570.05Eg224100.v2.1	2.405	no	no	no	yes
SoffiXsponR570.9us90g031000.v2.1	2.404	no	no	no	yes
SoffiXsponR570.10Ag204700.v2.1	2.404	no	no	no	yes
SoffiXsponR570.9os1g044400.v2.1	2.404	no	no	no	yes
SoffiXsponR570.01Cg279800.v2.1	2.404	no	no	no	yes
SoffiXsponR570.02Gg094200.v2.1	2.404	no	no	no	yes
SoffiXsponR570.08Bg053700.v2.1	2.404	no	no	no	yes
SoffiXsponR570.02Cg167700.v2.1	2.403	no	no	no	yes
SoffiXsponR570.07Bg071600.v2.1	2.402	no	no	no	yes
SoffiXsponR570.10Dg063500.v2.1	2.402	no	no	no	yes
SoffiXsponR570.06Ag184900.v2.1	2.402	no	no	no	yes
SoffiXsponR570.06Fg069800.v2.1	2.401	no	no	no	yes
SoffiXsponR570.03Bg035200.v2.1	2.401	no	no	no	yes
SoffiXsponR570.02Bg152500.v2.1	2.401	no	no	no	yes
SoffiXsponR570.05Eg185400.v2.1	2.401	no	no	no	yes
SoffiXsponR570.9us90g008600.v2.1	2.401	no	no	no	yes
SoffiXsponR570.01Eg360400.v2.1	2.4	no	no	yes	yes
SoffiXsponR570.8_5Ag020100.v2.1	2.399	no	no	no	yes
SoffiXsponR570.09Cg090100.v2.1	2.399	no	no	no	yes
SoffiXsponR570.09Eg125600.v2.1	2.399	no	no	no	yes
SoffiXsponR570.05Fg319900.v2.1	2.398	no	no	no	yes
SoffiXsponR570.5_9Ag136000.v2.1	2.398	no	no	no	yes
SoffiXsponR570.05Dg117700.v2.1	2.397	no	no	no	yes
SoffiXsponR570.05Dg076000.v2.1	2.394	no	no	no	yes
SoffiXsponR570.02Ag430500.v2.1	2.394	no	no	no	yes
SoffiXsponR570.02Eg305500.v2.1	2.393	no	no	no	yes
SoffiXsponR570.07Eg137300.v2.1	2.393	no	no	no	yes
SoffiXsponR570.01Cg229200.v2.1	2.393	no	no	no	yes
SoffiXsponR570.04Bg059000.v2.1	2.393	no	no	no	yes
SoffiXsponR570.10Dg119900.v2.1	2.392	no	no	no	yes
SoffiXsponR570.05Ag388000.v2.1	2.392	no	no	no	yes
SoffiXsponR570.02Cg349600.v2.1	2.392	no	no	no	yes
SoffiXsponR570.01Cg396800.v2.1	2.392	no	no	no	yes
SoffiXsponR570.09Bg123300.v2.1	2.391	no	no	no	yes
SoffiXsponR570.02Eg054400.v2.1	2.391	no	no	no	yes
SoffiXsponR570.05Bg376400.v2.1	2.39	no	no	no	yes
SoffiXsponR570.10Bg152700.v2.1	2.39	no	no	no	yes
SoffiXsponR570.08Cg122900.v2.1	2.39	no	no	no	yes
SoffiXsponR570.02Fg349400.v2.1	2.389	no	no	no	yes
SoffiXsponR570.9os1g055000.v2.1	2.389	no	no	no	yes
SoffiXsponR570.01Eg008000.v2.1	2.389	no	no	no	yes
SoffiXsponR570.09Cg120900.v2.1	2.388	no	no	no	yes
SoffiXsponR570.1Z045500.v2.1	2.387	no	no	no	yes
SoffiXsponR570.02Dg278000.v2.1	2.387	no	no	no	yes
SoffiXsponR570.09Dg034600.v2.1	2.387	no	no	no	yes
SoffiXsponR570.05Bg135100.v2.1	2.386	no	no	no	yes
SoffiXsponR570.05Eg071700.v2.1	2.386	no	no	no	yes
SoffiXsponR570.07Bg023300.v2.1	2.386	no	no	no	yes
SoffiXsponR570.02Dg351600.v2.1	2.386	no	no	no	yes
SoffiXsponR570.01Ag068600.v2.1	2.386	no	no	no	yes
SoffiXsponR570.01Eg355000.v2.1	2.385	no	no	no	yes
SoffiXsponR570.10Eg130200.v2.1	2.385	no	no	no	yes
SoffiXsponR570.8_5Ag238200.v2.1	2.385	no	no	no	yes
SoffiXsponR570.05Ag189600.v2.1	2.385	no	no	no	yes
SoffiXsponR570.03Fg078200.v2.1	2.384	no	yes	no	yes
SoffiXsponR570.03Bg070100.v2.1	2.384	no	no	no	yes
SoffiXsponR570.02Bg196200.v2.1	2.384	no	no	no	yes
SoffiXsponR570.10Ag079800.v2.1	2.383	no	no	no	yes
SoffiXsponR570.08Dg110000.v2.1	2.383	no	no	no	yes
SoffiXsponR570.09Dg123600.v2.1	2.382	no	no	no	yes
SoffiXsponR570.01Eg413100.v2.1	2.382	no	no	yes	yes
SoffiXsponR570.05Bg254700.v2.1	2.382	no	no	no	yes
SoffiXsponR570.02Gg270900.v2.1	2.381	no	no	no	yes
SoffiXsponR570.06Fg078600.v2.1	2.379	no	no	no	yes
SoffiXsponR570.05Ag163500.v2.1	2.379	no	no	no	yes
SoffiXsponR570.09Ag133000.v2.1	2.378	no	no	no	yes
SoffiXsponR570.01Bg422100.v2.1	2.377	no	no	no	yes
SoffiXsponR570.9us90g031800.v2.1	2.377	no	no	no	yes
SoffiXsponR570.02Dg365900.v2.1	2.377	no	no	no	yes
SoffiXsponR570.1os2g001500.v2.1	2.377	no	no	no	yes
SoffiXsponR570.04Cg082600.v2.1	2.376	no	no	yes	yes
SoffiXsponR570.03Dg123200.v2.1	2.375	no	no	no	yes
SoffiXsponR570.06Gg129600.v2.1	2.374	no	no	no	yes
SoffiXsponR570.05Cg328100.v2.1	2.374	no	no	no	yes
SoffiXsponR570.5_9Ag373600.v2.1	2.374	no	no	no	yes
SoffiXsponR570.01Bg451800.v2.1	2.374	no	no	no	yes
SoffiXsponR570.02Ag119300.v2.1	2.373	no	no	no	yes
SoffiXsponR570.02Ag280900.v2.1	2.373	no	no	no	yes
SoffiXsponR570.01Fg301400.v2.1	2.371	no	no	no	yes
SoffiXsponR570.5_9Ag421100.v2.1	2.371	no	no	no	yes
SoffiXsponR570.5_9Ag192500.v2.1	2.37	no	no	no	yes
SoffiXsponR570.08Ag154800.v2.1	2.37	no	no	no	yes
SoffiXsponR570.02Dg296600.v2.1	2.369	no	no	no	yes
SoffiXsponR570.10Fg120100.v2.1	2.368	no	yes	yes	no
SoffiXsponR570.06Eg087900.v2.1	2.368	no	no	no	yes
SoffiXsponR570.05Bg254200.v2.1	2.368	no	no	no	yes
SoffiXsponR570.05Bg177700.v2.1	2.367	no	no	no	yes
SoffiXsponR570.01Ag076000.v2.1	2.367	no	no	no	yes
SoffiXsponR570.02Cg131400.v2.1	2.366	no	no	no	yes
SoffiXsponR570.05Dg378600.v2.1	2.366	no	no	no	yes
SoffiXsponR570.01Eg427900.v2.1	2.366	no	no	no	yes
SoffiXsponR570.08Cg020400.v2.1	2.366	no	no	no	yes
SoffiXsponR570.06Ag212500.v2.1	2.366	no	no	no	yes
SoffiXsponR570.02Bg131700.v2.1	2.365	no	no	no	yes
SoffiXsponR570.03Dg210300.v2.1	2.365	no	no	no	yes
SoffiXsponR570.7os1g011500.v2.1	2.364	no	no	no	yes
SoffiXsponR570.07Dg070100.v2.1	2.363	no	no	no	yes
SoffiXsponR570.03Ag318600.v2.1	2.363	no	no	no	yes
SoffiXsponR570.09Cg019000.v2.1	2.362	no	no	no	yes
SoffiXsponR570.9os1g047400.v2.1	2.362	no	no	no	yes
SoffiXsponR570.04Dg013900.v2.1	2.361	no	no	no	yes
SoffiXsponR570.10Dg085600.v2.1	2.361	no	no	no	yes
SoffiXsponR570.02Dg281300.v2.1	2.361	no	no	no	yes
SoffiXsponR570.09Eg000900.v2.1	2.36	no	no	no	yes
SoffiXsponR570.6us88g117700.v2.1	2.36	no	no	no	yes
SoffiXsponR570.05Ag283700.v2.1	2.359	no	no	no	yes
SoffiXsponR570.07Bg038300.v2.1	2.359	no	no	no	yes
SoffiXsponR570.07Eg190500.v2.1	2.359	no	no	no	yes
SoffiXsponR570.10us89g102000.v2.1	2.359	no	no	no	yes
SoffiXsponR570.09Cg039700.v2.1	2.359	no	no	no	yes
SoffiXsponR570.02Ag289500.v2.1	2.358	no	no	no	yes
SoffiXsponR570.03Gg045400.v2.1	2.358	no	no	no	yes
SoffiXsponR570.03Dg272200.v2.1	2.358	no	no	no	yes
SoffiXsponR570.03Cg210200.v2.1	2.357	no	no	no	yes
SoffiXsponR570.06Cg109700.v2.1	2.357	no	no	no	yes
SoffiXsponR570.10Bg207600.v2.1	2.356	no	no	no	yes
SoffiXsponR570.07Bg171600.v2.1	2.355	no	no	no	yes
SoffiXsponR570.05Eg331800.v2.1	2.355	no	no	no	yes
SoffiXsponR570.03Ag210200.v2.1	2.355	no	no	no	yes
SoffiXsponR570.10Bg172400.v2.1	2.355	no	no	no	yes
SoffiXsponR570.05Gg150900.v2.1	2.355	no	no	no	yes
SoffiXsponR570.01Dg098800.v2.1	2.354	no	no	no	yes
SoffiXsponR570.1Z003900.v2.1	2.353	no	no	no	yes
SoffiXsponR570.01Dg018100.v2.1	2.353	no	no	no	yes
SoffiXsponR570.03Bg295200.v2.1	2.353	no	no	no	yes
SoffiXsponR570.02Eg216300.v2.1	2.353	no	no	no	yes
SoffiXsponR570.05Cg132500.v2.1	2.353	no	no	no	yes
SoffiXsponR570.06Ag101000.v2.1	2.352	no	no	no	yes
SoffiXsponR570.08Bg096400.v2.1	2.352	no	no	no	yes
SoffiXsponR570.10Bg070600.v2.1	2.351	no	no	no	yes
SoffiXsponR570.05Fg156000.v2.1	2.351	no	no	no	yes
SoffiXsponR570.05Bg162900.v2.1	2.35	no	no	no	yes
SoffiXsponR570.03Bg020600.v2.1	2.35	no	no	no	yes
SoffiXsponR570.04Eg015200.v2.1	2.35	no	no	no	yes
SoffiXsponR570.02Ag299300.v2.1	2.349	no	no	no	yes
SoffiXsponR570.7_10Ag095800.v2.1	2.348	no	no	no	yes
SoffiXsponR570.02Bg126500.v2.1	2.348	no	no	no	yes
SoffiXsponR570.10Ag175500.v2.1	2.348	no	no	no	yes
SoffiXsponR570.6us88g063000.v2.1	2.348	no	no	no	yes
SoffiXsponR570.02Ag237700.v2.1	2.347	no	no	no	yes
SoffiXsponR570.06Dg120000.v2.1	2.347	no	no	no	yes
SoffiXsponR570.6us88g065500.v2.1	2.347	no	no	no	yes
SoffiXsponR570.01Dg208900.v2.1	2.347	no	no	no	yes
SoffiXsponR570.05Cg358500.v2.1	2.347	no	no	no	yes
SoffiXsponR570.06Dg019500.v2.1	2.345	no	no	no	yes
SoffiXsponR570.05Bg217200.v2.1	2.345	no	no	no	yes
SoffiXsponR570.01Dg225100.v2.1	2.344	no	no	no	yes
SoffiXsponR570.03Bg245400.v2.1	2.344	no	no	no	yes
SoffiXsponR570.05Bg304900.v2.1	2.344	no	no	no	yes
SoffiXsponR570.01Eg037100.v2.1	2.343	no	no	no	yes
SoffiXsponR570.07Ag165400.v2.1	2.343	no	no	no	yes
SoffiXsponR570.03Dg357000.v2.1	2.343	no	no	no	yes
SoffiXsponR570.03Eg187000.v2.1	2.343	no	no	no	yes
SoffiXsponR570.07Dg157700.v2.1	2.343	no	no	no	yes
SoffiXsponR570.01Eg252100.v2.1	2.342	no	no	no	yes
SoffiXsponR570.7_10Ag106900.v2.1	2.342	no	no	no	yes
SoffiXsponR570.7os1g080700.v2.1	2.341	no	no	yes	yes
SoffiXsponR570.07Dg176100.v2.1	2.341	no	no	no	yes
SoffiXsponR570.01Fg111900.v2.1	2.34	no	no	no	yes
SoffiXsponR570.01Fg126600.v2.1	2.339	no	no	no	yes
SoffiXsponR570.01Ag437900.v2.1	2.339	no	no	no	yes
SoffiXsponR570.01Bg068100.v2.1	2.339	no	no	no	yes
SoffiXsponR570.03Dg130200.v2.1	2.338	no	no	no	yes
SoffiXsponR570.02Cg249600.v2.1	2.338	no	no	no	yes
SoffiXsponR570.8_5Ag209900.v2.1	2.337	no	no	no	yes
SoffiXsponR570.06Fg049600.v2.1	2.336	no	no	no	yes
SoffiXsponR570.05Eg344400.v2.1	2.335	no	no	no	yes
SoffiXsponR570.06Eg149500.v2.1	2.334	no	no	no	yes
SoffiXsponR570.05Cg388800.v2.1	2.334	no	no	no	yes
SoffiXsponR570.9us90g059900.v2.1	2.334	no	no	no	yes
SoffiXsponR570.05Cg248500.v2.1	2.334	no	no	no	yes
SoffiXsponR570.01Ag008900.v2.1	2.333	no	no	no	yes
SoffiXsponR570.01Fg145000.v2.1	2.332	no	no	no	yes
SoffiXsponR570.07Cg109100.v2.1	2.332	no	no	no	yes
SoffiXsponR570.03Fg143700.v2.1	2.331	no	no	no	yes
SoffiXsponR570.01Dg058800.v2.1	2.33	no	no	no	yes
SoffiXsponR570.05Bg385900.v2.1	2.329	no	no	no	yes
SoffiXsponR570.1Z292000.v2.1	2.328	no	no	no	yes
SoffiXsponR570.04Bg150100.v2.1	2.328	no	no	no	yes
SoffiXsponR570.03Bg239600.v2.1	2.328	no	no	no	yes
SoffiXsponR570.04Eg034800.v2.1	2.327	no	no	no	yes
SoffiXsponR570.08Ag159300.v2.1	2.327	no	no	no	yes
SoffiXsponR570.03Dg112300.v2.1	2.327	no	no	no	yes
SoffiXsponR570.07Dg191900.v2.1	2.326	no	no	no	yes
SoffiXsponR570.10os1g005500.v2.1	2.326	no	no	no	yes
SoffiXsponR570.09Ag101900.v2.1	2.323	no	no	no	yes
SoffiXsponR570.05Cg194100.v2.1	2.323	no	no	no	yes
SoffiXsponR570.10Ag014400.v2.1	2.322	no	no	no	yes
SoffiXsponR570.03Ag265100.v2.1	2.322	no	no	no	yes
SoffiXsponR570.09Eg055900.v2.1	2.322	no	no	no	yes
SoffiXsponR570.02Fg011100.v2.1	2.321	no	no	no	yes
SoffiXsponR570.01Dg048500.v2.1	2.321	no	no	no	yes
SoffiXsponR570.06Fg142100.v2.1	2.321	no	no	no	yes
SoffiXsponR570.02Ag168400.v2.1	2.321	no	no	no	yes
SoffiXsponR570.10Eg023600.v2.1	2.321	no	no	no	yes
SoffiXsponR570.10Cg083300.v2.1	2.32	no	no	no	yes
SoffiXsponR570.06Fg128300.v2.1	2.32	no	no	no	yes
SoffiXsponR570.03Bg183700.v2.1	2.32	no	no	no	yes
SoffiXsponR570.03Eg052900.v2.1	2.32	no	no	no	yes
SoffiXsponR570.08Dg110100.v2.1	2.319	no	no	no	yes
SoffiXsponR570.06Dg012700.v2.1	2.319	no	no	no	yes
SoffiXsponR570.05Bg363600.v2.1	2.319	no	no	no	yes
SoffiXsponR570.09Dg040200.v2.1	2.319	no	no	no	yes
SoffiXsponR570.7_10Ag033600.v2.1	2.318	no	no	no	yes
SoffiXsponR570.03Cg312200.v2.1	2.318	no	no	yes	yes
SoffiXsponR570.01Eg409900.v2.1	2.317	no	no	no	yes
SoffiXsponR570.02Gg271300.v2.1	2.317	no	no	no	yes
SoffiXsponR570.8_5Ag096500.v2.1	2.316	no	no	no	yes
SoffiXsponR570.8_5Ag035500.v2.1	2.316	no	no	no	yes
SoffiXsponR570.01Bg080900.v2.1	2.316	no	no	no	yes
SoffiXsponR570.01Eg201300.v2.1	2.315	no	no	no	yes
SoffiXsponR570.01Bg304300.v2.1	2.315	no	no	no	yes
SoffiXsponR570.05Dg094600.v2.1	2.315	no	no	no	yes
SoffiXsponR570.07Bg080800.v2.1	2.315	no	no	no	yes
SoffiXsponR570.01Bg290500.v2.1	2.314	no	no	no	yes
SoffiXsponR570.05Eg116600.v2.1	2.314	no	no	no	yes
SoffiXsponR570.05Cg211200.v2.1	2.314	no	no	no	yes
SoffiXsponR570.04Eg112500.v2.1	2.313	no	no	no	yes
SoffiXsponR570.03Ag249200.v2.1	2.312	no	no	no	yes
SoffiXsponR570.05Cg099100.v2.1	2.312	no	no	no	yes
SoffiXsponR570.04Eg143000.v2.1	2.312	no	no	no	yes
SoffiXsponR570.02Gg221800.v2.1	2.312	no	no	no	yes
SoffiXsponR570.03Ag132700.v2.1	2.309	no	no	no	yes
SoffiXsponR570.05Fg115200.v2.1	2.309	no	no	no	yes
SoffiXsponR570.01Eg453900.v2.1	2.309	no	no	no	yes
SoffiXsponR570.07Dg078100.v2.1	2.308	no	no	no	yes
SoffiXsponR570.08Cg078800.v2.1	2.308	no	no	no	yes
SoffiXsponR570.05Eg355700.v2.1	2.307	no	no	no	yes
SoffiXsponR570.04Cg201200.v2.1	2.307	no	no	no	yes
SoffiXsponR570.04Dg121700.v2.1	2.307	no	no	no	yes
SoffiXsponR570.01Fg161000.v2.1	2.307	no	no	no	yes
SoffiXsponR570.02Gg283200.v2.1	2.307	no	no	no	yes
SoffiXsponR570.01Bg164100.v2.1	2.307	no	no	no	yes
SoffiXsponR570.05Bg337300.v2.1	2.306	no	no	no	yes
SoffiXsponR570.04Fg106800.v2.1	2.306	no	no	no	yes
SoffiXsponR570.05Cg138400.v2.1	2.305	no	no	yes	yes
SoffiXsponR570.02Gg197400.v2.1	2.305	no	no	no	yes
SoffiXsponR570.05Bg065500.v2.1	2.304	no	no	no	yes
SoffiXsponR570.05Bg262700.v2.1	2.304	no	no	no	yes
SoffiXsponR570.8_5Ag097700.v2.1	2.304	no	no	no	yes
SoffiXsponR570.08Bg169800.v2.1	2.303	no	no	no	yes
SoffiXsponR570.04Cg077100.v2.1	2.303	no	no	no	yes
SoffiXsponR570.07Cg015700.v2.1	2.303	no	no	no	yes
SoffiXsponR570.04Dg125800.v2.1	2.302	no	no	no	yes
SoffiXsponR570.01Dg383800.v2.1	2.302	no	no	no	yes
SoffiXsponR570.01Eg373700.v2.1	2.301	no	no	no	yes
SoffiXsponR570.09Eg067800.v2.1	2.3	no	no	no	yes
SoffiXsponR570.07Bg228600.v2.1	2.299	no	no	no	yes
SoffiXsponR570.10Bg103100.v2.1	2.299	no	no	no	yes
SoffiXsponR570.09Eg091000.v2.1	2.298	no	no	no	yes
SoffiXsponR570.01Bg311500.v2.1	2.298	no	no	no	yes
SoffiXsponR570.5_9Ag268300.v2.1	2.297	no	no	no	yes
SoffiXsponR570.10Dg128000.v2.1	2.297	no	no	no	yes
SoffiXsponR570.01Fg260200.v2.1	2.296	no	no	no	yes
SoffiXsponR570.05Cg182200.v2.1	2.296	no	no	no	yes
SoffiXsponR570.1Z031400.v2.1	2.296	no	no	no	yes
SoffiXsponR570.07Ag037100.v2.1	2.296	no	no	no	yes
SoffiXsponR570.05Fg125700.v2.1	2.294	no	no	no	yes
SoffiXsponR570.06Fg022300.v2.1	2.294	no	no	no	yes
SoffiXsponR570.05Fg085200.v2.1	2.293	no	no	no	yes
SoffiXsponR570.02Fg146500.v2.1	2.293	no	no	no	yes
SoffiXsponR570.05Dg047300.v2.1	2.291	no	no	no	yes
SoffiXsponR570.03Bg113500.v2.1	2.291	no	no	no	yes
SoffiXsponR570.8_10Ag303200.v2.1	2.291	no	no	no	yes
SoffiXsponR570.08Ag125100.v2.1	2.29	no	no	no	yes
SoffiXsponR570.10Bg078600.v2.1	2.29	no	no	no	yes
SoffiXsponR570.01Fg072900.v2.1	2.29	no	no	no	yes
SoffiXsponR570.04Ag034600.v2.1	2.29	no	no	no	yes
SoffiXsponR570.06Ag077800.v2.1	2.289	no	no	no	yes
SoffiXsponR570.08Bg068200.v2.1	2.289	no	no	no	yes
SoffiXsponR570.07Eg119100.v2.1	2.289	no	no	no	yes
SoffiXsponR570.03Ag229400.v2.1	2.289	no	no	no	yes
SoffiXsponR570.08Ag041300.v2.1	2.288	no	no	no	yes
SoffiXsponR570.02Eg021200.v2.1	2.288	no	no	no	yes
SoffiXsponR570.01Bg237900.v2.1	2.288	no	no	no	yes
SoffiXsponR570.01Cg104200.v2.1	2.288	no	no	no	yes
SoffiXsponR570.06Bg031900.v2.1	2.287	no	no	no	yes
SoffiXsponR570.04Fg104000.v2.1	2.287	no	no	no	yes
SoffiXsponR570.8_5Ag204400.v2.1	2.287	no	no	no	yes
SoffiXsponR570.04Dg017400.v2.1	2.287	no	no	no	yes
SoffiXsponR570.01Ag288600.v2.1	2.286	no	no	no	yes
SoffiXsponR570.02Gg214800.v2.1	2.286	no	no	no	yes
SoffiXsponR570.03Eg086100.v2.1	2.284	no	no	no	yes
SoffiXsponR570.06Ag180900.v2.1	2.284	no	no	yes	yes
SoffiXsponR570.08Eg049300.v2.1	2.284	no	no	no	yes
SoffiXsponR570.05Eg200500.v2.1	2.284	no	no	no	yes
SoffiXsponR570.05Dg123600.v2.1	2.283	no	no	no	yes
SoffiXsponR570.04Bg149500.v2.1	2.283	no	no	no	yes
SoffiXsponR570.05Cg119600.v2.1	2.282	no	no	no	yes
SoffiXsponR570.03Eg017400.v2.1	2.281	no	no	no	yes
SoffiXsponR570.02Eg042700.v2.1	2.281	no	no	no	yes
SoffiXsponR570.01Eg307400.v2.1	2.281	no	no	no	yes
SoffiXsponR570.05Ag204200.v2.1	2.281	no	no	no	yes
SoffiXsponR570.05Eg240900.v2.1	2.28	no	no	no	yes
SoffiXsponR570.02Dg387000.v2.1	2.28	no	no	no	yes
SoffiXsponR570.02Cg047100.v2.1	2.279	no	no	no	yes
SoffiXsponR570.04Gg046200.v2.1	2.277	no	no	no	yes
SoffiXsponR570.01Fg312800.v2.1	2.277	no	no	no	yes
SoffiXsponR570.10Bg060600.v2.1	2.276	no	no	no	yes
SoffiXsponR570.9us90g066600.v2.1	2.276	no	no	no	yes
SoffiXsponR570.02Bg335900.v2.1	2.276	no	no	no	yes
SoffiXsponR570.04Fg041500.v2.1	2.275	no	no	no	yes
SoffiXsponR570.08Ag201400.v2.1	2.275	no	no	no	yes
SoffiXsponR570.8_5Ag243800.v2.1	2.275	no	no	no	yes
SoffiXsponR570.01Cg244500.v2.1	2.273	no	no	no	yes
SoffiXsponR570.10Bg135000.v2.1	2.273	no	no	no	yes
SoffiXsponR570.01Bg290800.v2.1	2.273	no	no	no	yes
SoffiXsponR570.8_10Ag028400.v2.1	2.273	no	no	no	yes
SoffiXsponR570.03Cg246900.v2.1	2.273	no	no	no	yes
SoffiXsponR570.03Eg078800.v2.1	2.272	no	no	no	yes
SoffiXsponR570.01Dg031100.v2.1	2.271	no	no	no	yes
SoffiXsponR570.09Ag099400.v2.1	2.271	no	no	no	yes
SoffiXsponR570.01Bg246400.v2.1	2.27	no	no	no	yes
SoffiXsponR570.04Dg130500.v2.1	2.27	no	no	no	yes
SoffiXsponR570.04Ag157200.v2.1	2.269	no	no	no	yes
SoffiXsponR570.04Fg063400.v2.1	2.269	no	no	no	yes
SoffiXsponR570.02Cg271400.v2.1	2.268	no	no	no	yes
SoffiXsponR570.5_9Ag096500.v2.1	2.268	no	no	no	yes
SoffiXsponR570.02Gg126100.v2.1	2.268	no	no	no	yes
SoffiXsponR570.03Eg159700.v2.1	2.268	no	no	no	yes
SoffiXsponR570.01Cg130100.v2.1	2.268	no	no	no	yes
SoffiXsponR570.01Ag332100.v2.1	2.267	no	no	no	yes
SoffiXsponR570.02Bg094200.v2.1	2.267	no	no	no	yes
SoffiXsponR570.08Ag029600.v2.1	2.266	no	no	no	yes
SoffiXsponR570.02Dg307300.v2.1	2.266	no	no	no	yes
SoffiXsponR570.06Fg173500.v2.1	2.266	no	no	no	yes
SoffiXsponR570.09Bg142800.v2.1	2.265	no	no	no	yes
SoffiXsponR570.02Bg122700.v2.1	2.265	no	no	no	yes
SoffiXsponR570.02Eg344000.v2.1	2.265	no	no	no	yes
SoffiXsponR570.05Cg170300.v2.1	2.265	no	no	no	yes
SoffiXsponR570.5_9Ag362300.v2.1	2.265	no	no	no	yes
SoffiXsponR570.05Bg128000.v2.1	2.263	no	no	no	yes
SoffiXsponR570.01Ag311200.v2.1	2.263	no	no	no	yes
SoffiXsponR570.02Bg275700.v2.1	2.263	no	no	no	yes
SoffiXsponR570.02Dg163400.v2.1	2.261	no	no	no	yes
SoffiXsponR570.07Ag018700.v2.1	2.26	no	no	no	yes
SoffiXsponR570.05Bg126800.v2.1	2.259	no	no	no	yes
SoffiXsponR570.07Dg167500.v2.1	2.259	no	no	no	yes
SoffiXsponR570.06Gg037600.v2.1	2.259	no	no	no	yes
SoffiXsponR570.7_10Ag222000.v2.1	2.258	no	no	no	yes
SoffiXsponR570.5_9Ag477500.v2.1	2.257	no	no	no	yes
SoffiXsponR570.02Ag365500.v2.1	2.257	no	no	no	yes
SoffiXsponR570.03Ag027800.v2.1	2.257	no	no	no	yes
SoffiXsponR570.6_9Ag129400.v2.1	2.257	no	no	no	yes
SoffiXsponR570.02Ag352800.v2.1	2.257	no	no	no	yes
SoffiXsponR570.05Fg097100.v2.1	2.256	no	no	no	yes
SoffiXsponR570.05Ag203800.v2.1	2.256	no	no	no	yes
SoffiXsponR570.09Ag129800.v2.1	2.255	no	no	no	yes
SoffiXsponR570.01Bg485900.v2.1	2.253	no	no	no	yes
SoffiXsponR570.07Cg051100.v2.1	2.253	no	no	no	yes
SoffiXsponR570.6us88g084400.v2.1	2.253	no	yes	no	no
SoffiXsponR570.04Cg066100.v2.1	2.252	no	no	no	yes
SoffiXsponR570.02Gg177600.v2.1	2.252	no	no	no	yes
SoffiXsponR570.02Bg146700.v2.1	2.251	no	no	no	yes
SoffiXsponR570.1Z000900.v2.1	2.251	no	no	no	yes
SoffiXsponR570.01Fg050600.v2.1	2.251	no	no	no	yes
SoffiXsponR570.01Ag515500.v2.1	2.25	no	no	no	yes
SoffiXsponR570.03Bg114400.v2.1	2.25	no	no	no	yes
SoffiXsponR570.03Dg279300.v2.1	2.25	no	no	no	yes
SoffiXsponR570.07Eg047600.v2.1	2.249	no	no	no	yes
SoffiXsponR570.3os1g004700.v2.1	2.249	no	no	no	yes
SoffiXsponR570.05Dg037400.v2.1	2.248	no	no	no	yes
SoffiXsponR570.07Ag172900.v2.1	2.247	no	no	no	yes
SoffiXsponR570.05Dg309500.v2.1	2.247	no	no	no	yes
SoffiXsponR570.05Cg080600.v2.1	2.246	no	no	no	yes
SoffiXsponR570.05Ag361000.v2.1	2.246	no	no	no	yes
SoffiXsponR570.02Bg252600.v2.1	2.246	no	no	no	yes
SoffiXsponR570.05Fg224300.v2.1	2.246	no	no	no	yes
SoffiXsponR570.05Bg178600.v2.1	2.245	no	no	no	yes
SoffiXsponR570.04Fg079400.v2.1	2.244	no	no	no	yes
SoffiXsponR570.06Cg123900.v2.1	2.243	no	no	no	yes
SoffiXsponR570.02Ag256200.v2.1	2.243	no	no	no	yes
SoffiXsponR570.05Ag285600.v2.1	2.243	no	no	no	yes
SoffiXsponR570.05Ag279400.v2.1	2.242	no	no	no	yes
SoffiXsponR570.03Dg188300.v2.1	2.242	no	no	no	yes
SoffiXsponR570.04Cg015900.v2.1	2.242	no	no	no	yes
SoffiXsponR570.03Ag175500.v2.1	2.241	no	no	no	yes
SoffiXsponR570.10Ag064900.v2.1	2.24	no	no	no	yes
SoffiXsponR570.01Cg130700.v2.1	2.24	no	no	no	yes
SoffiXsponR570.05Cg024900.v2.1	2.239	no	no	no	yes
SoffiXsponR570.05Ag304500.v2.1	2.239	no	no	no	yes
SoffiXsponR570.01Dg139800.v2.1	2.238	no	no	no	yes
SoffiXsponR570.02Eg329000.v2.1	2.238	no	no	no	yes
SoffiXsponR570.04Ag032600.v2.1	2.237	no	no	no	yes
SoffiXsponR570.02Ag413500.v2.1	2.237	no	no	no	yes
SoffiXsponR570.06Gg151000.v2.1	2.235	no	no	no	yes
SoffiXsponR570.10Ag166200.v2.1	2.235	no	no	no	yes
SoffiXsponR570.04Dg115100.v2.1	2.234	no	no	no	yes
SoffiXsponR570.06Cg104600.v2.1	2.233	no	no	no	yes
SoffiXsponR570.05Ag273700.v2.1	2.233	no	no	no	yes
SoffiXsponR570.02Eg287000.v2.1	2.233	no	yes	yes	yes
SoffiXsponR570.02Cg028000.v2.1	2.232	no	no	no	yes
SoffiXsponR570.5_9Ag161600.v2.1	2.232	no	no	no	yes
SoffiXsponR570.05Fg116100.v2.1	2.231	no	no	no	yes
SoffiXsponR570.01Dg013800.v2.1	2.231	no	no	no	yes
SoffiXsponR570.06Cg111700.v2.1	2.23	no	no	no	yes
SoffiXsponR570.10Bg110000.v2.1	2.23	no	no	no	yes
SoffiXsponR570.05Bg282200.v2.1	2.23	no	no	no	yes
SoffiXsponR570.02Gg005500.v2.1	2.229	no	no	no	yes
SoffiXsponR570.10Cg159000.v2.1	2.229	no	no	no	yes
SoffiXsponR570.02Eg192400.v2.1	2.228	no	no	no	yes
SoffiXsponR570.04Gg078600.v2.1	2.228	no	no	no	yes
SoffiXsponR570.05Cg291800.v2.1	2.227	no	no	no	yes
SoffiXsponR570.01Bg087800.v2.1	2.227	no	no	no	yes
SoffiXsponR570.3os1g001800.v2.1	2.226	no	no	no	yes
SoffiXsponR570.7_10Ag166700.v2.1	2.225	no	no	no	yes
SoffiXsponR570.02Cg055900.v2.1	2.225	no	no	no	yes
SoffiXsponR570.02Cg033100.v2.1	2.225	no	no	no	yes
SoffiXsponR570.05Ag022400.v2.1	2.224	no	no	no	yes
SoffiXsponR570.05Eg312700.v2.1	2.224	no	no	no	yes
SoffiXsponR570.05Cg316400.v2.1	2.223	no	no	no	yes
SoffiXsponR570.5_9Ag320200.v2.1	2.223	no	no	no	yes
SoffiXsponR570.05Dg037500.v2.1	2.223	no	no	no	yes
SoffiXsponR570.05Cg062200.v2.1	2.223	no	no	no	yes
SoffiXsponR570.02Dg334000.v2.1	2.223	no	no	no	yes
SoffiXsponR570.03Dg040000.v2.1	2.223	no	no	no	yes
SoffiXsponR570.09Ag154400.v2.1	2.223	no	no	no	yes
SoffiXsponR570.09Bg038700.v2.1	2.223	no	no	no	yes
SoffiXsponR570.05Bg356000.v2.1	2.222	no	no	no	yes
SoffiXsponR570.09Ag034300.v2.1	2.222	no	no	no	yes
SoffiXsponR570.04Ag256900.v2.1	2.222	no	no	no	yes
SoffiXsponR570.10us89g102900.v2.1	2.221	no	no	no	yes
SoffiXsponR570.02Bg358900.v2.1	2.221	no	no	no	yes
SoffiXsponR570.02Gg252900.v2.1	2.218	no	no	no	yes
SoffiXsponR570.01Ag116900.v2.1	2.218	no	no	no	yes
SoffiXsponR570.09Bg045100.v2.1	2.218	no	no	no	yes
SoffiXsponR570.06Eg031900.v2.1	2.218	no	no	no	yes
SoffiXsponR570.08Bg064100.v2.1	2.217	no	no	no	yes
SoffiXsponR570.10os1g017800.v2.1	2.217	no	no	no	yes
SoffiXsponR570.07Cg227800.v2.1	2.216	no	no	no	yes
SoffiXsponR570.08Cg089600.v2.1	2.215	no	no	no	yes
SoffiXsponR570.01Bg403800.v2.1	2.214	no	no	no	yes
SoffiXsponR570.07Cg034100.v2.1	2.214	no	no	no	yes
SoffiXsponR570.03Cg070100.v2.1	2.214	no	no	no	yes
SoffiXsponR570.1Z183600.v2.1	2.213	no	no	no	yes
SoffiXsponR570.02Gg050700.v2.1	2.213	no	no	no	yes
SoffiXsponR570.03Bg121200.v2.1	2.213	no	no	no	yes
SoffiXsponR570.5_9Ag496100.v2.1	2.213	no	no	no	yes
SoffiXsponR570.02Fg309300.v2.1	2.212	no	no	no	yes
SoffiXsponR570.01Ag183900.v2.1	2.211	no	no	no	yes
SoffiXsponR570.01Ag054800.v2.1	2.21	no	no	no	yes
SoffiXsponR570.01Dg323400.v2.1	2.209	no	no	no	yes
SoffiXsponR570.5_9Ag052100.v2.1	2.209	no	no	no	yes
SoffiXsponR570.5_9Ag118700.v2.1	2.209	no	no	no	yes
SoffiXsponR570.02Ag079800.v2.1	2.208	no	no	no	yes
SoffiXsponR570.04Ag230200.v2.1	2.207	no	no	no	yes
SoffiXsponR570.05Cg335300.v2.1	2.207	no	no	no	yes
SoffiXsponR570.07Ag054500.v2.1	2.207	no	no	no	yes
SoffiXsponR570.06Eg001700.v2.1	2.207	no	no	no	yes
SoffiXsponR570.05Ag358500.v2.1	2.205	no	no	no	yes
SoffiXsponR570.03Ag234600.v2.1	2.204	no	no	no	yes
SoffiXsponR570.8_10Ag061500.v2.1	2.203	no	no	no	yes
SoffiXsponR570.01Dg055800.v2.1	2.202	no	no	no	yes
SoffiXsponR570.09Ag106800.v2.1	2.202	no	no	no	yes
SoffiXsponR570.7_10Ag308000.v2.1	2.201	no	no	no	yes
SoffiXsponR570.07Dg099300.v2.1	2.201	no	no	no	yes
SoffiXsponR570.09Ag137500.v2.1	2.201	no	no	no	yes
SoffiXsponR570.02Ag374300.v2.1	2.201	no	no	no	yes
SoffiXsponR570.06Eg023600.v2.1	2.201	no	no	no	yes
SoffiXsponR570.07Bg174400.v2.1	2.2	no	no	no	yes
SoffiXsponR570.04Bg042700.v2.1	2.2	no	no	no	yes
SoffiXsponR570.01Bg403000.v2.1	2.2	no	no	no	yes
SoffiXsponR570.10Bg010900.v2.1	2.199	no	no	no	yes
SoffiXsponR570.01Bg489600.v2.1	2.198	no	no	no	yes
SoffiXsponR570.09Eg048700.v2.1	2.198	no	no	no	yes
SoffiXsponR570.07Bg228500.v2.1	2.197	no	no	no	yes
SoffiXsponR570.10Ag151100.v2.1	2.197	no	no	no	yes
SoffiXsponR570.01Dg149700.v2.1	2.196	no	no	no	yes
SoffiXsponR570.01Eg226300.v2.1	2.195	no	no	no	yes
SoffiXsponR570.03Fg075500.v2.1	2.195	no	no	no	yes
SoffiXsponR570.02Ag282800.v2.1	2.195	no	no	no	yes
SoffiXsponR570.05Eg171000.v2.1	2.193	no	no	no	yes
SoffiXsponR570.01Eg112800.v2.1	2.193	no	no	no	yes
SoffiXsponR570.03Dg105300.v2.1	2.192	no	no	no	yes
SoffiXsponR570.08Ag066100.v2.1	2.191	no	no	no	yes
SoffiXsponR570.04Fg091800.v2.1	2.191	no	no	no	yes
SoffiXsponR570.04Ag152200.v2.1	2.191	no	no	no	yes
SoffiXsponR570.8_5Ag026500.v2.1	2.191	no	no	no	yes
SoffiXsponR570.07Dg123400.v2.1	2.19	no	no	no	yes
SoffiXsponR570.07Ag134600.v2.1	2.19	no	no	no	yes
SoffiXsponR570.06Ag019800.v2.1	2.19	no	no	no	yes
SoffiXsponR570.06Fg061400.v2.1	2.19	no	no	no	yes
SoffiXsponR570.02Cg236200.v2.1	2.19	no	no	no	yes
SoffiXsponR570.6_9Ag162800.v2.1	2.189	no	no	no	yes
SoffiXsponR570.02Dg286700.v2.1	2.188	no	no	no	yes
SoffiXsponR570.05Bg327900.v2.1	2.188	no	no	no	yes
SoffiXsponR570.05Ag221900.v2.1	2.188	no	no	no	yes
SoffiXsponR570.04Ag234000.v2.1	2.188	no	no	no	yes
SoffiXsponR570.05Dg017900.v2.1	2.188	no	no	no	yes
SoffiXsponR570.7_10Ag320700.v2.1	2.187	no	no	no	yes
SoffiXsponR570.04Ag117500.v2.1	2.186	no	no	no	yes
SoffiXsponR570.07Eg082900.v2.1	2.186	no	no	no	yes
SoffiXsponR570.04Ag064900.v2.1	2.186	no	no	no	yes
SoffiXsponR570.10Fg008900.v2.1	2.184	no	no	no	yes
SoffiXsponR570.02Fg100900.v2.1	2.184	no	no	no	yes
SoffiXsponR570.01Cg113800.v2.1	2.184	no	no	no	yes
SoffiXsponR570.08Bg013300.v2.1	2.184	no	no	no	yes
SoffiXsponR570.5_9Ag305400.v2.1	2.183	no	no	no	yes
SoffiXsponR570.06Fg084200.v2.1	2.183	no	no	yes	yes
SoffiXsponR570.01Fg044800.v2.1	2.183	no	no	no	yes
SoffiXsponR570.08Cg034700.v2.1	2.183	no	no	no	yes
SoffiXsponR570.01Bg360500.v2.1	2.183	no	no	no	yes
SoffiXsponR570.02Ag394700.v2.1	2.183	no	no	no	yes
SoffiXsponR570.02Cg000800.v2.1	2.182	no	no	no	yes
SoffiXsponR570.09Ag135700.v2.1	2.182	no	no	no	yes
SoffiXsponR570.05Eg328100.v2.1	2.18	no	no	no	yes
SoffiXsponR570.06Fg166500.v2.1	2.179	no	no	no	yes
SoffiXsponR570.03Cg252900.v2.1	2.179	no	no	no	yes
SoffiXsponR570.03Bg076700.v2.1	2.179	no	no	no	yes
SoffiXsponR570.02Eg375600.v2.1	2.178	no	no	no	yes
SoffiXsponR570.5_9Ag477700.v2.1	2.178	no	no	no	yes
SoffiXsponR570.05Dg011000.v2.1	2.175	no	no	no	yes
SoffiXsponR570.07Eg169700.v2.1	2.175	no	no	no	yes
SoffiXsponR570.05Cg090900.v2.1	2.175	no	no	no	yes
SoffiXsponR570.01Bg191400.v2.1	2.174	no	no	no	yes
SoffiXsponR570.02Fg239400.v2.1	2.173	no	no	no	yes
SoffiXsponR570.05Eg055000.v2.1	2.173	no	no	no	yes
SoffiXsponR570.6_9Ag173100.v2.1	2.172	no	no	no	yes
SoffiXsponR570.08Bg080000.v2.1	2.172	yes	no	yes	yes
SoffiXsponR570.09Ag001300.v2.1	2.172	no	no	no	yes
SoffiXsponR570.5_9Ag201200.v2.1	2.17	no	no	no	yes
SoffiXsponR570.01Eg061400.v2.1	2.17	no	no	no	yes
SoffiXsponR570.8_10Ag052100.v2.1	2.169	no	no	no	yes
SoffiXsponR570.06Eg023200.v2.1	2.169	no	no	no	yes
SoffiXsponR570.09Ag107500.v2.1	2.168	no	no	no	yes
SoffiXsponR570.1Z074400.v2.1	2.167	no	no	no	yes
SoffiXsponR570.04Dg017000.v2.1	2.167	no	no	no	yes
SoffiXsponR570.8_5Ag048300.v2.1	2.167	no	no	no	yes
SoffiXsponR570.8_5Ag167200.v2.1	2.166	no	no	no	yes
SoffiXsponR570.03Ag209200.v2.1	2.165	no	no	no	yes
SoffiXsponR570.02Bg074800.v2.1	2.165	no	no	no	yes
SoffiXsponR570.03Fg083900.v2.1	2.165	no	no	no	yes
SoffiXsponR570.5_9Ag112300.v2.1	2.164	no	no	no	yes
SoffiXsponR570.9os1g044600.v2.1	2.164	no	no	no	yes
SoffiXsponR570.05Fg049100.v2.1	2.164	no	no	no	yes
SoffiXsponR570.02Eg305800.v2.1	2.164	no	no	no	yes
SoffiXsponR570.08Bg151900.v2.1	2.163	no	yes	no	yes
SoffiXsponR570.10Ag215700.v2.1	2.163	no	no	no	yes
SoffiXsponR570.03Bg121500.v2.1	2.162	no	no	no	yes
SoffiXsponR570.03Bg258300.v2.1	2.162	no	no	no	yes
SoffiXsponR570.05Cg110200.v2.1	2.16	no	no	no	yes
SoffiXsponR570.08Ag008400.v2.1	2.159	no	no	no	yes
SoffiXsponR570.06Eg028600.v2.1	2.159	no	no	no	yes
SoffiXsponR570.09Dg057500.v2.1	2.159	no	no	no	yes
SoffiXsponR570.02Bg278800.v2.1	2.158	no	no	no	yes
SoffiXsponR570.03Cg278500.v2.1	2.156	no	no	no	yes
SoffiXsponR570.04Gg108200.v2.1	2.156	no	no	no	yes
SoffiXsponR570.04Fg157900.v2.1	2.155	no	no	no	yes
SoffiXsponR570.06Gg129200.v2.1	2.155	no	no	no	yes
SoffiXsponR570.02Ag258600.v2.1	2.154	no	no	no	yes
SoffiXsponR570.07Dg197800.v2.1	2.154	no	no	yes	yes
SoffiXsponR570.05Ag304600.v2.1	2.154	no	no	no	yes
SoffiXsponR570.05Eg354700.v2.1	2.154	no	no	no	yes
SoffiXsponR570.05Dg260600.v2.1	2.154	no	no	yes	yes
SoffiXsponR570.05Fg024300.v2.1	2.154	no	no	no	yes
SoffiXsponR570.03Ag242100.v2.1	2.154	no	no	no	yes
SoffiXsponR570.01Dg034500.v2.1	2.154	no	no	no	yes
SoffiXsponR570.02Cg086900.v2.1	2.153	no	no	no	yes
SoffiXsponR570.09Dg023800.v2.1	2.153	no	no	no	yes
SoffiXsponR570.05Eg200300.v2.1	2.153	no	no	no	yes
SoffiXsponR570.02Cg188400.v2.1	2.152	no	no	no	yes
SoffiXsponR570.06Ag176300.v2.1	2.152	no	no	no	yes
SoffiXsponR570.02Bg197100.v2.1	2.151	no	no	no	yes
SoffiXsponR570.5_9Ag030900.v2.1	2.151	no	no	no	yes
SoffiXsponR570.07Cg042800.v2.1	2.151	no	no	no	yes
SoffiXsponR570.03Fg047300.v2.1	2.15	no	no	no	yes
SoffiXsponR570.10Cg079200.v2.1	2.15	no	no	no	yes
SoffiXsponR570.07Dg169600.v2.1	2.149	no	no	no	yes
SoffiXsponR570.02Ag266300.v2.1	2.148	no	no	no	yes
SoffiXsponR570.03Ag130900.v2.1	2.147	no	no	no	yes
SoffiXsponR570.9os1g027600.v2.1	2.147	no	no	no	yes
SoffiXsponR570.02Fg210500.v2.1	2.145	no	no	no	yes
SoffiXsponR570.09Bg041700.v2.1	2.145	no	no	no	yes
SoffiXsponR570.8_10Ag214300.v2.1	2.145	no	no	no	yes
SoffiXsponR570.01Fg242400.v2.1	2.145	no	no	no	yes
SoffiXsponR570.05Fg225600.v2.1	2.144	no	no	no	yes
SoffiXsponR570.04Dg125300.v2.1	2.143	no	no	no	yes
SoffiXsponR570.08Cg061400.v2.1	2.143	no	no	no	yes
SoffiXsponR570.03Ag018600.v2.1	2.143	no	no	no	yes
SoffiXsponR570.10Ag143900.v2.1	2.141	no	no	no	yes
SoffiXsponR570.08Eg017400.v2.1	2.14	no	no	no	yes
SoffiXsponR570.05Dg312200.v2.1	2.14	no	no	no	yes
SoffiXsponR570.04Ag100000.v2.1	2.139	no	no	no	yes
SoffiXsponR570.06Gg067000.v2.1	2.138	no	no	no	yes
SoffiXsponR570.9os1g011000.v2.1	2.137	no	no	no	yes
SoffiXsponR570.1Z051000.v2.1	2.137	no	no	no	yes
SoffiXsponR570.08Ag122600.v2.1	2.137	no	no	no	yes
SoffiXsponR570.06Gg047300.v2.1	2.137	no	no	no	yes
SoffiXsponR570.07Bg000700.v2.1	2.136	no	no	no	yes
SoffiXsponR570.03Gg074500.v2.1	2.136	no	no	no	yes
SoffiXsponR570.01Dg354600.v2.1	2.135	no	no	no	yes
SoffiXsponR570.01Bg176600.v2.1	2.134	no	no	no	yes
SoffiXsponR570.5_9Ag333400.v2.1	2.134	no	no	no	yes
SoffiXsponR570.02Fg257200.v2.1	2.134	no	no	no	yes
SoffiXsponR570.7_10Ag313300.v2.1	2.133	no	no	no	yes
SoffiXsponR570.01Eg163800.v2.1	2.133	no	no	no	yes
SoffiXsponR570.01Bg458200.v2.1	2.133	no	no	no	yes
SoffiXsponR570.03Eg186200.v2.1	2.132	no	no	no	yes
SoffiXsponR570.07Dg196300.v2.1	2.132	no	no	no	yes
SoffiXsponR570.06Cg047000.v2.1	2.131	no	no	no	yes
SoffiXsponR570.03Dg255700.v2.1	2.131	no	no	no	yes
SoffiXsponR570.02Eg020100.v2.1	2.131	no	no	no	yes
SoffiXsponR570.1Z033100.v2.1	2.131	no	no	no	yes
SoffiXsponR570.10us89g071400.v2.1	2.13	no	yes	no	no
SoffiXsponR570.8_5Ag207600.v2.1	2.13	no	no	no	yes
SoffiXsponR570.9os1g022600.v2.1	2.13	no	no	no	yes
SoffiXsponR570.07Bg257100.v2.1	2.13	no	no	no	yes
SoffiXsponR570.02Eg349200.v2.1	2.129	no	no	no	yes
SoffiXsponR570.03Cg155500.v2.1	2.129	no	no	no	yes
SoffiXsponR570.06Gg075800.v2.1	2.128	no	no	no	yes
SoffiXsponR570.08Eg073600.v2.1	2.127	no	no	no	yes
SoffiXsponR570.02Bg258800.v2.1	2.126	no	no	no	yes
SoffiXsponR570.03Bg075800.v2.1	2.126	no	no	no	yes
SoffiXsponR570.10us89g068800.v2.1	2.126	no	no	no	yes
SoffiXsponR570.01Bg108600.v2.1	2.126	no	no	no	yes
SoffiXsponR570.03Bg274900.v2.1	2.125	no	no	no	yes
SoffiXsponR570.05Dg339900.v2.1	2.125	no	no	no	yes
SoffiXsponR570.5_9Ag297200.v2.1	2.125	no	no	no	yes
SoffiXsponR570.08Bg061700.v2.1	2.124	no	no	no	yes
SoffiXsponR570.04Fg134900.v2.1	2.124	no	no	no	yes
SoffiXsponR570.09Bg134200.v2.1	2.124	no	no	no	yes
SoffiXsponR570.8_5Ag271200.v2.1	2.123	no	no	no	yes
SoffiXsponR570.04Dg202500.v2.1	2.123	no	no	no	yes
SoffiXsponR570.05Dg033100.v2.1	2.122	no	no	no	yes
SoffiXsponR570.05Fg019700.v2.1	2.121	no	no	no	yes
SoffiXsponR570.05Bg006100.v2.1	2.12	no	no	no	yes
SoffiXsponR570.02Bg051400.v2.1	2.12	no	no	no	yes
SoffiXsponR570.1os1g010900.v2.1	2.119	no	no	no	yes
SoffiXsponR570.06Ag201800.v2.1	2.118	no	no	no	yes
SoffiXsponR570.02Fg071100.v2.1	2.117	no	no	no	yes
SoffiXsponR570.10Bg119700.v2.1	2.116	no	no	no	yes
SoffiXsponR570.08Dg106000.v2.1	2.116	no	no	no	yes
SoffiXsponR570.6_9Ag193700.v2.1	2.116	no	no	no	yes
SoffiXsponR570.7os1g087600.v2.1	2.114	no	no	no	yes
SoffiXsponR570.10Eg088400.v2.1	2.114	no	no	no	yes
SoffiXsponR570.02Bg143600.v2.1	2.113	no	no	no	yes
SoffiXsponR570.03Bg158700.v2.1	2.112	no	no	no	yes
SoffiXsponR570.05Gg061900.v2.1	2.112	no	no	no	yes
SoffiXsponR570.03Eg278000.v2.1	2.112	no	no	no	yes
SoffiXsponR570.05Cg303400.v2.1	2.111	no	no	no	yes
SoffiXsponR570.02Ag007000.v2.1	2.111	no	no	no	yes
SoffiXsponR570.01Eg358400.v2.1	2.11	no	no	no	yes
SoffiXsponR570.01Fg335400.v2.1	2.11	no	no	no	yes
SoffiXsponR570.08Eg104600.v2.1	2.11	no	no	no	yes
SoffiXsponR570.06Eg024700.v2.1	2.11	no	no	no	yes
SoffiXsponR570.06Ag184300.v2.1	2.109	no	no	no	yes
SoffiXsponR570.05Bg314900.v2.1	2.109	no	no	no	yes
SoffiXsponR570.07Ag137200.v2.1	2.108	no	no	no	yes
SoffiXsponR570.8_5Ag250400.v2.1	2.108	no	no	no	yes
SoffiXsponR570.09Cg035300.v2.1	2.108	no	no	no	yes
SoffiXsponR570.02Bg074600.v2.1	2.107	no	no	no	yes
SoffiXsponR570.02Eg271800.v2.1	2.107	no	no	no	yes
SoffiXsponR570.01Bg489300.v2.1	2.107	no	no	no	yes
SoffiXsponR570.01Cg141200.v2.1	2.106	no	no	no	yes
SoffiXsponR570.03Eg271600.v2.1	2.106	no	no	no	yes
SoffiXsponR570.08Ag211900.v2.1	2.106	no	no	no	yes
SoffiXsponR570.5_9Ag124300.v2.1	2.106	no	no	no	yes
SoffiXsponR570.07Bg257900.v2.1	2.105	no	no	no	yes
SoffiXsponR570.07Bg241900.v2.1	2.105	no	no	no	yes
SoffiXsponR570.06Fg158200.v2.1	2.105	no	no	no	yes
SoffiXsponR570.04Ag259600.v2.1	2.103	no	no	no	yes
SoffiXsponR570.02Gg245300.v2.1	2.103	no	no	no	yes
SoffiXsponR570.9os1g016800.v2.1	2.102	no	no	no	yes
SoffiXsponR570.08Ag097000.v2.1	2.102	no	no	no	yes
SoffiXsponR570.10Bg139600.v2.1	2.101	no	no	no	yes
SoffiXsponR570.03Dg064000.v2.1	2.101	no	no	no	yes
SoffiXsponR570.05Bg175800.v2.1	2.1	no	no	no	yes
SoffiXsponR570.01Ag446200.v2.1	2.1	no	no	no	yes
SoffiXsponR570.04Fg036200.v2.1	2.1	no	no	no	yes
SoffiXsponR570.01Eg176500.v2.1	2.1	no	no	no	yes
SoffiXsponR570.04Ag085300.v2.1	2.1	no	no	no	yes
SoffiXsponR570.03Gg149000.v2.1	2.099	no	no	no	yes
SoffiXsponR570.5_9Ag336400.v2.1	2.099	no	no	no	yes
SoffiXsponR570.03Gg077300.v2.1	2.098	no	no	no	yes
SoffiXsponR570.04Cg154500.v2.1	2.098	no	no	no	yes
SoffiXsponR570.04Fg048700.v2.1	2.098	no	no	no	yes
SoffiXsponR570.09Eg121100.v2.1	2.097	no	no	no	yes
SoffiXsponR570.03Ag057100.v2.1	2.097	no	no	no	yes
SoffiXsponR570.03Dg157800.v2.1	2.097	no	no	no	yes
SoffiXsponR570.05Fg256600.v2.1	2.097	no	no	no	yes
SoffiXsponR570.06Dg017700.v2.1	2.096	no	no	no	yes
SoffiXsponR570.05Cg258300.v2.1	2.096	no	no	no	yes
SoffiXsponR570.03Dg003700.v2.1	2.096	no	no	no	yes
SoffiXsponR570.05Dg261200.v2.1	2.095	no	no	no	yes
SoffiXsponR570.01Cg028100.v2.1	2.095	no	no	no	yes
SoffiXsponR570.09Eg100100.v2.1	2.095	no	no	no	yes
SoffiXsponR570.05Bg071700.v2.1	2.094	no	no	no	yes
SoffiXsponR570.01Ag098000.v2.1	2.094	no	no	no	yes
SoffiXsponR570.05Ag165400.v2.1	2.094	no	no	no	yes
SoffiXsponR570.01Ag301500.v2.1	2.094	no	no	no	yes
SoffiXsponR570.9os1g015800.v2.1	2.093	no	no	no	yes
SoffiXsponR570.03Eg307000.v2.1	2.092	no	no	no	yes
SoffiXsponR570.07Eg090100.v2.1	2.092	no	no	no	yes
SoffiXsponR570.06Ag135500.v2.1	2.091	no	no	no	yes
SoffiXsponR570.05Cg141900.v2.1	2.091	no	no	no	yes
SoffiXsponR570.02Cg132800.v2.1	2.091	no	no	no	yes
SoffiXsponR570.01Bg020400.v2.1	2.091	no	no	no	yes
SoffiXsponR570.05Eg180200.v2.1	2.09	no	no	no	yes
SoffiXsponR570.01Ag239600.v2.1	2.09	no	no	no	yes
SoffiXsponR570.10Ag098400.v2.1	2.09	no	no	no	yes
SoffiXsponR570.05Gg126600.v2.1	2.09	no	no	no	yes
SoffiXsponR570.02Gg053500.v2.1	2.089	no	no	no	yes
SoffiXsponR570.6_9Ag213500.v2.1	2.089	no	no	no	yes
SoffiXsponR570.09Eg110400.v2.1	2.088	no	no	no	yes
SoffiXsponR570.10Fg121800.v2.1	2.087	no	no	no	yes
SoffiXsponR570.01Eg317800.v2.1	2.087	no	no	no	yes
SoffiXsponR570.04Fg147000.v2.1	2.087	no	no	no	yes
SoffiXsponR570.7os1g051800.v2.1	2.084	no	no	no	yes
SoffiXsponR570.06Fg166300.v2.1	2.083	no	no	no	yes
SoffiXsponR570.04Ag195400.v2.1	2.083	no	no	no	yes
SoffiXsponR570.7os1g082800.v2.1	2.083	no	no	no	yes
SoffiXsponR570.03Dg293800.v2.1	2.082	no	no	no	yes
SoffiXsponR570.07Eg032300.v2.1	2.082	no	no	no	yes
SoffiXsponR570.3os5g002600.v2.1	2.081	no	no	no	yes
SoffiXsponR570.03Cg033700.v2.1	2.081	no	no	no	yes
SoffiXsponR570.09Dg094900.v2.1	2.081	no	no	no	yes
SoffiXsponR570.09Bg149600.v2.1	2.081	no	no	no	yes
SoffiXsponR570.10Eg055800.v2.1	2.08	no	no	no	yes
SoffiXsponR570.10Ag130100.v2.1	2.079	no	no	no	yes
SoffiXsponR570.05Cg360200.v2.1	2.079	no	no	no	yes
SoffiXsponR570.7_10Ag071000.v2.1	2.078	no	no	no	yes
SoffiXsponR570.04Ag225800.v2.1	2.077	no	no	no	yes
SoffiXsponR570.04Fg036400.v2.1	2.077	no	no	no	yes
SoffiXsponR570.02Ag342100.v2.1	2.076	no	no	no	yes
SoffiXsponR570.07Eg020800.v2.1	2.075	no	no	no	yes
SoffiXsponR570.08Eg111100.v2.1	2.075	no	no	no	yes
SoffiXsponR570.02Eg036300.v2.1	2.075	no	no	no	yes
SoffiXsponR570.02Bg048400.v2.1	2.074	no	no	no	yes
SoffiXsponR570.07Bg138800.v2.1	2.074	no	no	no	yes
SoffiXsponR570.04Fg035000.v2.1	2.073	no	no	no	yes
SoffiXsponR570.05Ag355600.v2.1	2.073	no	no	no	yes
SoffiXsponR570.10Fg025000.v2.1	2.073	no	no	no	yes
SoffiXsponR570.02Eg273700.v2.1	2.073	no	no	no	yes
SoffiXsponR570.10Ag109400.v2.1	2.072	no	no	no	yes
SoffiXsponR570.04Eg005300.v2.1	2.072	no	no	no	yes
SoffiXsponR570.07Eg008900.v2.1	2.072	no	no	no	yes
SoffiXsponR570.7_10Ag033000.v2.1	2.071	no	no	no	yes
SoffiXsponR570.3os1g016600.v2.1	2.071	no	no	no	yes
SoffiXsponR570.02Ag082900.v2.1	2.071	no	no	no	yes
SoffiXsponR570.05Eg088200.v2.1	2.07	no	no	no	yes
SoffiXsponR570.10Fg006500.v2.1	2.069	no	no	no	yes
SoffiXsponR570.04Gg042100.v2.1	2.069	no	no	no	yes
SoffiXsponR570.06Ag036200.v2.1	2.069	no	no	no	yes
SoffiXsponR570.05Bg166700.v2.1	2.067	no	no	no	yes
SoffiXsponR570.07Dg009300.v2.1	2.067	no	no	no	yes
SoffiXsponR570.02Gg161900.v2.1	2.067	no	no	no	yes
SoffiXsponR570.10Eg069400.v2.1	2.066	no	no	no	yes
SoffiXsponR570.07Dg052300.v2.1	2.066	no	no	no	yes
SoffiXsponR570.3os5g001600.v2.1	2.066	no	no	no	yes
SoffiXsponR570.07Ag132600.v2.1	2.066	no	no	no	yes
SoffiXsponR570.05Bg137300.v2.1	2.066	no	no	no	yes
SoffiXsponR570.06Fg098200.v2.1	2.064	no	no	no	yes
SoffiXsponR570.03Fg015100.v2.1	2.064	no	no	no	yes
SoffiXsponR570.04Gg073100.v2.1	2.064	no	no	no	yes
SoffiXsponR570.03Ag286800.v2.1	2.063	no	no	no	yes
SoffiXsponR570.10Eg036900.v2.1	2.063	no	no	no	yes
SoffiXsponR570.02Fg343900.v2.1	2.063	no	no	no	yes
SoffiXsponR570.10Ag171900.v2.1	2.063	no	no	no	yes
SoffiXsponR570.03Bg115400.v2.1	2.063	no	no	no	yes
SoffiXsponR570.01Ag299900.v2.1	2.063	no	no	no	yes
SoffiXsponR570.05Ag383500.v2.1	2.063	no	no	no	yes
SoffiXsponR570.07Eg024500.v2.1	2.063	no	no	no	yes
SoffiXsponR570.02Eg023600.v2.1	2.062	no	no	no	yes
SoffiXsponR570.01Dg012200.v2.1	2.062	no	no	no	yes
SoffiXsponR570.10Ag226000.v2.1	2.061	no	no	no	yes
SoffiXsponR570.08Bg056100.v2.1	2.06	no	no	no	yes
SoffiXsponR570.10Bg133700.v2.1	2.06	no	no	no	yes
SoffiXsponR570.09Cg028100.v2.1	2.059	no	no	no	yes
SoffiXsponR570.02Gg202400.v2.1	2.058	no	no	no	yes
SoffiXsponR570.05Cg285900.v2.1	2.058	no	no	no	yes
SoffiXsponR570.08Ag218400.v2.1	2.058	no	no	no	yes
SoffiXsponR570.02Ag377200.v2.1	2.058	no	no	no	yes
SoffiXsponR570.02Fg068200.v2.1	2.058	no	no	no	yes
SoffiXsponR570.02Fg288200.v2.1	2.057	no	no	no	yes
SoffiXsponR570.02Dg217000.v2.1	2.057	no	no	no	yes
SoffiXsponR570.05Fg057200.v2.1	2.057	no	no	no	yes
SoffiXsponR570.01Bg417400.v2.1	2.057	no	no	no	yes
SoffiXsponR570.05Dg202600.v2.1	2.056	no	no	no	yes
SoffiXsponR570.05Cg021600.v2.1	2.056	no	no	no	yes
SoffiXsponR570.03Eg114700.v2.1	2.056	no	no	no	yes
SoffiXsponR570.03Cg334200.v2.1	2.056	no	no	no	yes
SoffiXsponR570.5_9Ag267300.v2.1	2.056	no	no	no	yes
SoffiXsponR570.08Bg104400.v2.1	2.056	no	no	no	yes
SoffiXsponR570.09Cg166000.v2.1	2.056	no	no	no	yes
SoffiXsponR570.9us90g019000.v2.1	2.055	no	no	no	yes
SoffiXsponR570.01Dg314500.v2.1	2.055	no	no	no	yes
SoffiXsponR570.01Eg344600.v2.1	2.054	no	no	no	yes
SoffiXsponR570.08Ag209100.v2.1	2.054	no	no	no	yes
SoffiXsponR570.07Eg165400.v2.1	2.053	no	no	no	yes
SoffiXsponR570.05Dg050900.v2.1	2.052	no	no	no	yes
SoffiXsponR570.09Dg059600.v2.1	2.052	no	no	no	yes
SoffiXsponR570.5_9Ag477600.v2.1	2.052	no	no	no	yes
SoffiXsponR570.02Cg382200.v2.1	2.052	no	no	no	yes
SoffiXsponR570.6_9Ag337100.v2.1	2.052	no	no	no	yes
SoffiXsponR570.02Fg181500.v2.1	2.051	no	no	no	yes
SoffiXsponR570.7_10Ag369100.v2.1	2.05	yes	yes	yes	yes
SoffiXsponR570.07Ag064400.v2.1	2.05	no	no	no	yes
SoffiXsponR570.01Eg336300.v2.1	2.049	no	no	no	yes
SoffiXsponR570.06Gg083900.v2.1	2.049	no	no	no	yes
SoffiXsponR570.05Bg120100.v2.1	2.048	no	no	no	yes
SoffiXsponR570.02Dg264900.v2.1	2.048	no	no	no	yes
SoffiXsponR570.10Cg006900.v2.1	2.048	no	no	no	yes
SoffiXsponR570.07Ag202200.v2.1	2.048	no	no	no	yes
SoffiXsponR570.10Cg039200.v2.1	2.048	no	no	no	yes
SoffiXsponR570.02Ag266800.v2.1	2.047	no	no	no	yes
SoffiXsponR570.02Bg073600.v2.1	2.047	no	no	no	yes
SoffiXsponR570.5_9Ag147600.v2.1	2.047	no	no	no	yes
SoffiXsponR570.05Gg191000.v2.1	2.047	no	no	no	yes
SoffiXsponR570.10us89g011300.v2.1	2.047	no	no	no	yes
SoffiXsponR570.10os1g036100.v2.1	2.046	no	no	no	yes
SoffiXsponR570.1Z089500.v2.1	2.046	no	no	no	yes
SoffiXsponR570.04Cg152900.v2.1	2.045	no	no	no	yes
SoffiXsponR570.08Eg133900.v2.1	2.045	no	no	no	yes
SoffiXsponR570.7_10Ag012100.v2.1	2.045	no	no	no	yes
SoffiXsponR570.1Z062200.v2.1	2.045	no	no	no	yes
SoffiXsponR570.05Eg233900.v2.1	2.045	no	no	no	yes
SoffiXsponR570.06Eg131200.v2.1	2.044	no	no	no	yes
SoffiXsponR570.03Dg063400.v2.1	2.042	no	no	no	yes
SoffiXsponR570.01Bg386600.v2.1	2.042	no	no	no	yes
SoffiXsponR570.5_9Ag068400.v2.1	2.042	no	no	no	yes
SoffiXsponR570.6_9Ag053000.v2.1	2.042	no	yes	no	yes
SoffiXsponR570.5_9Ag388700.v2.1	2.042	no	no	no	yes
SoffiXsponR570.09Ag063700.v2.1	2.041	no	no	no	yes
SoffiXsponR570.04Eg044000.v2.1	2.041	no	no	no	yes
SoffiXsponR570.02Eg108000.v2.1	2.041	no	no	no	yes
SoffiXsponR570.07Cg217300.v2.1	2.04	no	no	no	yes
SoffiXsponR570.1Z243900.v2.1	2.04	no	no	no	yes
SoffiXsponR570.7_10Ag343800.v2.1	2.04	no	no	no	yes
SoffiXsponR570.06Gg091400.v2.1	2.04	no	no	no	yes
SoffiXsponR570.04Ag089900.v2.1	2.039	no	no	no	yes
SoffiXsponR570.08Dg071200.v2.1	2.039	no	no	no	yes
SoffiXsponR570.01Eg164000.v2.1	2.039	no	no	no	yes
SoffiXsponR570.02Bg252700.v2.1	2.039	no	no	no	yes
SoffiXsponR570.02Ag339500.v2.1	2.039	no	no	no	yes
SoffiXsponR570.09Bg079700.v2.1	2.038	no	no	no	yes
SoffiXsponR570.03Cg169200.v2.1	2.038	no	no	no	yes
SoffiXsponR570.03Bg316600.v2.1	2.038	no	no	no	yes
SoffiXsponR570.10Cg106700.v2.1	2.037	no	no	no	yes
SoffiXsponR570.10Dg108500.v2.1	2.037	no	no	no	yes
SoffiXsponR570.10Bg197900.v2.1	2.036	no	no	no	yes
SoffiXsponR570.7_10Ag288100.v2.1	2.036	no	no	no	yes
SoffiXsponR570.02Bg156700.v2.1	2.035	no	no	no	yes
SoffiXsponR570.05Fg220400.v2.1	2.035	no	no	no	yes
SoffiXsponR570.03Cg035900.v2.1	2.035	no	no	no	yes
SoffiXsponR570.02Fg164500.v2.1	2.035	no	no	no	yes
SoffiXsponR570.02Bg331900.v2.1	2.034	no	no	no	yes
SoffiXsponR570.09Cg053400.v2.1	2.034	no	no	no	yes
SoffiXsponR570.10Ag172900.v2.1	2.034	no	no	no	yes
SoffiXsponR570.04Bg193100.v2.1	2.034	no	no	no	yes
SoffiXsponR570.06Dg141700.v2.1	2.034	no	no	no	yes
SoffiXsponR570.10Bg142900.v2.1	2.034	no	no	no	yes
SoffiXsponR570.05Eg026700.v2.1	2.032	no	no	no	yes
SoffiXsponR570.05Bg061200.v2.1	2.031	no	no	no	yes
SoffiXsponR570.5_9Ag102200.v2.1	2.031	no	no	no	yes
SoffiXsponR570.05Cg324800.v2.1	2.03	no	no	no	yes
SoffiXsponR570.03Gg125800.v2.1	2.03	no	no	no	yes
SoffiXsponR570.05Fg220700.v2.1	2.03	no	no	no	yes
SoffiXsponR570.02Ag157900.v2.1	2.029	no	no	no	yes
SoffiXsponR570.01Fg101500.v2.1	2.029	no	no	no	yes
SoffiXsponR570.01Cg236600.v2.1	2.029	no	no	no	yes
SoffiXsponR570.01Bg244500.v2.1	2.029	no	no	no	yes
SoffiXsponR570.04Fg081400.v2.1	2.028	no	no	no	yes
SoffiXsponR570.04Ag124400.v2.1	2.028	no	no	no	yes
SoffiXsponR570.01Dg267800.v2.1	2.028	no	no	no	yes
SoffiXsponR570.03Dg176400.v2.1	2.028	no	no	no	yes
SoffiXsponR570.07Dg163000.v2.1	2.028	no	no	no	yes
SoffiXsponR570.01Dg254700.v2.1	2.027	no	no	no	yes
SoffiXsponR570.10Bg065700.v2.1	2.026	no	no	no	yes
SoffiXsponR570.02Cg280300.v2.1	2.026	no	no	no	yes
SoffiXsponR570.1Z021700.v2.1	2.026	no	no	no	yes
SoffiXsponR570.02Fg233900.v2.1	2.025	no	no	no	yes
SoffiXsponR570.08Bg157800.v2.1	2.025	no	no	no	yes
SoffiXsponR570.09Eg023100.v2.1	2.024	no	no	no	yes
SoffiXsponR570.07Bg274600.v2.1	2.024	no	no	no	yes
SoffiXsponR570.10us89g094900.v2.1	2.024	no	no	no	yes
SoffiXsponR570.09Cg164400.v2.1	2.023	no	no	no	yes
SoffiXsponR570.01Cg139000.v2.1	2.023	no	no	no	yes
SoffiXsponR570.10Cg171600.v2.1	2.022	no	no	no	yes
SoffiXsponR570.04Gg042600.v2.1	2.021	no	no	no	yes
SoffiXsponR570.01Eg379400.v2.1	2.021	no	no	no	yes
SoffiXsponR570.04Gg082200.v2.1	2.021	no	no	no	yes
SoffiXsponR570.06Gg130700.v2.1	2.019	no	no	no	yes
SoffiXsponR570.8_5Ag112200.v2.1	2.018	no	no	no	yes
SoffiXsponR570.02Eg099600.v2.1	2.018	no	no	no	yes
SoffiXsponR570.01Eg278900.v2.1	2.018	no	no	no	yes
SoffiXsponR570.08Eg037300.v2.1	2.017	no	no	no	yes
SoffiXsponR570.01Ag350100.v2.1	2.017	no	no	no	yes
SoffiXsponR570.03Fg007200.v2.1	2.017	yes	yes	yes	yes
SoffiXsponR570.05Cg250700.v2.1	2.016	no	no	no	yes
SoffiXsponR570.02Gg224100.v2.1	2.015	no	no	no	yes
SoffiXsponR570.09Ag039700.v2.1	2.015	no	no	no	yes
SoffiXsponR570.05Bg273600.v2.1	2.015	no	no	no	yes
SoffiXsponR570.02Ag203600.v2.1	2.014	no	no	no	yes
SoffiXsponR570.07Cg109600.v2.1	2.014	no	no	no	yes
SoffiXsponR570.1Z035700.v2.1	2.013	no	no	no	yes
SoffiXsponR570.6us88g082700.v2.1	2.012	no	no	no	yes
SoffiXsponR570.9us90g033900.v2.1	2.011	no	no	no	yes
SoffiXsponR570.05Cg296800.v2.1	2.01	no	no	no	yes
SoffiXsponR570.07Ag193300.v2.1	2.01	no	no	no	yes
SoffiXsponR570.01Dg089600.v2.1	2.01	no	no	no	yes
SoffiXsponR570.01Ag519700.v2.1	2.009	no	no	no	yes
SoffiXsponR570.02Eg113600.v2.1	2.009	no	no	no	yes
SoffiXsponR570.1Z160100.v2.1	2.009	no	no	no	yes
SoffiXsponR570.5_9Ag152700.v2.1	2.009	no	no	no	yes
SoffiXsponR570.01Ag406800.v2.1	2.008	no	no	no	yes
SoffiXsponR570.03Gg118900.v2.1	2.008	no	no	no	yes
SoffiXsponR570.04Bg202700.v2.1	2.008	no	no	no	yes
SoffiXsponR570.05Cg347900.v2.1	2.007	no	no	no	yes
SoffiXsponR570.05Bg099400.v2.1	2.007	no	no	no	yes
SoffiXsponR570.05Ag291600.v2.1	2.007	no	no	no	yes
SoffiXsponR570.05Ag219500.v2.1	2.007	no	no	no	yes
SoffiXsponR570.10us89g071300.v2.1	2.007	no	no	no	yes
SoffiXsponR570.03Cg218900.v2.1	2.007	no	no	no	yes
SoffiXsponR570.02Gg029200.v2.1	2.006	no	no	no	yes
SoffiXsponR570.05Fg165500.v2.1	2.006	no	no	no	yes
SoffiXsponR570.03Bg013600.v2.1	2.006	no	no	no	yes
SoffiXsponR570.03Gg031500.v2.1	2.005	no	no	no	yes
SoffiXsponR570.03Ag052400.v2.1	2.005	no	no	no	yes
SoffiXsponR570.01Fg079900.v2.1	2.005	no	no	no	yes
SoffiXsponR570.03Fg112700.v2.1	2.005	no	no	no	yes
SoffiXsponR570.02Cg194500.v2.1	2.004	no	no	no	yes
SoffiXsponR570.01Cg085000.v2.1	2.004	no	no	no	yes
SoffiXsponR570.01Eg388000.v2.1	2.004	no	no	no	yes
SoffiXsponR570.04Dg186500.v2.1	2.004	no	no	no	yes
SoffiXsponR570.08Ag185900.v2.1	2.003	no	no	no	yes
SoffiXsponR570.03Ag294200.v2.1	2.002	no	no	no	yes
SoffiXsponR570.05Ag155100.v2.1	2.002	no	no	no	yes
SoffiXsponR570.05Fg120500.v2.1	2.001	no	no	no	yes
SoffiXsponR570.10Cg099300.v2.1	2.001	no	no	no	yes
SoffiXsponR570.03Dg157000.v2.1	2.0	no	no	no	yes
SoffiXsponR570.04Gg085500.v2.1	1.999	no	no	yes	no
SoffiXsponR570.03Bg012600.v2.1	1.997	no	no	no	yes
SoffiXsponR570.08Bg088800.v2.1	1.997	no	no	no	yes
SoffiXsponR570.5_9Ag481700.v2.1	1.996	no	no	no	yes
SoffiXsponR570.01Cg060600.v2.1	1.995	no	no	no	yes
SoffiXsponR570.05Gg057000.v2.1	1.995	no	no	no	yes
SoffiXsponR570.05Ag275600.v2.1	1.995	no	no	no	yes
SoffiXsponR570.10Cg053300.v2.1	1.995	no	no	no	yes
SoffiXsponR570.06Cg144100.v2.1	1.994	no	no	no	yes
SoffiXsponR570.03Ag324500.v2.1	1.994	no	no	no	yes
SoffiXsponR570.6_9Ag014500.v2.1	1.993	no	no	no	yes
SoffiXsponR570.02Dg403300.v2.1	1.992	no	no	no	yes
SoffiXsponR570.03Ag291500.v2.1	1.992	no	no	no	yes
SoffiXsponR570.10Bg123800.v2.1	1.991	no	no	no	yes
SoffiXsponR570.09Bg053400.v2.1	1.991	no	no	no	yes
SoffiXsponR570.05Bg355300.v2.1	1.991	no	no	no	yes
SoffiXsponR570.05Dg376100.v2.1	1.991	no	no	no	yes
SoffiXsponR570.05Eg184700.v2.1	1.991	no	no	no	yes
SoffiXsponR570.02Gg035700.v2.1	1.989	no	no	no	yes
SoffiXsponR570.04Ag171300.v2.1	1.989	no	no	no	yes
SoffiXsponR570.10Dg094800.v2.1	1.989	no	no	no	yes
SoffiXsponR570.03Bg078000.v2.1	1.988	no	no	no	yes
SoffiXsponR570.04Bg153800.v2.1	1.988	no	no	no	yes
SoffiXsponR570.05Cg326800.v2.1	1.987	no	no	no	yes
SoffiXsponR570.01Ag535400.v2.1	1.987	no	no	no	yes
SoffiXsponR570.02Bg394600.v2.1	1.987	no	no	no	yes
SoffiXsponR570.09Ag038200.v2.1	1.987	no	no	no	yes
SoffiXsponR570.06Dg145100.v2.1	1.986	no	no	no	yes
SoffiXsponR570.02Fg022900.v2.1	1.986	no	no	no	yes
SoffiXsponR570.01Cg064000.v2.1	1.986	no	no	no	yes
SoffiXsponR570.07Dg144400.v2.1	1.985	no	no	no	yes
SoffiXsponR570.06Cg083200.v2.1	1.985	no	no	no	yes
SoffiXsponR570.03Eg053500.v2.1	1.985	no	no	no	yes
SoffiXsponR570.08Ag091700.v2.1	1.983	no	no	no	yes
SoffiXsponR570.03Fg129200.v2.1	1.983	no	no	no	yes
SoffiXsponR570.01Fg325100.v2.1	1.983	no	no	no	yes
SoffiXsponR570.5_9Ag285000.v2.1	1.981	no	no	yes	no
SoffiXsponR570.04Bg099900.v2.1	1.98	no	no	no	yes
SoffiXsponR570.05Fg273300.v2.1	1.98	no	no	no	yes
SoffiXsponR570.01Ag310600.v2.1	1.979	no	no	no	yes
SoffiXsponR570.02Dg232600.v2.1	1.978	no	no	no	yes
SoffiXsponR570.8_5Ag175800.v2.1	1.978	no	no	no	yes
SoffiXsponR570.7os1g082200.v2.1	1.978	no	no	no	yes
SoffiXsponR570.10Eg066900.v2.1	1.977	no	no	no	yes
SoffiXsponR570.05Bg036700.v2.1	1.977	no	no	no	yes
SoffiXsponR570.02Fg323500.v2.1	1.977	no	no	no	yes
SoffiXsponR570.05Cg030400.v2.1	1.977	no	no	no	yes
SoffiXsponR570.05Gg150400.v2.1	1.977	no	no	no	yes
SoffiXsponR570.10Bg130800.v2.1	1.976	no	no	no	yes
SoffiXsponR570.10Cg137700.v2.1	1.976	no	no	no	yes
SoffiXsponR570.06Dg141600.v2.1	1.976	no	no	no	yes
SoffiXsponR570.9os1g020400.v2.1	1.975	no	no	no	yes
SoffiXsponR570.02Ag055600.v2.1	1.975	no	no	no	yes
SoffiXsponR570.08Bg075400.v2.1	1.974	no	no	no	yes
SoffiXsponR570.05Cg127700.v2.1	1.974	no	no	no	yes
SoffiXsponR570.10Fg011200.v2.1	1.973	no	no	no	yes
SoffiXsponR570.06Cg086100.v2.1	1.973	no	no	no	yes
SoffiXsponR570.8_10Ag300600.v2.1	1.972	no	no	no	yes
SoffiXsponR570.06Fg131000.v2.1	1.972	no	no	no	yes
SoffiXsponR570.07Dg112800.v2.1	1.972	no	no	no	yes
SoffiXsponR570.07Bg280200.v2.1	1.971	no	no	no	yes
SoffiXsponR570.02Bg253500.v2.1	1.971	no	no	no	yes
SoffiXsponR570.10Ag205700.v2.1	1.969	no	no	yes	yes
SoffiXsponR570.02Cg162700.v2.1	1.968	no	no	no	yes
SoffiXsponR570.05Eg298300.v2.1	1.968	no	no	no	yes
SoffiXsponR570.01Bg459300.v2.1	1.967	no	no	no	yes
SoffiXsponR570.02Eg002100.v2.1	1.967	no	no	no	yes
SoffiXsponR570.07Ag038700.v2.1	1.966	no	no	no	yes
SoffiXsponR570.09Eg050700.v2.1	1.966	no	yes	no	yes
SoffiXsponR570.8_10Ag229100.v2.1	1.966	no	no	no	yes
SoffiXsponR570.05Dg349900.v2.1	1.965	no	no	no	yes
SoffiXsponR570.01Bg449900.v2.1	1.965	no	no	no	yes
SoffiXsponR570.03Ag178100.v2.1	1.965	no	no	no	yes
SoffiXsponR570.05Ag211000.v2.1	1.965	no	no	no	yes
SoffiXsponR570.01Fg052900.v2.1	1.965	no	no	no	yes
SoffiXsponR570.8_5Ag143800.v2.1	1.964	no	no	no	yes
SoffiXsponR570.8_10Ag124400.v2.1	1.964	no	no	no	yes
SoffiXsponR570.07Eg163000.v2.1	1.964	no	no	no	yes
SoffiXsponR570.9us90g003400.v2.1	1.963	no	no	no	yes
SoffiXsponR570.09Bg146600.v2.1	1.962	no	no	no	yes
SoffiXsponR570.03Cg238400.v2.1	1.962	no	no	no	yes
SoffiXsponR570.03Ag150900.v2.1	1.962	no	no	no	yes
SoffiXsponR570.04Ag247300.v2.1	1.961	no	no	no	yes
SoffiXsponR570.05Dg032300.v2.1	1.96	no	no	no	yes
SoffiXsponR570.05Cg350400.v2.1	1.96	no	no	no	yes
SoffiXsponR570.01Eg310700.v2.1	1.958	no	no	no	yes
SoffiXsponR570.06Dg034700.v2.1	1.958	no	no	no	yes
SoffiXsponR570.02Cg278100.v2.1	1.958	no	no	no	yes
SoffiXsponR570.02Cg180400.v2.1	1.957	no	no	no	yes
SoffiXsponR570.07Ag046600.v2.1	1.955	no	no	no	yes
SoffiXsponR570.01Eg181700.v2.1	1.955	no	no	no	yes
SoffiXsponR570.03Gg092300.v2.1	1.955	no	no	yes	yes
SoffiXsponR570.10Cg117200.v2.1	1.954	no	no	no	yes
SoffiXsponR570.6os1g003600.v2.1	1.954	no	no	no	yes
SoffiXsponR570.08Ag019800.v2.1	1.954	no	no	no	yes
SoffiXsponR570.04Eg108900.v2.1	1.953	no	no	no	yes
SoffiXsponR570.04Dg183000.v2.1	1.953	no	no	no	yes
SoffiXsponR570.02Fg318500.v2.1	1.952	no	no	no	yes
SoffiXsponR570.05Cg335400.v2.1	1.95	no	no	no	yes
SoffiXsponR570.5_9Ag262200.v2.1	1.95	no	no	no	yes
SoffiXsponR570.9os1g053300.v2.1	1.95	no	no	no	yes
SoffiXsponR570.05Cg114600.v2.1	1.95	no	no	no	yes
SoffiXsponR570.1Z094100.v2.1	1.949	no	no	no	yes
SoffiXsponR570.6us88g093800.v2.1	1.949	no	no	no	yes
SoffiXsponR570.07Cg049000.v2.1	1.949	no	no	no	yes
SoffiXsponR570.05Eg173200.v2.1	1.948	no	no	no	yes
SoffiXsponR570.07Dg161400.v2.1	1.948	no	no	no	yes
SoffiXsponR570.06Eg108400.v2.1	1.948	no	no	no	yes
SoffiXsponR570.02Ag113000.v2.1	1.948	no	no	no	yes
SoffiXsponR570.04Dg035500.v2.1	1.947	no	no	no	yes
SoffiXsponR570.07Ag268900.v2.1	1.946	no	no	no	yes
SoffiXsponR570.05Cg092500.v2.1	1.946	no	no	no	yes
SoffiXsponR570.01Dg140000.v2.1	1.945	no	no	no	yes
SoffiXsponR570.01Bg431300.v2.1	1.945	no	no	no	yes
SoffiXsponR570.05Ag258500.v2.1	1.945	no	no	no	yes
SoffiXsponR570.03Gg128700.v2.1	1.945	no	no	no	yes
SoffiXsponR570.02Ag088100.v2.1	1.944	no	no	no	yes
SoffiXsponR570.01Eg066500.v2.1	1.943	no	no	no	yes
SoffiXsponR570.02Ag378800.v2.1	1.943	no	no	no	yes
SoffiXsponR570.02Bg355800.v2.1	1.943	no	no	no	yes
SoffiXsponR570.09Bg035000.v2.1	1.942	no	no	no	yes
SoffiXsponR570.10Cg146300.v2.1	1.942	no	no	no	yes
SoffiXsponR570.08Dg098700.v2.1	1.941	no	no	no	yes
SoffiXsponR570.09Cg084400.v2.1	1.941	no	no	no	yes
SoffiXsponR570.01Ag386500.v2.1	1.94	no	no	no	yes
SoffiXsponR570.03Ag261800.v2.1	1.94	no	no	no	yes
SoffiXsponR570.05Ag175600.v2.1	1.939	no	no	no	yes
SoffiXsponR570.10Cg100900.v2.1	1.939	no	no	no	yes
SoffiXsponR570.08Ag000900.v2.1	1.939	no	no	no	yes
SoffiXsponR570.01Eg051500.v2.1	1.939	no	no	no	yes
SoffiXsponR570.09Cg133100.v2.1	1.938	no	no	no	yes
SoffiXsponR570.09Bg055400.v2.1	1.938	no	no	no	yes
SoffiXsponR570.07Bg063300.v2.1	1.938	no	no	no	yes
SoffiXsponR570.09Bg055300.v2.1	1.937	no	no	no	yes
SoffiXsponR570.01Eg357400.v2.1	1.937	no	no	no	yes
SoffiXsponR570.01Bg376200.v2.1	1.937	no	no	no	yes
SoffiXsponR570.04Fg030100.v2.1	1.936	no	no	no	yes
SoffiXsponR570.06Gg023800.v2.1	1.936	no	no	no	yes
SoffiXsponR570.06Gg089400.v2.1	1.936	no	no	no	yes
SoffiXsponR570.02Gg074700.v2.1	1.936	no	no	no	yes
SoffiXsponR570.09Eg040300.v2.1	1.935	no	no	no	yes
SoffiXsponR570.05Cg016600.v2.1	1.935	no	no	no	yes
SoffiXsponR570.01Eg003100.v2.1	1.934	no	no	no	yes
SoffiXsponR570.02Fg032000.v2.1	1.934	no	no	no	yes
SoffiXsponR570.07Bg156100.v2.1	1.934	no	no	no	yes
SoffiXsponR570.02Eg073500.v2.1	1.933	no	no	no	yes
SoffiXsponR570.05Eg117300.v2.1	1.933	no	no	no	yes
SoffiXsponR570.4us91g034200.v2.1	1.932	no	no	no	yes
SoffiXsponR570.02Fg252100.v2.1	1.932	no	no	no	yes
SoffiXsponR570.03Eg078500.v2.1	1.931	no	no	no	yes
SoffiXsponR570.08Ag131400.v2.1	1.931	no	no	no	yes
SoffiXsponR570.03Cg258500.v2.1	1.93	no	no	no	yes
SoffiXsponR570.05Cg051500.v2.1	1.929	no	no	no	yes
SoffiXsponR570.6_9Ag114000.v2.1	1.928	no	no	no	yes
SoffiXsponR570.04Fg055000.v2.1	1.928	no	no	no	yes
SoffiXsponR570.01Bg299100.v2.1	1.927	no	no	no	yes
SoffiXsponR570.03Cg221500.v2.1	1.927	no	no	no	yes
SoffiXsponR570.09Eg096000.v2.1	1.927	no	no	no	yes
SoffiXsponR570.03Ag122000.v2.1	1.927	no	no	no	yes
SoffiXsponR570.9os1g052800.v2.1	1.925	no	no	no	yes
SoffiXsponR570.06Fg163800.v2.1	1.925	no	no	no	yes
SoffiXsponR570.09Ag054700.v2.1	1.924	no	no	no	yes
SoffiXsponR570.03Gg147100.v2.1	1.924	no	no	no	yes
SoffiXsponR570.05Ag236400.v2.1	1.924	no	no	no	yes
SoffiXsponR570.05Cg324100.v2.1	1.923	no	no	no	yes
SoffiXsponR570.09Dg022100.v2.1	1.923	no	no	no	yes
SoffiXsponR570.7os1g025400.v2.1	1.922	no	no	no	yes
SoffiXsponR570.10Dg008900.v2.1	1.922	no	no	no	yes
SoffiXsponR570.04Ag164300.v2.1	1.922	no	no	no	yes
SoffiXsponR570.02Bg328700.v2.1	1.922	no	no	no	yes
SoffiXsponR570.09Ag171300.v2.1	1.922	no	no	no	yes
SoffiXsponR570.09Ag046600.v2.1	1.921	no	no	no	yes
SoffiXsponR570.04Eg107100.v2.1	1.921	no	no	no	yes
SoffiXsponR570.02Fg340500.v2.1	1.921	no	no	no	yes
SoffiXsponR570.04Eg131400.v2.1	1.92	no	no	no	yes
SoffiXsponR570.04Cg065800.v2.1	1.919	no	no	no	yes
SoffiXsponR570.03Dg076200.v2.1	1.919	no	no	no	yes
SoffiXsponR570.02Dg360000.v2.1	1.919	no	no	no	yes
SoffiXsponR570.10Cg130100.v2.1	1.919	no	no	no	yes
SoffiXsponR570.10Eg017000.v2.1	1.918	no	no	no	yes
SoffiXsponR570.10Fg057100.v2.1	1.917	no	no	no	yes
SoffiXsponR570.03Dg157500.v2.1	1.916	no	no	no	yes
SoffiXsponR570.8_10Ag315100.v2.1	1.916	no	yes	no	yes
SoffiXsponR570.7_10Ag309600.v2.1	1.916	no	no	no	yes
SoffiXsponR570.03Dg021300.v2.1	1.916	no	no	no	yes
SoffiXsponR570.04Ag148100.v2.1	1.916	no	no	no	yes
SoffiXsponR570.09Ag145200.v2.1	1.915	no	no	no	yes
SoffiXsponR570.09Bg156300.v2.1	1.914	no	no	no	yes
SoffiXsponR570.07Bg167500.v2.1	1.914	no	no	no	yes
SoffiXsponR570.01Bg161300.v2.1	1.914	no	no	no	yes
SoffiXsponR570.07Cg021600.v2.1	1.914	no	no	no	yes
SoffiXsponR570.06Ag087700.v2.1	1.913	no	no	no	yes
SoffiXsponR570.02Dg000100.v2.1	1.913	no	no	no	yes
SoffiXsponR570.01Eg161800.v2.1	1.912	no	no	no	yes
SoffiXsponR570.05Eg301100.v2.1	1.912	no	no	no	yes
SoffiXsponR570.05Gg143500.v2.1	1.912	no	no	no	yes
SoffiXsponR570.10Ag100300.v2.1	1.912	no	no	no	yes
SoffiXsponR570.09Eg113300.v2.1	1.91	no	no	no	yes
SoffiXsponR570.01Eg443200.v2.1	1.909	no	no	no	yes
SoffiXsponR570.10Cg159300.v2.1	1.909	no	no	no	yes
SoffiXsponR570.01Fg236700.v2.1	1.909	no	no	no	yes
SoffiXsponR570.09Bg017100.v2.1	1.909	no	no	no	yes
SoffiXsponR570.01Ag362800.v2.1	1.909	no	no	no	yes
SoffiXsponR570.04Eg028300.v2.1	1.909	no	no	no	yes
SoffiXsponR570.04Ag074400.v2.1	1.908	no	no	no	yes
SoffiXsponR570.03Ag223200.v2.1	1.908	yes	yes	yes	yes
SoffiXsponR570.10Dg066600.v2.1	1.908	no	no	no	yes
SoffiXsponR570.08Ag085700.v2.1	1.908	no	no	no	yes
SoffiXsponR570.03Gg114700.v2.1	1.907	no	no	no	yes
SoffiXsponR570.08Bg105900.v2.1	1.907	no	no	no	yes
SoffiXsponR570.6_9Ag143600.v2.1	1.907	no	no	no	yes
SoffiXsponR570.01Cg119400.v2.1	1.904	no	no	no	yes
SoffiXsponR570.05Dg337800.v2.1	1.904	no	no	no	yes
SoffiXsponR570.05Ag214900.v2.1	1.904	no	no	no	yes
SoffiXsponR570.02Ag324300.v2.1	1.903	no	no	no	yes
SoffiXsponR570.10Ag032800.v2.1	1.903	no	no	no	yes
SoffiXsponR570.02Dg132200.v2.1	1.902	no	no	no	yes
SoffiXsponR570.01Ag175600.v2.1	1.902	no	no	no	yes
SoffiXsponR570.6us88g113300.v2.1	1.902	no	no	no	yes
SoffiXsponR570.02Bg346500.v2.1	1.901	no	no	no	yes
SoffiXsponR570.05Ag052100.v2.1	1.901	no	no	no	yes
SoffiXsponR570.8_10Ag063400.v2.1	1.9	no	no	no	yes
SoffiXsponR570.01Eg399800.v2.1	1.9	no	no	no	yes
SoffiXsponR570.8_5Ag112500.v2.1	1.9	no	no	no	yes
SoffiXsponR570.05Cg208300.v2.1	1.9	no	no	no	yes
SoffiXsponR570.07Eg174200.v2.1	1.899	no	no	no	yes
SoffiXsponR570.01Bg310100.v2.1	1.898	no	no	no	yes
SoffiXsponR570.06Eg081400.v2.1	1.898	no	no	no	yes
SoffiXsponR570.01Bg500500.v2.1	1.897	no	no	no	yes
SoffiXsponR570.01Ag409100.v2.1	1.896	no	no	no	yes
SoffiXsponR570.05Cg128900.v2.1	1.896	no	no	no	yes
SoffiXsponR570.01Eg435300.v2.1	1.895	no	no	no	yes
SoffiXsponR570.05Gg134200.v2.1	1.895	no	no	no	yes
SoffiXsponR570.05Dg152500.v2.1	1.894	no	no	no	yes
SoffiXsponR570.02Gg083200.v2.1	1.893	no	no	no	yes
SoffiXsponR570.8_5Ag229400.v2.1	1.892	no	no	no	yes
SoffiXsponR570.03Bg013800.v2.1	1.892	no	no	no	yes
SoffiXsponR570.07Dg084600.v2.1	1.892	no	no	no	yes
SoffiXsponR570.05Cg213200.v2.1	1.891	no	no	no	yes
SoffiXsponR570.05Cg084300.v2.1	1.891	no	no	no	yes
SoffiXsponR570.05Eg300800.v2.1	1.891	no	no	no	yes
SoffiXsponR570.02Dg209100.v2.1	1.891	no	no	no	yes
SoffiXsponR570.02Dg070800.v2.1	1.891	no	no	no	yes
SoffiXsponR570.02Bg222400.v2.1	1.891	no	no	no	yes
SoffiXsponR570.03Eg046500.v2.1	1.89	no	no	no	yes
SoffiXsponR570.10Eg006700.v2.1	1.89	no	no	no	yes
SoffiXsponR570.8_5Ag248400.v2.1	1.889	no	no	no	yes
SoffiXsponR570.08Bg173500.v2.1	1.889	no	no	no	yes
SoffiXsponR570.01Cg358200.v2.1	1.889	no	no	no	yes
SoffiXsponR570.02Bg345700.v2.1	1.889	no	no	no	yes
SoffiXsponR570.09Ag044300.v2.1	1.889	no	no	no	yes
SoffiXsponR570.9os1g000600.v2.1	1.889	no	no	no	yes
SoffiXsponR570.07Ag204400.v2.1	1.888	no	no	no	yes
SoffiXsponR570.01Bg121300.v2.1	1.888	no	no	no	yes
SoffiXsponR570.5os1g000400.v2.1	1.888	no	no	no	yes
SoffiXsponR570.7_10Ag009500.v2.1	1.888	no	no	no	yes
SoffiXsponR570.06Bg031800.v2.1	1.888	no	no	no	yes
SoffiXsponR570.02Dg376500.v2.1	1.887	no	no	no	yes
SoffiXsponR570.04Bg144700.v2.1	1.886	no	no	no	yes
SoffiXsponR570.05Cg114500.v2.1	1.886	no	no	no	yes
SoffiXsponR570.05Dg380500.v2.1	1.886	no	no	no	yes
SoffiXsponR570.05Bg262300.v2.1	1.886	no	no	no	yes
SoffiXsponR570.10Dg046000.v2.1	1.886	no	no	no	yes
SoffiXsponR570.4us91g049200.v2.1	1.885	no	no	no	yes
SoffiXsponR570.02Bg098000.v2.1	1.885	no	no	no	yes
SoffiXsponR570.10Bg110500.v2.1	1.885	no	no	no	yes
SoffiXsponR570.7_10Ag051200.v2.1	1.885	no	yes	no	no
SoffiXsponR570.04Bg024100.v2.1	1.884	no	no	no	yes
SoffiXsponR570.01Fg224700.v2.1	1.884	no	no	no	yes
SoffiXsponR570.06Eg127200.v2.1	1.884	no	no	no	yes
SoffiXsponR570.10Eg012500.v2.1	1.884	no	no	no	yes
SoffiXsponR570.07Cg188100.v2.1	1.883	no	no	no	yes
SoffiXsponR570.08Eg005200.v2.1	1.882	no	no	no	yes
SoffiXsponR570.07Cg049300.v2.1	1.882	no	no	no	yes
SoffiXsponR570.05Eg344600.v2.1	1.882	no	no	no	yes
SoffiXsponR570.08Ag046600.v2.1	1.879	no	no	no	yes
SoffiXsponR570.7_10Ag332000.v2.1	1.879	no	no	no	yes
SoffiXsponR570.04Ag004300.v2.1	1.878	no	no	no	yes
SoffiXsponR570.02Gg075000.v2.1	1.878	no	no	no	yes
SoffiXsponR570.8_10Ag194500.v2.1	1.878	no	no	no	yes
SoffiXsponR570.02Ag231400.v2.1	1.877	no	no	no	yes
SoffiXsponR570.8_10Ag149400.v2.1	1.877	no	no	no	yes
SoffiXsponR570.10Cg184700.v2.1	1.877	no	no	no	yes
SoffiXsponR570.05Gg048800.v2.1	1.877	no	no	no	yes
SoffiXsponR570.08Dg057100.v2.1	1.877	no	no	no	yes
SoffiXsponR570.5_9Ag488800.v2.1	1.876	no	no	no	yes
SoffiXsponR570.02Ag183100.v2.1	1.876	no	no	no	yes
SoffiXsponR570.07Dg134800.v2.1	1.876	no	no	no	yes
SoffiXsponR570.07Eg201400.v2.1	1.876	no	no	no	yes
SoffiXsponR570.03Eg188300.v2.1	1.875	no	no	no	yes
SoffiXsponR570.01Fg241500.v2.1	1.875	no	no	no	yes
SoffiXsponR570.01Cg101400.v2.1	1.875	no	no	no	yes
SoffiXsponR570.01Ag392500.v2.1	1.874	no	no	no	yes
SoffiXsponR570.10Dg197200.v2.1	1.874	no	no	no	yes
SoffiXsponR570.05Cg121800.v2.1	1.873	no	no	no	yes
SoffiXsponR570.01Eg003700.v2.1	1.873	no	no	no	yes
SoffiXsponR570.10Ag092700.v2.1	1.873	no	no	no	yes
SoffiXsponR570.03Dg081500.v2.1	1.872	no	no	no	yes
SoffiXsponR570.07Dg206500.v2.1	1.871	no	no	no	yes
SoffiXsponR570.08Bg033200.v2.1	1.871	no	no	no	yes
SoffiXsponR570.02Bg080200.v2.1	1.871	no	no	no	yes
SoffiXsponR570.08Cg010200.v2.1	1.871	no	no	no	yes
SoffiXsponR570.05Cg076700.v2.1	1.869	no	no	no	yes
SoffiXsponR570.10Cg079700.v2.1	1.869	no	no	no	yes
SoffiXsponR570.06Ag004700.v2.1	1.869	no	no	no	yes
SoffiXsponR570.05Gg104200.v2.1	1.868	no	no	no	yes
SoffiXsponR570.10Bg048900.v2.1	1.868	no	no	no	yes
SoffiXsponR570.10Ag100600.v2.1	1.868	no	no	no	yes
SoffiXsponR570.02Dg378400.v2.1	1.868	no	no	no	yes
SoffiXsponR570.03Eg024300.v2.1	1.868	no	no	no	yes
SoffiXsponR570.04Dg123100.v2.1	1.868	no	no	no	yes
SoffiXsponR570.08Eg016400.v2.1	1.867	no	no	no	yes
SoffiXsponR570.05Ag163300.v2.1	1.867	no	no	no	yes
SoffiXsponR570.01Dg117800.v2.1	1.867	no	no	no	yes
SoffiXsponR570.06Gg127400.v2.1	1.867	no	no	no	yes
SoffiXsponR570.10Cg039100.v2.1	1.867	no	no	no	yes
SoffiXsponR570.03Gg129900.v2.1	1.866	no	no	no	yes
SoffiXsponR570.02Bg259000.v2.1	1.866	no	no	no	yes
SoffiXsponR570.02Eg019800.v2.1	1.866	no	no	no	yes
SoffiXsponR570.01Eg087700.v2.1	1.865	no	no	no	yes
SoffiXsponR570.06Dg103900.v2.1	1.864	no	no	no	yes
SoffiXsponR570.05Eg200700.v2.1	1.864	no	no	no	yes
SoffiXsponR570.9os1g061200.v2.1	1.864	no	no	no	yes
SoffiXsponR570.7os1g068400.v2.1	1.863	no	no	no	yes
SoffiXsponR570.8_10Ag245900.v2.1	1.863	no	no	no	yes
SoffiXsponR570.01Ag348200.v2.1	1.863	no	no	no	yes
SoffiXsponR570.03Bg255200.v2.1	1.862	no	no	no	yes
SoffiXsponR570.02Fg284900.v2.1	1.862	no	no	no	yes
SoffiXsponR570.05Bg138000.v2.1	1.861	no	no	no	yes
SoffiXsponR570.01Ag449800.v2.1	1.861	no	no	no	yes
SoffiXsponR570.02Fg152500.v2.1	1.861	no	no	no	yes
SoffiXsponR570.02Gg266200.v2.1	1.861	no	no	no	yes
SoffiXsponR570.04Eg075800.v2.1	1.861	no	no	no	yes
SoffiXsponR570.01Bg474200.v2.1	1.861	no	no	no	yes
SoffiXsponR570.01Cg317600.v2.1	1.86	no	no	no	yes
SoffiXsponR570.09Dg087100.v2.1	1.86	no	no	no	yes
SoffiXsponR570.01Cg325100.v2.1	1.86	no	no	no	yes
SoffiXsponR570.05Fg089500.v2.1	1.859	no	no	no	yes
SoffiXsponR570.6_9Ag317100.v2.1	1.859	no	no	no	yes
SoffiXsponR570.05Dg172500.v2.1	1.858	no	no	no	yes
SoffiXsponR570.02Gg015400.v2.1	1.858	no	no	no	yes
SoffiXsponR570.7_10Ag005700.v2.1	1.858	no	no	no	yes
SoffiXsponR570.04Bg153900.v2.1	1.857	no	no	no	yes
SoffiXsponR570.08Bg055700.v2.1	1.857	no	no	no	yes
SoffiXsponR570.1Z166000.v2.1	1.857	no	no	yes	no
SoffiXsponR570.02Bg063600.v2.1	1.857	no	no	no	yes
SoffiXsponR570.03Dg086500.v2.1	1.857	no	no	no	yes
SoffiXsponR570.8_10Ag333200.v2.1	1.857	no	no	no	yes
SoffiXsponR570.03Cg124900.v2.1	1.856	no	no	no	yes
SoffiXsponR570.03Ag209100.v2.1	1.856	no	no	no	yes
SoffiXsponR570.01Bg473800.v2.1	1.856	no	no	no	yes
SoffiXsponR570.05Gg028900.v2.1	1.856	no	no	no	yes
SoffiXsponR570.06Cg037700.v2.1	1.856	no	no	no	yes
SoffiXsponR570.02Eg309400.v2.1	1.856	no	no	no	yes
SoffiXsponR570.06Gg102700.v2.1	1.855	no	no	no	yes
SoffiXsponR570.03Cg117300.v2.1	1.853	no	no	no	yes
SoffiXsponR570.01Fg114800.v2.1	1.853	no	no	no	yes
SoffiXsponR570.10Ag204100.v2.1	1.853	no	no	no	yes
SoffiXsponR570.7_10Ag243200.v2.1	1.853	no	no	no	yes
SoffiXsponR570.06Fg014200.v2.1	1.853	no	no	no	yes
SoffiXsponR570.05Gg055100.v2.1	1.853	no	no	no	yes
SoffiXsponR570.09Bg047800.v2.1	1.852	no	no	no	yes
SoffiXsponR570.10Bg040400.v2.1	1.852	no	no	no	yes
SoffiXsponR570.07Dg206400.v2.1	1.852	no	no	no	yes
SoffiXsponR570.01Bg252600.v2.1	1.851	no	no	no	yes
SoffiXsponR570.01Cg290300.v2.1	1.851	no	no	no	yes
SoffiXsponR570.01Fg234400.v2.1	1.85	no	no	no	yes
SoffiXsponR570.6os1g002100.v2.1	1.849	no	no	no	yes
SoffiXsponR570.05Dg159200.v2.1	1.849	no	no	no	yes
SoffiXsponR570.01Bg269300.v2.1	1.849	no	no	no	yes
SoffiXsponR570.07Cg190700.v2.1	1.849	no	no	no	yes
SoffiXsponR570.05Cg107200.v2.1	1.848	no	no	no	yes
SoffiXsponR570.05Cg043000.v2.1	1.848	no	no	no	yes
SoffiXsponR570.03Eg287600.v2.1	1.848	no	no	no	yes
SoffiXsponR570.08Eg066800.v2.1	1.847	no	no	no	yes
SoffiXsponR570.03Ag259100.v2.1	1.847	no	no	no	yes
SoffiXsponR570.03Ag207800.v2.1	1.847	no	no	no	yes
SoffiXsponR570.03Eg276900.v2.1	1.846	no	no	no	yes
SoffiXsponR570.01Fg126100.v2.1	1.846	no	no	no	yes
SoffiXsponR570.01Ag169400.v2.1	1.845	no	no	no	yes
SoffiXsponR570.05Bg157800.v2.1	1.845	no	no	no	yes
SoffiXsponR570.06Cg053300.v2.1	1.845	no	no	no	yes
SoffiXsponR570.01Dg309500.v2.1	1.844	no	no	no	yes
SoffiXsponR570.01Dg278700.v2.1	1.844	no	yes	no	yes
SoffiXsponR570.08Ag117600.v2.1	1.844	no	no	no	yes
SoffiXsponR570.02Gg278600.v2.1	1.844	no	no	no	yes
SoffiXsponR570.05Fg293800.v2.1	1.844	no	no	no	yes
SoffiXsponR570.05Dg293600.v2.1	1.842	no	no	no	yes
SoffiXsponR570.10Dg055100.v2.1	1.841	no	no	no	yes
SoffiXsponR570.06Gg115900.v2.1	1.841	no	no	no	yes
SoffiXsponR570.05Cg033400.v2.1	1.841	no	no	no	yes
SoffiXsponR570.02Fg333300.v2.1	1.841	no	no	no	yes
SoffiXsponR570.04Eg005000.v2.1	1.84	no	no	no	yes
SoffiXsponR570.03Cg066700.v2.1	1.84	no	no	no	yes
SoffiXsponR570.05Bg344300.v2.1	1.84	no	no	no	yes
SoffiXsponR570.02Fg204300.v2.1	1.84	no	no	no	yes
SoffiXsponR570.6_9Ag176900.v2.1	1.84	no	no	no	yes
SoffiXsponR570.04Ag007500.v2.1	1.84	no	no	no	yes
SoffiXsponR570.10Bg146600.v2.1	1.839	no	no	no	yes
SoffiXsponR570.04Ag245800.v2.1	1.838	no	no	no	yes
SoffiXsponR570.10us89g088900.v2.1	1.838	no	no	no	yes
SoffiXsponR570.02Ag196000.v2.1	1.838	no	no	no	yes
SoffiXsponR570.04Bg243800.v2.1	1.838	no	no	no	yes
SoffiXsponR570.02Dg325200.v2.1	1.838	no	no	no	yes
SoffiXsponR570.05Eg174700.v2.1	1.838	no	no	no	yes
SoffiXsponR570.07Bg207100.v2.1	1.838	no	no	no	yes
SoffiXsponR570.05Eg010700.v2.1	1.837	no	no	no	yes
SoffiXsponR570.01Cg340500.v2.1	1.836	no	no	no	yes
SoffiXsponR570.05Ag329000.v2.1	1.836	no	no	no	yes
SoffiXsponR570.07Eg020600.v2.1	1.835	no	no	no	yes
SoffiXsponR570.03Cg045100.v2.1	1.835	no	no	no	yes
SoffiXsponR570.07Eg222800.v2.1	1.835	no	no	no	yes
SoffiXsponR570.7os1g049500.v2.1	1.834	no	no	no	yes
SoffiXsponR570.06Ag021200.v2.1	1.833	no	no	no	yes
SoffiXsponR570.08Dg092800.v2.1	1.832	no	no	no	yes
SoffiXsponR570.01Cg315700.v2.1	1.832	no	no	no	yes
SoffiXsponR570.02Gg295100.v2.1	1.831	no	no	no	yes
SoffiXsponR570.02Ag274200.v2.1	1.831	no	no	no	yes
SoffiXsponR570.01Ag097100.v2.1	1.83	no	no	no	yes
SoffiXsponR570.09Ag144400.v2.1	1.829	no	no	no	yes
SoffiXsponR570.04Bg158100.v2.1	1.829	no	no	no	yes
SoffiXsponR570.08Bg125900.v2.1	1.829	no	no	no	yes
SoffiXsponR570.02Eg089200.v2.1	1.828	no	no	no	yes
SoffiXsponR570.02Gg205900.v2.1	1.828	no	no	no	yes
SoffiXsponR570.04Bg069800.v2.1	1.828	no	no	no	yes
SoffiXsponR570.10Bg203700.v2.1	1.828	no	no	no	yes
SoffiXsponR570.08Dg134700.v2.1	1.827	no	no	no	yes
SoffiXsponR570.05Fg255600.v2.1	1.827	no	no	no	yes
SoffiXsponR570.02Eg279600.v2.1	1.826	no	no	no	yes
SoffiXsponR570.02Eg171400.v2.1	1.826	no	no	no	yes
SoffiXsponR570.02Cg123500.v2.1	1.826	no	no	no	yes
SoffiXsponR570.07Bg211200.v2.1	1.826	no	no	no	yes
SoffiXsponR570.05Fg087200.v2.1	1.825	no	no	no	yes
SoffiXsponR570.05Eg050300.v2.1	1.825	no	no	no	yes
SoffiXsponR570.01Ag355900.v2.1	1.824	no	no	no	yes
SoffiXsponR570.9os1g050000.v2.1	1.823	no	no	no	yes
SoffiXsponR570.06Cg107300.v2.1	1.823	no	no	no	yes
SoffiXsponR570.06Ag103400.v2.1	1.823	no	no	yes	yes
SoffiXsponR570.02Bg003900.v2.1	1.823	no	no	no	yes
SoffiXsponR570.5_9Ag244800.v2.1	1.823	no	no	no	yes
SoffiXsponR570.06Cg046600.v2.1	1.822	no	no	no	yes
SoffiXsponR570.02Eg185500.v2.1	1.822	no	no	no	yes
SoffiXsponR570.09Cg119200.v2.1	1.821	no	no	no	yes
SoffiXsponR570.10Bg067600.v2.1	1.821	no	no	no	yes
SoffiXsponR570.10Eg061000.v2.1	1.821	no	no	no	yes
SoffiXsponR570.7_10Ag140200.v2.1	1.821	no	no	no	yes
SoffiXsponR570.10Ag098300.v2.1	1.821	no	no	no	yes
SoffiXsponR570.04Gg070900.v2.1	1.821	no	no	no	yes
SoffiXsponR570.04Ag003600.v2.1	1.82	no	no	no	yes
SoffiXsponR570.03Fg086200.v2.1	1.82	no	no	no	yes
SoffiXsponR570.8_5Ag085600.v2.1	1.82	no	no	no	yes
SoffiXsponR570.05Eg058900.v2.1	1.818	no	no	no	yes
SoffiXsponR570.03Bg203100.v2.1	1.818	no	no	no	yes
SoffiXsponR570.03Cg336700.v2.1	1.817	no	no	no	yes
SoffiXsponR570.08Cg051500.v2.1	1.817	no	no	no	yes
SoffiXsponR570.10Cg168200.v2.1	1.816	no	no	yes	yes
SoffiXsponR570.07Bg082700.v2.1	1.816	no	no	no	yes
SoffiXsponR570.05Cg286100.v2.1	1.815	no	no	yes	yes
SoffiXsponR570.02Eg011400.v2.1	1.814	no	no	no	yes
SoffiXsponR570.05Bg117100.v2.1	1.814	no	no	no	yes
SoffiXsponR570.10us89g025200.v2.1	1.813	no	no	no	yes
SoffiXsponR570.05Gg141700.v2.1	1.813	no	no	no	yes
SoffiXsponR570.05Ag319500.v2.1	1.813	no	no	no	yes
SoffiXsponR570.01Fg070200.v2.1	1.813	no	no	no	yes
SoffiXsponR570.04Dg107700.v2.1	1.813	no	no	no	yes
SoffiXsponR570.03Cg266600.v2.1	1.812	no	no	no	yes
SoffiXsponR570.02Dg348600.v2.1	1.812	no	no	no	yes
SoffiXsponR570.05Gg160200.v2.1	1.811	no	no	no	yes
SoffiXsponR570.06Ag153700.v2.1	1.811	no	no	no	yes
SoffiXsponR570.05Cg376400.v2.1	1.811	no	no	no	yes
SoffiXsponR570.01Bg491600.v2.1	1.811	no	no	no	yes
SoffiXsponR570.8_5Ag045600.v2.1	1.809	no	no	no	yes
SoffiXsponR570.05Fg213600.v2.1	1.809	no	no	no	yes
SoffiXsponR570.07Cg084800.v2.1	1.809	no	no	no	yes
SoffiXsponR570.05Ag061300.v2.1	1.808	no	yes	no	no
SoffiXsponR570.03Ag104500.v2.1	1.808	no	no	no	yes
SoffiXsponR570.10Bg151000.v2.1	1.808	no	no	no	yes
SoffiXsponR570.06Ag109400.v2.1	1.808	no	no	no	yes
SoffiXsponR570.05Gg032800.v2.1	1.807	no	no	no	yes
SoffiXsponR570.03Gg129000.v2.1	1.806	no	no	no	yes
SoffiXsponR570.03Ag317500.v2.1	1.806	no	no	no	yes
SoffiXsponR570.5_9Ag256600.v2.1	1.806	no	no	no	yes
SoffiXsponR570.04Fg161500.v2.1	1.806	no	no	yes	yes
SoffiXsponR570.06Fg126700.v2.1	1.806	no	no	no	yes
SoffiXsponR570.05Eg301500.v2.1	1.805	no	no	no	yes
SoffiXsponR570.06Fg055700.v2.1	1.805	no	no	no	yes
SoffiXsponR570.9os1g061600.v2.1	1.805	no	no	no	yes
SoffiXsponR570.01Bg395500.v2.1	1.805	no	no	no	yes
SoffiXsponR570.05Fg066900.v2.1	1.804	no	no	no	yes
SoffiXsponR570.02Dg053500.v2.1	1.803	no	no	no	yes
SoffiXsponR570.09Bg028000.v2.1	1.803	no	no	no	yes
SoffiXsponR570.01Dg116400.v2.1	1.803	no	no	no	yes
SoffiXsponR570.01Cg130400.v2.1	1.803	no	no	no	yes
SoffiXsponR570.04Bg100200.v2.1	1.803	no	no	no	yes
SoffiXsponR570.02Cg065200.v2.1	1.802	no	no	no	yes
SoffiXsponR570.05Cg013400.v2.1	1.802	no	no	no	yes
SoffiXsponR570.07Cg150200.v2.1	1.8	no	no	no	yes
SoffiXsponR570.01Dg353800.v2.1	1.8	no	no	no	yes
SoffiXsponR570.01Bg071600.v2.1	1.799	no	no	no	yes
SoffiXsponR570.04Bg110100.v2.1	1.799	no	no	no	yes
SoffiXsponR570.05Bg047700.v2.1	1.799	no	no	no	yes
SoffiXsponR570.07Ag006900.v2.1	1.798	no	no	no	yes
SoffiXsponR570.03Gg044700.v2.1	1.798	no	no	no	yes
SoffiXsponR570.5_9Ag264300.v2.1	1.798	no	no	no	yes
SoffiXsponR570.07Ag227100.v2.1	1.797	no	no	no	yes
SoffiXsponR570.09Dg094100.v2.1	1.796	no	no	no	yes
SoffiXsponR570.04Cg141000.v2.1	1.795	no	no	no	yes
SoffiXsponR570.02Fg348400.v2.1	1.794	no	no	no	yes
SoffiXsponR570.02Cg119200.v2.1	1.794	no	no	no	yes
SoffiXsponR570.02Eg113200.v2.1	1.794	no	no	no	yes
SoffiXsponR570.10Cg137500.v2.1	1.794	no	no	no	yes
SoffiXsponR570.08Cg054700.v2.1	1.794	no	no	no	yes
SoffiXsponR570.05Dg019100.v2.1	1.794	no	no	no	yes
SoffiXsponR570.02Eg076900.v2.1	1.794	no	no	no	yes
SoffiXsponR570.3os5g001300.v2.1	1.794	no	no	no	yes
SoffiXsponR570.05Fg155800.v2.1	1.792	no	no	no	yes
SoffiXsponR570.01Fg276600.v2.1	1.792	no	no	no	yes
SoffiXsponR570.09Bg111200.v2.1	1.792	no	no	no	yes
SoffiXsponR570.01Eg023000.v2.1	1.792	no	no	no	yes
SoffiXsponR570.03Bg257000.v2.1	1.791	no	no	no	yes
SoffiXsponR570.01Bg216300.v2.1	1.791	no	no	no	yes
SoffiXsponR570.06Dg114500.v2.1	1.79	no	no	no	yes
SoffiXsponR570.04Eg140100.v2.1	1.79	no	no	no	yes
SoffiXsponR570.5_9Ag034100.v2.1	1.79	no	no	no	yes
SoffiXsponR570.05Fg007600.v2.1	1.789	no	no	no	yes
SoffiXsponR570.01Cg335700.v2.1	1.789	no	no	no	yes
SoffiXsponR570.10Bg100000.v2.1	1.789	no	no	no	yes
SoffiXsponR570.05Gg177200.v2.1	1.789	no	no	no	yes
SoffiXsponR570.03Eg009900.v2.1	1.789	no	no	no	yes
SoffiXsponR570.05Ag152300.v2.1	1.789	no	no	no	yes
SoffiXsponR570.02Fg058400.v2.1	1.788	no	no	no	yes
SoffiXsponR570.02Fg303700.v2.1	1.787	no	no	no	yes
SoffiXsponR570.09Eg010400.v2.1	1.787	no	no	no	yes
SoffiXsponR570.09Eg100200.v2.1	1.787	no	no	no	yes
SoffiXsponR570.02Eg385800.v2.1	1.786	no	yes	no	no
SoffiXsponR570.10Bg188500.v2.1	1.786	no	no	no	yes
SoffiXsponR570.01Eg380200.v2.1	1.785	no	no	no	yes
SoffiXsponR570.05Ag309400.v2.1	1.785	no	no	no	yes
SoffiXsponR570.01Ag166700.v2.1	1.785	no	no	no	yes
SoffiXsponR570.02Bg079800.v2.1	1.784	no	no	no	yes
SoffiXsponR570.10Ag016900.v2.1	1.784	no	no	no	yes
SoffiXsponR570.04Eg036900.v2.1	1.784	no	no	no	yes
SoffiXsponR570.02Eg090000.v2.1	1.784	no	no	no	yes
SoffiXsponR570.04Ag265200.v2.1	1.783	no	no	no	yes
SoffiXsponR570.08Eg119300.v2.1	1.783	no	no	no	yes
SoffiXsponR570.05Ag311400.v2.1	1.783	no	no	no	yes
SoffiXsponR570.08Cg073800.v2.1	1.783	no	no	no	yes
SoffiXsponR570.04Cg254000.v2.1	1.782	no	no	no	yes
SoffiXsponR570.05Ag331400.v2.1	1.782	no	no	no	yes
SoffiXsponR570.04Cg226900.v2.1	1.782	no	no	no	yes
SoffiXsponR570.05Eg324200.v2.1	1.782	no	no	no	yes
SoffiXsponR570.05Dg374900.v2.1	1.782	no	no	no	yes
SoffiXsponR570.09Eg007300.v2.1	1.781	no	no	no	yes
SoffiXsponR570.02Bg391600.v2.1	1.781	no	no	no	yes
SoffiXsponR570.8_5Ag166800.v2.1	1.78	no	no	no	yes
SoffiXsponR570.10Bg026800.v2.1	1.779	no	no	no	yes
SoffiXsponR570.02Bg013800.v2.1	1.779	no	no	no	yes
SoffiXsponR570.08Dg100600.v2.1	1.779	no	no	no	yes
SoffiXsponR570.09Dg096500.v2.1	1.779	no	no	no	yes
SoffiXsponR570.07Ag179700.v2.1	1.778	no	no	no	yes
SoffiXsponR570.04Dg103400.v2.1	1.778	no	no	no	yes
SoffiXsponR570.06Eg061700.v2.1	1.778	no	no	no	yes
SoffiXsponR570.06Bg041000.v2.1	1.778	no	no	no	yes
SoffiXsponR570.02Dg397300.v2.1	1.777	no	no	no	yes
SoffiXsponR570.05Eg104900.v2.1	1.777	no	no	no	yes
SoffiXsponR570.01Eg371500.v2.1	1.777	no	no	no	yes
SoffiXsponR570.01Ag302000.v2.1	1.777	no	no	no	yes
SoffiXsponR570.07Dg125600.v2.1	1.777	no	no	yes	yes
SoffiXsponR570.05Bg095700.v2.1	1.776	no	no	no	yes
SoffiXsponR570.05Eg064700.v2.1	1.775	no	no	no	yes
SoffiXsponR570.08Cg006800.v2.1	1.775	no	no	no	yes
SoffiXsponR570.05Eg215800.v2.1	1.775	no	no	no	yes
SoffiXsponR570.03Bg159400.v2.1	1.774	no	no	no	yes
SoffiXsponR570.02Ag279800.v2.1	1.774	no	no	no	yes
SoffiXsponR570.9os1g059000.v2.1	1.773	no	no	no	yes
SoffiXsponR570.08Ag112700.v2.1	1.773	no	no	no	yes
SoffiXsponR570.06Fg009500.v2.1	1.771	no	no	no	yes
SoffiXsponR570.04Eg082800.v2.1	1.771	no	no	no	yes
SoffiXsponR570.8_10Ag081400.v2.1	1.771	no	no	no	yes
SoffiXsponR570.01Fg256500.v2.1	1.771	no	no	no	yes
SoffiXsponR570.09Eg067500.v2.1	1.771	no	no	no	yes
SoffiXsponR570.07Cg171800.v2.1	1.771	no	no	no	yes
SoffiXsponR570.09Eg003600.v2.1	1.771	no	no	no	yes
SoffiXsponR570.03Cg274500.v2.1	1.771	no	no	yes	yes
SoffiXsponR570.07Eg070300.v2.1	1.77	no	no	no	yes
SoffiXsponR570.02Eg160500.v2.1	1.77	no	no	no	yes
SoffiXsponR570.03Cg054000.v2.1	1.768	no	no	no	yes
SoffiXsponR570.09Cg070900.v2.1	1.768	no	no	no	yes
SoffiXsponR570.09Ag008200.v2.1	1.768	no	no	no	yes
SoffiXsponR570.02Bg090600.v2.1	1.768	no	no	no	yes
SoffiXsponR570.07Cg275500.v2.1	1.767	no	no	no	yes
SoffiXsponR570.02Dg377100.v2.1	1.767	no	no	yes	no
SoffiXsponR570.10Eg002700.v2.1	1.767	no	no	no	yes
SoffiXsponR570.8_5Ag164700.v2.1	1.766	no	no	no	yes
SoffiXsponR570.03Cg269600.v2.1	1.766	no	no	no	yes
SoffiXsponR570.07Bg000500.v2.1	1.766	no	no	no	yes
SoffiXsponR570.09Bg125600.v2.1	1.765	no	no	no	yes
SoffiXsponR570.05Cg040800.v2.1	1.765	no	no	no	yes
SoffiXsponR570.04Fg038300.v2.1	1.765	no	no	no	yes
SoffiXsponR570.06Gg117600.v2.1	1.765	no	no	no	yes
SoffiXsponR570.9os1g009000.v2.1	1.765	no	no	no	yes
SoffiXsponR570.10Fg061700.v2.1	1.765	no	no	no	yes
SoffiXsponR570.02Dg171400.v2.1	1.764	no	no	no	yes
SoffiXsponR570.06Fg070000.v2.1	1.764	no	no	no	yes
SoffiXsponR570.02Eg105400.v2.1	1.764	no	no	no	yes
SoffiXsponR570.06Ag168600.v2.1	1.764	no	no	no	yes
SoffiXsponR570.1Z171600.v2.1	1.763	no	no	no	yes
SoffiXsponR570.09Eg043500.v2.1	1.763	no	no	no	yes
SoffiXsponR570.01Cg354900.v2.1	1.763	no	no	no	yes
SoffiXsponR570.01Ag126700.v2.1	1.763	no	no	no	yes
SoffiXsponR570.10Dg066800.v2.1	1.763	no	no	no	yes
SoffiXsponR570.03Cg198900.v2.1	1.763	no	no	no	yes
SoffiXsponR570.05Fg320100.v2.1	1.762	no	no	no	yes
SoffiXsponR570.09Cg055100.v2.1	1.761	no	no	no	yes
SoffiXsponR570.1Z134900.v2.1	1.761	no	no	no	yes
SoffiXsponR570.06Ag090400.v2.1	1.76	no	no	no	yes
SoffiXsponR570.01Eg226800.v2.1	1.76	no	no	no	yes
SoffiXsponR570.09Cg008300.v2.1	1.76	no	no	no	yes
SoffiXsponR570.10Fg015700.v2.1	1.76	no	no	no	yes
SoffiXsponR570.07Cg037500.v2.1	1.76	no	yes	no	yes
SoffiXsponR570.06Cg069700.v2.1	1.76	no	no	no	yes
SoffiXsponR570.07Ag246300.v2.1	1.759	no	no	no	yes
SoffiXsponR570.05Cg108900.v2.1	1.759	no	no	no	yes
SoffiXsponR570.08Ag163400.v2.1	1.759	no	no	no	yes
SoffiXsponR570.02Eg364900.v2.1	1.758	no	no	no	yes
SoffiXsponR570.10Dg164500.v2.1	1.758	no	no	no	yes
SoffiXsponR570.02Dg177100.v2.1	1.756	no	no	no	yes
SoffiXsponR570.10Bg023800.v2.1	1.756	no	no	no	yes
SoffiXsponR570.01Ag158600.v2.1	1.756	no	no	no	yes
SoffiXsponR570.03Cg217000.v2.1	1.756	no	no	no	yes
SoffiXsponR570.07Bg109300.v2.1	1.756	no	no	no	yes
SoffiXsponR570.8_5Ag145000.v2.1	1.756	no	no	no	yes
SoffiXsponR570.05Bg283000.v2.1	1.756	no	no	no	yes
SoffiXsponR570.04Fg153500.v2.1	1.755	no	no	no	yes
SoffiXsponR570.06Fg034500.v2.1	1.755	no	no	no	yes
SoffiXsponR570.8_10Ag337600.v2.1	1.755	no	no	no	yes
SoffiXsponR570.6us88g027000.v2.1	1.754	no	yes	no	no
SoffiXsponR570.03Eg007800.v2.1	1.754	no	no	no	yes
SoffiXsponR570.5_9Ag095100.v2.1	1.754	no	no	no	yes
SoffiXsponR570.01Dg232800.v2.1	1.754	no	no	no	yes
SoffiXsponR570.10Dg003100.v2.1	1.753	no	no	no	yes
SoffiXsponR570.08Dg075600.v2.1	1.752	no	no	no	yes
SoffiXsponR570.09Ag149600.v2.1	1.752	no	no	no	yes
SoffiXsponR570.06Bg018600.v2.1	1.752	no	no	no	yes
SoffiXsponR570.1os3g001100.v2.1	1.752	no	no	no	yes
SoffiXsponR570.04Dg189100.v2.1	1.751	no	no	no	yes
SoffiXsponR570.02Ag015200.v2.1	1.751	no	no	no	yes
SoffiXsponR570.7_10Ag010700.v2.1	1.751	no	no	no	yes
SoffiXsponR570.02Gg196000.v2.1	1.751	no	no	no	yes
SoffiXsponR570.04Cg108200.v2.1	1.751	no	no	no	yes
SoffiXsponR570.02Gg265100.v2.1	1.75	no	no	no	yes
SoffiXsponR570.05Gg094100.v2.1	1.75	no	yes	no	yes
SoffiXsponR570.03Eg261900.v2.1	1.749	no	no	no	yes
SoffiXsponR570.05Dg296400.v2.1	1.749	no	no	no	yes
SoffiXsponR570.02Dg261800.v2.1	1.749	no	no	no	yes
SoffiXsponR570.06Ag211100.v2.1	1.748	no	no	no	yes
SoffiXsponR570.06Ag119500.v2.1	1.748	no	no	no	yes
SoffiXsponR570.03Eg014900.v2.1	1.748	no	no	no	yes
SoffiXsponR570.02Fg182600.v2.1	1.748	no	no	no	yes
SoffiXsponR570.05Dg345600.v2.1	1.747	no	no	no	yes
SoffiXsponR570.05Cg182700.v2.1	1.747	no	no	no	yes
SoffiXsponR570.08Cg197600.v2.1	1.747	no	no	no	yes
SoffiXsponR570.04Cg212900.v2.1	1.746	no	no	no	yes
SoffiXsponR570.05Eg339800.v2.1	1.746	no	no	no	yes
SoffiXsponR570.05Ag188700.v2.1	1.746	no	no	no	yes
SoffiXsponR570.01Dg312100.v2.1	1.746	no	no	no	yes
SoffiXsponR570.03Fg144800.v2.1	1.745	no	no	no	yes
SoffiXsponR570.5_9Ag460200.v2.1	1.745	no	no	no	yes
SoffiXsponR570.01Fg291700.v2.1	1.745	no	no	no	yes
SoffiXsponR570.04Ag270800.v2.1	1.743	no	no	no	yes
SoffiXsponR570.03Bg051500.v2.1	1.743	no	no	no	yes
SoffiXsponR570.07Ag161600.v2.1	1.743	no	no	no	yes
SoffiXsponR570.02Eg070100.v2.1	1.743	no	no	no	yes
SoffiXsponR570.02Gg006700.v2.1	1.743	no	no	no	yes
SoffiXsponR570.06Bg020700.v2.1	1.743	no	no	no	yes
SoffiXsponR570.05Bg143400.v2.1	1.741	no	no	no	yes
SoffiXsponR570.03Ag161900.v2.1	1.741	no	no	no	yes
SoffiXsponR570.05Bg233500.v2.1	1.74	no	no	no	yes
SoffiXsponR570.09Cg110000.v2.1	1.74	no	no	no	yes
SoffiXsponR570.04Bg119900.v2.1	1.74	no	no	no	yes
SoffiXsponR570.7os1g005300.v2.1	1.739	no	no	no	yes
SoffiXsponR570.09Cg131000.v2.1	1.739	no	no	no	yes
SoffiXsponR570.06Ag064300.v2.1	1.739	no	no	no	yes
SoffiXsponR570.03Cg092500.v2.1	1.738	no	no	no	yes
SoffiXsponR570.05Bg007700.v2.1	1.738	no	no	no	yes
SoffiXsponR570.1os1g012500.v2.1	1.738	no	no	no	yes
SoffiXsponR570.05Ag066900.v2.1	1.737	no	yes	no	yes
SoffiXsponR570.01Dg320300.v2.1	1.737	no	no	no	yes
SoffiXsponR570.03Bg102200.v2.1	1.736	no	no	no	yes
SoffiXsponR570.08Cg009700.v2.1	1.736	no	no	no	yes
SoffiXsponR570.09Dg038100.v2.1	1.736	no	no	no	yes
SoffiXsponR570.05Eg185700.v2.1	1.735	no	no	no	yes
SoffiXsponR570.10Eg030500.v2.1	1.734	no	no	no	yes
SoffiXsponR570.02Ag003300.v2.1	1.734	no	no	no	yes
SoffiXsponR570.02Eg230500.v2.1	1.733	no	no	no	yes
SoffiXsponR570.05Fg050000.v2.1	1.733	no	no	no	yes
SoffiXsponR570.05Fg145500.v2.1	1.732	no	no	no	yes
SoffiXsponR570.01Ag319500.v2.1	1.731	no	no	no	yes
SoffiXsponR570.05Eg071400.v2.1	1.73	no	no	no	yes
SoffiXsponR570.05Dg355600.v2.1	1.73	no	no	no	yes
SoffiXsponR570.05Dg256100.v2.1	1.73	no	no	no	yes
SoffiXsponR570.05Ag364700.v2.1	1.73	no	no	no	yes
SoffiXsponR570.08Ag140900.v2.1	1.729	no	yes	no	yes
SoffiXsponR570.01Eg222200.v2.1	1.728	no	no	no	yes
SoffiXsponR570.05Fg024900.v2.1	1.728	no	no	no	yes
SoffiXsponR570.5_9Ag274100.v2.1	1.728	no	no	no	yes
SoffiXsponR570.03Ag196600.v2.1	1.728	no	no	no	yes
SoffiXsponR570.03Fg023400.v2.1	1.727	no	no	no	yes
SoffiXsponR570.04Eg133600.v2.1	1.727	no	no	no	yes
SoffiXsponR570.03Bg302700.v2.1	1.727	no	no	no	yes
SoffiXsponR570.01Cg227400.v2.1	1.727	no	no	no	yes
SoffiXsponR570.06Cg032900.v2.1	1.726	no	no	no	yes
SoffiXsponR570.01Dg336900.v2.1	1.726	no	no	no	yes
SoffiXsponR570.01Cg149900.v2.1	1.725	no	no	no	yes
SoffiXsponR570.8_5Ag109600.v2.1	1.725	no	no	no	yes
SoffiXsponR570.05Cg074500.v2.1	1.725	no	no	no	yes
SoffiXsponR570.01Eg375400.v2.1	1.725	no	no	no	yes
SoffiXsponR570.5_9Ag051500.v2.1	1.725	no	no	no	yes
SoffiXsponR570.05Bg199300.v2.1	1.725	no	no	no	yes
SoffiXsponR570.05Gg146500.v2.1	1.725	no	no	no	yes
SoffiXsponR570.5_9Ag099000.v2.1	1.725	no	no	no	yes
SoffiXsponR570.05Bg358600.v2.1	1.724	no	no	no	yes
SoffiXsponR570.10os1g054200.v2.1	1.724	no	no	no	yes
SoffiXsponR570.05Dg344900.v2.1	1.724	no	no	no	yes
SoffiXsponR570.8_10Ag015500.v2.1	1.723	no	no	no	yes
SoffiXsponR570.10Eg112100.v2.1	1.723	no	no	no	yes
SoffiXsponR570.8_5Ag218200.v2.1	1.722	no	no	no	yes
SoffiXsponR570.03Bg231400.v2.1	1.722	no	no	no	yes
SoffiXsponR570.03Cg041700.v2.1	1.722	no	no	no	yes
SoffiXsponR570.01Eg406000.v2.1	1.722	no	no	no	yes
SoffiXsponR570.08Ag118600.v2.1	1.721	no	no	no	yes
SoffiXsponR570.09Eg109800.v2.1	1.721	no	no	no	yes
SoffiXsponR570.03Ag082300.v2.1	1.72	no	no	no	yes
SoffiXsponR570.5_9Ag101700.v2.1	1.72	no	no	no	yes
SoffiXsponR570.07Bg039500.v2.1	1.719	no	no	no	yes
SoffiXsponR570.05Bg281500.v2.1	1.718	no	no	no	yes
SoffiXsponR570.03Bg226900.v2.1	1.718	no	no	no	yes
SoffiXsponR570.7_10Ag224500.v2.1	1.717	no	no	no	yes
SoffiXsponR570.07Ag088000.v2.1	1.716	no	no	no	yes
SoffiXsponR570.05Ag352900.v2.1	1.716	no	no	no	yes
SoffiXsponR570.08Cg205400.v2.1	1.715	no	no	no	yes
SoffiXsponR570.01Fg268500.v2.1	1.715	no	no	no	yes
SoffiXsponR570.01Ag410600.v2.1	1.715	no	no	no	yes
SoffiXsponR570.5_9Ag399100.v2.1	1.715	no	no	no	yes
SoffiXsponR570.5_9Ag288800.v2.1	1.714	no	no	no	yes
SoffiXsponR570.02Eg140600.v2.1	1.713	no	no	no	yes
SoffiXsponR570.10Cg031100.v2.1	1.713	no	no	no	yes
SoffiXsponR570.02Eg003300.v2.1	1.713	no	no	no	yes
SoffiXsponR570.04Fg026800.v2.1	1.712	no	no	no	yes
SoffiXsponR570.02Fg237100.v2.1	1.712	no	no	no	yes
SoffiXsponR570.08Ag144900.v2.1	1.712	no	no	no	yes
SoffiXsponR570.8_10Ag071000.v2.1	1.711	no	no	no	yes
SoffiXsponR570.02Cg148100.v2.1	1.711	no	no	no	yes
SoffiXsponR570.05Ag018500.v2.1	1.71	no	no	no	yes
SoffiXsponR570.03Ag106500.v2.1	1.71	no	no	no	yes
SoffiXsponR570.03Ag170000.v2.1	1.709	no	no	no	yes
SoffiXsponR570.04Ag129900.v2.1	1.709	no	no	no	yes
SoffiXsponR570.07Ag004700.v2.1	1.707	no	no	no	yes
SoffiXsponR570.03Fg014700.v2.1	1.707	no	no	no	yes
SoffiXsponR570.02Eg288900.v2.1	1.706	no	no	no	yes
SoffiXsponR570.05Eg249100.v2.1	1.706	no	no	no	yes
SoffiXsponR570.02Fg304900.v2.1	1.705	no	no	no	yes
SoffiXsponR570.04Ag142700.v2.1	1.704	no	no	no	yes
SoffiXsponR570.06Eg027200.v2.1	1.704	no	no	no	yes
SoffiXsponR570.7_10Ag104400.v2.1	1.703	no	no	no	yes
SoffiXsponR570.01Dg288700.v2.1	1.702	no	no	no	yes
SoffiXsponR570.06Ag005600.v2.1	1.702	no	no	no	yes
SoffiXsponR570.7_10Ag025500.v2.1	1.702	no	no	no	yes
SoffiXsponR570.01Cg019900.v2.1	1.702	no	no	no	yes
SoffiXsponR570.8_5Ag082900.v2.1	1.701	no	no	no	yes
SoffiXsponR570.08Dg076800.v2.1	1.701	no	no	no	yes
SoffiXsponR570.03Cg257500.v2.1	1.701	no	no	no	yes
SoffiXsponR570.09Dg050600.v2.1	1.7	no	no	no	yes
SoffiXsponR570.06Eg107900.v2.1	1.699	no	no	no	yes
SoffiXsponR570.02Gg249800.v2.1	1.699	no	no	no	yes
SoffiXsponR570.06Eg014800.v2.1	1.697	no	no	no	yes
SoffiXsponR570.02Ag295700.v2.1	1.697	no	no	no	yes
SoffiXsponR570.09Eg068900.v2.1	1.697	no	no	no	yes
SoffiXsponR570.05Dg082700.v2.1	1.696	no	no	no	yes
SoffiXsponR570.02Eg011000.v2.1	1.696	no	no	no	yes
SoffiXsponR570.03Fg141600.v2.1	1.696	no	no	no	yes
SoffiXsponR570.01Eg337400.v2.1	1.695	no	no	no	yes
SoffiXsponR570.02Gg219800.v2.1	1.695	no	no	no	yes
SoffiXsponR570.02Fg316500.v2.1	1.694	no	no	no	yes
SoffiXsponR570.02Bg343100.v2.1	1.693	no	no	no	yes
SoffiXsponR570.04Dg157900.v2.1	1.693	no	no	no	yes
SoffiXsponR570.05Cg167300.v2.1	1.693	no	no	no	yes
SoffiXsponR570.01Dg142700.v2.1	1.692	no	no	no	yes
SoffiXsponR570.6us88g032100.v2.1	1.691	no	yes	no	no
SoffiXsponR570.01Eg213100.v2.1	1.689	no	no	no	yes
SoffiXsponR570.08Dg119200.v2.1	1.687	no	no	no	yes
SoffiXsponR570.03Dg284400.v2.1	1.687	no	no	no	yes
SoffiXsponR570.10Fg036900.v2.1	1.686	no	no	no	yes
SoffiXsponR570.02Ag326700.v2.1	1.686	no	no	no	yes
SoffiXsponR570.01Bg060500.v2.1	1.686	no	no	no	yes
SoffiXsponR570.10Dg021700.v2.1	1.686	no	no	no	yes
SoffiXsponR570.08Bg173200.v2.1	1.686	no	no	no	yes
SoffiXsponR570.06Ag202500.v2.1	1.685	no	no	no	yes
SoffiXsponR570.02Bg222100.v2.1	1.685	no	no	no	yes
SoffiXsponR570.08Cg204700.v2.1	1.685	no	no	no	yes
SoffiXsponR570.05Ag155500.v2.1	1.685	no	no	no	yes
SoffiXsponR570.06Ag108400.v2.1	1.685	no	no	no	yes
SoffiXsponR570.05Dg135100.v2.1	1.685	no	no	no	yes
SoffiXsponR570.8_10Ag068400.v2.1	1.684	no	no	no	yes
SoffiXsponR570.5_9Ag351800.v2.1	1.684	no	no	no	yes
SoffiXsponR570.06Bg004100.v2.1	1.684	no	no	no	yes
SoffiXsponR570.02Bg201000.v2.1	1.684	no	no	no	yes
SoffiXsponR570.04Bg150200.v2.1	1.684	no	no	no	yes
SoffiXsponR570.06Ag025900.v2.1	1.683	no	no	no	yes
SoffiXsponR570.01Eg404500.v2.1	1.683	no	no	no	yes
SoffiXsponR570.02Gg235500.v2.1	1.683	no	no	no	yes
SoffiXsponR570.09Dg093900.v2.1	1.682	no	no	no	yes
SoffiXsponR570.6os1g001900.v2.1	1.682	no	no	no	yes
SoffiXsponR570.04Cg057500.v2.1	1.681	no	no	no	yes
SoffiXsponR570.02Dg250100.v2.1	1.681	no	no	no	yes
SoffiXsponR570.05Fg226200.v2.1	1.681	no	no	no	yes
SoffiXsponR570.04Cg177000.v2.1	1.68	no	no	no	yes
SoffiXsponR570.7_10Ag356800.v2.1	1.68	no	no	no	yes
SoffiXsponR570.03Eg248700.v2.1	1.68	no	no	no	yes
SoffiXsponR570.02Cg167200.v2.1	1.68	no	no	no	yes
SoffiXsponR570.08Cg092200.v2.1	1.679	no	no	no	yes
SoffiXsponR570.03Bg027100.v2.1	1.678	no	no	no	yes
SoffiXsponR570.02Cg413400.v2.1	1.678	no	no	no	yes
SoffiXsponR570.02Fg341200.v2.1	1.678	no	no	no	yes
SoffiXsponR570.08Ag217600.v2.1	1.678	no	no	no	yes
SoffiXsponR570.06Ag165200.v2.1	1.677	no	no	no	yes
SoffiXsponR570.02Cg392600.v2.1	1.677	no	no	no	yes
SoffiXsponR570.07Ag138600.v2.1	1.677	no	no	no	yes
SoffiXsponR570.02Ag126400.v2.1	1.677	no	no	no	yes
SoffiXsponR570.09Bg120700.v2.1	1.676	no	no	no	yes
SoffiXsponR570.05Ag360300.v2.1	1.676	no	no	no	yes
SoffiXsponR570.06Cg132100.v2.1	1.675	no	no	no	yes
SoffiXsponR570.02Ag218200.v2.1	1.675	no	no	no	yes
SoffiXsponR570.09Bg019200.v2.1	1.675	no	no	no	yes
SoffiXsponR570.02Fg064500.v2.1	1.675	no	no	no	yes
SoffiXsponR570.07Cg121800.v2.1	1.675	no	no	no	yes
SoffiXsponR570.06Ag090700.v2.1	1.674	no	no	no	yes
SoffiXsponR570.03Bg020500.v2.1	1.674	no	no	no	yes
SoffiXsponR570.08Dg105000.v2.1	1.674	no	no	no	yes
SoffiXsponR570.5_9Ag362100.v2.1	1.673	no	no	no	yes
SoffiXsponR570.01Fg172900.v2.1	1.673	no	no	no	yes
SoffiXsponR570.05Fg303700.v2.1	1.673	no	no	no	yes
SoffiXsponR570.04Fg012400.v2.1	1.673	no	no	no	yes
SoffiXsponR570.03Dg052300.v2.1	1.673	no	no	no	yes
SoffiXsponR570.03Fg055400.v2.1	1.673	no	no	no	yes
SoffiXsponR570.10Cg188200.v2.1	1.673	no	no	no	yes
SoffiXsponR570.07Eg088400.v2.1	1.673	no	no	no	yes
SoffiXsponR570.08Dg064700.v2.1	1.672	no	no	no	yes
SoffiXsponR570.06Ag185500.v2.1	1.672	no	no	no	yes
SoffiXsponR570.01Eg080600.v2.1	1.672	no	no	no	yes
SoffiXsponR570.08Eg078400.v2.1	1.672	no	no	no	yes
SoffiXsponR570.09Ag100300.v2.1	1.672	no	no	no	yes
SoffiXsponR570.6_9Ag333600.v2.1	1.671	no	no	no	yes
SoffiXsponR570.03Dg147800.v2.1	1.671	no	no	no	yes
SoffiXsponR570.05Eg087800.v2.1	1.67	no	no	no	yes
SoffiXsponR570.04Cg221800.v2.1	1.67	no	no	no	yes
SoffiXsponR570.5_9Ag006000.v2.1	1.669	no	no	no	yes
SoffiXsponR570.02Eg034800.v2.1	1.669	no	no	no	yes
SoffiXsponR570.07Ag093900.v2.1	1.669	no	no	no	yes
SoffiXsponR570.07Dg075100.v2.1	1.669	no	no	no	yes
SoffiXsponR570.02Gg121400.v2.1	1.669	no	no	no	yes
SoffiXsponR570.02Ag403200.v2.1	1.669	no	no	no	yes
SoffiXsponR570.01Bg426800.v2.1	1.669	no	no	no	yes
SoffiXsponR570.02Gg006900.v2.1	1.669	no	no	no	yes
SoffiXsponR570.05Cg205300.v2.1	1.668	no	no	no	yes
SoffiXsponR570.7os1g078300.v2.1	1.668	no	no	no	yes
SoffiXsponR570.04Ag139000.v2.1	1.667	no	no	no	yes
SoffiXsponR570.10Eg079800.v2.1	1.667	no	no	no	yes
SoffiXsponR570.02Cg375800.v2.1	1.667	no	no	no	yes
SoffiXsponR570.09Cg033300.v2.1	1.666	no	no	no	yes
SoffiXsponR570.05Cg214900.v2.1	1.665	no	no	no	yes
SoffiXsponR570.05Gg060100.v2.1	1.664	no	no	no	yes
SoffiXsponR570.05Bg100800.v2.1	1.664	no	no	no	yes
SoffiXsponR570.07Eg156000.v2.1	1.663	no	no	no	yes
SoffiXsponR570.07Ag141300.v2.1	1.663	no	no	no	yes
SoffiXsponR570.05Dg251800.v2.1	1.662	no	no	no	yes
SoffiXsponR570.1Z173300.v2.1	1.662	no	no	no	yes
SoffiXsponR570.10Bg177400.v2.1	1.662	no	no	no	yes
SoffiXsponR570.10Fg037300.v2.1	1.661	no	no	no	yes
SoffiXsponR570.5_9Ag183300.v2.1	1.66	no	no	no	yes
SoffiXsponR570.05Ag339500.v2.1	1.659	no	no	no	yes
SoffiXsponR570.05Fg199800.v2.1	1.659	no	no	no	yes
SoffiXsponR570.03Cg234400.v2.1	1.659	no	no	no	yes
SoffiXsponR570.8_5Ag094700.v2.1	1.658	no	no	no	yes
SoffiXsponR570.04Ag101500.v2.1	1.657	no	no	no	yes
SoffiXsponR570.07Bg190500.v2.1	1.657	no	no	no	yes
SoffiXsponR570.5_9Ag150600.v2.1	1.657	no	no	no	yes
SoffiXsponR570.01Eg233800.v2.1	1.655	no	no	no	yes
SoffiXsponR570.1Z166300.v2.1	1.655	no	no	no	yes
SoffiXsponR570.04Dg127700.v2.1	1.655	no	no	no	yes
SoffiXsponR570.01Fg276000.v2.1	1.654	no	no	no	yes
SoffiXsponR570.05Bg325300.v2.1	1.654	no	no	no	yes
SoffiXsponR570.5_9Ag481400.v2.1	1.654	no	no	no	yes
SoffiXsponR570.03Eg112100.v2.1	1.654	no	no	no	yes
SoffiXsponR570.09Eg128900.v2.1	1.652	no	no	no	yes
SoffiXsponR570.06Dg065900.v2.1	1.652	no	no	no	yes
SoffiXsponR570.05Cg223300.v2.1	1.652	no	no	no	yes
SoffiXsponR570.01Eg057600.v2.1	1.652	no	no	no	yes
SoffiXsponR570.03Cg034600.v2.1	1.651	no	no	no	yes
SoffiXsponR570.09Ag048700.v2.1	1.651	no	no	no	yes
SoffiXsponR570.8_5Ag207900.v2.1	1.65	no	no	no	yes
SoffiXsponR570.02Ag278300.v2.1	1.65	no	no	no	yes
SoffiXsponR570.05Fg054800.v2.1	1.65	no	no	no	yes
SoffiXsponR570.5os1g000600.v2.1	1.65	no	no	no	yes
SoffiXsponR570.08Eg046100.v2.1	1.65	no	no	no	yes
SoffiXsponR570.05Dg089100.v2.1	1.649	no	no	no	yes
SoffiXsponR570.07Dg015000.v2.1	1.649	no	no	no	yes
SoffiXsponR570.10Cg075500.v2.1	1.649	no	no	no	yes
SoffiXsponR570.01Ag424700.v2.1	1.649	no	no	no	yes
SoffiXsponR570.8_10Ag178700.v2.1	1.648	no	no	no	yes
SoffiXsponR570.07Dg084300.v2.1	1.647	no	no	no	yes
SoffiXsponR570.05Eg247600.v2.1	1.647	no	no	no	yes
SoffiXsponR570.8_5Ag100400.v2.1	1.646	no	no	no	yes
SoffiXsponR570.02Fg316200.v2.1	1.645	no	no	no	yes
SoffiXsponR570.05Dg064500.v2.1	1.645	no	no	no	yes
SoffiXsponR570.02Cg254200.v2.1	1.645	no	no	no	yes
SoffiXsponR570.10Ag014600.v2.1	1.645	no	no	no	yes
SoffiXsponR570.07Dg006400.v2.1	1.644	no	no	no	yes
SoffiXsponR570.05Bg336600.v2.1	1.644	no	no	no	yes
SoffiXsponR570.02Dg302900.v2.1	1.644	no	yes	no	no
SoffiXsponR570.05Dg384600.v2.1	1.644	no	no	no	yes
SoffiXsponR570.05Bg266800.v2.1	1.643	no	no	no	yes
SoffiXsponR570.01Ag088900.v2.1	1.643	no	no	no	yes
SoffiXsponR570.05Ag152600.v2.1	1.643	no	no	no	yes
SoffiXsponR570.07Cg161200.v2.1	1.642	no	no	no	yes
SoffiXsponR570.03Cg147400.v2.1	1.642	no	no	no	yes
SoffiXsponR570.10Bg067900.v2.1	1.642	no	no	no	yes
SoffiXsponR570.10Bg164500.v2.1	1.642	no	no	no	yes
SoffiXsponR570.02Eg232600.v2.1	1.642	no	no	no	yes
SoffiXsponR570.03Dg313800.v2.1	1.642	no	no	no	yes
SoffiXsponR570.05Ag257000.v2.1	1.642	no	no	no	yes
SoffiXsponR570.04Bg218200.v2.1	1.642	no	no	no	yes
SoffiXsponR570.01Cg321300.v2.1	1.641	no	no	no	yes
SoffiXsponR570.08Cg106900.v2.1	1.64	no	yes	no	no
SoffiXsponR570.02Eg369800.v2.1	1.64	no	no	no	yes
SoffiXsponR570.10Dg134600.v2.1	1.64	no	no	no	yes
SoffiXsponR570.02Eg357900.v2.1	1.64	no	no	no	yes
SoffiXsponR570.6us88g048700.v2.1	1.639	no	no	no	yes
SoffiXsponR570.01Ag410300.v2.1	1.637	no	no	no	yes
SoffiXsponR570.10Bg128000.v2.1	1.637	no	no	no	yes
SoffiXsponR570.05Dg192900.v2.1	1.637	no	no	no	yes
SoffiXsponR570.5_9Ag158200.v2.1	1.636	no	no	no	yes
SoffiXsponR570.09Eg088500.v2.1	1.635	no	no	no	yes
SoffiXsponR570.08Ag121800.v2.1	1.635	no	no	no	yes
SoffiXsponR570.5_9Ag400300.v2.1	1.635	no	no	no	yes
SoffiXsponR570.07Bg000400.v2.1	1.633	no	no	no	yes
SoffiXsponR570.05Gg105700.v2.1	1.632	no	no	no	yes
SoffiXsponR570.06Cg044900.v2.1	1.632	no	no	no	yes
SoffiXsponR570.1Z150000.v2.1	1.631	no	no	no	yes
SoffiXsponR570.09Ag105300.v2.1	1.631	no	no	no	yes
SoffiXsponR570.10Dg167400.v2.1	1.63	no	no	no	yes
SoffiXsponR570.02Eg118000.v2.1	1.63	no	yes	no	yes
SoffiXsponR570.08Ag186300.v2.1	1.63	no	no	no	yes
SoffiXsponR570.04Fg014600.v2.1	1.63	no	no	no	yes
SoffiXsponR570.05Bg313000.v2.1	1.629	no	no	no	yes
SoffiXsponR570.05Dg374100.v2.1	1.629	no	no	no	yes
SoffiXsponR570.01Bg323100.v2.1	1.629	no	no	no	yes
SoffiXsponR570.01Eg331100.v2.1	1.628	no	no	no	yes
SoffiXsponR570.02Fg320400.v2.1	1.628	no	no	yes	no
SoffiXsponR570.6us88g032000.v2.1	1.628	no	yes	no	yes
SoffiXsponR570.01Dg303300.v2.1	1.626	no	no	no	yes
SoffiXsponR570.10Bg002200.v2.1	1.626	no	no	no	yes
SoffiXsponR570.04Cg246700.v2.1	1.626	no	no	no	yes
SoffiXsponR570.07Cg028200.v2.1	1.626	no	no	no	yes
SoffiXsponR570.02Fg323600.v2.1	1.625	no	no	no	yes
SoffiXsponR570.02Eg005000.v2.1	1.625	no	no	no	yes
SoffiXsponR570.08Bg158500.v2.1	1.625	no	no	no	yes
SoffiXsponR570.08Cg023600.v2.1	1.625	no	no	no	yes
SoffiXsponR570.08Bg067300.v2.1	1.624	no	no	no	yes
SoffiXsponR570.06Bg045400.v2.1	1.623	no	no	no	yes
SoffiXsponR570.07Eg199100.v2.1	1.623	no	no	no	yes
SoffiXsponR570.03Ag185800.v2.1	1.622	no	no	no	yes
SoffiXsponR570.02Fg290700.v2.1	1.622	no	no	no	yes
SoffiXsponR570.07Dg165100.v2.1	1.622	no	no	no	yes
SoffiXsponR570.10os1g066700.v2.1	1.621	no	no	no	yes
SoffiXsponR570.07Cg109900.v2.1	1.621	no	no	no	yes
SoffiXsponR570.04Gg037400.v2.1	1.62	no	no	no	yes
SoffiXsponR570.05Gg009200.v2.1	1.62	no	no	no	yes
SoffiXsponR570.10Dg143400.v2.1	1.62	no	no	no	yes
SoffiXsponR570.07Eg088800.v2.1	1.62	no	no	no	yes
SoffiXsponR570.07Dg216900.v2.1	1.62	no	no	no	yes
SoffiXsponR570.05Ag232600.v2.1	1.619	no	no	no	yes
SoffiXsponR570.03Eg263900.v2.1	1.618	yes	no	yes	yes
SoffiXsponR570.07Bg119700.v2.1	1.618	no	no	no	yes
SoffiXsponR570.01Fg151400.v2.1	1.618	no	no	no	yes
SoffiXsponR570.06Dg116200.v2.1	1.616	no	no	no	yes
SoffiXsponR570.02Gg168700.v2.1	1.616	no	no	no	yes
SoffiXsponR570.02Eg289700.v2.1	1.616	no	no	no	yes
SoffiXsponR570.02Bg008000.v2.1	1.616	no	no	no	yes
SoffiXsponR570.08Eg097800.v2.1	1.614	no	no	no	yes
SoffiXsponR570.05Dg277100.v2.1	1.614	no	no	no	yes
SoffiXsponR570.07Ag120200.v2.1	1.614	no	no	no	yes
SoffiXsponR570.02Bg266100.v2.1	1.614	no	no	no	yes
SoffiXsponR570.01Cg376000.v2.1	1.614	no	no	no	yes
SoffiXsponR570.7_10Ag363600.v2.1	1.613	no	no	no	yes
SoffiXsponR570.8_5Ag039700.v2.1	1.613	no	no	no	yes
SoffiXsponR570.01Cg094300.v2.1	1.613	no	no	no	yes
SoffiXsponR570.09Ag003800.v2.1	1.613	no	no	no	yes
SoffiXsponR570.01Bg325800.v2.1	1.613	no	no	no	yes
SoffiXsponR570.05Cg292900.v2.1	1.612	no	no	no	yes
SoffiXsponR570.09Eg103300.v2.1	1.612	no	no	no	yes
SoffiXsponR570.01Eg014700.v2.1	1.612	no	no	no	yes
SoffiXsponR570.10Ag079700.v2.1	1.612	no	no	no	yes
SoffiXsponR570.10Eg112800.v2.1	1.611	no	no	no	yes
SoffiXsponR570.01Fg062500.v2.1	1.611	no	no	no	yes
SoffiXsponR570.07Ag094200.v2.1	1.611	no	no	no	yes
SoffiXsponR570.05Dg280300.v2.1	1.61	no	no	no	yes
SoffiXsponR570.01Bg362400.v2.1	1.609	no	no	no	yes
SoffiXsponR570.10Dg077800.v2.1	1.609	no	no	no	yes
SoffiXsponR570.05Dg370200.v2.1	1.609	no	no	no	yes
SoffiXsponR570.05Eg143000.v2.1	1.609	no	no	no	yes
SoffiXsponR570.02Gg210700.v2.1	1.608	no	no	no	yes
SoffiXsponR570.03Bg191200.v2.1	1.608	no	no	no	yes
SoffiXsponR570.04Eg108500.v2.1	1.608	no	no	no	yes
SoffiXsponR570.4us91g049000.v2.1	1.608	no	no	no	yes
SoffiXsponR570.6_9Ag011500.v2.1	1.607	no	no	no	yes
SoffiXsponR570.02Gg095100.v2.1	1.607	no	no	no	yes
SoffiXsponR570.01Ag551600.v2.1	1.607	no	no	no	yes
SoffiXsponR570.03Ag134700.v2.1	1.607	no	no	no	yes
SoffiXsponR570.07Ag097200.v2.1	1.606	no	no	no	yes
SoffiXsponR570.05Fg233100.v2.1	1.606	no	no	no	yes
SoffiXsponR570.07Dg059000.v2.1	1.606	no	no	no	yes
SoffiXsponR570.02Eg325100.v2.1	1.605	no	no	no	yes
SoffiXsponR570.02Ag342000.v2.1	1.605	no	no	no	yes
SoffiXsponR570.03Bg015500.v2.1	1.605	no	no	no	yes
SoffiXsponR570.10Fg095500.v2.1	1.605	no	no	no	yes
SoffiXsponR570.01Cg069500.v2.1	1.604	no	no	no	yes
SoffiXsponR570.06Eg057000.v2.1	1.604	no	no	no	yes
SoffiXsponR570.05Eg299700.v2.1	1.604	no	no	no	yes
SoffiXsponR570.9us90g000200.v2.1	1.603	no	no	no	yes
SoffiXsponR570.06Ag049100.v2.1	1.603	no	no	no	yes
SoffiXsponR570.05Eg021200.v2.1	1.602	no	no	yes	yes
SoffiXsponR570.4us91g046000.v2.1	1.602	no	no	no	yes
SoffiXsponR570.07Ag244300.v2.1	1.602	no	no	no	yes
SoffiXsponR570.05Ag360000.v2.1	1.602	no	no	no	yes
SoffiXsponR570.8_10Ag278200.v2.1	1.601	no	no	no	yes
SoffiXsponR570.05Eg266900.v2.1	1.601	no	no	no	yes
SoffiXsponR570.06Cg062500.v2.1	1.601	no	no	no	yes
SoffiXsponR570.06Eg041000.v2.1	1.601	no	no	no	yes
SoffiXsponR570.04Eg132100.v2.1	1.6	no	no	no	yes
SoffiXsponR570.02Dg151300.v2.1	1.6	no	no	no	yes
SoffiXsponR570.04Ag112800.v2.1	1.6	no	no	no	yes
SoffiXsponR570.05Eg057000.v2.1	1.599	no	no	no	yes
SoffiXsponR570.03Ag153800.v2.1	1.597	no	no	no	yes
SoffiXsponR570.01Eg374200.v2.1	1.597	no	no	no	yes
SoffiXsponR570.04Cg100600.v2.1	1.597	no	no	no	yes
SoffiXsponR570.09Dg045700.v2.1	1.597	no	no	no	yes
SoffiXsponR570.02Dg411600.v2.1	1.596	no	no	no	yes
SoffiXsponR570.10Bg041000.v2.1	1.596	no	no	no	yes
SoffiXsponR570.10Fg089600.v2.1	1.596	no	no	no	yes
SoffiXsponR570.10Dg170600.v2.1	1.595	no	no	no	yes
SoffiXsponR570.01Ag259000.v2.1	1.595	no	no	no	yes
SoffiXsponR570.09Dg066000.v2.1	1.593	no	no	no	yes
SoffiXsponR570.04Dg176300.v2.1	1.593	no	no	no	yes
SoffiXsponR570.8_10Ag015600.v2.1	1.593	no	no	no	yes
SoffiXsponR570.02Gg155500.v2.1	1.592	no	no	no	yes
SoffiXsponR570.05Eg131900.v2.1	1.592	no	no	no	yes
SoffiXsponR570.07Ag073000.v2.1	1.591	no	no	no	yes
SoffiXsponR570.09Cg052000.v2.1	1.589	no	no	no	yes
SoffiXsponR570.10Bg060900.v2.1	1.589	no	yes	yes	no
SoffiXsponR570.05Dg338900.v2.1	1.589	no	no	no	yes
SoffiXsponR570.02Fg290500.v2.1	1.588	no	no	no	yes
SoffiXsponR570.5_9Ag381800.v2.1	1.588	no	no	no	yes
SoffiXsponR570.04Fg008900.v2.1	1.588	no	no	no	yes
SoffiXsponR570.10Fg029300.v2.1	1.587	no	no	no	yes
SoffiXsponR570.06Cg177100.v2.1	1.587	no	no	no	yes
SoffiXsponR570.03Ag222000.v2.1	1.586	no	no	no	yes
SoffiXsponR570.02Ag008300.v2.1	1.586	no	no	no	yes
SoffiXsponR570.05Gg124000.v2.1	1.586	no	no	no	yes
SoffiXsponR570.05Gg137200.v2.1	1.586	no	no	no	yes
SoffiXsponR570.03Eg031400.v2.1	1.585	no	no	no	yes
SoffiXsponR570.06Fg080800.v2.1	1.585	no	no	no	yes
SoffiXsponR570.05Ag161600.v2.1	1.584	no	no	no	yes
SoffiXsponR570.8_10Ag230700.v2.1	1.583	no	no	no	yes
SoffiXsponR570.01Bg488200.v2.1	1.583	no	no	no	yes
SoffiXsponR570.1os1g001500.v2.1	1.583	no	no	no	yes
SoffiXsponR570.02Cg379600.v2.1	1.582	no	no	no	yes
SoffiXsponR570.03Ag086800.v2.1	1.582	no	no	no	yes
SoffiXsponR570.05Dg076200.v2.1	1.582	no	no	no	yes
SoffiXsponR570.10Dg126100.v2.1	1.582	no	no	no	yes
SoffiXsponR570.9os1g010900.v2.1	1.581	no	no	no	yes
SoffiXsponR570.01Dg313500.v2.1	1.581	no	no	no	yes
SoffiXsponR570.08Cg190500.v2.1	1.581	no	no	no	yes
SoffiXsponR570.05Bg023000.v2.1	1.581	no	no	no	yes
SoffiXsponR570.02Ag368600.v2.1	1.581	no	no	no	yes
SoffiXsponR570.01Cg016200.v2.1	1.58	no	no	no	yes
SoffiXsponR570.04Cg140700.v2.1	1.578	no	no	no	yes
SoffiXsponR570.03Fg153500.v2.1	1.577	no	no	no	yes
SoffiXsponR570.08Dg037300.v2.1	1.577	no	no	no	yes
SoffiXsponR570.8_5Ag082700.v2.1	1.576	no	no	no	yes
SoffiXsponR570.06Eg069500.v2.1	1.575	no	no	no	yes
SoffiXsponR570.05Eg105500.v2.1	1.575	no	no	no	yes
SoffiXsponR570.8_5Ag034700.v2.1	1.574	no	no	no	yes
SoffiXsponR570.10Cg080900.v2.1	1.573	no	no	no	yes
SoffiXsponR570.01Ag426300.v2.1	1.573	no	no	no	yes
SoffiXsponR570.05Ag358400.v2.1	1.572	no	no	no	yes
SoffiXsponR570.01Bg206900.v2.1	1.572	no	no	no	yes
SoffiXsponR570.10Dg038200.v2.1	1.572	no	no	no	yes
SoffiXsponR570.10Ag111500.v2.1	1.572	no	no	no	yes
SoffiXsponR570.07Bg117400.v2.1	1.571	no	no	no	yes
SoffiXsponR570.10Ag013200.v2.1	1.571	no	yes	no	yes
SoffiXsponR570.08Eg046200.v2.1	1.57	no	no	no	yes
SoffiXsponR570.06Bg007600.v2.1	1.57	no	no	no	yes
SoffiXsponR570.08Cg080200.v2.1	1.57	no	no	no	yes
SoffiXsponR570.04Eg103100.v2.1	1.57	no	no	no	yes
SoffiXsponR570.10Dg085500.v2.1	1.57	no	no	no	yes
SoffiXsponR570.7os1g084600.v2.1	1.569	no	no	no	yes
SoffiXsponR570.07Bg004300.v2.1	1.569	no	no	no	yes
SoffiXsponR570.07Cg041900.v2.1	1.569	no	no	no	yes
SoffiXsponR570.06Dg019400.v2.1	1.568	no	no	no	yes
SoffiXsponR570.05Bg303500.v2.1	1.568	no	no	no	yes
SoffiXsponR570.03Fg030300.v2.1	1.568	no	no	no	yes
SoffiXsponR570.04Eg086000.v2.1	1.567	no	no	no	yes
SoffiXsponR570.05Bg232900.v2.1	1.566	no	no	no	yes
SoffiXsponR570.05Eg237900.v2.1	1.566	no	no	no	yes
SoffiXsponR570.10Ag138300.v2.1	1.566	no	no	no	yes
SoffiXsponR570.8_5Ag074900.v2.1	1.565	no	no	no	yes
SoffiXsponR570.03Eg072400.v2.1	1.565	no	no	no	yes
SoffiXsponR570.10Dg166100.v2.1	1.565	no	no	no	yes
SoffiXsponR570.03Cg035500.v2.1	1.564	no	no	no	yes
SoffiXsponR570.01Fg001400.v2.1	1.564	no	no	no	yes
SoffiXsponR570.06Ag076800.v2.1	1.564	no	no	no	yes
SoffiXsponR570.01Cg080500.v2.1	1.563	no	no	no	yes
SoffiXsponR570.01Ag081800.v2.1	1.563	no	no	no	yes
SoffiXsponR570.02Ag250900.v2.1	1.563	no	no	no	yes
SoffiXsponR570.05Cg065500.v2.1	1.562	no	no	no	yes
SoffiXsponR570.05Cg098900.v2.1	1.562	no	no	no	yes
SoffiXsponR570.01Bg263100.v2.1	1.562	no	no	no	yes
SoffiXsponR570.02Bg374900.v2.1	1.561	no	no	no	yes
SoffiXsponR570.02Eg253300.v2.1	1.561	no	no	no	yes
SoffiXsponR570.7_10Ag244300.v2.1	1.561	no	no	no	yes
SoffiXsponR570.05Bg202600.v2.1	1.56	no	no	no	yes
SoffiXsponR570.02Bg115200.v2.1	1.56	no	no	no	yes
SoffiXsponR570.05Gg016100.v2.1	1.56	no	no	no	yes
SoffiXsponR570.05Bg272500.v2.1	1.56	no	no	no	yes
SoffiXsponR570.01Fg290100.v2.1	1.56	no	no	no	yes
SoffiXsponR570.7_10Ag236100.v2.1	1.559	no	no	no	yes
SoffiXsponR570.01Fg329700.v2.1	1.559	no	no	no	yes
SoffiXsponR570.05Bg079000.v2.1	1.559	no	no	no	yes
SoffiXsponR570.09Dg007500.v2.1	1.559	no	no	no	yes
SoffiXsponR570.10Ag134200.v2.1	1.558	no	no	no	yes
SoffiXsponR570.7os1g002200.v2.1	1.558	no	no	no	yes
SoffiXsponR570.02Ag162500.v2.1	1.558	no	no	no	yes
SoffiXsponR570.10Cg112100.v2.1	1.558	no	no	no	yes
SoffiXsponR570.02Bg143300.v2.1	1.558	no	no	no	yes
SoffiXsponR570.02Gg102900.v2.1	1.558	no	no	no	yes
SoffiXsponR570.01Fg139100.v2.1	1.558	no	no	no	yes
SoffiXsponR570.06Dg027900.v2.1	1.557	no	no	no	yes
SoffiXsponR570.02Fg253500.v2.1	1.557	no	no	no	yes
SoffiXsponR570.01Cg323500.v2.1	1.556	no	no	no	yes
SoffiXsponR570.01Eg440000.v2.1	1.556	no	no	no	yes
SoffiXsponR570.05Gg041200.v2.1	1.556	no	no	no	yes
SoffiXsponR570.04Dg110600.v2.1	1.555	no	no	no	yes
SoffiXsponR570.5_9Ag449300.v2.1	1.555	no	no	no	yes
SoffiXsponR570.7_10Ag294200.v2.1	1.555	no	no	no	yes
SoffiXsponR570.6_9Ag109200.v2.1	1.555	no	no	no	yes
SoffiXsponR570.08Ag209500.v2.1	1.555	no	no	no	yes
SoffiXsponR570.01Ag381900.v2.1	1.554	no	no	no	yes
SoffiXsponR570.5_9Ag040700.v2.1	1.553	no	no	no	yes
SoffiXsponR570.05Gg040200.v2.1	1.551	no	no	no	yes
SoffiXsponR570.02Fg285200.v2.1	1.55	no	no	no	yes
SoffiXsponR570.05Ag201400.v2.1	1.549	no	no	no	yes
SoffiXsponR570.03Fg137800.v2.1	1.549	no	no	no	yes
SoffiXsponR570.10Eg007300.v2.1	1.548	no	no	no	yes
SoffiXsponR570.05Ag349700.v2.1	1.548	no	no	no	yes
SoffiXsponR570.04Ag105500.v2.1	1.548	no	no	no	yes
SoffiXsponR570.05Dg130800.v2.1	1.548	no	no	no	yes
SoffiXsponR570.02Eg008400.v2.1	1.547	no	no	no	yes
SoffiXsponR570.05Cg061400.v2.1	1.547	no	no	no	yes
SoffiXsponR570.02Cg222900.v2.1	1.546	no	no	no	yes
SoffiXsponR570.02Ag141600.v2.1	1.546	no	no	no	yes
SoffiXsponR570.7os1g051600.v2.1	1.546	no	no	no	yes
SoffiXsponR570.10Bg164200.v2.1	1.546	no	no	no	yes
SoffiXsponR570.02Cg072400.v2.1	1.545	no	no	no	yes
SoffiXsponR570.04Dg003700.v2.1	1.545	no	no	no	yes
SoffiXsponR570.01Dg304100.v2.1	1.545	no	no	no	yes
SoffiXsponR570.03Gg142600.v2.1	1.545	no	no	no	yes
SoffiXsponR570.08Bg072900.v2.1	1.544	no	no	no	yes
SoffiXsponR570.04Eg051300.v2.1	1.544	no	no	no	yes
SoffiXsponR570.9os1g067200.v2.1	1.543	no	no	no	yes
SoffiXsponR570.02Fg187600.v2.1	1.542	no	no	no	yes
SoffiXsponR570.01Dg256900.v2.1	1.542	no	no	no	yes
SoffiXsponR570.10Ag059400.v2.1	1.542	no	no	no	yes
SoffiXsponR570.07Bg277900.v2.1	1.541	no	no	no	yes
SoffiXsponR570.5_9Ag267800.v2.1	1.541	no	no	no	yes
SoffiXsponR570.08Eg121500.v2.1	1.54	no	no	no	yes
SoffiXsponR570.10Dg155100.v2.1	1.54	no	no	no	yes
SoffiXsponR570.08Eg054400.v2.1	1.54	no	no	no	yes
SoffiXsponR570.02Gg168500.v2.1	1.539	no	no	no	yes
SoffiXsponR570.01Ag121400.v2.1	1.539	no	no	no	yes
SoffiXsponR570.08Ag201100.v2.1	1.538	no	no	no	yes
SoffiXsponR570.7_10Ag073700.v2.1	1.537	no	no	no	yes
SoffiXsponR570.08Dg093200.v2.1	1.537	no	no	no	yes
SoffiXsponR570.02Ag277000.v2.1	1.537	no	no	no	yes
SoffiXsponR570.01Bg413300.v2.1	1.536	no	no	no	yes
SoffiXsponR570.04Ag247200.v2.1	1.536	no	no	no	yes
SoffiXsponR570.04Ag254900.v2.1	1.536	no	no	no	yes
SoffiXsponR570.8_5Ag185400.v2.1	1.536	no	no	no	yes
SoffiXsponR570.02Dg125700.v2.1	1.536	no	no	no	yes
SoffiXsponR570.01Bg429400.v2.1	1.536	no	no	no	yes
SoffiXsponR570.10Cg060600.v2.1	1.535	no	no	no	yes
SoffiXsponR570.09Cg018500.v2.1	1.534	no	no	no	yes
SoffiXsponR570.03Gg131500.v2.1	1.534	no	no	no	yes
SoffiXsponR570.02Eg037800.v2.1	1.534	no	no	no	yes
SoffiXsponR570.01Ag499600.v2.1	1.533	no	no	no	yes
SoffiXsponR570.01Dg283500.v2.1	1.533	no	no	no	yes
SoffiXsponR570.09Dg000700.v2.1	1.533	no	no	no	yes
SoffiXsponR570.06Cg012900.v2.1	1.532	no	no	no	yes
SoffiXsponR570.05Bg139900.v2.1	1.532	no	no	no	yes
SoffiXsponR570.07Dg136200.v2.1	1.532	no	no	no	yes
SoffiXsponR570.7_10Ag150000.v2.1	1.532	no	no	no	yes
SoffiXsponR570.06Cg124300.v2.1	1.532	no	no	no	yes
SoffiXsponR570.01Bg017900.v2.1	1.531	no	no	no	yes
SoffiXsponR570.07Cg165000.v2.1	1.531	no	no	no	yes
SoffiXsponR570.04Fg161000.v2.1	1.531	no	no	no	yes
SoffiXsponR570.10Ag161100.v2.1	1.53	no	no	no	yes
SoffiXsponR570.06Cg134700.v2.1	1.53	no	no	no	yes
SoffiXsponR570.02Cg361600.v2.1	1.53	no	no	no	yes
SoffiXsponR570.09Dg126900.v2.1	1.53	no	no	no	yes
SoffiXsponR570.02Eg194000.v2.1	1.529	no	no	no	yes
SoffiXsponR570.06Bg045100.v2.1	1.529	no	no	no	yes
SoffiXsponR570.02Bg167000.v2.1	1.529	no	no	yes	yes
SoffiXsponR570.05Cg256700.v2.1	1.529	no	no	no	yes
SoffiXsponR570.02Fg096000.v2.1	1.528	no	no	no	yes
SoffiXsponR570.03Gg074400.v2.1	1.528	no	no	no	yes
SoffiXsponR570.01Ag301300.v2.1	1.528	no	no	no	yes
SoffiXsponR570.5_9Ag030200.v2.1	1.528	no	no	no	yes
SoffiXsponR570.3os4g003500.v2.1	1.527	no	no	no	yes
SoffiXsponR570.07Cg156900.v2.1	1.527	no	no	no	yes
SoffiXsponR570.03Ag080000.v2.1	1.527	no	no	no	yes
SoffiXsponR570.02Gg136900.v2.1	1.526	no	no	no	yes
SoffiXsponR570.04Dg062800.v2.1	1.526	no	no	no	yes
SoffiXsponR570.07Eg029100.v2.1	1.525	no	no	no	yes
SoffiXsponR570.04Ag114400.v2.1	1.525	no	no	no	yes
SoffiXsponR570.01Fg121100.v2.1	1.525	no	no	no	yes
SoffiXsponR570.05Dg018800.v2.1	1.524	no	no	no	yes
SoffiXsponR570.05Cg006400.v2.1	1.523	no	no	no	yes
SoffiXsponR570.1Z158000.v2.1	1.523	no	no	no	yes
SoffiXsponR570.03Cg118300.v2.1	1.523	no	no	no	yes
SoffiXsponR570.01Bg341000.v2.1	1.523	no	no	no	yes
SoffiXsponR570.01Eg173600.v2.1	1.522	no	no	no	yes
SoffiXsponR570.05Bg090100.v2.1	1.522	no	no	no	yes
SoffiXsponR570.02Bg111900.v2.1	1.521	no	no	no	yes
SoffiXsponR570.02Bg096200.v2.1	1.521	no	no	no	yes
SoffiXsponR570.01Cg289200.v2.1	1.521	no	no	no	yes
SoffiXsponR570.01Dg087200.v2.1	1.521	no	no	no	yes
SoffiXsponR570.05Cg201300.v2.1	1.521	no	no	no	yes
SoffiXsponR570.10os1g047600.v2.1	1.52	no	no	no	yes
SoffiXsponR570.04Cg054200.v2.1	1.52	no	no	no	yes
SoffiXsponR570.04Dg029900.v2.1	1.52	no	no	no	yes
SoffiXsponR570.01Ag132500.v2.1	1.519	no	no	no	yes
SoffiXsponR570.02Gg031600.v2.1	1.519	no	no	no	yes
SoffiXsponR570.01Bg409200.v2.1	1.519	no	no	no	yes
SoffiXsponR570.05Eg041000.v2.1	1.518	no	no	yes	yes
SoffiXsponR570.07Bg051200.v2.1	1.518	no	no	no	yes
SoffiXsponR570.02Cg413300.v2.1	1.518	no	no	no	yes
SoffiXsponR570.8_10Ag113200.v2.1	1.517	no	no	no	yes
SoffiXsponR570.09Ag008100.v2.1	1.516	no	no	no	yes
SoffiXsponR570.09Ag067300.v2.1	1.516	no	no	no	yes
SoffiXsponR570.07Eg209300.v2.1	1.516	no	no	no	yes
SoffiXsponR570.05Bg007200.v2.1	1.515	no	no	yes	yes
SoffiXsponR570.04Cg278500.v2.1	1.515	no	no	no	yes
SoffiXsponR570.02Eg284300.v2.1	1.515	no	no	no	yes
SoffiXsponR570.06Gg066100.v2.1	1.515	no	no	no	yes
SoffiXsponR570.06Gg127200.v2.1	1.514	no	no	no	yes
SoffiXsponR570.03Cg142400.v2.1	1.514	no	no	no	yes
SoffiXsponR570.03Cg061500.v2.1	1.513	no	no	no	yes
SoffiXsponR570.03Dg098600.v2.1	1.513	no	no	no	yes
SoffiXsponR570.04Bg062400.v2.1	1.513	no	no	no	yes
SoffiXsponR570.09Bg099500.v2.1	1.512	no	no	no	yes
SoffiXsponR570.05Cg028100.v2.1	1.512	no	no	no	yes
SoffiXsponR570.03Bg140800.v2.1	1.512	no	no	no	yes
SoffiXsponR570.03Dg307400.v2.1	1.511	no	no	no	yes
SoffiXsponR570.01Ag390500.v2.1	1.511	no	no	no	yes
SoffiXsponR570.01Eg425000.v2.1	1.51	no	no	no	yes
SoffiXsponR570.09Dg053200.v2.1	1.509	no	no	no	yes
SoffiXsponR570.8_10Ag113100.v2.1	1.509	no	no	no	yes
SoffiXsponR570.9os1g003800.v2.1	1.509	no	no	no	yes
SoffiXsponR570.01Ag393000.v2.1	1.508	no	no	no	yes
SoffiXsponR570.06Gg139100.v2.1	1.507	no	no	no	yes
SoffiXsponR570.05Cg260300.v2.1	1.507	no	no	no	yes
SoffiXsponR570.04Fg113600.v2.1	1.506	no	no	no	yes
SoffiXsponR570.02Bg011700.v2.1	1.506	no	no	no	yes
SoffiXsponR570.05Cg323900.v2.1	1.506	no	no	no	yes
SoffiXsponR570.06Bg028700.v2.1	1.506	no	no	no	yes
SoffiXsponR570.01Bg164900.v2.1	1.506	no	no	no	yes
SoffiXsponR570.10Bg206200.v2.1	1.504	no	no	no	yes
SoffiXsponR570.10Ag100500.v2.1	1.503	no	no	no	yes
SoffiXsponR570.05Eg361100.v2.1	1.503	no	no	no	yes
SoffiXsponR570.05Eg295500.v2.1	1.502	no	no	no	yes
SoffiXsponR570.07Bg006600.v2.1	1.502	no	no	no	yes
SoffiXsponR570.05Fg273500.v2.1	1.502	no	no	no	yes
SoffiXsponR570.01Eg368300.v2.1	1.502	no	no	no	yes
SoffiXsponR570.09Bg087600.v2.1	1.502	no	no	no	yes
SoffiXsponR570.02Gg065100.v2.1	1.502	no	no	no	yes
SoffiXsponR570.10Eg024600.v2.1	1.502	no	no	no	yes
SoffiXsponR570.7_10Ag383600.v2.1	1.501	no	no	no	yes
SoffiXsponR570.1Z204200.v2.1	1.501	no	no	no	yes
SoffiXsponR570.5_9Ag294900.v2.1	1.501	no	no	no	yes
SoffiXsponR570.8_5Ag175500.v2.1	1.5	no	no	no	yes
SoffiXsponR570.9os1g024100.v2.1	1.5	no	no	no	yes
SoffiXsponR570.02Fg331800.v2.1	1.499	no	no	no	yes
SoffiXsponR570.06Cg031400.v2.1	1.499	no	no	no	yes
SoffiXsponR570.01Ag298400.v2.1	1.499	no	no	no	yes
SoffiXsponR570.06Eg024300.v2.1	1.499	no	no	no	yes
SoffiXsponR570.5os1g000500.v2.1	1.499	no	no	no	yes
SoffiXsponR570.05Bg115600.v2.1	1.498	no	no	no	yes
SoffiXsponR570.6_9Ag155900.v2.1	1.498	no	no	no	yes
SoffiXsponR570.05Cg078100.v2.1	1.497	no	no	no	yes
SoffiXsponR570.02Eg142700.v2.1	1.497	no	no	no	yes
SoffiXsponR570.03Cg255800.v2.1	1.497	no	no	no	yes
SoffiXsponR570.06Fg024700.v2.1	1.497	no	no	no	yes
SoffiXsponR570.6us88g079900.v2.1	1.496	no	no	no	yes
SoffiXsponR570.02Bg378000.v2.1	1.496	no	no	no	yes
SoffiXsponR570.05Ag327100.v2.1	1.495	no	no	no	yes
SoffiXsponR570.10Cg126500.v2.1	1.495	no	no	no	yes
SoffiXsponR570.08Cg115600.v2.1	1.495	no	no	no	yes
SoffiXsponR570.01Ag061700.v2.1	1.495	no	no	no	yes
SoffiXsponR570.08Ag047900.v2.1	1.494	no	no	no	yes
SoffiXsponR570.3os1g009300.v2.1	1.494	no	no	no	yes
SoffiXsponR570.7_10Ag034100.v2.1	1.494	no	no	no	yes
SoffiXsponR570.08Cg114300.v2.1	1.494	no	yes	no	no
SoffiXsponR570.04Eg039000.v2.1	1.493	no	no	no	yes
SoffiXsponR570.09Bg045800.v2.1	1.493	no	no	no	yes
SoffiXsponR570.02Dg036800.v2.1	1.492	no	no	no	yes
SoffiXsponR570.02Bg107000.v2.1	1.492	no	no	no	yes
SoffiXsponR570.10Eg109700.v2.1	1.492	no	no	no	yes
SoffiXsponR570.06Dg043200.v2.1	1.491	no	no	no	yes
SoffiXsponR570.05Eg211800.v2.1	1.491	no	no	no	yes
SoffiXsponR570.8_10Ag287500.v2.1	1.489	no	no	no	yes
SoffiXsponR570.01Eg017800.v2.1	1.488	no	no	no	yes
SoffiXsponR570.09Cg093400.v2.1	1.488	no	no	no	yes
SoffiXsponR570.05Bg087600.v2.1	1.488	no	no	no	yes
SoffiXsponR570.05Eg215500.v2.1	1.487	no	no	no	yes
SoffiXsponR570.01Bg228500.v2.1	1.487	no	no	no	yes
SoffiXsponR570.04Cg259900.v2.1	1.486	no	yes	no	no
SoffiXsponR570.08Cg101400.v2.1	1.486	no	no	no	yes
SoffiXsponR570.05Fg310200.v2.1	1.486	no	no	no	yes
SoffiXsponR570.02Cg428300.v2.1	1.485	no	no	no	yes
SoffiXsponR570.05Eg199700.v2.1	1.485	no	no	no	yes
SoffiXsponR570.03Bg195600.v2.1	1.485	no	no	no	yes
SoffiXsponR570.10Ag152300.v2.1	1.485	no	no	no	yes
SoffiXsponR570.07Bg068800.v2.1	1.484	no	no	no	yes
SoffiXsponR570.05Eg228300.v2.1	1.484	no	no	no	yes
SoffiXsponR570.01Fg039900.v2.1	1.484	no	no	no	yes
SoffiXsponR570.01Eg027800.v2.1	1.483	no	no	no	yes
SoffiXsponR570.05Eg007700.v2.1	1.483	no	no	no	yes
SoffiXsponR570.03Bg188300.v2.1	1.483	no	no	no	yes
SoffiXsponR570.7os1g069000.v2.1	1.482	no	no	no	yes
SoffiXsponR570.08Bg101400.v2.1	1.481	no	no	no	yes
SoffiXsponR570.01Bg004100.v2.1	1.481	no	no	no	yes
SoffiXsponR570.04Gg065100.v2.1	1.481	no	no	no	yes
SoffiXsponR570.8_5Ag172200.v2.1	1.48	no	no	no	yes
SoffiXsponR570.02Fg213400.v2.1	1.479	no	no	no	yes
SoffiXsponR570.1Z074200.v2.1	1.479	no	no	no	yes
SoffiXsponR570.03Dg101100.v2.1	1.479	no	no	no	yes
SoffiXsponR570.02Eg031000.v2.1	1.478	no	no	no	yes
SoffiXsponR570.7_10Ag052100.v2.1	1.477	no	no	no	yes
SoffiXsponR570.01Eg363900.v2.1	1.476	no	no	no	yes
SoffiXsponR570.07Dg152200.v2.1	1.476	no	no	no	yes
SoffiXsponR570.6os1g000500.v2.1	1.476	no	no	no	yes
SoffiXsponR570.08Bg091400.v2.1	1.475	no	no	no	yes
SoffiXsponR570.06Cg196400.v2.1	1.475	no	no	no	yes
SoffiXsponR570.5_9Ag268800.v2.1	1.474	no	no	no	yes
SoffiXsponR570.7os1g013300.v2.1	1.473	no	no	no	yes
SoffiXsponR570.10Dg193500.v2.1	1.473	no	yes	no	yes
SoffiXsponR570.8_10Ag227000.v2.1	1.473	no	no	no	yes
SoffiXsponR570.01Ag198000.v2.1	1.473	no	no	no	yes
SoffiXsponR570.04Dg153400.v2.1	1.473	no	no	no	yes
SoffiXsponR570.9us90g072200.v2.1	1.473	no	no	no	yes
SoffiXsponR570.7_10Ag045400.v2.1	1.472	no	no	no	yes
SoffiXsponR570.05Dg001100.v2.1	1.472	no	no	no	yes
SoffiXsponR570.05Gg148600.v2.1	1.47	no	no	no	yes
SoffiXsponR570.06Ag015800.v2.1	1.469	no	no	no	yes
SoffiXsponR570.01Dg063700.v2.1	1.469	no	no	no	yes
SoffiXsponR570.03Eg085000.v2.1	1.468	no	no	no	yes
SoffiXsponR570.09Ag074700.v2.1	1.468	no	no	no	yes
SoffiXsponR570.05Ag023300.v2.1	1.468	no	no	no	yes
SoffiXsponR570.03Eg058400.v2.1	1.468	no	no	no	yes
SoffiXsponR570.02Eg087400.v2.1	1.468	no	no	no	yes
SoffiXsponR570.8_10Ag192700.v2.1	1.468	no	no	no	yes
SoffiXsponR570.03Dg224700.v2.1	1.468	no	no	no	yes
SoffiXsponR570.01Fg185500.v2.1	1.467	no	no	no	yes
SoffiXsponR570.08Eg120000.v2.1	1.467	no	no	no	yes
SoffiXsponR570.07Ag162900.v2.1	1.466	no	no	no	yes
SoffiXsponR570.01Bg232100.v2.1	1.466	no	no	no	yes
SoffiXsponR570.06Ag059600.v2.1	1.466	no	no	no	yes
SoffiXsponR570.10Bg068100.v2.1	1.465	no	no	no	yes
SoffiXsponR570.1Z245200.v2.1	1.465	no	no	no	yes
SoffiXsponR570.03Dg138200.v2.1	1.465	no	no	no	yes
SoffiXsponR570.10os1g048600.v2.1	1.465	no	no	no	yes
SoffiXsponR570.07Dg172500.v2.1	1.465	no	no	no	yes
SoffiXsponR570.5_9Ag046600.v2.1	1.464	no	no	no	yes
SoffiXsponR570.05Bg253900.v2.1	1.464	no	no	no	yes
SoffiXsponR570.08Cg076900.v2.1	1.464	no	no	no	yes
SoffiXsponR570.10Dg105200.v2.1	1.463	no	no	no	yes
SoffiXsponR570.09Eg097200.v2.1	1.463	no	no	no	yes
SoffiXsponR570.07Bg038000.v2.1	1.462	no	no	no	yes
SoffiXsponR570.02Dg328900.v2.1	1.462	no	no	no	yes
SoffiXsponR570.05Dg261100.v2.1	1.462	no	no	no	yes
SoffiXsponR570.6_9Ag175200.v2.1	1.461	no	no	no	yes
SoffiXsponR570.09Cg056700.v2.1	1.461	no	no	no	yes
SoffiXsponR570.01Ag097700.v2.1	1.461	no	no	no	yes
SoffiXsponR570.03Cg229000.v2.1	1.461	no	no	no	yes
SoffiXsponR570.01Bg200500.v2.1	1.461	no	no	no	yes
SoffiXsponR570.04Cg154700.v2.1	1.459	no	no	no	yes
SoffiXsponR570.05Fg014900.v2.1	1.459	no	no	no	yes
SoffiXsponR570.03Gg054400.v2.1	1.459	no	no	no	yes
SoffiXsponR570.10Eg015000.v2.1	1.459	no	no	no	yes
SoffiXsponR570.03Cg248000.v2.1	1.459	no	no	no	yes
SoffiXsponR570.02Eg197400.v2.1	1.459	no	no	no	yes
SoffiXsponR570.10Bg198300.v2.1	1.458	no	no	no	yes
SoffiXsponR570.01Cg054900.v2.1	1.458	no	no	no	yes
SoffiXsponR570.09Cg144900.v2.1	1.457	no	no	no	yes
SoffiXsponR570.02Gg072500.v2.1	1.456	no	no	no	yes
SoffiXsponR570.08Cg077300.v2.1	1.456	no	no	no	yes
SoffiXsponR570.05Ag307200.v2.1	1.456	no	no	no	yes
SoffiXsponR570.05Bg196500.v2.1	1.456	no	no	no	yes
SoffiXsponR570.01Ag364100.v2.1	1.456	no	no	no	yes
SoffiXsponR570.03Cg119300.v2.1	1.455	no	no	no	yes
SoffiXsponR570.03Bg317200.v2.1	1.455	no	no	no	yes
SoffiXsponR570.08Cg142700.v2.1	1.455	no	no	no	yes
SoffiXsponR570.09Cg164700.v2.1	1.454	no	no	no	yes
SoffiXsponR570.05Dg277600.v2.1	1.453	no	no	no	yes
SoffiXsponR570.01Eg075900.v2.1	1.453	no	no	no	yes
SoffiXsponR570.10Bg203800.v2.1	1.452	no	no	no	yes
SoffiXsponR570.02Eg384300.v2.1	1.452	no	no	no	yes
SoffiXsponR570.05Bg253700.v2.1	1.452	no	no	no	yes
SoffiXsponR570.10Bg066600.v2.1	1.452	no	no	no	yes
SoffiXsponR570.03Bg042300.v2.1	1.452	no	no	no	yes
SoffiXsponR570.06Ag087000.v2.1	1.452	no	yes	no	no
SoffiXsponR570.04Eg150900.v2.1	1.451	no	no	no	yes
SoffiXsponR570.05Gg074600.v2.1	1.45	no	no	no	yes
SoffiXsponR570.01Bg107000.v2.1	1.45	no	no	no	yes
SoffiXsponR570.10Dg043500.v2.1	1.449	no	no	no	yes
SoffiXsponR570.05Eg351400.v2.1	1.449	no	no	no	yes
SoffiXsponR570.01Cg126800.v2.1	1.449	no	no	no	yes
SoffiXsponR570.07Ag150500.v2.1	1.448	no	no	no	yes
SoffiXsponR570.01Ag130300.v2.1	1.448	no	no	no	yes
SoffiXsponR570.8_5Ag048800.v2.1	1.447	no	no	no	yes
SoffiXsponR570.01Ag181600.v2.1	1.447	no	no	no	yes
SoffiXsponR570.05Bg053400.v2.1	1.446	no	no	no	yes
SoffiXsponR570.04Eg114500.v2.1	1.446	no	no	no	yes
SoffiXsponR570.06Ag112000.v2.1	1.446	no	no	no	yes
SoffiXsponR570.06Eg086500.v2.1	1.446	no	no	no	yes
SoffiXsponR570.03Dg108100.v2.1	1.446	no	no	no	yes
SoffiXsponR570.04Dg132700.v2.1	1.446	no	no	no	yes
SoffiXsponR570.05Bg013900.v2.1	1.446	no	no	no	yes
SoffiXsponR570.02Gg067900.v2.1	1.446	no	no	no	yes
SoffiXsponR570.07Eg146800.v2.1	1.446	no	no	no	yes
SoffiXsponR570.02Eg259300.v2.1	1.445	no	yes	no	yes
SoffiXsponR570.09Ag038300.v2.1	1.445	no	no	no	yes
SoffiXsponR570.7os1g050200.v2.1	1.445	no	no	no	yes
SoffiXsponR570.02Bg305300.v2.1	1.445	no	no	no	yes
SoffiXsponR570.05Bg190800.v2.1	1.444	no	no	no	yes
SoffiXsponR570.8_10Ag142900.v2.1	1.444	no	no	no	yes
SoffiXsponR570.07Dg137300.v2.1	1.443	no	no	yes	yes
SoffiXsponR570.09Cg167500.v2.1	1.443	no	no	no	yes
SoffiXsponR570.06Bg019800.v2.1	1.443	no	no	no	yes
SoffiXsponR570.04Dg201500.v2.1	1.442	no	no	no	yes
SoffiXsponR570.09Eg086500.v2.1	1.442	no	no	no	yes
SoffiXsponR570.04Ag203600.v2.1	1.442	no	no	no	yes
SoffiXsponR570.03Cg324700.v2.1	1.442	no	no	no	yes
SoffiXsponR570.05Eg270400.v2.1	1.442	no	no	no	yes
SoffiXsponR570.01Bg388800.v2.1	1.441	no	no	no	yes
SoffiXsponR570.03Bg007700.v2.1	1.441	no	no	no	yes
SoffiXsponR570.08Cg074300.v2.1	1.441	no	no	no	yes
SoffiXsponR570.01Fg067100.v2.1	1.44	no	no	no	yes
SoffiXsponR570.07Dg206300.v2.1	1.44	no	no	no	yes
SoffiXsponR570.02Dg299500.v2.1	1.44	no	no	no	yes
SoffiXsponR570.10Ag142700.v2.1	1.44	no	no	no	yes
SoffiXsponR570.02Bg315500.v2.1	1.439	no	no	no	yes
SoffiXsponR570.01Bg273500.v2.1	1.439	no	no	no	yes
SoffiXsponR570.04Cg008800.v2.1	1.439	no	no	no	yes
SoffiXsponR570.01Ag277400.v2.1	1.439	no	no	no	yes
SoffiXsponR570.03Cg072400.v2.1	1.438	no	no	no	yes
SoffiXsponR570.03Cg163100.v2.1	1.438	no	no	no	yes
SoffiXsponR570.01Cg190900.v2.1	1.438	no	no	no	yes
SoffiXsponR570.5_9Ag418400.v2.1	1.437	no	no	no	yes
SoffiXsponR570.03Dg251700.v2.1	1.437	no	no	no	yes
SoffiXsponR570.02Dg164500.v2.1	1.436	no	yes	no	no
SoffiXsponR570.04Ag273400.v2.1	1.436	no	no	no	yes
SoffiXsponR570.06Cg180900.v2.1	1.435	no	no	no	yes
SoffiXsponR570.01Eg061300.v2.1	1.435	no	no	no	yes
SoffiXsponR570.6_9Ag227100.v2.1	1.434	no	no	no	yes
SoffiXsponR570.01Bg054100.v2.1	1.434	no	no	no	yes
SoffiXsponR570.01Bg472800.v2.1	1.434	no	no	no	yes
SoffiXsponR570.03Bg058900.v2.1	1.434	no	no	no	yes
SoffiXsponR570.05Cg142700.v2.1	1.434	no	no	no	yes
SoffiXsponR570.08Cg118600.v2.1	1.434	no	no	no	yes
SoffiXsponR570.02Dg227600.v2.1	1.434	no	no	no	yes
SoffiXsponR570.09Eg094700.v2.1	1.433	no	no	no	yes
SoffiXsponR570.06Dg147100.v2.1	1.433	no	no	no	yes
SoffiXsponR570.10Cg114300.v2.1	1.433	no	no	no	yes
SoffiXsponR570.01Dg234500.v2.1	1.433	no	no	no	yes
SoffiXsponR570.8_10Ag067200.v2.1	1.433	no	no	no	yes
SoffiXsponR570.09Cg027300.v2.1	1.432	no	no	no	yes
SoffiXsponR570.10Ag113600.v2.1	1.432	yes	yes	no	yes
SoffiXsponR570.02Cg132900.v2.1	1.432	no	no	no	yes
SoffiXsponR570.03Eg294400.v2.1	1.432	no	no	no	yes
SoffiXsponR570.05Bg243800.v2.1	1.432	no	no	no	yes
SoffiXsponR570.6_9Ag063900.v2.1	1.431	no	no	no	yes
SoffiXsponR570.04Ag200200.v2.1	1.431	no	no	no	yes
SoffiXsponR570.04Ag146800.v2.1	1.43	no	no	no	yes
SoffiXsponR570.01Eg163000.v2.1	1.43	no	no	no	yes
SoffiXsponR570.05Dg011600.v2.1	1.43	no	no	no	yes
SoffiXsponR570.03Bg248200.v2.1	1.43	no	no	no	yes
SoffiXsponR570.06Gg060700.v2.1	1.429	no	no	no	yes
SoffiXsponR570.7_10Ag339900.v2.1	1.429	no	no	no	yes
SoffiXsponR570.02Eg369200.v2.1	1.428	no	no	no	yes
SoffiXsponR570.05Dg344600.v2.1	1.428	no	no	no	yes
SoffiXsponR570.07Eg206200.v2.1	1.428	no	no	no	yes
SoffiXsponR570.02Eg122300.v2.1	1.428	no	no	no	yes
SoffiXsponR570.7os1g043800.v2.1	1.428	no	no	no	yes
SoffiXsponR570.09Cg125400.v2.1	1.428	no	no	no	yes
SoffiXsponR570.7_10Ag038500.v2.1	1.427	no	no	no	yes
SoffiXsponR570.07Dg178800.v2.1	1.427	no	no	no	yes
SoffiXsponR570.01Eg089900.v2.1	1.427	no	no	no	yes
SoffiXsponR570.03Cg071700.v2.1	1.427	no	no	no	yes
SoffiXsponR570.05Eg254600.v2.1	1.427	no	no	no	yes
SoffiXsponR570.9us90g021800.v2.1	1.427	no	no	no	yes
SoffiXsponR570.09Dg054000.v2.1	1.427	no	no	no	yes
SoffiXsponR570.07Ag103700.v2.1	1.426	no	no	no	yes
SoffiXsponR570.07Ag148200.v2.1	1.426	no	no	no	yes
SoffiXsponR570.02Bg094000.v2.1	1.426	no	no	no	yes
SoffiXsponR570.05Ag022100.v2.1	1.426	no	no	no	yes
SoffiXsponR570.06Bg011100.v2.1	1.425	no	no	no	yes
SoffiXsponR570.02Gg128700.v2.1	1.425	no	no	no	yes
SoffiXsponR570.06Ag163000.v2.1	1.425	no	no	no	yes
SoffiXsponR570.08Cg041000.v2.1	1.425	no	yes	no	no
SoffiXsponR570.03Dg188400.v2.1	1.425	no	no	no	yes
SoffiXsponR570.6os1g003100.v2.1	1.424	no	no	no	yes
SoffiXsponR570.03Bg144300.v2.1	1.424	no	no	no	yes
SoffiXsponR570.03Fg141900.v2.1	1.424	no	no	no	yes
SoffiXsponR570.05Dg004600.v2.1	1.424	no	no	no	yes
SoffiXsponR570.04Bg068300.v2.1	1.423	no	no	no	yes
SoffiXsponR570.10Cg088200.v2.1	1.422	no	no	no	yes
SoffiXsponR570.01Bg413600.v2.1	1.421	no	no	no	yes
SoffiXsponR570.05Eg135000.v2.1	1.421	no	no	no	yes
SoffiXsponR570.02Dg156300.v2.1	1.421	no	no	no	yes
SoffiXsponR570.02Fg207100.v2.1	1.42	no	no	no	yes
SoffiXsponR570.03Eg097500.v2.1	1.42	no	no	no	yes
SoffiXsponR570.04Ag098400.v2.1	1.42	no	no	no	yes
SoffiXsponR570.02Eg162000.v2.1	1.42	no	no	no	yes
SoffiXsponR570.03Cg145800.v2.1	1.419	no	no	no	yes
SoffiXsponR570.02Gg234900.v2.1	1.419	no	no	no	yes
SoffiXsponR570.10Bg161500.v2.1	1.419	no	no	no	yes
SoffiXsponR570.01Bg421800.v2.1	1.418	no	no	no	yes
SoffiXsponR570.8_10Ag208800.v2.1	1.417	no	no	no	yes
SoffiXsponR570.09Dg021300.v2.1	1.417	no	no	no	yes
SoffiXsponR570.02Gg243300.v2.1	1.417	no	no	no	yes
SoffiXsponR570.08Bg123400.v2.1	1.416	no	no	no	yes
SoffiXsponR570.01Bg308000.v2.1	1.416	no	no	no	yes
SoffiXsponR570.05Gg179600.v2.1	1.416	no	no	no	yes
SoffiXsponR570.05Eg089400.v2.1	1.416	no	no	yes	yes
SoffiXsponR570.02Fg180800.v2.1	1.416	no	no	no	yes
SoffiXsponR570.02Cg251700.v2.1	1.415	no	no	no	yes
SoffiXsponR570.07Bg064000.v2.1	1.415	no	no	no	yes
SoffiXsponR570.10Fg074500.v2.1	1.415	no	no	no	yes
SoffiXsponR570.08Eg038300.v2.1	1.414	no	no	no	yes
SoffiXsponR570.6us88g011900.v2.1	1.413	no	no	no	yes
SoffiXsponR570.10os1g035300.v2.1	1.413	no	no	no	yes
SoffiXsponR570.02Eg119400.v2.1	1.412	no	no	no	yes
SoffiXsponR570.05Bg099700.v2.1	1.412	no	no	no	yes
SoffiXsponR570.01Ag391100.v2.1	1.412	no	no	no	yes
SoffiXsponR570.04Eg102100.v2.1	1.412	no	no	no	yes
SoffiXsponR570.01Bg235100.v2.1	1.411	no	no	no	yes
SoffiXsponR570.8_5Ag271000.v2.1	1.411	no	no	no	yes
SoffiXsponR570.05Eg227800.v2.1	1.411	no	no	no	yes
SoffiXsponR570.09Ag020500.v2.1	1.41	no	no	no	yes
SoffiXsponR570.01Ag507200.v2.1	1.41	no	no	no	yes
SoffiXsponR570.03Dg267800.v2.1	1.41	no	no	no	yes
SoffiXsponR570.02Ag363400.v2.1	1.41	no	no	no	yes
SoffiXsponR570.05Gg033500.v2.1	1.41	no	no	no	yes
SoffiXsponR570.01Eg422100.v2.1	1.41	no	no	no	yes
SoffiXsponR570.02Fg264500.v2.1	1.409	no	no	no	yes
SoffiXsponR570.05Ag167100.v2.1	1.408	no	no	no	yes
SoffiXsponR570.01Eg184100.v2.1	1.408	no	no	no	yes
SoffiXsponR570.08Ag179200.v2.1	1.408	no	no	no	yes
SoffiXsponR570.01Cg152000.v2.1	1.408	no	no	no	yes
SoffiXsponR570.10Dg113700.v2.1	1.408	no	no	no	yes
SoffiXsponR570.04Bg064900.v2.1	1.407	no	no	no	yes
SoffiXsponR570.06Ag015600.v2.1	1.407	no	no	no	yes
SoffiXsponR570.05Ag298200.v2.1	1.407	no	no	no	yes
SoffiXsponR570.08Eg121900.v2.1	1.407	no	no	no	yes
SoffiXsponR570.09Ag049500.v2.1	1.407	no	no	no	yes
SoffiXsponR570.05Bg231600.v2.1	1.407	no	no	no	yes
SoffiXsponR570.09Dg064300.v2.1	1.406	no	no	no	yes
SoffiXsponR570.02Bg377100.v2.1	1.406	no	no	no	yes
SoffiXsponR570.05Bg134300.v2.1	1.406	no	no	no	yes
SoffiXsponR570.01Fg025400.v2.1	1.406	no	no	no	yes
SoffiXsponR570.03Bg236700.v2.1	1.406	no	no	no	yes
SoffiXsponR570.01Ag216400.v2.1	1.405	no	no	no	yes
SoffiXsponR570.04Ag247700.v2.1	1.405	no	no	no	yes
SoffiXsponR570.7_10Ag376100.v2.1	1.405	no	no	no	yes
SoffiXsponR570.10Ag007800.v2.1	1.404	no	no	no	yes
SoffiXsponR570.02Eg350000.v2.1	1.404	no	yes	yes	yes
SoffiXsponR570.07Eg056100.v2.1	1.404	no	no	no	yes
SoffiXsponR570.07Dg150700.v2.1	1.403	no	no	no	yes
SoffiXsponR570.10Fg086400.v2.1	1.403	no	no	no	yes
SoffiXsponR570.05Bg162800.v2.1	1.403	no	no	no	yes
SoffiXsponR570.02Gg237700.v2.1	1.402	no	no	no	yes
SoffiXsponR570.03Dg022500.v2.1	1.402	no	no	no	yes
SoffiXsponR570.01Bg470000.v2.1	1.401	no	no	no	yes
SoffiXsponR570.05Fg092200.v2.1	1.401	no	no	no	yes
SoffiXsponR570.07Ag004800.v2.1	1.401	no	no	no	yes
SoffiXsponR570.7os1g031000.v2.1	1.401	no	no	no	yes
SoffiXsponR570.07Eg148600.v2.1	1.401	no	no	no	yes
SoffiXsponR570.06Ag031800.v2.1	1.4	no	no	no	yes
SoffiXsponR570.01Ag264800.v2.1	1.4	no	no	no	yes
SoffiXsponR570.02Ag167400.v2.1	1.399	no	no	no	yes
SoffiXsponR570.7_10Ag072300.v2.1	1.399	no	no	no	yes
SoffiXsponR570.05Cg134500.v2.1	1.399	no	no	no	yes
SoffiXsponR570.1Z154200.v2.1	1.398	no	no	no	yes
SoffiXsponR570.03Dg139500.v2.1	1.397	no	no	no	yes
SoffiXsponR570.06Eg032000.v2.1	1.396	no	no	no	yes
SoffiXsponR570.09Eg109100.v2.1	1.396	no	no	no	yes
SoffiXsponR570.04Bg125900.v2.1	1.396	no	no	no	yes
SoffiXsponR570.01Ag543700.v2.1	1.396	no	no	no	yes
SoffiXsponR570.04Dg105100.v2.1	1.394	no	no	no	yes
SoffiXsponR570.08Ag017000.v2.1	1.394	no	no	no	yes
SoffiXsponR570.04Fg154100.v2.1	1.393	no	no	no	yes
SoffiXsponR570.01Ag501200.v2.1	1.393	no	no	no	yes
SoffiXsponR570.07Cg070900.v2.1	1.392	no	no	no	yes
SoffiXsponR570.01Ag472400.v2.1	1.392	no	no	no	yes
SoffiXsponR570.8_10Ag338000.v2.1	1.392	no	no	no	yes
SoffiXsponR570.03Bg089700.v2.1	1.391	no	no	no	yes
SoffiXsponR570.03Eg216600.v2.1	1.391	no	no	no	yes
SoffiXsponR570.05Bg272600.v2.1	1.391	no	no	no	yes
SoffiXsponR570.1Z275100.v2.1	1.39	no	no	no	yes
SoffiXsponR570.05Gg009300.v2.1	1.39	no	no	no	yes
SoffiXsponR570.10Ag095100.v2.1	1.389	no	no	no	yes
SoffiXsponR570.02Fg149100.v2.1	1.388	no	no	no	yes
SoffiXsponR570.05Dg350100.v2.1	1.388	no	no	no	yes
SoffiXsponR570.02Cg163000.v2.1	1.388	no	no	no	yes
SoffiXsponR570.05Ag243800.v2.1	1.388	no	no	no	yes
SoffiXsponR570.04Cg027900.v2.1	1.387	no	no	no	yes
SoffiXsponR570.05Fg209000.v2.1	1.387	no	no	no	yes
SoffiXsponR570.05Cg139000.v2.1	1.386	no	no	no	yes
SoffiXsponR570.03Ag312600.v2.1	1.385	no	no	no	yes
SoffiXsponR570.05Cg078800.v2.1	1.385	no	no	no	yes
SoffiXsponR570.07Bg107600.v2.1	1.385	no	no	no	yes
SoffiXsponR570.02Dg333200.v2.1	1.385	no	no	no	yes
SoffiXsponR570.06Eg045600.v2.1	1.384	no	no	no	yes
SoffiXsponR570.05Bg183400.v2.1	1.384	no	no	no	yes
SoffiXsponR570.03Fg136100.v2.1	1.384	no	no	no	yes
SoffiXsponR570.07Ag109000.v2.1	1.384	no	no	no	yes
SoffiXsponR570.5_9Ag022500.v2.1	1.384	no	no	no	yes
SoffiXsponR570.5_9Ag181000.v2.1	1.383	no	no	no	yes
SoffiXsponR570.07Eg109000.v2.1	1.381	no	no	no	yes
SoffiXsponR570.5_9Ag029200.v2.1	1.381	no	no	no	yes
SoffiXsponR570.05Eg361900.v2.1	1.381	no	no	no	yes
SoffiXsponR570.02Dg167000.v2.1	1.381	no	yes	no	yes
SoffiXsponR570.04Ag161300.v2.1	1.381	no	no	no	yes
SoffiXsponR570.8_5Ag166400.v2.1	1.381	no	no	no	yes
SoffiXsponR570.10Bg198400.v2.1	1.38	no	no	no	yes
SoffiXsponR570.10Cg184400.v2.1	1.38	no	no	no	yes
SoffiXsponR570.05Cg375100.v2.1	1.38	no	no	no	yes
SoffiXsponR570.01Fg066000.v2.1	1.38	no	no	no	yes
SoffiXsponR570.05Gg052900.v2.1	1.379	no	no	no	yes
SoffiXsponR570.08Bg113500.v2.1	1.379	no	no	no	yes
SoffiXsponR570.01Eg143900.v2.1	1.378	no	no	no	yes
SoffiXsponR570.10Ag014300.v2.1	1.378	no	no	no	yes
SoffiXsponR570.6_9Ag283600.v2.1	1.378	no	no	no	yes
SoffiXsponR570.05Eg223100.v2.1	1.378	no	no	no	yes
SoffiXsponR570.01Cg004300.v2.1	1.377	no	no	no	yes
SoffiXsponR570.10us89g063300.v2.1	1.377	no	no	no	yes
SoffiXsponR570.04Dg046300.v2.1	1.376	no	no	no	yes
SoffiXsponR570.03Fg063300.v2.1	1.376	no	no	no	yes
SoffiXsponR570.04Cg004500.v2.1	1.376	no	no	no	yes
SoffiXsponR570.05Ag212200.v2.1	1.376	no	no	no	yes
SoffiXsponR570.05Ag342700.v2.1	1.376	no	no	no	yes
SoffiXsponR570.1Z015000.v2.1	1.375	no	no	no	yes
SoffiXsponR570.02Dg068900.v2.1	1.375	no	no	no	yes
SoffiXsponR570.06Ag224100.v2.1	1.374	no	no	no	yes
SoffiXsponR570.05Eg036800.v2.1	1.374	no	no	no	yes
SoffiXsponR570.06Eg120900.v2.1	1.374	no	no	no	yes
SoffiXsponR570.6us88g099300.v2.1	1.374	no	no	no	yes
SoffiXsponR570.8_5Ag201200.v2.1	1.374	no	no	no	yes
SoffiXsponR570.02Eg218800.v2.1	1.374	no	no	no	yes
SoffiXsponR570.05Ag302200.v2.1	1.373	no	no	no	yes
SoffiXsponR570.01Cg098100.v2.1	1.373	no	no	no	yes
SoffiXsponR570.02Fg308200.v2.1	1.373	no	no	no	yes
SoffiXsponR570.05Fg019100.v2.1	1.373	no	no	no	yes
SoffiXsponR570.05Bg154100.v2.1	1.373	no	no	no	yes
SoffiXsponR570.05Bg305300.v2.1	1.373	no	no	no	yes
SoffiXsponR570.01Eg056300.v2.1	1.372	no	no	no	yes
SoffiXsponR570.02Bg218200.v2.1	1.372	no	no	no	yes
SoffiXsponR570.01Bg281500.v2.1	1.372	no	no	no	yes
SoffiXsponR570.01Fg111700.v2.1	1.371	no	no	no	yes
SoffiXsponR570.8_5Ag172400.v2.1	1.371	no	no	no	yes
SoffiXsponR570.05Ag315200.v2.1	1.371	no	no	no	yes
SoffiXsponR570.01Fg073900.v2.1	1.371	no	no	no	yes
SoffiXsponR570.6_9Ag184900.v2.1	1.37	no	no	no	yes
SoffiXsponR570.9os1g036100.v2.1	1.37	no	no	no	yes
SoffiXsponR570.10Cg066300.v2.1	1.37	no	no	no	yes
SoffiXsponR570.10Cg001900.v2.1	1.37	no	no	no	yes
SoffiXsponR570.10Ag069400.v2.1	1.37	no	no	no	yes
SoffiXsponR570.07Bg167600.v2.1	1.37	no	no	no	yes
SoffiXsponR570.05Fg005100.v2.1	1.369	no	no	no	yes
SoffiXsponR570.05Ag233800.v2.1	1.369	no	no	no	yes
SoffiXsponR570.1Z268200.v2.1	1.369	no	no	no	yes
SoffiXsponR570.01Cg394700.v2.1	1.368	no	no	no	yes
SoffiXsponR570.8_10Ag126900.v2.1	1.368	no	no	no	yes
SoffiXsponR570.02Fg052800.v2.1	1.368	no	no	no	yes
SoffiXsponR570.05Cg195400.v2.1	1.367	no	no	no	yes
SoffiXsponR570.06Cg072400.v2.1	1.367	no	no	no	yes
SoffiXsponR570.04Fg125900.v2.1	1.367	no	no	no	yes
SoffiXsponR570.5_9Ag492100.v2.1	1.366	no	no	no	yes
SoffiXsponR570.03Bg108700.v2.1	1.366	no	no	no	yes
SoffiXsponR570.05Eg327900.v2.1	1.366	no	no	no	yes
SoffiXsponR570.05Bg354300.v2.1	1.366	no	no	no	yes
SoffiXsponR570.08Cg051400.v2.1	1.366	no	no	no	yes
SoffiXsponR570.6_9Ag024100.v2.1	1.365	no	no	no	yes
SoffiXsponR570.03Dg188500.v2.1	1.365	no	no	no	yes
SoffiXsponR570.09Dg079900.v2.1	1.365	no	no	no	yes
SoffiXsponR570.04Cg177100.v2.1	1.364	no	no	no	yes
SoffiXsponR570.10Cg068000.v2.1	1.364	no	no	no	yes
SoffiXsponR570.07Ag000900.v2.1	1.364	no	no	no	yes
SoffiXsponR570.10os1g045400.v2.1	1.364	no	no	no	yes
SoffiXsponR570.08Cg004900.v2.1	1.364	no	no	no	yes
SoffiXsponR570.09Ag117100.v2.1	1.362	no	no	no	yes
SoffiXsponR570.05Bg144600.v2.1	1.362	no	no	no	yes
SoffiXsponR570.06Eg038700.v2.1	1.362	no	no	no	yes
SoffiXsponR570.04Cg093400.v2.1	1.362	no	no	no	yes
SoffiXsponR570.02Dg101400.v2.1	1.362	no	no	no	yes
SoffiXsponR570.03Eg202300.v2.1	1.361	no	no	no	yes
SoffiXsponR570.03Bg196100.v2.1	1.361	no	no	no	yes
SoffiXsponR570.04Dg070700.v2.1	1.361	no	no	no	yes
SoffiXsponR570.02Fg099400.v2.1	1.361	no	no	no	yes
SoffiXsponR570.05Gg148500.v2.1	1.36	no	no	no	yes
SoffiXsponR570.05Bg218200.v2.1	1.36	no	no	no	yes
SoffiXsponR570.01Cg229400.v2.1	1.36	no	no	no	yes
SoffiXsponR570.05Bg042700.v2.1	1.36	no	no	no	yes
SoffiXsponR570.01Eg091200.v2.1	1.36	no	no	no	yes
SoffiXsponR570.8_5Ag215900.v2.1	1.36	no	no	no	yes
SoffiXsponR570.08Cg052300.v2.1	1.36	no	no	no	yes
SoffiXsponR570.07Cg239800.v2.1	1.359	no	no	no	yes
SoffiXsponR570.04Fg137400.v2.1	1.359	no	no	no	yes
SoffiXsponR570.10Dg094100.v2.1	1.359	no	no	no	yes
SoffiXsponR570.02Gg242800.v2.1	1.359	no	no	no	yes
SoffiXsponR570.05Fg259600.v2.1	1.359	no	no	no	yes
SoffiXsponR570.09Ag155300.v2.1	1.358	no	no	no	yes
SoffiXsponR570.05Gg121600.v2.1	1.358	no	no	no	yes
SoffiXsponR570.04Eg075200.v2.1	1.358	no	no	no	yes
SoffiXsponR570.1Z185900.v2.1	1.358	no	no	no	yes
SoffiXsponR570.09Bg108300.v2.1	1.357	no	no	no	yes
SoffiXsponR570.03Ag179600.v2.1	1.357	no	no	no	yes
SoffiXsponR570.02Gg158600.v2.1	1.357	no	no	no	yes
SoffiXsponR570.05Dg371000.v2.1	1.357	no	no	no	yes
SoffiXsponR570.01Ag168900.v2.1	1.356	no	no	no	yes
SoffiXsponR570.01Dg379200.v2.1	1.356	no	no	no	yes
SoffiXsponR570.01Ag360800.v2.1	1.356	no	no	no	yes
SoffiXsponR570.05Eg356000.v2.1	1.354	no	no	no	yes
SoffiXsponR570.09Eg079300.v2.1	1.354	no	no	no	yes
SoffiXsponR570.06Fg018700.v2.1	1.353	no	no	no	yes
SoffiXsponR570.01Ag387000.v2.1	1.353	no	no	no	yes
SoffiXsponR570.03Eg052400.v2.1	1.353	no	no	no	yes
SoffiXsponR570.06Ag049000.v2.1	1.352	no	no	no	yes
SoffiXsponR570.8_10Ag321500.v2.1	1.352	no	no	no	yes
SoffiXsponR570.8_5Ag189200.v2.1	1.352	no	no	no	yes
SoffiXsponR570.01Cg345600.v2.1	1.352	no	no	no	yes
SoffiXsponR570.7_10Ag225500.v2.1	1.352	no	no	no	yes
SoffiXsponR570.10Dg133500.v2.1	1.352	no	no	no	yes
SoffiXsponR570.05Gg005800.v2.1	1.352	no	no	no	yes
SoffiXsponR570.10Eg055300.v2.1	1.352	no	no	no	yes
SoffiXsponR570.09Cg108700.v2.1	1.352	no	no	no	yes
SoffiXsponR570.09Eg036200.v2.1	1.35	no	no	no	yes
SoffiXsponR570.05Bg320800.v2.1	1.35	no	no	no	yes
SoffiXsponR570.02Ag233000.v2.1	1.35	no	no	no	yes
SoffiXsponR570.07Eg027500.v2.1	1.35	no	no	no	yes
SoffiXsponR570.09Ag058700.v2.1	1.35	no	no	no	yes
SoffiXsponR570.05Bg224800.v2.1	1.349	no	no	no	yes
SoffiXsponR570.10Fg092500.v2.1	1.349	no	no	no	yes
SoffiXsponR570.03Cg064900.v2.1	1.349	no	no	no	yes
SoffiXsponR570.01Cg358600.v2.1	1.349	no	no	no	yes
SoffiXsponR570.05Cg299600.v2.1	1.348	no	no	no	yes
SoffiXsponR570.01Ag282300.v2.1	1.347	no	no	no	yes
SoffiXsponR570.6_9Ag135000.v2.1	1.347	no	no	no	yes
SoffiXsponR570.05Bg164200.v2.1	1.347	no	no	no	yes
SoffiXsponR570.10Cg163300.v2.1	1.347	no	no	no	yes
SoffiXsponR570.10Cg119200.v2.1	1.347	no	no	no	yes
SoffiXsponR570.02Cg222400.v2.1	1.346	no	no	no	yes
SoffiXsponR570.05Gg126700.v2.1	1.346	no	no	no	yes
SoffiXsponR570.9us90g074100.v2.1	1.346	no	no	no	yes
SoffiXsponR570.01Ag305900.v2.1	1.346	no	no	no	yes
SoffiXsponR570.03Eg208000.v2.1	1.345	no	no	no	yes
SoffiXsponR570.04Fg130700.v2.1	1.345	no	no	no	yes
SoffiXsponR570.02Fg246900.v2.1	1.345	no	no	no	yes
SoffiXsponR570.05Dg389100.v2.1	1.345	no	no	no	yes
SoffiXsponR570.08Dg115200.v2.1	1.344	no	no	no	yes
SoffiXsponR570.03Dg319400.v2.1	1.342	no	no	no	yes
SoffiXsponR570.05Gg171300.v2.1	1.341	no	no	no	yes
SoffiXsponR570.03Ag081600.v2.1	1.341	no	no	no	yes
SoffiXsponR570.6us88g139100.v2.1	1.341	no	yes	no	yes
SoffiXsponR570.05Dg311200.v2.1	1.341	no	no	yes	yes
SoffiXsponR570.03Bg023300.v2.1	1.339	no	no	no	yes
SoffiXsponR570.04Gg049100.v2.1	1.339	no	no	no	yes
SoffiXsponR570.01Cg221500.v2.1	1.339	no	no	no	yes
SoffiXsponR570.02Gg192100.v2.1	1.339	no	no	no	yes
SoffiXsponR570.04Gg098200.v2.1	1.339	no	no	no	yes
SoffiXsponR570.10Fg075400.v2.1	1.339	no	no	no	yes
SoffiXsponR570.10Ag015500.v2.1	1.339	no	no	no	yes
SoffiXsponR570.04Dg140800.v2.1	1.338	no	no	no	yes
SoffiXsponR570.08Cg127300.v2.1	1.337	no	no	no	yes
SoffiXsponR570.05Eg214200.v2.1	1.337	no	no	no	yes
SoffiXsponR570.02Cg424800.v2.1	1.337	no	no	no	yes
SoffiXsponR570.01Ag542000.v2.1	1.337	no	no	no	yes
SoffiXsponR570.1Z224700.v2.1	1.336	no	no	no	yes
SoffiXsponR570.1Z073400.v2.1	1.336	no	no	no	yes
SoffiXsponR570.09Bg043200.v2.1	1.336	no	no	no	yes
SoffiXsponR570.07Cg199400.v2.1	1.335	no	no	no	yes
SoffiXsponR570.07Bg134700.v2.1	1.335	no	no	no	yes
SoffiXsponR570.05Ag212900.v2.1	1.334	no	no	no	yes
SoffiXsponR570.01Fg216200.v2.1	1.333	no	no	no	yes
SoffiXsponR570.06Eg017800.v2.1	1.332	no	no	no	yes
SoffiXsponR570.01Eg201700.v2.1	1.331	no	no	no	yes
SoffiXsponR570.5_9Ag372200.v2.1	1.331	no	no	no	yes
SoffiXsponR570.01Dg293200.v2.1	1.33	no	no	no	yes
SoffiXsponR570.09Eg064500.v2.1	1.33	no	no	no	yes
SoffiXsponR570.07Eg069200.v2.1	1.33	no	no	no	yes
SoffiXsponR570.5_9Ag401900.v2.1	1.33	no	no	no	yes
SoffiXsponR570.09Bg157800.v2.1	1.33	no	no	no	yes
SoffiXsponR570.4us91g039500.v2.1	1.33	no	no	no	yes
SoffiXsponR570.02Ag382200.v2.1	1.328	no	no	no	yes
SoffiXsponR570.02Bg295200.v2.1	1.328	no	no	no	yes
SoffiXsponR570.02Bg131500.v2.1	1.328	no	no	no	yes
SoffiXsponR570.02Cg137900.v2.1	1.327	no	no	no	yes
SoffiXsponR570.05Gg073400.v2.1	1.327	no	no	no	yes
SoffiXsponR570.07Ag015600.v2.1	1.327	no	no	no	yes
SoffiXsponR570.02Cg232000.v2.1	1.326	no	no	no	yes
SoffiXsponR570.09Ag134400.v2.1	1.326	no	no	no	yes
SoffiXsponR570.04Ag247600.v2.1	1.326	no	no	no	yes
SoffiXsponR570.01Cg331000.v2.1	1.326	no	no	no	yes
SoffiXsponR570.07Dg150300.v2.1	1.325	no	no	no	yes
SoffiXsponR570.04Cg127900.v2.1	1.325	no	no	no	yes
SoffiXsponR570.05Cg272100.v2.1	1.324	no	no	no	yes
SoffiXsponR570.10Fg065600.v2.1	1.324	no	no	no	yes
SoffiXsponR570.02Dg359700.v2.1	1.323	no	no	no	yes
SoffiXsponR570.06Bg021500.v2.1	1.323	no	no	no	yes
SoffiXsponR570.9us90g008200.v2.1	1.323	no	no	no	yes
SoffiXsponR570.05Eg177800.v2.1	1.322	no	no	no	yes
SoffiXsponR570.8_10Ag338400.v2.1	1.322	no	no	no	yes
SoffiXsponR570.01Ag347900.v2.1	1.321	no	no	no	yes
SoffiXsponR570.06Ag016900.v2.1	1.321	no	no	no	yes
SoffiXsponR570.10Fg115200.v2.1	1.321	no	yes	yes	yes
SoffiXsponR570.04Dg079900.v2.1	1.321	no	no	no	yes
SoffiXsponR570.02Dg368400.v2.1	1.32	no	no	no	yes
SoffiXsponR570.08Bg037600.v2.1	1.32	no	no	no	yes
SoffiXsponR570.08Bg188000.v2.1	1.319	no	no	no	yes
SoffiXsponR570.02Gg194700.v2.1	1.319	no	no	no	yes
SoffiXsponR570.8_10Ag303300.v2.1	1.319	no	no	no	yes
SoffiXsponR570.02Dg287400.v2.1	1.319	no	no	no	yes
SoffiXsponR570.05Eg245600.v2.1	1.319	no	no	no	yes
SoffiXsponR570.01Fg023800.v2.1	1.318	no	no	no	yes
SoffiXsponR570.01Dg294100.v2.1	1.318	no	no	no	yes
SoffiXsponR570.05Gg106000.v2.1	1.318	no	no	no	yes
SoffiXsponR570.02Fg033600.v2.1	1.317	no	no	no	yes
SoffiXsponR570.5_9Ag206700.v2.1	1.316	no	no	no	yes
SoffiXsponR570.02Ag208700.v2.1	1.316	no	no	no	yes
SoffiXsponR570.04Bg222300.v2.1	1.316	no	no	no	yes
SoffiXsponR570.02Gg125800.v2.1	1.316	no	no	no	yes
SoffiXsponR570.8_5Ag129300.v2.1	1.316	no	no	no	yes
SoffiXsponR570.07Ag169800.v2.1	1.316	no	no	no	yes
SoffiXsponR570.04Eg001700.v2.1	1.316	no	no	no	yes
SoffiXsponR570.05Dg110600.v2.1	1.315	no	no	no	yes
SoffiXsponR570.09Dg130800.v2.1	1.314	no	no	no	yes
SoffiXsponR570.10Eg041900.v2.1	1.314	no	no	no	yes
SoffiXsponR570.05Ag343700.v2.1	1.314	no	no	no	yes
SoffiXsponR570.09Eg018300.v2.1	1.313	no	no	no	yes
SoffiXsponR570.01Eg182500.v2.1	1.312	no	no	no	yes
SoffiXsponR570.09Ag121300.v2.1	1.312	no	no	no	yes
SoffiXsponR570.06Fg158900.v2.1	1.312	no	no	no	yes
SoffiXsponR570.05Eg131400.v2.1	1.312	no	no	no	yes
SoffiXsponR570.02Gg192500.v2.1	1.311	no	no	no	yes
SoffiXsponR570.08Cg145800.v2.1	1.31	no	yes	no	yes
SoffiXsponR570.01Fg290200.v2.1	1.31	no	no	no	yes
SoffiXsponR570.06Eg097700.v2.1	1.309	no	no	no	yes
SoffiXsponR570.03Eg265600.v2.1	1.309	no	no	no	yes
SoffiXsponR570.1Z293100.v2.1	1.309	no	no	no	yes
SoffiXsponR570.07Dg028000.v2.1	1.308	no	no	no	yes
SoffiXsponR570.04Eg104100.v2.1	1.308	no	no	no	yes
SoffiXsponR570.04Fg141200.v2.1	1.307	no	no	no	yes
SoffiXsponR570.01Bg280300.v2.1	1.307	no	no	no	yes
SoffiXsponR570.10Ag155500.v2.1	1.307	no	no	yes	yes
SoffiXsponR570.02Eg325200.v2.1	1.307	no	no	no	yes
SoffiXsponR570.02Gg175700.v2.1	1.306	no	no	no	yes
SoffiXsponR570.03Dg018600.v2.1	1.306	no	no	no	yes
SoffiXsponR570.01Ag413400.v2.1	1.306	no	no	no	yes
SoffiXsponR570.08Bg065300.v2.1	1.305	no	no	no	yes
SoffiXsponR570.06Dg091800.v2.1	1.304	no	no	no	yes
SoffiXsponR570.01Cg095100.v2.1	1.304	no	no	no	yes
SoffiXsponR570.10Ag156800.v2.1	1.304	no	no	no	yes
SoffiXsponR570.05Ag231400.v2.1	1.304	no	no	no	yes
SoffiXsponR570.05Fg039700.v2.1	1.304	no	no	no	yes
SoffiXsponR570.02Dg045000.v2.1	1.304	no	no	no	yes
SoffiXsponR570.01Ag353200.v2.1	1.304	no	no	no	yes
SoffiXsponR570.01Bg262800.v2.1	1.303	no	no	no	yes
SoffiXsponR570.06Cg129900.v2.1	1.303	no	no	no	yes
SoffiXsponR570.02Fg139100.v2.1	1.302	no	no	no	yes
SoffiXsponR570.07Bg193400.v2.1	1.302	no	no	no	yes
SoffiXsponR570.01Cg340600.v2.1	1.302	no	no	no	yes
SoffiXsponR570.01Fg071000.v2.1	1.301	no	no	no	yes
SoffiXsponR570.05Eg268000.v2.1	1.301	no	no	no	yes
SoffiXsponR570.09Bg011200.v2.1	1.3	no	yes	yes	yes
SoffiXsponR570.8_10Ag344900.v2.1	1.299	no	no	no	yes
SoffiXsponR570.03Gg113800.v2.1	1.299	no	no	yes	yes
SoffiXsponR570.05Bg043600.v2.1	1.299	no	no	no	yes
SoffiXsponR570.08Cg185100.v2.1	1.299	no	no	no	yes
SoffiXsponR570.03Eg187900.v2.1	1.299	no	no	no	yes
SoffiXsponR570.04Eg090300.v2.1	1.299	no	no	no	yes
SoffiXsponR570.09Bg107600.v2.1	1.299	no	no	no	yes
SoffiXsponR570.02Ag322800.v2.1	1.299	no	no	no	yes
SoffiXsponR570.02Dg340500.v2.1	1.299	no	no	no	yes
SoffiXsponR570.06Ag221000.v2.1	1.298	no	no	no	yes
SoffiXsponR570.03Fg106000.v2.1	1.298	no	no	no	yes
SoffiXsponR570.01Ag530900.v2.1	1.298	no	no	no	yes
SoffiXsponR570.01Bg480600.v2.1	1.298	no	no	no	yes
SoffiXsponR570.05Fg284100.v2.1	1.296	no	no	no	yes
SoffiXsponR570.01Fg295200.v2.1	1.296	no	no	no	yes
SoffiXsponR570.05Gg064800.v2.1	1.295	no	no	no	yes
SoffiXsponR570.02Fg160900.v2.1	1.295	no	no	no	yes
SoffiXsponR570.03Dg311100.v2.1	1.295	no	no	no	yes
SoffiXsponR570.10Ag093000.v2.1	1.295	no	no	no	yes
SoffiXsponR570.01Ag073900.v2.1	1.295	no	no	no	yes
SoffiXsponR570.10Fg019700.v2.1	1.295	no	no	no	yes
SoffiXsponR570.01Bg226300.v2.1	1.295	no	no	no	yes
SoffiXsponR570.05Dg158200.v2.1	1.294	no	no	no	yes
SoffiXsponR570.02Fg180700.v2.1	1.294	no	no	no	yes
SoffiXsponR570.05Fg183100.v2.1	1.294	no	no	no	yes
SoffiXsponR570.10Eg058200.v2.1	1.294	no	no	no	yes
SoffiXsponR570.01Eg379300.v2.1	1.293	no	no	no	yes
SoffiXsponR570.03Gg127800.v2.1	1.293	no	no	no	yes
SoffiXsponR570.03Cg336800.v2.1	1.293	no	no	no	yes
SoffiXsponR570.07Eg014200.v2.1	1.293	no	no	no	yes
SoffiXsponR570.05Eg038200.v2.1	1.293	no	no	no	yes
SoffiXsponR570.07Ag022200.v2.1	1.292	no	no	no	yes
SoffiXsponR570.09Ag144800.v2.1	1.292	no	no	no	yes
SoffiXsponR570.05Eg029500.v2.1	1.292	no	no	no	yes
SoffiXsponR570.10Eg080900.v2.1	1.292	no	no	no	yes
SoffiXsponR570.02Cg013600.v2.1	1.292	no	no	no	yes
SoffiXsponR570.8_5Ag047000.v2.1	1.291	no	no	no	yes
SoffiXsponR570.07Bg257300.v2.1	1.291	no	no	no	yes
SoffiXsponR570.04Bg153600.v2.1	1.291	no	no	no	yes
SoffiXsponR570.5_9Ag437100.v2.1	1.291	yes	no	no	yes
SoffiXsponR570.03Cg313100.v2.1	1.291	no	no	no	yes
SoffiXsponR570.02Dg203400.v2.1	1.291	no	no	no	yes
SoffiXsponR570.9us90g014000.v2.1	1.291	no	no	no	yes
SoffiXsponR570.01Bg123200.v2.1	1.291	no	no	no	yes
SoffiXsponR570.05Cg028800.v2.1	1.29	no	no	no	yes
SoffiXsponR570.07Ag206000.v2.1	1.29	no	no	no	yes
SoffiXsponR570.02Bg094300.v2.1	1.29	no	no	no	yes
SoffiXsponR570.8_10Ag285800.v2.1	1.29	no	no	no	yes
SoffiXsponR570.08Bg094000.v2.1	1.29	no	no	no	yes
SoffiXsponR570.01Ag248500.v2.1	1.288	no	no	no	yes
SoffiXsponR570.09Cg100800.v2.1	1.287	no	no	no	yes
SoffiXsponR570.03Gg135400.v2.1	1.287	no	no	no	yes
SoffiXsponR570.01Bg408400.v2.1	1.286	no	no	no	yes
SoffiXsponR570.03Eg115300.v2.1	1.286	no	no	no	yes
SoffiXsponR570.02Eg078500.v2.1	1.286	no	no	no	yes
SoffiXsponR570.05Cg347500.v2.1	1.286	no	no	no	yes
SoffiXsponR570.01Bg452700.v2.1	1.285	no	no	no	yes
SoffiXsponR570.01Fg009500.v2.1	1.284	no	no	no	yes
SoffiXsponR570.04Bg148400.v2.1	1.283	no	no	no	yes
SoffiXsponR570.08Cg007700.v2.1	1.283	no	no	no	yes
SoffiXsponR570.6_9Ag180300.v2.1	1.283	no	no	no	yes
SoffiXsponR570.05Bg382400.v2.1	1.283	no	no	no	yes
SoffiXsponR570.04Bg094600.v2.1	1.283	no	no	no	yes
SoffiXsponR570.04Dg042200.v2.1	1.282	no	no	no	yes
SoffiXsponR570.8_5Ag047600.v2.1	1.281	no	no	no	yes
SoffiXsponR570.10Eg078900.v2.1	1.281	no	no	no	yes
SoffiXsponR570.08Ag195100.v2.1	1.28	no	no	no	yes
SoffiXsponR570.1Z287900.v2.1	1.279	no	no	no	yes
SoffiXsponR570.04Gg114800.v2.1	1.279	no	no	no	yes
SoffiXsponR570.02Bg105200.v2.1	1.279	no	no	no	yes
SoffiXsponR570.03Gg146600.v2.1	1.279	no	no	no	yes
SoffiXsponR570.02Ag302700.v2.1	1.279	no	no	no	yes
SoffiXsponR570.02Dg318700.v2.1	1.278	no	no	no	yes
SoffiXsponR570.05Gg159300.v2.1	1.278	no	no	no	yes
SoffiXsponR570.01Ag376100.v2.1	1.278	no	no	no	yes
SoffiXsponR570.01Cg300900.v2.1	1.278	no	no	no	yes
SoffiXsponR570.08Eg092500.v2.1	1.278	no	no	no	yes
SoffiXsponR570.9us90g020300.v2.1	1.278	no	no	no	yes
SoffiXsponR570.03Bg010400.v2.1	1.277	no	no	no	yes
SoffiXsponR570.06Ag123600.v2.1	1.277	no	no	no	yes
SoffiXsponR570.6_9Ag125800.v2.1	1.277	no	no	no	yes
SoffiXsponR570.05Bg207500.v2.1	1.277	no	no	no	yes
SoffiXsponR570.05Fg086100.v2.1	1.277	no	no	no	yes
SoffiXsponR570.02Fg037000.v2.1	1.276	no	no	no	yes
SoffiXsponR570.03Bg314400.v2.1	1.275	no	no	no	yes
SoffiXsponR570.10us89g056900.v2.1	1.275	no	no	no	yes
SoffiXsponR570.01Eg433800.v2.1	1.275	no	no	no	yes
SoffiXsponR570.06Bg046200.v2.1	1.274	no	no	no	yes
SoffiXsponR570.03Gg108000.v2.1	1.274	no	no	no	yes
SoffiXsponR570.09Cg052700.v2.1	1.274	no	no	no	yes
SoffiXsponR570.03Eg153000.v2.1	1.274	no	no	no	yes
SoffiXsponR570.5_9Ag283200.v2.1	1.273	no	no	no	yes
SoffiXsponR570.07Cg202900.v2.1	1.273	no	no	no	yes
SoffiXsponR570.07Bg261400.v2.1	1.273	no	no	no	yes
SoffiXsponR570.05Ag321300.v2.1	1.272	no	no	no	yes
SoffiXsponR570.10Eg044000.v2.1	1.271	no	no	no	yes
SoffiXsponR570.07Cg204200.v2.1	1.271	no	no	no	yes
SoffiXsponR570.05Dg334200.v2.1	1.271	no	no	no	yes
SoffiXsponR570.02Fg293000.v2.1	1.27	no	no	no	yes
SoffiXsponR570.05Bg122000.v2.1	1.27	no	no	no	yes
SoffiXsponR570.5_9Ag149300.v2.1	1.269	no	no	no	yes
SoffiXsponR570.09Cg041400.v2.1	1.268	no	no	no	yes
SoffiXsponR570.10Cg001000.v2.1	1.268	no	no	no	yes
SoffiXsponR570.02Eg327200.v2.1	1.268	no	no	no	yes
SoffiXsponR570.05Cg196200.v2.1	1.268	no	no	no	yes
SoffiXsponR570.09Cg155400.v2.1	1.268	no	no	no	yes
SoffiXsponR570.05Ag253400.v2.1	1.267	no	no	no	yes
SoffiXsponR570.01Cg293500.v2.1	1.267	no	no	no	yes
SoffiXsponR570.05Ag267000.v2.1	1.267	no	no	no	yes
SoffiXsponR570.06Ag172400.v2.1	1.266	no	no	no	yes
SoffiXsponR570.02Ag004900.v2.1	1.266	no	no	no	yes
SoffiXsponR570.5_9Ag246000.v2.1	1.266	no	no	no	yes
SoffiXsponR570.08Ag124100.v2.1	1.266	no	no	no	yes
SoffiXsponR570.10Dg123100.v2.1	1.265	no	no	no	yes
SoffiXsponR570.02Gg299600.v2.1	1.265	no	no	no	yes
SoffiXsponR570.03Dg089600.v2.1	1.265	no	no	no	yes
SoffiXsponR570.04Gg015700.v2.1	1.265	no	no	no	yes
SoffiXsponR570.01Fg079800.v2.1	1.265	no	no	no	yes
SoffiXsponR570.02Ag252900.v2.1	1.265	no	no	no	yes
SoffiXsponR570.04Ag243900.v2.1	1.265	no	no	no	yes
SoffiXsponR570.03Cg121900.v2.1	1.265	no	no	no	yes
SoffiXsponR570.02Eg293200.v2.1	1.265	no	no	no	yes
SoffiXsponR570.09Cg046000.v2.1	1.265	no	no	no	yes
SoffiXsponR570.6us88g005500.v2.1	1.264	no	no	no	yes
SoffiXsponR570.01Cg021000.v2.1	1.264	no	no	no	yes
SoffiXsponR570.04Bg241800.v2.1	1.264	no	no	no	yes
SoffiXsponR570.09Ag110300.v2.1	1.263	no	no	no	yes
SoffiXsponR570.02Dg145900.v2.1	1.263	no	no	no	yes
SoffiXsponR570.05Cg105200.v2.1	1.263	no	no	no	yes
SoffiXsponR570.02Fg225500.v2.1	1.263	no	no	no	yes
SoffiXsponR570.09Eg048000.v2.1	1.263	no	no	no	yes
SoffiXsponR570.06Dg047700.v2.1	1.262	no	no	no	yes
SoffiXsponR570.02Cg197100.v2.1	1.262	no	no	no	yes
SoffiXsponR570.6_9Ag254000.v2.1	1.262	no	no	no	yes
SoffiXsponR570.05Fg162700.v2.1	1.262	no	no	no	yes
SoffiXsponR570.07Dg129700.v2.1	1.261	no	no	no	yes
SoffiXsponR570.01Fg080100.v2.1	1.261	no	no	no	yes
SoffiXsponR570.05Dg149900.v2.1	1.26	no	no	no	yes
SoffiXsponR570.10Dg045800.v2.1	1.26	no	no	no	yes
SoffiXsponR570.02Bg010000.v2.1	1.26	no	no	no	yes
SoffiXsponR570.04Cg074600.v2.1	1.26	no	no	no	yes
SoffiXsponR570.09Ag130100.v2.1	1.259	no	no	no	yes
SoffiXsponR570.05Cg076800.v2.1	1.259	no	no	no	yes
SoffiXsponR570.1Z252600.v2.1	1.259	no	no	yes	yes
SoffiXsponR570.02Eg028900.v2.1	1.259	no	no	no	yes
SoffiXsponR570.02Fg132700.v2.1	1.259	no	no	no	yes
SoffiXsponR570.07Eg130100.v2.1	1.258	no	no	no	yes
SoffiXsponR570.03Bg175800.v2.1	1.258	no	no	no	yes
SoffiXsponR570.05Dg011200.v2.1	1.257	no	no	no	yes
SoffiXsponR570.8_5Ag049400.v2.1	1.257	no	no	no	yes
SoffiXsponR570.02Ag165600.v2.1	1.256	no	no	no	yes
SoffiXsponR570.10Dg184400.v2.1	1.256	no	no	no	yes
SoffiXsponR570.05Bg387900.v2.1	1.255	no	no	no	yes
SoffiXsponR570.07Ag060000.v2.1	1.255	no	no	no	yes
SoffiXsponR570.05Dg081700.v2.1	1.254	no	no	no	yes
SoffiXsponR570.04Fg122800.v2.1	1.254	no	no	no	yes
SoffiXsponR570.07Bg244100.v2.1	1.254	no	no	no	yes
SoffiXsponR570.02Ag046300.v2.1	1.254	no	no	no	yes
SoffiXsponR570.04Fg017100.v2.1	1.254	no	no	no	yes
SoffiXsponR570.01Eg376700.v2.1	1.252	no	no	no	yes
SoffiXsponR570.03Bg012800.v2.1	1.252	no	no	no	yes
SoffiXsponR570.01Ag200000.v2.1	1.251	no	no	no	yes
SoffiXsponR570.02Ag350500.v2.1	1.25	no	no	no	yes
SoffiXsponR570.05Ag330500.v2.1	1.25	no	no	no	yes
SoffiXsponR570.09Ag023000.v2.1	1.25	no	no	no	yes
SoffiXsponR570.03Fg138700.v2.1	1.25	no	no	no	yes
SoffiXsponR570.08Eg133400.v2.1	1.249	no	no	no	yes
SoffiXsponR570.8_5Ag043700.v2.1	1.249	no	no	no	yes
SoffiXsponR570.03Gg073100.v2.1	1.249	no	no	no	yes
SoffiXsponR570.02Eg294000.v2.1	1.248	no	no	no	yes
SoffiXsponR570.02Eg071300.v2.1	1.248	no	no	no	yes
SoffiXsponR570.09Bg157900.v2.1	1.248	no	no	no	yes
SoffiXsponR570.07Ag137700.v2.1	1.248	no	no	no	yes
SoffiXsponR570.02Cg240700.v2.1	1.248	no	no	no	yes
SoffiXsponR570.01Dg228300.v2.1	1.247	no	yes	no	no
SoffiXsponR570.01Fg063300.v2.1	1.247	no	no	no	yes
SoffiXsponR570.05Ag246100.v2.1	1.247	no	no	no	yes
SoffiXsponR570.04Dg176700.v2.1	1.246	no	no	no	yes
SoffiXsponR570.06Cg101200.v2.1	1.246	no	no	no	yes
SoffiXsponR570.06Gg009500.v2.1	1.246	no	no	no	yes
SoffiXsponR570.06Eg082700.v2.1	1.246	no	no	no	yes
SoffiXsponR570.02Gg321300.v2.1	1.245	no	no	no	yes
SoffiXsponR570.07Eg070600.v2.1	1.245	no	no	no	yes
SoffiXsponR570.08Ag192600.v2.1	1.245	no	no	no	yes
SoffiXsponR570.01Eg210800.v2.1	1.245	no	no	no	yes
SoffiXsponR570.05Ag265900.v2.1	1.245	no	no	no	yes
SoffiXsponR570.01Eg377800.v2.1	1.244	no	no	no	yes
SoffiXsponR570.06Ag219900.v2.1	1.244	no	no	no	yes
SoffiXsponR570.3os4g004200.v2.1	1.244	no	no	no	yes
SoffiXsponR570.1Z220400.v2.1	1.243	no	no	no	yes
SoffiXsponR570.05Ag228300.v2.1	1.243	no	no	no	yes
SoffiXsponR570.8_5Ag246500.v2.1	1.243	no	no	no	yes
SoffiXsponR570.05Gg092400.v2.1	1.242	no	no	no	yes
SoffiXsponR570.05Ag274000.v2.1	1.242	no	no	no	yes
SoffiXsponR570.6_9Ag217600.v2.1	1.242	no	no	no	yes
SoffiXsponR570.07Bg086300.v2.1	1.241	no	no	no	yes
SoffiXsponR570.06Fg056400.v2.1	1.241	no	no	no	yes
SoffiXsponR570.09Bg083400.v2.1	1.241	no	no	no	yes
SoffiXsponR570.01Ag423700.v2.1	1.24	no	no	no	yes
SoffiXsponR570.05Fg069700.v2.1	1.24	no	no	no	yes
SoffiXsponR570.08Cg189100.v2.1	1.24	no	no	no	yes
SoffiXsponR570.06Cg188600.v2.1	1.239	no	no	no	yes
SoffiXsponR570.01Eg226100.v2.1	1.239	no	no	no	yes
SoffiXsponR570.05Gg185600.v2.1	1.239	no	no	no	yes
SoffiXsponR570.01Eg127300.v2.1	1.239	no	no	no	yes
SoffiXsponR570.03Bg081200.v2.1	1.239	no	no	no	yes
SoffiXsponR570.02Eg315100.v2.1	1.239	no	yes	no	yes
SoffiXsponR570.05Bg253400.v2.1	1.239	no	no	no	yes
SoffiXsponR570.04Bg126100.v2.1	1.238	no	no	no	yes
SoffiXsponR570.09Cg087300.v2.1	1.237	no	no	no	yes
SoffiXsponR570.01Fg167500.v2.1	1.237	no	no	no	yes
SoffiXsponR570.05Gg102300.v2.1	1.237	no	no	no	yes
SoffiXsponR570.04Fg138100.v2.1	1.236	no	no	no	yes
SoffiXsponR570.08Cg148700.v2.1	1.236	no	no	no	yes
SoffiXsponR570.05Fg006100.v2.1	1.236	no	no	no	yes
SoffiXsponR570.05Eg037000.v2.1	1.235	no	no	no	yes
SoffiXsponR570.05Bg175600.v2.1	1.235	no	no	no	yes
SoffiXsponR570.05Cg275700.v2.1	1.234	no	no	no	yes
SoffiXsponR570.09Bg030700.v2.1	1.234	no	no	no	yes
SoffiXsponR570.03Fg114600.v2.1	1.234	no	no	no	yes
SoffiXsponR570.02Bg321700.v2.1	1.234	no	no	no	yes
SoffiXsponR570.07Bg063500.v2.1	1.233	no	no	no	yes
SoffiXsponR570.06Ag126900.v2.1	1.233	no	no	no	yes
SoffiXsponR570.07Dg068300.v2.1	1.233	no	no	no	yes
SoffiXsponR570.04Bg067200.v2.1	1.233	no	no	no	yes
SoffiXsponR570.8_5Ag035900.v2.1	1.233	no	no	no	yes
SoffiXsponR570.1Z185700.v2.1	1.233	no	no	no	yes
SoffiXsponR570.07Cg137200.v2.1	1.233	no	no	no	yes
SoffiXsponR570.02Bg169800.v2.1	1.232	no	no	no	yes
SoffiXsponR570.01Bg426200.v2.1	1.232	no	no	no	yes
SoffiXsponR570.5_9Ag153500.v2.1	1.232	no	no	no	yes
SoffiXsponR570.03Eg170500.v2.1	1.231	no	no	no	yes
SoffiXsponR570.09Eg053600.v2.1	1.23	no	no	no	yes
SoffiXsponR570.02Fg292300.v2.1	1.23	no	no	no	yes
SoffiXsponR570.1Z085000.v2.1	1.23	no	no	no	yes
SoffiXsponR570.07Cg119800.v2.1	1.23	no	no	no	yes
SoffiXsponR570.03Bg064200.v2.1	1.229	no	no	no	yes
SoffiXsponR570.07Eg172000.v2.1	1.229	no	no	no	yes
SoffiXsponR570.02Ag115000.v2.1	1.229	no	no	no	yes
SoffiXsponR570.03Cg125700.v2.1	1.229	no	no	no	yes
SoffiXsponR570.09Dg061500.v2.1	1.228	no	no	no	yes
SoffiXsponR570.03Eg159100.v2.1	1.228	no	no	no	yes
SoffiXsponR570.01Cg389200.v2.1	1.227	no	no	no	yes
SoffiXsponR570.02Cg253100.v2.1	1.227	no	no	no	yes
SoffiXsponR570.06Dg076500.v2.1	1.226	no	no	no	yes
SoffiXsponR570.05Eg306500.v2.1	1.226	no	no	no	yes
SoffiXsponR570.06Bg005400.v2.1	1.225	no	no	no	yes
SoffiXsponR570.03Gg147900.v2.1	1.225	no	no	no	yes
SoffiXsponR570.02Eg038100.v2.1	1.225	no	no	no	yes
SoffiXsponR570.09Bg074500.v2.1	1.224	no	no	no	yes
SoffiXsponR570.08Dg062500.v2.1	1.224	no	no	no	yes
SoffiXsponR570.07Dg181800.v2.1	1.224	no	no	no	yes
SoffiXsponR570.06Fg033400.v2.1	1.223	no	no	no	yes
SoffiXsponR570.07Cg234300.v2.1	1.223	no	no	no	yes
SoffiXsponR570.02Ag244500.v2.1	1.223	no	no	no	yes
SoffiXsponR570.03Cg324500.v2.1	1.222	no	no	no	yes
SoffiXsponR570.01Bg258700.v2.1	1.222	no	no	no	yes
SoffiXsponR570.08Bg108800.v2.1	1.222	no	no	no	yes
SoffiXsponR570.02Gg206200.v2.1	1.221	no	no	no	yes
SoffiXsponR570.03Bg254200.v2.1	1.221	no	no	no	yes
SoffiXsponR570.04Ag170400.v2.1	1.221	no	yes	no	yes
SoffiXsponR570.04Cg238300.v2.1	1.22	no	no	no	yes
SoffiXsponR570.01Dg213000.v2.1	1.22	no	no	no	yes
SoffiXsponR570.02Gg103800.v2.1	1.22	no	no	no	yes
SoffiXsponR570.03Cg024500.v2.1	1.219	no	no	no	yes
SoffiXsponR570.02Gg260400.v2.1	1.218	no	no	no	yes
SoffiXsponR570.10Cg002100.v2.1	1.218	no	no	no	yes
SoffiXsponR570.01Bg091600.v2.1	1.218	no	no	no	yes
SoffiXsponR570.03Ag049400.v2.1	1.218	no	no	no	yes
SoffiXsponR570.10Bg204500.v2.1	1.218	no	no	no	yes
SoffiXsponR570.08Dg071700.v2.1	1.218	no	no	no	yes
SoffiXsponR570.03Bg097100.v2.1	1.218	no	no	no	yes
SoffiXsponR570.03Ag017600.v2.1	1.217	no	no	no	yes
SoffiXsponR570.9us90g075900.v2.1	1.217	no	no	no	yes
SoffiXsponR570.05Dg031600.v2.1	1.217	no	no	no	yes
SoffiXsponR570.1Z267500.v2.1	1.216	no	no	no	yes
SoffiXsponR570.01Ag243600.v2.1	1.216	no	no	no	yes
SoffiXsponR570.7_10Ag196300.v2.1	1.216	no	no	no	yes
SoffiXsponR570.01Bg334700.v2.1	1.215	no	no	no	yes
SoffiXsponR570.07Ag104600.v2.1	1.214	no	no	no	yes
SoffiXsponR570.05Eg112000.v2.1	1.214	no	no	no	yes
SoffiXsponR570.02Fg358700.v2.1	1.214	no	no	no	yes
SoffiXsponR570.01Dg112300.v2.1	1.213	no	no	no	yes
SoffiXsponR570.09Ag005400.v2.1	1.213	no	no	no	yes
SoffiXsponR570.08Ag144600.v2.1	1.213	no	no	no	yes
SoffiXsponR570.9us90g029800.v2.1	1.213	no	no	no	yes
SoffiXsponR570.10Dg142800.v2.1	1.213	no	no	no	yes
SoffiXsponR570.10os1g038900.v2.1	1.212	no	no	no	yes
SoffiXsponR570.07Ag056500.v2.1	1.212	no	no	no	yes
SoffiXsponR570.08Bg101900.v2.1	1.212	no	no	no	yes
SoffiXsponR570.10os1g034700.v2.1	1.212	no	no	no	yes
SoffiXsponR570.07Dg221200.v2.1	1.212	no	no	no	yes
SoffiXsponR570.02Bg184200.v2.1	1.212	no	no	no	yes
SoffiXsponR570.07Ag224100.v2.1	1.211	no	no	no	yes
SoffiXsponR570.1os1g009600.v2.1	1.211	no	no	no	yes
SoffiXsponR570.01Dg296000.v2.1	1.211	no	no	no	yes
SoffiXsponR570.05Gg010500.v2.1	1.21	no	no	no	yes
SoffiXsponR570.07Eg132100.v2.1	1.21	no	no	no	yes
SoffiXsponR570.01Cg326300.v2.1	1.21	no	no	no	yes
SoffiXsponR570.05Bg066400.v2.1	1.21	no	no	no	yes
SoffiXsponR570.02Dg258800.v2.1	1.209	no	no	no	yes
SoffiXsponR570.03Cg190000.v2.1	1.209	no	no	no	yes
SoffiXsponR570.03Ag128700.v2.1	1.209	no	no	no	yes
SoffiXsponR570.02Fg047000.v2.1	1.209	no	no	no	yes
SoffiXsponR570.04Fg007000.v2.1	1.209	no	no	no	yes
SoffiXsponR570.7_10Ag379000.v2.1	1.208	no	yes	yes	no
SoffiXsponR570.10Cg038900.v2.1	1.208	no	no	no	yes
SoffiXsponR570.07Bg001800.v2.1	1.208	no	no	no	yes
SoffiXsponR570.02Cg175300.v2.1	1.208	no	no	no	yes
SoffiXsponR570.02Dg367100.v2.1	1.207	no	no	no	yes
SoffiXsponR570.07Cg024900.v2.1	1.207	no	no	no	yes
SoffiXsponR570.09Dg123700.v2.1	1.206	no	no	no	yes
SoffiXsponR570.7_10Ag111500.v2.1	1.206	no	no	no	yes
SoffiXsponR570.02Dg050400.v2.1	1.206	no	no	no	yes
SoffiXsponR570.05Fg065100.v2.1	1.206	no	no	no	yes
SoffiXsponR570.03Eg076700.v2.1	1.205	no	no	no	yes
SoffiXsponR570.04Cg125600.v2.1	1.205	no	no	no	yes
SoffiXsponR570.02Bg186600.v2.1	1.205	no	no	no	yes
SoffiXsponR570.3os1g007100.v2.1	1.205	no	no	no	yes
SoffiXsponR570.04Fg115700.v2.1	1.204	no	no	no	yes
SoffiXsponR570.05Cg376800.v2.1	1.204	no	no	no	yes
SoffiXsponR570.10Ag101900.v2.1	1.204	no	no	no	yes
SoffiXsponR570.01Fg100100.v2.1	1.203	no	no	no	yes
SoffiXsponR570.05Fg303200.v2.1	1.203	no	no	no	yes
SoffiXsponR570.08Ag128400.v2.1	1.203	no	no	no	yes
SoffiXsponR570.6_9Ag158100.v2.1	1.202	no	no	no	yes
SoffiXsponR570.01Bg228300.v2.1	1.202	no	no	no	yes
SoffiXsponR570.10Cg060900.v2.1	1.201	no	no	no	yes
SoffiXsponR570.02Fg315900.v2.1	1.2	no	no	no	yes
SoffiXsponR570.05Eg292200.v2.1	1.2	no	no	no	yes
SoffiXsponR570.03Ag267400.v2.1	1.2	no	no	no	yes
SoffiXsponR570.05Eg264600.v2.1	1.198	no	no	no	yes
SoffiXsponR570.01Eg080100.v2.1	1.198	no	no	no	yes
SoffiXsponR570.1Z149000.v2.1	1.198	no	no	no	yes
SoffiXsponR570.5_9Ag352700.v2.1	1.198	no	no	no	yes
SoffiXsponR570.09Eg091100.v2.1	1.198	no	no	no	yes
SoffiXsponR570.04Cg259700.v2.1	1.197	no	no	no	yes
SoffiXsponR570.7_10Ag079100.v2.1	1.197	no	no	no	yes
SoffiXsponR570.02Fg093800.v2.1	1.197	no	no	no	yes
SoffiXsponR570.05Fg015500.v2.1	1.196	no	no	no	yes
SoffiXsponR570.04Bg151300.v2.1	1.196	no	no	no	yes
SoffiXsponR570.6us88g031900.v2.1	1.196	no	yes	no	yes
SoffiXsponR570.7_10Ag341700.v2.1	1.196	no	no	no	yes
SoffiXsponR570.01Dg218000.v2.1	1.196	no	no	no	yes
SoffiXsponR570.02Cg348800.v2.1	1.196	no	no	no	yes
SoffiXsponR570.02Dg094200.v2.1	1.196	no	no	no	yes
SoffiXsponR570.7_10Ag135700.v2.1	1.195	no	no	no	yes
SoffiXsponR570.05Bg250500.v2.1	1.195	no	no	no	yes
SoffiXsponR570.03Ag056400.v2.1	1.195	no	no	no	yes
SoffiXsponR570.01Cg116500.v2.1	1.195	no	no	no	yes
SoffiXsponR570.9os1g072300.v2.1	1.194	no	no	no	yes
SoffiXsponR570.09Bg094700.v2.1	1.194	no	no	no	yes
SoffiXsponR570.10Dg136200.v2.1	1.194	no	no	no	yes
SoffiXsponR570.02Bg001400.v2.1	1.194	no	no	no	yes
SoffiXsponR570.10Dg135600.v2.1	1.193	no	no	no	yes
SoffiXsponR570.10Dg012900.v2.1	1.193	no	no	no	yes
SoffiXsponR570.03Cg335300.v2.1	1.193	no	no	no	yes
SoffiXsponR570.7_10Ag009800.v2.1	1.193	no	no	no	yes
SoffiXsponR570.6_9Ag327200.v2.1	1.192	no	no	no	yes
SoffiXsponR570.09Cg044400.v2.1	1.191	no	no	no	yes
SoffiXsponR570.05Eg216100.v2.1	1.19	no	no	no	yes
SoffiXsponR570.07Dg089700.v2.1	1.19	no	no	no	yes
SoffiXsponR570.5_9Ag485100.v2.1	1.19	no	no	no	yes
SoffiXsponR570.05Eg178000.v2.1	1.189	no	no	no	yes
SoffiXsponR570.09Bg028600.v2.1	1.189	no	no	no	yes
SoffiXsponR570.08Ag138500.v2.1	1.189	no	no	no	yes
SoffiXsponR570.04Dg008100.v2.1	1.189	no	no	no	yes
SoffiXsponR570.07Cg220600.v2.1	1.189	no	no	no	yes
SoffiXsponR570.07Bg130100.v2.1	1.189	no	no	no	yes
SoffiXsponR570.08Cg171000.v2.1	1.188	no	no	no	yes
SoffiXsponR570.05Bg219500.v2.1	1.188	no	no	no	yes
SoffiXsponR570.07Cg125000.v2.1	1.188	no	no	no	yes
SoffiXsponR570.01Eg342000.v2.1	1.188	no	no	no	yes
SoffiXsponR570.05Ag157500.v2.1	1.188	no	no	no	yes
SoffiXsponR570.01Bg502100.v2.1	1.188	no	no	no	yes
SoffiXsponR570.02Dg362500.v2.1	1.188	no	no	no	yes
SoffiXsponR570.06Fg019600.v2.1	1.187	no	no	no	yes
SoffiXsponR570.06Cg027800.v2.1	1.187	no	no	no	yes
SoffiXsponR570.01Cg190300.v2.1	1.187	no	no	no	yes
SoffiXsponR570.07Eg072800.v2.1	1.187	no	no	no	yes
SoffiXsponR570.09Ag033100.v2.1	1.187	no	no	no	yes
SoffiXsponR570.08Cg105700.v2.1	1.187	no	no	no	yes
SoffiXsponR570.09Ag161700.v2.1	1.187	no	no	no	yes
SoffiXsponR570.10Bg076600.v2.1	1.187	no	no	no	yes
SoffiXsponR570.06Gg092500.v2.1	1.187	no	no	no	yes
SoffiXsponR570.07Dg021100.v2.1	1.186	no	no	no	yes
SoffiXsponR570.3os2g004300.v2.1	1.186	no	no	no	yes
SoffiXsponR570.10Ag043100.v2.1	1.186	no	no	no	yes
SoffiXsponR570.10us89g005900.v2.1	1.185	no	no	no	yes
SoffiXsponR570.02Eg254800.v2.1	1.184	no	no	no	yes
SoffiXsponR570.02Ag197100.v2.1	1.184	no	no	no	yes
SoffiXsponR570.07Bg140500.v2.1	1.184	no	no	no	yes
SoffiXsponR570.03Cg247900.v2.1	1.184	no	no	no	yes
SoffiXsponR570.03Cg158500.v2.1	1.184	no	no	no	yes
SoffiXsponR570.09Eg022700.v2.1	1.184	no	no	no	yes
SoffiXsponR570.05Dg285400.v2.1	1.183	no	no	no	yes
SoffiXsponR570.01Ag147400.v2.1	1.183	no	no	no	yes
SoffiXsponR570.06Ag009900.v2.1	1.183	no	no	no	yes
SoffiXsponR570.02Bg023200.v2.1	1.182	no	no	no	yes
SoffiXsponR570.01Eg056700.v2.1	1.182	no	no	no	yes
SoffiXsponR570.01Dg357200.v2.1	1.182	no	no	no	yes
SoffiXsponR570.05Cg275400.v2.1	1.182	no	no	no	yes
SoffiXsponR570.01Fg193500.v2.1	1.181	no	no	no	yes
SoffiXsponR570.03Cg171200.v2.1	1.181	no	no	no	yes
SoffiXsponR570.01Eg383500.v2.1	1.18	no	no	no	yes
SoffiXsponR570.07Cg075300.v2.1	1.18	no	no	no	yes
SoffiXsponR570.10Eg054800.v2.1	1.179	no	no	no	yes
SoffiXsponR570.01Cg206100.v2.1	1.179	no	no	no	yes
SoffiXsponR570.05Dg337900.v2.1	1.179	no	no	no	yes
SoffiXsponR570.10Bg002800.v2.1	1.178	no	no	no	yes
SoffiXsponR570.06Ag222100.v2.1	1.178	no	no	no	yes
SoffiXsponR570.8_5Ag224900.v2.1	1.178	no	no	no	yes
SoffiXsponR570.9us90g058800.v2.1	1.177	no	no	no	yes
SoffiXsponR570.05Dg010900.v2.1	1.177	no	no	no	yes
SoffiXsponR570.05Bg304800.v2.1	1.177	no	no	no	yes
SoffiXsponR570.7os1g080500.v2.1	1.177	no	no	no	yes
SoffiXsponR570.5_9Ag296000.v2.1	1.176	no	no	no	yes
SoffiXsponR570.03Ag180500.v2.1	1.176	no	no	no	yes
SoffiXsponR570.07Cg235500.v2.1	1.176	no	no	no	yes
SoffiXsponR570.5_9Ag108500.v2.1	1.176	no	no	no	yes
SoffiXsponR570.02Fg348100.v2.1	1.176	no	no	no	yes
SoffiXsponR570.02Bg131800.v2.1	1.176	no	no	no	yes
SoffiXsponR570.09Eg057900.v2.1	1.175	no	no	no	yes
SoffiXsponR570.08Dg065800.v2.1	1.175	no	no	no	yes
SoffiXsponR570.1Z189500.v2.1	1.174	no	no	no	yes
SoffiXsponR570.01Cg391700.v2.1	1.174	no	no	no	yes
SoffiXsponR570.07Ag031200.v2.1	1.174	no	no	no	yes
SoffiXsponR570.03Dg231200.v2.1	1.173	no	no	no	yes
SoffiXsponR570.03Eg247600.v2.1	1.173	no	no	no	yes
SoffiXsponR570.06Ag042500.v2.1	1.173	no	no	no	yes
SoffiXsponR570.01Cg146300.v2.1	1.173	no	no	no	yes
SoffiXsponR570.03Ag024600.v2.1	1.172	no	no	no	yes
SoffiXsponR570.02Fg130100.v2.1	1.172	no	no	no	yes
SoffiXsponR570.07Dg026500.v2.1	1.172	no	no	no	yes
SoffiXsponR570.5_9Ag353400.v2.1	1.172	no	no	no	yes
SoffiXsponR570.01Ag471600.v2.1	1.172	no	no	no	yes
SoffiXsponR570.05Fg070000.v2.1	1.171	no	no	no	yes
SoffiXsponR570.05Cg054200.v2.1	1.171	no	no	no	yes
SoffiXsponR570.05Cg083600.v2.1	1.171	no	no	no	yes
SoffiXsponR570.5_9Ag461800.v2.1	1.171	no	no	no	yes
SoffiXsponR570.6_9Ag149200.v2.1	1.171	no	no	no	yes
SoffiXsponR570.02Cg207100.v2.1	1.17	no	no	no	yes
SoffiXsponR570.03Fg045100.v2.1	1.17	no	no	no	yes
SoffiXsponR570.04Dg006300.v2.1	1.17	no	no	no	yes
SoffiXsponR570.04Ag164100.v2.1	1.17	no	no	no	yes
SoffiXsponR570.05Bg275400.v2.1	1.169	no	no	no	yes
SoffiXsponR570.07Ag161300.v2.1	1.169	no	no	no	yes
SoffiXsponR570.08Ag163200.v2.1	1.168	no	no	no	yes
SoffiXsponR570.06Cg158100.v2.1	1.168	no	no	no	yes
SoffiXsponR570.03Bg090100.v2.1	1.168	no	no	no	yes
SoffiXsponR570.01Bg491200.v2.1	1.167	no	no	no	yes
SoffiXsponR570.06Cg164200.v2.1	1.167	no	no	no	yes
SoffiXsponR570.05Cg356800.v2.1	1.167	no	no	no	yes
SoffiXsponR570.10Bg179700.v2.1	1.167	no	no	no	yes
SoffiXsponR570.01Fg157200.v2.1	1.166	no	no	no	yes
SoffiXsponR570.1Z108100.v2.1	1.166	no	no	no	yes
SoffiXsponR570.04Bg064600.v2.1	1.166	no	no	no	yes
SoffiXsponR570.06Gg087100.v2.1	1.166	no	no	no	yes
SoffiXsponR570.10Dg102700.v2.1	1.166	no	no	no	yes
SoffiXsponR570.04Cg039700.v2.1	1.165	no	no	no	yes
SoffiXsponR570.10Bg111200.v2.1	1.165	no	no	no	yes
SoffiXsponR570.05Cg308000.v2.1	1.165	no	no	no	yes
SoffiXsponR570.05Bg076200.v2.1	1.164	no	no	no	yes
SoffiXsponR570.09Dg046100.v2.1	1.164	no	no	no	yes
SoffiXsponR570.03Dg307500.v2.1	1.164	no	no	no	yes
SoffiXsponR570.6_9Ag112600.v2.1	1.162	no	no	no	yes
SoffiXsponR570.1Z082700.v2.1	1.162	no	no	no	yes
SoffiXsponR570.6us88g073200.v2.1	1.161	no	no	no	yes
SoffiXsponR570.02Eg023700.v2.1	1.161	no	no	no	yes
SoffiXsponR570.01Ag343300.v2.1	1.16	no	no	no	yes
SoffiXsponR570.03Dg104900.v2.1	1.16	no	no	no	yes
SoffiXsponR570.05Eg230800.v2.1	1.16	no	no	no	yes
SoffiXsponR570.03Bg066800.v2.1	1.159	no	no	no	yes
SoffiXsponR570.01Fg137200.v2.1	1.159	no	no	no	yes
SoffiXsponR570.10Eg048000.v2.1	1.158	no	no	no	yes
SoffiXsponR570.05Dg019000.v2.1	1.158	no	no	no	yes
SoffiXsponR570.01Fg233200.v2.1	1.158	no	no	no	yes
SoffiXsponR570.04Ag241700.v2.1	1.157	no	no	no	yes
SoffiXsponR570.05Ag112500.v2.1	1.157	no	no	no	yes
SoffiXsponR570.01Ag247100.v2.1	1.157	no	no	no	yes
SoffiXsponR570.10os1g066600.v2.1	1.156	no	no	no	yes
SoffiXsponR570.03Cg251300.v2.1	1.156	no	no	no	yes
SoffiXsponR570.05Dg034900.v2.1	1.156	no	no	no	yes
SoffiXsponR570.05Bg248500.v2.1	1.156	no	no	no	yes
SoffiXsponR570.04Gg116300.v2.1	1.156	no	no	no	yes
SoffiXsponR570.10Cg032800.v2.1	1.156	no	no	no	yes
SoffiXsponR570.10Ag199900.v2.1	1.155	no	no	no	yes
SoffiXsponR570.05Eg358900.v2.1	1.155	no	no	no	yes
SoffiXsponR570.06Fg138400.v2.1	1.155	no	no	no	yes
SoffiXsponR570.1Z151300.v2.1	1.154	no	no	no	yes
SoffiXsponR570.03Gg089100.v2.1	1.154	no	no	no	yes
SoffiXsponR570.08Ag070200.v2.1	1.154	no	no	no	yes
SoffiXsponR570.02Dg312200.v2.1	1.154	no	no	no	yes
SoffiXsponR570.05Eg352800.v2.1	1.153	no	no	no	yes
SoffiXsponR570.09Ag166100.v2.1	1.153	no	no	no	yes
SoffiXsponR570.02Eg290900.v2.1	1.153	no	no	no	yes
SoffiXsponR570.02Eg029700.v2.1	1.152	no	no	no	yes
SoffiXsponR570.02Bg344700.v2.1	1.152	no	no	no	yes
SoffiXsponR570.09Ag154900.v2.1	1.152	no	no	no	yes
SoffiXsponR570.02Eg321100.v2.1	1.151	no	no	no	yes
SoffiXsponR570.08Ag081700.v2.1	1.151	no	no	no	yes
SoffiXsponR570.03Bg036700.v2.1	1.15	no	no	no	yes
SoffiXsponR570.01Dg370400.v2.1	1.15	no	no	no	yes
SoffiXsponR570.02Eg029300.v2.1	1.15	no	no	no	yes
SoffiXsponR570.07Dg159100.v2.1	1.15	no	no	no	yes
SoffiXsponR570.06Dg143100.v2.1	1.15	no	no	no	yes
SoffiXsponR570.05Gg009400.v2.1	1.15	no	no	no	yes
SoffiXsponR570.9us90g076200.v2.1	1.15	no	yes	no	yes
SoffiXsponR570.1Z251500.v2.1	1.149	no	no	no	yes
SoffiXsponR570.10Ag071400.v2.1	1.149	no	no	no	yes
SoffiXsponR570.02Ag105500.v2.1	1.149	no	no	no	yes
SoffiXsponR570.04Cg156800.v2.1	1.149	no	no	no	yes
SoffiXsponR570.10Bg207500.v2.1	1.148	no	no	no	yes
SoffiXsponR570.05Dg020300.v2.1	1.148	no	no	no	yes
SoffiXsponR570.02Gg269200.v2.1	1.147	no	no	no	yes
SoffiXsponR570.04Cg119400.v2.1	1.147	no	no	no	yes
SoffiXsponR570.02Gg273500.v2.1	1.146	no	no	no	yes
SoffiXsponR570.06Cg047400.v2.1	1.146	no	no	no	yes
SoffiXsponR570.01Cg334700.v2.1	1.146	no	no	no	yes
SoffiXsponR570.03Cg079300.v2.1	1.146	no	no	no	yes
SoffiXsponR570.08Eg058600.v2.1	1.145	no	no	no	yes
SoffiXsponR570.01Fg238000.v2.1	1.145	no	no	no	yes
SoffiXsponR570.06Cg004700.v2.1	1.145	no	no	no	yes
SoffiXsponR570.02Gg191000.v2.1	1.145	no	no	no	yes
SoffiXsponR570.04Ag159500.v2.1	1.143	no	no	no	yes
SoffiXsponR570.04Bg115400.v2.1	1.143	no	no	no	yes
SoffiXsponR570.5_9Ag144500.v2.1	1.142	no	no	no	yes
SoffiXsponR570.03Eg260600.v2.1	1.142	no	no	yes	yes
SoffiXsponR570.10Eg027900.v2.1	1.141	no	no	no	yes
SoffiXsponR570.8_10Ag213500.v2.1	1.14	no	no	no	yes
SoffiXsponR570.02Eg033600.v2.1	1.14	no	no	no	yes
SoffiXsponR570.06Ag080100.v2.1	1.14	no	no	no	yes
SoffiXsponR570.01Ag188400.v2.1	1.14	no	no	no	yes
SoffiXsponR570.05Cg015700.v2.1	1.139	no	no	no	yes
SoffiXsponR570.02Fg268500.v2.1	1.139	no	no	no	yes
SoffiXsponR570.08Dg088000.v2.1	1.139	no	no	no	yes
SoffiXsponR570.01Fg337100.v2.1	1.138	no	no	no	yes
SoffiXsponR570.07Ag040600.v2.1	1.138	no	no	no	yes
SoffiXsponR570.10Ag154100.v2.1	1.138	no	no	no	yes
SoffiXsponR570.1os1g005800.v2.1	1.138	no	no	no	yes
SoffiXsponR570.06Ag081300.v2.1	1.138	no	no	no	yes
SoffiXsponR570.6us88g111200.v2.1	1.138	no	no	no	yes
SoffiXsponR570.04Ag085400.v2.1	1.138	no	no	no	yes
SoffiXsponR570.7_10Ag243400.v2.1	1.137	no	no	no	yes
SoffiXsponR570.10Fg043500.v2.1	1.137	no	no	no	yes
SoffiXsponR570.06Ag160300.v2.1	1.137	no	no	no	yes
SoffiXsponR570.6_9Ag116700.v2.1	1.137	no	no	no	yes
SoffiXsponR570.5_9Ag042300.v2.1	1.137	no	no	no	yes
SoffiXsponR570.05Eg053400.v2.1	1.136	no	no	no	yes
SoffiXsponR570.7os1g060800.v2.1	1.135	no	no	no	yes
SoffiXsponR570.02Bg243600.v2.1	1.134	no	no	no	yes
SoffiXsponR570.08Cg027400.v2.1	1.133	no	no	no	yes
SoffiXsponR570.02Dg225800.v2.1	1.132	no	no	no	yes
SoffiXsponR570.03Bg029300.v2.1	1.132	no	no	no	yes
SoffiXsponR570.01Ag185400.v2.1	1.132	no	no	no	yes
SoffiXsponR570.04Ag212300.v2.1	1.131	no	no	no	yes
SoffiXsponR570.03Gg087300.v2.1	1.131	no	no	no	yes
SoffiXsponR570.04Ag125900.v2.1	1.131	no	no	no	yes
SoffiXsponR570.01Dg179200.v2.1	1.131	no	no	no	yes
SoffiXsponR570.01Eg008600.v2.1	1.13	no	no	no	yes
SoffiXsponR570.04Fg091700.v2.1	1.13	no	no	no	yes
SoffiXsponR570.01Fg047100.v2.1	1.13	no	no	no	yes
SoffiXsponR570.05Ag106500.v2.1	1.129	no	no	no	yes
SoffiXsponR570.05Fg118600.v2.1	1.129	no	no	no	yes
SoffiXsponR570.08Bg094100.v2.1	1.129	no	no	no	yes
SoffiXsponR570.03Ag042000.v2.1	1.128	no	no	no	yes
SoffiXsponR570.06Fg076500.v2.1	1.128	no	no	no	yes
SoffiXsponR570.06Dg048300.v2.1	1.128	no	no	no	yes
SoffiXsponR570.02Cg196200.v2.1	1.127	no	no	no	yes
SoffiXsponR570.04Dg049100.v2.1	1.127	no	no	no	yes
SoffiXsponR570.08Ag109300.v2.1	1.126	no	no	no	yes
SoffiXsponR570.06Dg091900.v2.1	1.126	no	no	no	yes
SoffiXsponR570.01Cg298400.v2.1	1.125	no	no	no	yes
SoffiXsponR570.06Eg037400.v2.1	1.125	no	no	no	yes
SoffiXsponR570.8_10Ag159400.v2.1	1.125	no	no	no	yes
SoffiXsponR570.03Cg257900.v2.1	1.125	no	no	no	yes
SoffiXsponR570.10Cg138900.v2.1	1.124	no	no	no	yes
SoffiXsponR570.02Cg318900.v2.1	1.124	no	no	no	yes
SoffiXsponR570.06Gg109700.v2.1	1.124	no	no	no	yes
SoffiXsponR570.8_5Ag208000.v2.1	1.124	no	no	no	yes
SoffiXsponR570.6_9Ag027700.v2.1	1.123	no	no	no	yes
SoffiXsponR570.8_5Ag219800.v2.1	1.123	no	no	no	yes
SoffiXsponR570.04Bg149400.v2.1	1.122	no	no	no	yes
SoffiXsponR570.07Ag254700.v2.1	1.122	no	no	no	yes
SoffiXsponR570.6_9Ag155000.v2.1	1.122	no	no	no	yes
SoffiXsponR570.10os1g000100.v2.1	1.122	no	no	no	yes
SoffiXsponR570.6_9Ag177000.v2.1	1.121	no	no	no	yes
SoffiXsponR570.03Cg325000.v2.1	1.121	no	no	no	yes
SoffiXsponR570.02Gg273200.v2.1	1.121	no	no	no	yes
SoffiXsponR570.4us91g023400.v2.1	1.121	no	no	no	yes
SoffiXsponR570.04Cg175000.v2.1	1.121	no	no	no	yes
SoffiXsponR570.01Bg272700.v2.1	1.12	no	no	no	yes
SoffiXsponR570.05Eg286200.v2.1	1.12	no	no	no	yes
SoffiXsponR570.02Eg184900.v2.1	1.12	no	no	no	yes
SoffiXsponR570.03Ag136500.v2.1	1.12	no	no	no	yes
SoffiXsponR570.07Bg241500.v2.1	1.12	no	no	no	yes
SoffiXsponR570.02Bg395800.v2.1	1.119	no	no	no	yes
SoffiXsponR570.03Fg030800.v2.1	1.119	no	no	no	yes
SoffiXsponR570.06Bg010200.v2.1	1.119	no	no	no	yes
SoffiXsponR570.07Cg222500.v2.1	1.119	no	no	no	yes
SoffiXsponR570.10Bg076700.v2.1	1.118	no	no	no	yes
SoffiXsponR570.01Eg196400.v2.1	1.118	no	no	no	yes
SoffiXsponR570.10Cg010500.v2.1	1.118	no	no	no	yes
SoffiXsponR570.01Ag340300.v2.1	1.118	no	no	no	yes
SoffiXsponR570.02Ag083800.v2.1	1.117	no	no	no	yes
SoffiXsponR570.05Cg039100.v2.1	1.117	no	no	no	yes
SoffiXsponR570.01Eg018200.v2.1	1.116	no	no	no	yes
SoffiXsponR570.02Ag291000.v2.1	1.116	no	no	no	yes
SoffiXsponR570.01Eg368000.v2.1	1.115	no	no	no	yes
SoffiXsponR570.06Gg026400.v2.1	1.115	no	no	no	yes
SoffiXsponR570.5_9Ag325900.v2.1	1.114	no	no	no	yes
SoffiXsponR570.02Fg171300.v2.1	1.114	no	no	no	yes
SoffiXsponR570.05Bg095400.v2.1	1.113	no	no	no	yes
SoffiXsponR570.05Dg168800.v2.1	1.113	no	no	no	yes
SoffiXsponR570.02Dg270600.v2.1	1.113	no	no	no	yes
SoffiXsponR570.02Fg360700.v2.1	1.112	no	no	no	yes
SoffiXsponR570.10Eg107000.v2.1	1.112	no	yes	no	yes
SoffiXsponR570.02Gg094500.v2.1	1.112	no	no	no	yes
SoffiXsponR570.06Gg096000.v2.1	1.112	no	no	no	yes
SoffiXsponR570.07Bg212000.v2.1	1.112	no	no	no	yes
SoffiXsponR570.6_9Ag103600.v2.1	1.111	no	no	no	yes
SoffiXsponR570.04Ag241600.v2.1	1.111	no	no	no	yes
SoffiXsponR570.5_9Ag298700.v2.1	1.11	no	no	no	yes
SoffiXsponR570.02Dg267100.v2.1	1.11	no	no	no	yes
SoffiXsponR570.01Cg337600.v2.1	1.11	no	no	no	yes
SoffiXsponR570.10Eg062900.v2.1	1.11	no	no	no	yes
SoffiXsponR570.04Eg037200.v2.1	1.109	no	no	no	yes
SoffiXsponR570.08Ag177000.v2.1	1.109	no	no	no	yes
SoffiXsponR570.06Ag044100.v2.1	1.108	no	no	no	yes
SoffiXsponR570.10Fg112700.v2.1	1.108	no	no	no	yes
SoffiXsponR570.05Cg098200.v2.1	1.107	no	no	no	yes
SoffiXsponR570.02Ag288800.v2.1	1.107	no	no	no	yes
SoffiXsponR570.02Fg198700.v2.1	1.106	no	no	no	yes
SoffiXsponR570.04Eg070600.v2.1	1.106	no	no	no	yes
SoffiXsponR570.09Cg099200.v2.1	1.106	no	no	no	yes
SoffiXsponR570.07Dg192800.v2.1	1.106	no	no	no	yes
SoffiXsponR570.04Eg123200.v2.1	1.106	no	no	no	yes
SoffiXsponR570.01Eg247700.v2.1	1.104	no	no	no	yes
SoffiXsponR570.10Bg193400.v2.1	1.104	no	no	no	yes
SoffiXsponR570.7_10Ag239700.v2.1	1.104	no	no	no	yes
SoffiXsponR570.02Eg289600.v2.1	1.104	no	no	no	yes
SoffiXsponR570.6_9Ag281500.v2.1	1.104	no	no	no	yes
SoffiXsponR570.05Bg314700.v2.1	1.102	no	no	no	yes
SoffiXsponR570.02Gg275500.v2.1	1.102	no	no	no	yes
SoffiXsponR570.05Gg074700.v2.1	1.102	no	no	no	yes
SoffiXsponR570.05Cg336000.v2.1	1.102	no	no	no	yes
SoffiXsponR570.7_10Ag062200.v2.1	1.101	no	no	no	yes
SoffiXsponR570.03Fg023700.v2.1	1.101	no	no	no	yes
SoffiXsponR570.01Bg327200.v2.1	1.101	no	no	no	yes
SoffiXsponR570.01Ag116300.v2.1	1.101	no	no	no	yes
SoffiXsponR570.10Ag082500.v2.1	1.101	no	no	no	yes
SoffiXsponR570.8_10Ag053200.v2.1	1.1	no	no	no	yes
SoffiXsponR570.02Fg367400.v2.1	1.1	no	no	no	yes
SoffiXsponR570.01Bg150200.v2.1	1.1	no	no	no	yes
SoffiXsponR570.10Dg178000.v2.1	1.099	no	no	no	yes
SoffiXsponR570.05Dg359100.v2.1	1.099	no	no	no	yes
SoffiXsponR570.07Ag015800.v2.1	1.099	no	no	no	yes
SoffiXsponR570.04Dg175600.v2.1	1.099	no	no	no	yes
SoffiXsponR570.10Eg005400.v2.1	1.099	no	no	no	yes
SoffiXsponR570.02Dg395000.v2.1	1.098	yes	yes	yes	no
SoffiXsponR570.03Cg213300.v2.1	1.098	no	no	no	yes
SoffiXsponR570.01Cg297700.v2.1	1.098	no	no	no	yes
SoffiXsponR570.07Ag225500.v2.1	1.097	no	no	no	yes
SoffiXsponR570.02Dg307500.v2.1	1.097	no	no	no	yes
SoffiXsponR570.10Ag197300.v2.1	1.097	no	no	no	yes
SoffiXsponR570.02Eg016500.v2.1	1.097	no	no	no	yes
SoffiXsponR570.05Gg114000.v2.1	1.097	no	no	no	yes
SoffiXsponR570.01Ag294500.v2.1	1.096	no	no	no	yes
SoffiXsponR570.1Z012000.v2.1	1.096	no	no	no	yes
SoffiXsponR570.5_9Ag202900.v2.1	1.096	no	no	no	yes
SoffiXsponR570.08Ag089400.v2.1	1.096	no	no	no	yes
SoffiXsponR570.01Ag267600.v2.1	1.096	no	no	no	yes
SoffiXsponR570.06Eg065900.v2.1	1.095	no	no	no	yes
SoffiXsponR570.05Cg322800.v2.1	1.095	no	no	no	yes
SoffiXsponR570.05Ag161200.v2.1	1.095	no	no	no	yes
SoffiXsponR570.06Fg150700.v2.1	1.095	no	no	no	yes
SoffiXsponR570.02Ag311200.v2.1	1.094	no	no	no	yes
SoffiXsponR570.05Dg333500.v2.1	1.094	no	no	no	yes
SoffiXsponR570.5_9Ag204400.v2.1	1.093	no	no	yes	no
SoffiXsponR570.6_9Ag018600.v2.1	1.093	no	yes	yes	yes
SoffiXsponR570.03Dg111600.v2.1	1.092	no	no	no	yes
SoffiXsponR570.05Bg046800.v2.1	1.092	no	no	no	yes
SoffiXsponR570.7os1g025700.v2.1	1.092	no	no	no	yes
SoffiXsponR570.02Gg255700.v2.1	1.092	no	no	no	yes
SoffiXsponR570.01Cg131000.v2.1	1.091	no	no	no	yes
SoffiXsponR570.7os1g055600.v2.1	1.091	no	no	no	yes
SoffiXsponR570.10Cg177900.v2.1	1.091	no	no	yes	yes
SoffiXsponR570.07Dg066100.v2.1	1.091	no	no	no	yes
SoffiXsponR570.03Cg170000.v2.1	1.091	no	no	no	yes
SoffiXsponR570.01Cg315600.v2.1	1.091	no	no	no	yes
SoffiXsponR570.08Cg006300.v2.1	1.09	no	no	no	yes
SoffiXsponR570.03Dg081200.v2.1	1.09	no	no	no	yes
SoffiXsponR570.02Eg325400.v2.1	1.09	no	no	no	yes
SoffiXsponR570.04Cg026300.v2.1	1.089	no	no	no	yes
SoffiXsponR570.02Bg033300.v2.1	1.088	no	no	no	yes
SoffiXsponR570.02Eg128400.v2.1	1.088	no	no	no	yes
SoffiXsponR570.05Gg068900.v2.1	1.088	no	no	no	yes
SoffiXsponR570.07Dg105800.v2.1	1.087	no	no	no	yes
SoffiXsponR570.08Bg195700.v2.1	1.087	no	no	no	yes
SoffiXsponR570.05Fg290400.v2.1	1.086	no	no	no	yes
SoffiXsponR570.04Fg043300.v2.1	1.086	no	no	no	yes
SoffiXsponR570.05Gg133000.v2.1	1.086	no	no	no	yes
SoffiXsponR570.01Bg438200.v2.1	1.086	no	no	no	yes
SoffiXsponR570.03Bg170500.v2.1	1.086	no	no	no	yes
SoffiXsponR570.4us91g034400.v2.1	1.086	no	no	no	yes
SoffiXsponR570.10Cg093800.v2.1	1.085	no	no	no	yes
SoffiXsponR570.07Cg038700.v2.1	1.085	no	no	no	yes
SoffiXsponR570.06Dg062200.v2.1	1.085	no	no	no	yes
SoffiXsponR570.09Ag143500.v2.1	1.085	no	no	no	yes
SoffiXsponR570.01Dg118200.v2.1	1.085	no	no	no	yes
SoffiXsponR570.04Dg201900.v2.1	1.085	no	no	no	yes
SoffiXsponR570.10Ag084900.v2.1	1.084	no	no	no	yes
SoffiXsponR570.07Ag116600.v2.1	1.084	no	no	no	yes
SoffiXsponR570.02Cg289200.v2.1	1.084	no	no	no	yes
SoffiXsponR570.04Eg142400.v2.1	1.084	no	no	no	yes
SoffiXsponR570.04Dg079000.v2.1	1.083	no	no	no	yes
SoffiXsponR570.10Cg161000.v2.1	1.083	no	no	no	yes
SoffiXsponR570.8_5Ag193600.v2.1	1.083	no	no	no	yes
SoffiXsponR570.01Ag232200.v2.1	1.083	no	no	no	yes
SoffiXsponR570.06Ag168100.v2.1	1.083	no	no	no	yes
SoffiXsponR570.01Dg118400.v2.1	1.082	no	no	no	yes
SoffiXsponR570.02Cg064100.v2.1	1.082	no	no	no	yes
SoffiXsponR570.04Dg133500.v2.1	1.082	no	no	no	yes
SoffiXsponR570.07Dg085000.v2.1	1.082	no	no	no	yes
SoffiXsponR570.05Fg139300.v2.1	1.081	no	no	no	yes
SoffiXsponR570.08Cg105200.v2.1	1.081	no	no	no	yes
SoffiXsponR570.01Cg340400.v2.1	1.081	no	no	no	yes
SoffiXsponR570.04Eg097400.v2.1	1.081	no	no	no	yes
SoffiXsponR570.02Fg124100.v2.1	1.081	no	no	no	yes
SoffiXsponR570.06Dg115700.v2.1	1.08	no	no	no	yes
SoffiXsponR570.02Cg063600.v2.1	1.08	no	no	no	yes
SoffiXsponR570.05Dg347800.v2.1	1.079	no	no	no	yes
SoffiXsponR570.03Eg101900.v2.1	1.079	no	no	no	yes
SoffiXsponR570.10Cg122400.v2.1	1.078	no	no	no	yes
SoffiXsponR570.5_9Ag008400.v2.1	1.078	no	no	no	yes
SoffiXsponR570.5_9Ag052000.v2.1	1.078	no	no	no	yes
SoffiXsponR570.02Bg170900.v2.1	1.077	no	no	no	yes
SoffiXsponR570.01Eg026200.v2.1	1.077	no	no	no	yes
SoffiXsponR570.05Ag010900.v2.1	1.077	no	no	no	yes
SoffiXsponR570.01Dg397900.v2.1	1.076	no	no	no	yes
SoffiXsponR570.04Gg028400.v2.1	1.076	no	no	no	yes
SoffiXsponR570.10Ag115000.v2.1	1.076	no	no	no	yes
SoffiXsponR570.6_9Ag103200.v2.1	1.075	no	no	no	yes
SoffiXsponR570.07Dg008100.v2.1	1.075	no	no	no	yes
SoffiXsponR570.10Ag102200.v2.1	1.074	no	no	no	yes
SoffiXsponR570.10Ag026300.v2.1	1.074	no	no	no	yes
SoffiXsponR570.02Cg350400.v2.1	1.074	no	no	no	yes
SoffiXsponR570.05Dg050400.v2.1	1.074	no	no	no	yes
SoffiXsponR570.10Dg039600.v2.1	1.074	no	no	no	yes
SoffiXsponR570.7_10Ag029600.v2.1	1.074	no	no	no	yes
SoffiXsponR570.09Ag084100.v2.1	1.073	no	no	no	yes
SoffiXsponR570.08Ag088600.v2.1	1.073	no	no	no	yes
SoffiXsponR570.09Eg037400.v2.1	1.073	no	no	no	yes
SoffiXsponR570.01Cg291100.v2.1	1.072	no	no	no	yes
SoffiXsponR570.02Fg148100.v2.1	1.072	no	no	no	yes
SoffiXsponR570.04Eg078100.v2.1	1.072	no	yes	no	yes
SoffiXsponR570.05Fg254200.v2.1	1.071	no	no	no	yes
SoffiXsponR570.05Cg137400.v2.1	1.071	no	no	no	yes
SoffiXsponR570.06Cg026400.v2.1	1.071	no	no	no	yes
SoffiXsponR570.02Gg200800.v2.1	1.07	no	no	no	yes
SoffiXsponR570.02Eg176100.v2.1	1.07	no	no	no	yes
SoffiXsponR570.10os1g030700.v2.1	1.07	no	no	no	yes
SoffiXsponR570.05Fg032700.v2.1	1.069	no	no	no	yes
SoffiXsponR570.5_9Ag005600.v2.1	1.069	no	no	no	yes
SoffiXsponR570.05Cg061500.v2.1	1.069	no	no	no	yes
SoffiXsponR570.04Cg022900.v2.1	1.069	no	no	no	yes
SoffiXsponR570.5_9Ag191300.v2.1	1.069	no	no	no	yes
SoffiXsponR570.05Ag018800.v2.1	1.069	no	no	no	yes
SoffiXsponR570.09Bg098100.v2.1	1.068	no	no	no	yes
SoffiXsponR570.08Eg134200.v2.1	1.068	no	no	no	yes
SoffiXsponR570.02Bg324800.v2.1	1.068	no	no	no	yes
SoffiXsponR570.8_5Ag121500.v2.1	1.067	no	no	no	yes
SoffiXsponR570.03Cg156100.v2.1	1.067	no	no	no	yes
SoffiXsponR570.6os1g000200.v2.1	1.067	no	no	no	yes
SoffiXsponR570.03Gg042900.v2.1	1.067	no	no	no	yes
SoffiXsponR570.10Cg148500.v2.1	1.067	no	no	no	yes
SoffiXsponR570.05Bg160300.v2.1	1.067	no	no	no	yes
SoffiXsponR570.08Ag070900.v2.1	1.066	no	no	no	yes
SoffiXsponR570.07Cg274100.v2.1	1.066	no	no	no	yes
SoffiXsponR570.01Ag347100.v2.1	1.066	no	no	no	yes
SoffiXsponR570.10Ag088800.v2.1	1.066	no	no	no	yes
SoffiXsponR570.02Dg410600.v2.1	1.065	no	no	no	yes
SoffiXsponR570.07Cg152600.v2.1	1.065	no	no	no	yes
SoffiXsponR570.01Ag545900.v2.1	1.064	no	no	no	yes
SoffiXsponR570.05Fg098500.v2.1	1.064	no	no	no	yes
SoffiXsponR570.06Dg053100.v2.1	1.064	no	no	no	yes
SoffiXsponR570.7os1g016600.v2.1	1.063	no	no	no	yes
SoffiXsponR570.05Eg154000.v2.1	1.063	no	no	no	yes
SoffiXsponR570.03Bg252000.v2.1	1.063	no	no	no	yes
SoffiXsponR570.05Dg201900.v2.1	1.063	no	no	no	yes
SoffiXsponR570.05Eg103300.v2.1	1.063	no	no	no	yes
SoffiXsponR570.05Gg110700.v2.1	1.062	no	no	no	yes
SoffiXsponR570.06Ag170900.v2.1	1.062	no	no	no	yes
SoffiXsponR570.03Ag170700.v2.1	1.062	no	no	no	yes
SoffiXsponR570.06Eg109100.v2.1	1.062	no	no	no	yes
SoffiXsponR570.07Cg205500.v2.1	1.061	no	no	no	yes
SoffiXsponR570.10Dg178900.v2.1	1.061	no	no	no	yes
SoffiXsponR570.01Fg088100.v2.1	1.061	no	no	no	yes
SoffiXsponR570.10Bg024600.v2.1	1.06	no	no	no	yes
SoffiXsponR570.05Bg102400.v2.1	1.06	no	no	no	yes
SoffiXsponR570.10Dg161800.v2.1	1.06	no	no	no	yes
SoffiXsponR570.05Bg300200.v2.1	1.06	no	no	no	yes
SoffiXsponR570.05Fg236400.v2.1	1.06	no	no	no	yes
SoffiXsponR570.8_10Ag231900.v2.1	1.059	no	no	no	yes
SoffiXsponR570.05Dg189100.v2.1	1.059	no	no	no	yes
SoffiXsponR570.05Dg329300.v2.1	1.059	no	no	no	yes
SoffiXsponR570.8_10Ag119200.v2.1	1.059	no	no	no	yes
SoffiXsponR570.01Ag294300.v2.1	1.058	no	no	no	yes
SoffiXsponR570.7_10Ag057800.v2.1	1.058	no	yes	no	no
SoffiXsponR570.07Bg238800.v2.1	1.058	no	yes	no	no
SoffiXsponR570.04Dg203900.v2.1	1.057	no	no	no	yes
SoffiXsponR570.01Bg305600.v2.1	1.057	no	no	no	yes
SoffiXsponR570.03Eg264000.v2.1	1.057	no	no	no	yes
SoffiXsponR570.05Cg102600.v2.1	1.057	no	no	no	yes
SoffiXsponR570.7os1g023500.v2.1	1.057	no	no	no	yes
SoffiXsponR570.10Fg083700.v2.1	1.056	no	no	no	yes
SoffiXsponR570.07Bg273800.v2.1	1.056	no	no	no	yes
SoffiXsponR570.01Bg287600.v2.1	1.056	no	no	no	yes
SoffiXsponR570.9us90g070100.v2.1	1.055	no	no	no	yes
SoffiXsponR570.03Ag325600.v2.1	1.055	no	no	no	yes
SoffiXsponR570.03Bg077500.v2.1	1.055	no	no	no	yes
SoffiXsponR570.03Dg049700.v2.1	1.055	no	no	no	yes
SoffiXsponR570.10Bg073100.v2.1	1.055	no	no	no	yes
SoffiXsponR570.1Z116100.v2.1	1.054	no	no	no	yes
SoffiXsponR570.9os1g055200.v2.1	1.053	no	no	no	yes
SoffiXsponR570.1Z150800.v2.1	1.053	no	no	no	yes
SoffiXsponR570.03Fg134100.v2.1	1.053	no	yes	no	yes
SoffiXsponR570.02Cg075600.v2.1	1.052	no	no	no	yes
SoffiXsponR570.8_10Ag144300.v2.1	1.052	no	no	no	yes
SoffiXsponR570.06Dg154400.v2.1	1.052	no	no	no	yes
SoffiXsponR570.01Dg312700.v2.1	1.052	no	no	no	yes
SoffiXsponR570.05Eg226900.v2.1	1.052	no	no	no	yes
SoffiXsponR570.10os1g040100.v2.1	1.052	no	no	no	yes
SoffiXsponR570.07Cg035300.v2.1	1.051	no	no	no	yes
SoffiXsponR570.05Ag021600.v2.1	1.051	no	no	no	yes
SoffiXsponR570.10Cg170300.v2.1	1.05	no	no	no	yes
SoffiXsponR570.05Bg347800.v2.1	1.05	no	no	no	yes
SoffiXsponR570.07Dg233800.v2.1	1.05	no	no	no	yes
SoffiXsponR570.01Bg152400.v2.1	1.049	no	no	no	yes
SoffiXsponR570.07Ag248300.v2.1	1.049	no	no	no	yes
SoffiXsponR570.04Ag124300.v2.1	1.049	no	no	no	yes
SoffiXsponR570.07Ag199000.v2.1	1.048	no	no	no	yes
SoffiXsponR570.04Cg253600.v2.1	1.048	no	no	no	yes
SoffiXsponR570.01Bg128500.v2.1	1.048	no	no	no	yes
SoffiXsponR570.02Eg019300.v2.1	1.047	no	no	no	yes
SoffiXsponR570.01Bg488700.v2.1	1.047	no	no	no	yes
SoffiXsponR570.02Bg208500.v2.1	1.047	no	no	no	yes
SoffiXsponR570.04Dg083600.v2.1	1.046	no	no	no	yes
SoffiXsponR570.01Cg168700.v2.1	1.046	no	no	no	yes
SoffiXsponR570.5_9Ag114200.v2.1	1.045	no	no	no	yes
SoffiXsponR570.05Dg286000.v2.1	1.045	no	no	no	yes
SoffiXsponR570.08Cg045100.v2.1	1.045	no	no	no	yes
SoffiXsponR570.03Bg055600.v2.1	1.045	no	no	no	yes
SoffiXsponR570.08Ag166400.v2.1	1.045	no	no	no	yes
SoffiXsponR570.08Bg193500.v2.1	1.045	no	no	no	yes
SoffiXsponR570.07Ag158900.v2.1	1.045	no	no	no	yes
SoffiXsponR570.01Ag264100.v2.1	1.045	no	yes	no	no
SoffiXsponR570.01Ag428400.v2.1	1.043	no	no	no	yes
SoffiXsponR570.05Eg017500.v2.1	1.043	no	no	no	yes
SoffiXsponR570.01Ag390700.v2.1	1.043	no	no	no	yes
SoffiXsponR570.10Eg054600.v2.1	1.043	no	no	no	yes
SoffiXsponR570.10Ag204800.v2.1	1.043	no	no	no	yes
SoffiXsponR570.07Eg204000.v2.1	1.042	no	no	no	yes
SoffiXsponR570.08Cg112200.v2.1	1.042	no	no	no	yes
SoffiXsponR570.01Dg195600.v2.1	1.041	no	no	no	yes
SoffiXsponR570.06Eg088700.v2.1	1.041	no	no	no	yes
SoffiXsponR570.10Cg008200.v2.1	1.041	no	no	no	yes
SoffiXsponR570.05Dg068600.v2.1	1.041	no	no	no	yes
SoffiXsponR570.08Dg072000.v2.1	1.041	no	no	no	yes
SoffiXsponR570.01Eg223900.v2.1	1.04	no	no	no	yes
SoffiXsponR570.03Eg030600.v2.1	1.04	no	no	no	yes
SoffiXsponR570.10Ag069200.v2.1	1.04	no	no	no	yes
SoffiXsponR570.02Gg294800.v2.1	1.04	no	no	no	yes
SoffiXsponR570.05Bg382300.v2.1	1.04	no	no	no	yes
SoffiXsponR570.03Eg214500.v2.1	1.04	no	no	no	yes
SoffiXsponR570.01Cg242300.v2.1	1.04	no	no	yes	yes
SoffiXsponR570.05Eg315500.v2.1	1.039	no	no	no	yes
SoffiXsponR570.7_10Ag038700.v2.1	1.039	no	no	no	yes
SoffiXsponR570.02Ag378400.v2.1	1.039	no	no	no	yes
SoffiXsponR570.06Fg168900.v2.1	1.039	no	no	no	yes
SoffiXsponR570.6os1g002800.v2.1	1.038	no	no	no	yes
SoffiXsponR570.01Dg196200.v2.1	1.038	no	no	no	yes
SoffiXsponR570.01Bg004800.v2.1	1.037	no	no	no	yes
SoffiXsponR570.04Fg161600.v2.1	1.037	no	no	no	yes
SoffiXsponR570.06Eg133300.v2.1	1.037	no	no	no	yes
SoffiXsponR570.02Eg055900.v2.1	1.037	no	no	no	yes
SoffiXsponR570.01Cg348100.v2.1	1.036	no	no	no	yes
SoffiXsponR570.08Ag154700.v2.1	1.036	no	no	no	yes
SoffiXsponR570.02Eg329100.v2.1	1.036	no	no	no	yes
SoffiXsponR570.01Bg308800.v2.1	1.035	no	no	no	yes
SoffiXsponR570.04Fg156300.v2.1	1.035	no	no	no	yes
SoffiXsponR570.06Cg151500.v2.1	1.034	no	no	no	yes
SoffiXsponR570.04Cg034800.v2.1	1.034	no	no	no	yes
SoffiXsponR570.01Fg104900.v2.1	1.034	no	no	no	yes
SoffiXsponR570.6_9Ag268700.v2.1	1.034	no	no	no	yes
SoffiXsponR570.01Ag540500.v2.1	1.034	no	no	no	yes
SoffiXsponR570.8_5Ag194800.v2.1	1.034	no	no	no	yes
SoffiXsponR570.01Ag119800.v2.1	1.034	no	no	no	yes
SoffiXsponR570.02Eg165500.v2.1	1.034	no	no	no	yes
SoffiXsponR570.10Cg063400.v2.1	1.033	no	no	no	yes
SoffiXsponR570.03Dg110800.v2.1	1.033	no	no	no	yes
SoffiXsponR570.03Bg013700.v2.1	1.032	no	no	no	yes
SoffiXsponR570.07Dg107200.v2.1	1.032	no	no	no	yes
SoffiXsponR570.05Eg132100.v2.1	1.032	no	no	no	yes
SoffiXsponR570.03Bg084400.v2.1	1.031	no	no	no	yes
SoffiXsponR570.02Bg009400.v2.1	1.031	no	no	no	yes
SoffiXsponR570.02Eg213100.v2.1	1.031	no	no	no	yes
SoffiXsponR570.05Dg297900.v2.1	1.031	no	no	no	yes
SoffiXsponR570.03Bg181400.v2.1	1.031	no	no	no	yes
SoffiXsponR570.05Cg016200.v2.1	1.031	no	no	no	yes
SoffiXsponR570.01Bg231400.v2.1	1.031	no	no	no	yes
SoffiXsponR570.05Cg365600.v2.1	1.03	no	no	no	yes
SoffiXsponR570.04Eg075000.v2.1	1.03	no	no	no	yes
SoffiXsponR570.05Eg265800.v2.1	1.029	no	no	no	yes
SoffiXsponR570.04Fg018100.v2.1	1.029	no	no	no	yes
SoffiXsponR570.10Cg090000.v2.1	1.029	no	no	no	yes
SoffiXsponR570.03Bg079600.v2.1	1.029	no	no	no	yes
SoffiXsponR570.02Dg073500.v2.1	1.028	no	no	no	yes
SoffiXsponR570.04Eg053300.v2.1	1.027	no	no	no	yes
SoffiXsponR570.10Dg193400.v2.1	1.027	no	yes	no	yes
SoffiXsponR570.09Eg120500.v2.1	1.027	no	no	no	yes
SoffiXsponR570.07Ag013800.v2.1	1.027	no	no	no	yes
SoffiXsponR570.06Dg121500.v2.1	1.027	no	no	no	yes
SoffiXsponR570.07Cg148000.v2.1	1.027	no	no	no	yes
SoffiXsponR570.1Z192200.v2.1	1.026	no	no	no	yes
SoffiXsponR570.01Dg243200.v2.1	1.026	no	no	no	yes
SoffiXsponR570.05Fg198500.v2.1	1.026	no	no	no	yes
SoffiXsponR570.02Ag177900.v2.1	1.025	no	no	no	yes
SoffiXsponR570.02Dg370100.v2.1	1.025	no	no	no	yes
SoffiXsponR570.01Eg381400.v2.1	1.025	no	no	no	yes
SoffiXsponR570.5_9Ag291600.v2.1	1.024	no	no	no	yes
SoffiXsponR570.5_9Ag239800.v2.1	1.024	no	no	no	yes
SoffiXsponR570.7_10Ag227100.v2.1	1.023	no	no	no	yes
SoffiXsponR570.04Eg037400.v2.1	1.023	no	no	no	yes
SoffiXsponR570.04Cg134500.v2.1	1.023	no	no	no	yes
SoffiXsponR570.05Eg123000.v2.1	1.023	no	no	no	yes
SoffiXsponR570.9os1g021900.v2.1	1.023	no	no	no	yes
SoffiXsponR570.7_10Ag145300.v2.1	1.023	no	no	no	yes
SoffiXsponR570.01Fg327300.v2.1	1.022	no	no	no	yes
SoffiXsponR570.1Z288700.v2.1	1.022	no	no	no	yes
SoffiXsponR570.06Gg007800.v2.1	1.022	no	no	no	yes
SoffiXsponR570.8_5Ag201400.v2.1	1.022	no	no	no	yes
SoffiXsponR570.07Dg194000.v2.1	1.02	no	no	no	yes
SoffiXsponR570.05Ag381100.v2.1	1.02	no	no	no	yes
SoffiXsponR570.09Bg103200.v2.1	1.02	no	no	no	yes
SoffiXsponR570.04Dg129000.v2.1	1.02	no	no	no	yes
SoffiXsponR570.08Ag071200.v2.1	1.02	no	no	no	yes
SoffiXsponR570.04Dg143200.v2.1	1.019	no	no	no	yes
SoffiXsponR570.05Fg028800.v2.1	1.019	no	no	no	yes
SoffiXsponR570.02Cg155000.v2.1	1.018	no	no	no	yes
SoffiXsponR570.02Dg066300.v2.1	1.018	no	no	no	yes
SoffiXsponR570.03Gg154800.v2.1	1.017	no	no	no	yes
SoffiXsponR570.01Cg118600.v2.1	1.017	no	no	no	yes
SoffiXsponR570.06Ag072200.v2.1	1.016	no	no	no	yes
SoffiXsponR570.1Z085100.v2.1	1.016	no	no	no	yes
SoffiXsponR570.05Bg180100.v2.1	1.016	no	no	no	yes
SoffiXsponR570.06Eg150800.v2.1	1.016	no	no	no	yes
SoffiXsponR570.05Cg016400.v2.1	1.015	no	no	no	yes
SoffiXsponR570.02Ag025400.v2.1	1.015	no	no	no	yes
SoffiXsponR570.03Ag134300.v2.1	1.015	no	no	no	yes
SoffiXsponR570.1os1g002600.v2.1	1.015	no	no	no	yes
SoffiXsponR570.01Dg111700.v2.1	1.014	no	no	no	yes
SoffiXsponR570.09Cg058800.v2.1	1.014	no	no	no	yes
SoffiXsponR570.05Bg192500.v2.1	1.014	no	no	no	yes
SoffiXsponR570.06Gg006900.v2.1	1.013	no	no	no	yes
SoffiXsponR570.04Bg129600.v2.1	1.013	no	no	no	yes
SoffiXsponR570.04Eg097500.v2.1	1.013	no	no	no	yes
SoffiXsponR570.10Ag072400.v2.1	1.012	no	no	no	yes
SoffiXsponR570.07Ag159800.v2.1	1.012	no	no	no	yes
SoffiXsponR570.5_9Ag078400.v2.1	1.012	no	no	no	yes
SoffiXsponR570.04Bg259600.v2.1	1.011	no	no	no	yes
SoffiXsponR570.02Dg145600.v2.1	1.011	no	no	no	yes
SoffiXsponR570.8_10Ag068200.v2.1	1.01	no	no	no	yes
SoffiXsponR570.06Ag127200.v2.1	1.01	no	no	no	yes
SoffiXsponR570.02Fg203900.v2.1	1.01	no	no	no	yes
SoffiXsponR570.07Cg207400.v2.1	1.01	no	no	no	yes
SoffiXsponR570.01Eg366500.v2.1	1.009	no	no	no	yes
SoffiXsponR570.4us91g046100.v2.1	1.009	no	no	no	yes
SoffiXsponR570.08Bg197600.v2.1	1.009	no	no	no	yes
SoffiXsponR570.02Dg344800.v2.1	1.009	no	no	no	yes
SoffiXsponR570.01Bg286300.v2.1	1.009	no	no	no	yes
SoffiXsponR570.01Cg141100.v2.1	1.008	no	no	no	yes
SoffiXsponR570.05Ag028400.v2.1	1.008	no	no	no	yes
SoffiXsponR570.10Bg152600.v2.1	1.008	no	no	no	yes
SoffiXsponR570.07Dg122300.v2.1	1.008	no	no	no	yes
SoffiXsponR570.10Ag128200.v2.1	1.008	no	no	no	yes
SoffiXsponR570.02Fg324400.v2.1	1.008	no	no	no	yes
SoffiXsponR570.8_10Ag189400.v2.1	1.008	no	no	no	yes
SoffiXsponR570.03Gg029200.v2.1	1.008	no	no	no	yes
SoffiXsponR570.02Dg346800.v2.1	1.007	no	no	no	yes
SoffiXsponR570.01Bg152500.v2.1	1.007	no	no	no	yes
SoffiXsponR570.03Bg145200.v2.1	1.007	no	no	no	yes
SoffiXsponR570.05Ag261900.v2.1	1.006	no	yes	yes	no
SoffiXsponR570.03Fg075000.v2.1	1.006	no	yes	no	no
SoffiXsponR570.07Ag181800.v2.1	1.005	no	no	no	yes
SoffiXsponR570.10Cg094300.v2.1	1.005	no	no	no	yes
SoffiXsponR570.02Ag351700.v2.1	1.005	no	no	no	yes
SoffiXsponR570.7_10Ag376000.v2.1	1.005	no	no	no	yes
SoffiXsponR570.5_9Ag363300.v2.1	1.005	no	no	no	yes
SoffiXsponR570.06Eg084300.v2.1	1.005	no	no	no	yes
SoffiXsponR570.06Gg130600.v2.1	1.005	no	no	no	yes
SoffiXsponR570.05Fg159100.v2.1	1.005	no	no	no	yes
SoffiXsponR570.01Ag149800.v2.1	1.004	no	no	no	yes
SoffiXsponR570.06Eg133800.v2.1	1.004	no	no	no	yes
SoffiXsponR570.08Ag054100.v2.1	1.004	no	no	no	yes
SoffiXsponR570.05Bg375300.v2.1	1.004	no	no	no	yes
SoffiXsponR570.02Bg230800.v2.1	1.003	no	no	no	yes
SoffiXsponR570.7_10Ag105200.v2.1	1.003	no	yes	no	yes
SoffiXsponR570.09Ag092400.v2.1	1.003	no	no	no	yes
SoffiXsponR570.02Gg197600.v2.1	1.003	no	no	no	yes
SoffiXsponR570.02Bg090700.v2.1	1.002	no	no	no	yes
SoffiXsponR570.08Ag179600.v2.1	1.002	no	no	no	yes
SoffiXsponR570.03Eg136400.v2.1	1.002	no	no	no	yes
SoffiXsponR570.04Ag219200.v2.1	1.001	no	no	no	yes
SoffiXsponR570.7_10Ag207300.v2.1	0.999	no	no	no	yes
SoffiXsponR570.01Bg369400.v2.1	0.999	no	no	no	yes
SoffiXsponR570.05Cg249600.v2.1	0.999	no	no	no	yes
SoffiXsponR570.6_9Ag321400.v2.1	0.999	no	no	no	yes
SoffiXsponR570.08Cg191100.v2.1	0.998	no	no	no	yes
SoffiXsponR570.01Ag535200.v2.1	0.998	no	no	no	yes
SoffiXsponR570.05Cg186300.v2.1	0.998	no	no	no	yes
SoffiXsponR570.01Eg304200.v2.1	0.998	no	no	no	yes
SoffiXsponR570.9us90g063700.v2.1	0.997	no	no	no	yes
SoffiXsponR570.09Dg082000.v2.1	0.997	no	no	no	yes
SoffiXsponR570.02Ag295800.v2.1	0.997	no	no	no	yes
SoffiXsponR570.07Cg054400.v2.1	0.997	no	no	no	yes
SoffiXsponR570.01Dg301100.v2.1	0.996	no	no	no	yes
SoffiXsponR570.06Bg029600.v2.1	0.996	no	no	no	yes
SoffiXsponR570.08Bg053100.v2.1	0.995	no	no	no	yes
SoffiXsponR570.5_9Ag035100.v2.1	0.995	no	no	no	yes
SoffiXsponR570.10Dg104300.v2.1	0.995	no	no	no	yes
SoffiXsponR570.8_10Ag311900.v2.1	0.995	no	no	no	yes
SoffiXsponR570.03Eg195400.v2.1	0.995	no	no	no	yes
SoffiXsponR570.7_10Ag256700.v2.1	0.995	no	no	no	yes
SoffiXsponR570.05Bg203400.v2.1	0.995	no	no	no	yes
SoffiXsponR570.03Dg103800.v2.1	0.995	no	no	no	yes
SoffiXsponR570.06Dg020000.v2.1	0.995	no	no	no	yes
SoffiXsponR570.10us89g026900.v2.1	0.995	no	no	no	yes
SoffiXsponR570.05Cg381900.v2.1	0.994	no	no	no	yes
SoffiXsponR570.05Eg346300.v2.1	0.994	no	no	no	yes
SoffiXsponR570.05Ag040400.v2.1	0.994	no	no	no	yes
SoffiXsponR570.01Bg278900.v2.1	0.993	no	no	no	yes
SoffiXsponR570.01Ag491200.v2.1	0.993	no	no	no	yes
SoffiXsponR570.05Eg020500.v2.1	0.993	no	no	no	yes
SoffiXsponR570.04Bg177000.v2.1	0.993	no	no	no	yes
SoffiXsponR570.01Ag010000.v2.1	0.993	no	no	no	yes
SoffiXsponR570.07Dg109000.v2.1	0.992	no	no	no	yes
SoffiXsponR570.02Fg228000.v2.1	0.992	no	no	no	yes
SoffiXsponR570.03Bg043900.v2.1	0.992	no	no	no	yes
SoffiXsponR570.02Bg334000.v2.1	0.991	no	no	no	yes
SoffiXsponR570.7_10Ag228200.v2.1	0.991	no	no	no	yes
SoffiXsponR570.02Bg273300.v2.1	0.991	no	no	no	yes
SoffiXsponR570.03Eg227700.v2.1	0.99	no	no	no	yes
SoffiXsponR570.03Dg129300.v2.1	0.99	no	no	no	yes
SoffiXsponR570.9us90g057500.v2.1	0.989	no	no	no	yes
SoffiXsponR570.07Eg183400.v2.1	0.989	no	no	no	yes
SoffiXsponR570.05Bg046400.v2.1	0.989	no	no	no	yes
SoffiXsponR570.06Dg161100.v2.1	0.988	no	no	no	yes
SoffiXsponR570.8_5Ag235100.v2.1	0.988	no	no	no	yes
SoffiXsponR570.01Cg167100.v2.1	0.988	no	no	no	yes
SoffiXsponR570.05Bg382000.v2.1	0.988	no	no	no	yes
SoffiXsponR570.09Cg145200.v2.1	0.987	no	no	no	yes
SoffiXsponR570.05Fg200000.v2.1	0.986	no	no	no	yes
SoffiXsponR570.05Cg080100.v2.1	0.986	no	no	no	yes
SoffiXsponR570.6us88g121700.v2.1	0.986	no	no	no	yes
SoffiXsponR570.06Cg077100.v2.1	0.986	no	no	no	yes
SoffiXsponR570.05Ag254100.v2.1	0.986	no	no	no	yes
SoffiXsponR570.04Dg051300.v2.1	0.985	no	no	no	yes
SoffiXsponR570.09Dg102600.v2.1	0.985	no	no	no	yes
SoffiXsponR570.04Cg110100.v2.1	0.985	no	no	no	yes
SoffiXsponR570.02Ag257400.v2.1	0.985	no	no	no	yes
SoffiXsponR570.03Eg178900.v2.1	0.984	no	no	no	yes
SoffiXsponR570.8_10Ag259600.v2.1	0.984	no	no	no	yes
SoffiXsponR570.01Ag528300.v2.1	0.984	no	no	no	yes
SoffiXsponR570.01Bg220400.v2.1	0.984	no	no	no	yes
SoffiXsponR570.03Ag163200.v2.1	0.984	no	no	no	yes
SoffiXsponR570.02Bg314000.v2.1	0.984	no	no	no	yes
SoffiXsponR570.06Ag052400.v2.1	0.984	no	no	no	yes
SoffiXsponR570.06Cg140300.v2.1	0.984	no	no	no	yes
SoffiXsponR570.05Ag048300.v2.1	0.983	no	yes	no	no
SoffiXsponR570.05Dg236800.v2.1	0.983	no	no	no	yes
SoffiXsponR570.05Eg257900.v2.1	0.983	no	no	no	yes
SoffiXsponR570.02Fg325400.v2.1	0.982	no	no	no	yes
SoffiXsponR570.03Eg035500.v2.1	0.982	no	no	no	yes
SoffiXsponR570.01Eg174700.v2.1	0.982	no	no	no	yes
SoffiXsponR570.06Ag209000.v2.1	0.981	no	no	no	yes
SoffiXsponR570.6_9Ag072300.v2.1	0.981	no	no	no	yes
SoffiXsponR570.6_9Ag156500.v2.1	0.98	no	no	no	yes
SoffiXsponR570.07Dg030300.v2.1	0.979	no	no	no	yes
SoffiXsponR570.06Gg020100.v2.1	0.979	no	no	no	yes
SoffiXsponR570.8_5Ag232100.v2.1	0.979	no	no	no	yes
SoffiXsponR570.02Cg353600.v2.1	0.978	no	no	no	yes
SoffiXsponR570.01Cg371200.v2.1	0.978	no	no	no	yes
SoffiXsponR570.09Ag147300.v2.1	0.978	no	no	no	yes
SoffiXsponR570.03Bg201500.v2.1	0.977	no	no	no	yes
SoffiXsponR570.10Ag119800.v2.1	0.977	no	no	no	yes
SoffiXsponR570.01Dg193000.v2.1	0.976	no	no	no	yes
SoffiXsponR570.5os1g006300.v2.1	0.976	no	no	no	yes
SoffiXsponR570.08Cg123500.v2.1	0.976	no	no	no	yes
SoffiXsponR570.03Dg085600.v2.1	0.975	no	no	no	yes
SoffiXsponR570.08Ag189100.v2.1	0.975	no	no	no	yes
SoffiXsponR570.02Fg187700.v2.1	0.975	no	no	no	yes
SoffiXsponR570.07Bg188400.v2.1	0.975	no	no	no	yes
SoffiXsponR570.1Z011300.v2.1	0.974	no	no	no	yes
SoffiXsponR570.03Eg126400.v2.1	0.974	no	no	no	yes
SoffiXsponR570.05Gg070500.v2.1	0.973	no	no	no	yes
SoffiXsponR570.05Ag041500.v2.1	0.973	no	no	no	yes
SoffiXsponR570.01Fg260400.v2.1	0.973	no	no	no	yes
SoffiXsponR570.02Eg048800.v2.1	0.973	no	no	no	yes
SoffiXsponR570.03Cg214400.v2.1	0.973	no	no	no	yes
SoffiXsponR570.05Fg236000.v2.1	0.972	no	no	no	yes
SoffiXsponR570.10Eg106500.v2.1	0.972	no	no	no	yes
SoffiXsponR570.08Ag101200.v2.1	0.971	no	no	no	yes
SoffiXsponR570.8_10Ag296100.v2.1	0.971	no	yes	no	yes
SoffiXsponR570.04Ag073000.v2.1	0.971	no	no	no	yes
SoffiXsponR570.10Bg028200.v2.1	0.971	no	no	no	yes
SoffiXsponR570.07Dg010700.v2.1	0.97	no	no	no	yes
SoffiXsponR570.07Dg236700.v2.1	0.97	no	no	no	yes
SoffiXsponR570.9us90g069900.v2.1	0.97	no	no	yes	yes
SoffiXsponR570.02Fg305700.v2.1	0.97	no	no	no	yes
SoffiXsponR570.05Ag306100.v2.1	0.969	no	no	no	yes
SoffiXsponR570.09Eg000800.v2.1	0.969	no	no	no	yes
SoffiXsponR570.03Fg009300.v2.1	0.969	no	no	no	yes
SoffiXsponR570.01Cg068200.v2.1	0.969	no	no	no	yes
SoffiXsponR570.01Eg070100.v2.1	0.969	no	no	no	yes
SoffiXsponR570.01Fg117900.v2.1	0.969	no	no	no	yes
SoffiXsponR570.01Ag338400.v2.1	0.968	no	no	no	yes
SoffiXsponR570.05Dg295000.v2.1	0.967	no	no	no	yes
SoffiXsponR570.7_10Ag011500.v2.1	0.967	yes	yes	no	yes
SoffiXsponR570.01Cg103700.v2.1	0.966	no	no	no	yes
SoffiXsponR570.09Dg006700.v2.1	0.966	no	no	no	yes
SoffiXsponR570.8_5Ag047100.v2.1	0.966	no	no	no	yes
SoffiXsponR570.7os1g028400.v2.1	0.966	no	no	no	yes
SoffiXsponR570.7os1g083500.v2.1	0.965	no	no	no	yes
SoffiXsponR570.01Ag531100.v2.1	0.965	no	no	no	yes
SoffiXsponR570.04Gg006800.v2.1	0.965	no	no	no	yes
SoffiXsponR570.10os1g002900.v2.1	0.965	no	no	no	yes
SoffiXsponR570.7_10Ag025800.v2.1	0.964	no	no	no	yes
SoffiXsponR570.05Bg024400.v2.1	0.963	no	no	no	yes
SoffiXsponR570.05Dg022800.v2.1	0.963	no	no	no	yes
SoffiXsponR570.6_9Ag000200.v2.1	0.962	no	no	no	yes
SoffiXsponR570.03Ag001200.v2.1	0.962	no	no	no	yes
SoffiXsponR570.02Gg131800.v2.1	0.962	no	no	no	yes
SoffiXsponR570.06Cg081900.v2.1	0.962	no	no	no	yes
SoffiXsponR570.04Bg146200.v2.1	0.962	no	no	no	yes
SoffiXsponR570.05Gg187200.v2.1	0.962	no	no	no	yes
SoffiXsponR570.05Bg130000.v2.1	0.961	no	no	no	yes
SoffiXsponR570.10Bg084400.v2.1	0.961	no	no	no	yes
SoffiXsponR570.09Cg092000.v2.1	0.961	no	no	no	yes
SoffiXsponR570.7_10Ag082600.v2.1	0.961	no	no	no	yes
SoffiXsponR570.03Cg036800.v2.1	0.961	no	no	no	yes
SoffiXsponR570.6us88g008600.v2.1	0.96	no	no	no	yes
SoffiXsponR570.02Gg228900.v2.1	0.96	no	no	no	yes
SoffiXsponR570.01Fg336100.v2.1	0.96	no	no	no	yes
SoffiXsponR570.7os1g085600.v2.1	0.959	no	yes	no	yes
SoffiXsponR570.02Eg053500.v2.1	0.959	no	no	no	yes
SoffiXsponR570.01Bg434400.v2.1	0.959	no	no	no	yes
SoffiXsponR570.08Cg178500.v2.1	0.959	no	no	no	yes
SoffiXsponR570.05Eg016100.v2.1	0.959	no	no	no	yes
SoffiXsponR570.7os1g044900.v2.1	0.959	no	no	no	yes
SoffiXsponR570.04Ag251200.v2.1	0.958	no	no	no	yes
SoffiXsponR570.07Bg158600.v2.1	0.958	no	no	no	yes
SoffiXsponR570.02Gg137000.v2.1	0.958	no	no	no	yes
SoffiXsponR570.04Gg011000.v2.1	0.957	no	no	no	yes
SoffiXsponR570.5_9Ag304300.v2.1	0.957	no	no	no	yes
SoffiXsponR570.5_9Ag189800.v2.1	0.957	no	no	no	yes
SoffiXsponR570.05Cg174800.v2.1	0.957	no	no	no	yes
SoffiXsponR570.02Cg030200.v2.1	0.957	no	no	no	yes
SoffiXsponR570.05Eg228800.v2.1	0.957	no	yes	no	no
SoffiXsponR570.09Cg128900.v2.1	0.956	no	no	no	yes
SoffiXsponR570.10Fg067900.v2.1	0.956	no	no	no	yes
SoffiXsponR570.05Ag357400.v2.1	0.956	no	no	no	yes
SoffiXsponR570.03Fg152700.v2.1	0.955	no	no	no	yes
SoffiXsponR570.9os1g030200.v2.1	0.955	no	no	no	yes
SoffiXsponR570.8_5Ag146400.v2.1	0.955	no	no	no	yes
SoffiXsponR570.02Cg369600.v2.1	0.955	no	no	no	yes
SoffiXsponR570.04Fg005300.v2.1	0.955	no	no	no	yes
SoffiXsponR570.8_10Ag226900.v2.1	0.954	no	no	no	yes
SoffiXsponR570.02Bg268900.v2.1	0.954	no	no	no	yes
SoffiXsponR570.04Eg101400.v2.1	0.954	no	yes	no	yes
SoffiXsponR570.6_9Ag090900.v2.1	0.954	no	no	no	yes
SoffiXsponR570.03Bg101400.v2.1	0.953	no	no	no	yes
SoffiXsponR570.03Bg125400.v2.1	0.953	no	no	no	yes
SoffiXsponR570.01Bg152800.v2.1	0.953	no	no	no	yes
SoffiXsponR570.02Cg143900.v2.1	0.953	no	no	no	yes
SoffiXsponR570.03Ag186200.v2.1	0.953	no	no	no	yes
SoffiXsponR570.01Cg036900.v2.1	0.953	no	no	no	yes
SoffiXsponR570.5_9Ag283300.v2.1	0.952	no	no	no	yes
SoffiXsponR570.1Z115000.v2.1	0.952	no	no	no	yes
SoffiXsponR570.02Dg236700.v2.1	0.951	no	no	no	yes
SoffiXsponR570.05Bg386000.v2.1	0.951	no	no	no	yes
SoffiXsponR570.06Eg073200.v2.1	0.951	no	no	no	yes
SoffiXsponR570.04Cg234400.v2.1	0.951	no	no	no	yes
SoffiXsponR570.03Fg048300.v2.1	0.951	no	no	no	yes
SoffiXsponR570.05Eg157400.v2.1	0.951	no	no	no	yes
SoffiXsponR570.07Eg024100.v2.1	0.951	no	no	no	yes
SoffiXsponR570.05Ag300900.v2.1	0.95	no	no	no	yes
SoffiXsponR570.01Cg213700.v2.1	0.95	no	no	no	yes
SoffiXsponR570.02Gg209500.v2.1	0.95	no	no	no	yes
SoffiXsponR570.09Eg092600.v2.1	0.95	no	no	no	yes
SoffiXsponR570.7_10Ag012000.v2.1	0.95	yes	yes	no	yes
SoffiXsponR570.05Dg203200.v2.1	0.949	no	no	no	yes
SoffiXsponR570.05Ag010600.v2.1	0.949	no	no	no	yes
SoffiXsponR570.03Ag217500.v2.1	0.948	no	no	no	yes
SoffiXsponR570.10Bg135300.v2.1	0.948	no	no	no	yes
SoffiXsponR570.06Ag190900.v2.1	0.948	no	no	no	yes
SoffiXsponR570.06Bg001100.v2.1	0.948	no	no	no	yes
SoffiXsponR570.02Dg368300.v2.1	0.947	no	no	no	yes
SoffiXsponR570.02Cg122200.v2.1	0.947	no	yes	no	yes
SoffiXsponR570.10Cg073700.v2.1	0.947	no	no	no	yes
SoffiXsponR570.10Cg065900.v2.1	0.947	no	no	no	yes
SoffiXsponR570.1Z015900.v2.1	0.946	no	no	no	yes
SoffiXsponR570.8_10Ag092100.v2.1	0.946	no	no	no	yes
SoffiXsponR570.01Ag236300.v2.1	0.946	no	no	no	yes
SoffiXsponR570.06Cg076700.v2.1	0.946	no	no	no	yes
SoffiXsponR570.07Bg079300.v2.1	0.945	no	no	no	yes
SoffiXsponR570.09Cg024700.v2.1	0.945	no	no	no	yes
SoffiXsponR570.08Eg093900.v2.1	0.945	no	no	no	yes
SoffiXsponR570.05Bg297500.v2.1	0.945	no	no	no	yes
SoffiXsponR570.10Ag158200.v2.1	0.945	no	no	no	yes
SoffiXsponR570.08Eg022200.v2.1	0.945	no	no	no	yes
SoffiXsponR570.06Fg065100.v2.1	0.945	no	no	no	yes
SoffiXsponR570.02Fg026000.v2.1	0.944	no	no	no	yes
SoffiXsponR570.05Bg248900.v2.1	0.944	no	no	no	yes
SoffiXsponR570.05Cg277100.v2.1	0.943	no	no	no	yes
SoffiXsponR570.03Bg151200.v2.1	0.943	no	no	no	yes
SoffiXsponR570.05Eg264500.v2.1	0.943	no	no	no	yes
SoffiXsponR570.04Bg083400.v2.1	0.942	no	no	no	yes
SoffiXsponR570.10us89g044000.v2.1	0.942	no	yes	no	yes
SoffiXsponR570.10Eg076000.v2.1	0.942	no	no	no	yes
SoffiXsponR570.02Eg093200.v2.1	0.942	no	no	no	yes
SoffiXsponR570.07Cg076300.v2.1	0.941	no	no	no	yes
SoffiXsponR570.10os1g031100.v2.1	0.941	no	no	no	yes
SoffiXsponR570.02Fg245700.v2.1	0.941	no	no	no	yes
SoffiXsponR570.02Gg272100.v2.1	0.941	no	no	no	yes
SoffiXsponR570.04Dg052700.v2.1	0.941	no	no	no	yes
SoffiXsponR570.02Bg371900.v2.1	0.941	no	no	no	yes
SoffiXsponR570.02Ag363100.v2.1	0.94	no	no	no	yes
SoffiXsponR570.06Dg011000.v2.1	0.939	no	no	no	yes
SoffiXsponR570.6_9Ag012000.v2.1	0.939	no	yes	no	no
SoffiXsponR570.05Fg179800.v2.1	0.939	no	no	no	yes
SoffiXsponR570.01Eg329600.v2.1	0.939	no	no	no	yes
SoffiXsponR570.04Bg258200.v2.1	0.938	no	no	no	yes
SoffiXsponR570.03Eg104600.v2.1	0.937	no	no	no	yes
SoffiXsponR570.01Cg302200.v2.1	0.937	no	no	no	yes
SoffiXsponR570.09Ag144100.v2.1	0.937	no	no	no	yes
SoffiXsponR570.5_9Ag037600.v2.1	0.937	no	no	no	yes
SoffiXsponR570.05Ag111000.v2.1	0.937	no	no	no	yes
SoffiXsponR570.10Fg004400.v2.1	0.936	no	no	no	yes
SoffiXsponR570.08Dg130200.v2.1	0.936	no	no	no	yes
SoffiXsponR570.6_9Ag084400.v2.1	0.935	no	no	no	yes
SoffiXsponR570.01Eg225100.v2.1	0.935	no	no	no	yes
SoffiXsponR570.5_9Ag461200.v2.1	0.935	no	no	no	yes
SoffiXsponR570.06Gg066700.v2.1	0.935	no	no	no	yes
SoffiXsponR570.08Ag166500.v2.1	0.934	no	no	no	yes
SoffiXsponR570.08Dg167600.v2.1	0.934	no	no	no	yes
SoffiXsponR570.9os1g011800.v2.1	0.934	no	no	no	yes
SoffiXsponR570.05Bg329700.v2.1	0.933	no	no	no	yes
SoffiXsponR570.02Fg064600.v2.1	0.933	no	no	no	yes
SoffiXsponR570.08Ag166200.v2.1	0.933	no	no	no	yes
SoffiXsponR570.01Ag193500.v2.1	0.932	no	no	no	yes
SoffiXsponR570.05Ag137200.v2.1	0.932	no	no	no	yes
SoffiXsponR570.04Eg050800.v2.1	0.932	no	no	no	yes
SoffiXsponR570.02Gg100500.v2.1	0.932	no	no	no	yes
SoffiXsponR570.03Gg015900.v2.1	0.931	no	no	no	yes
SoffiXsponR570.03Gg155800.v2.1	0.931	no	no	no	yes
SoffiXsponR570.05Fg197300.v2.1	0.931	no	no	no	yes
SoffiXsponR570.10Bg006600.v2.1	0.93	no	no	no	yes
SoffiXsponR570.09Cg106500.v2.1	0.93	no	no	no	yes
SoffiXsponR570.06Gg145000.v2.1	0.93	no	no	no	yes
SoffiXsponR570.03Ag080900.v2.1	0.929	no	no	no	yes
SoffiXsponR570.02Eg110100.v2.1	0.929	no	no	no	yes
SoffiXsponR570.01Dg378700.v2.1	0.929	no	no	no	yes
SoffiXsponR570.03Dg327800.v2.1	0.929	no	no	no	yes
SoffiXsponR570.05Eg224000.v2.1	0.928	no	no	no	yes
SoffiXsponR570.10Dg049400.v2.1	0.928	no	no	no	yes
SoffiXsponR570.09Bg135900.v2.1	0.928	no	no	no	yes
SoffiXsponR570.06Dg001900.v2.1	0.928	no	no	no	yes
SoffiXsponR570.5_9Ag261400.v2.1	0.928	no	no	no	yes
SoffiXsponR570.02Fg064200.v2.1	0.927	no	no	no	yes
SoffiXsponR570.10Cg047200.v2.1	0.927	no	no	no	yes
SoffiXsponR570.05Eg337900.v2.1	0.927	no	no	no	yes
SoffiXsponR570.09Eg097400.v2.1	0.927	no	no	no	yes
SoffiXsponR570.10os1g059500.v2.1	0.926	no	no	no	yes
SoffiXsponR570.01Fg283900.v2.1	0.926	no	no	no	yes
SoffiXsponR570.01Bg184800.v2.1	0.926	no	no	no	yes
SoffiXsponR570.05Bg144300.v2.1	0.926	no	no	no	yes
SoffiXsponR570.01Ag251600.v2.1	0.925	no	no	no	yes
SoffiXsponR570.10us89g076300.v2.1	0.925	no	yes	no	no
SoffiXsponR570.03Dg054700.v2.1	0.925	no	no	no	yes
SoffiXsponR570.05Fg096100.v2.1	0.925	no	no	no	yes
SoffiXsponR570.07Ag120600.v2.1	0.924	no	no	no	yes
SoffiXsponR570.05Ag154800.v2.1	0.924	no	no	no	yes
SoffiXsponR570.06Fg118200.v2.1	0.924	no	no	no	yes
SoffiXsponR570.9os1g051100.v2.1	0.924	no	no	no	yes
SoffiXsponR570.03Dg094600.v2.1	0.923	no	no	no	yes
SoffiXsponR570.01Cg008300.v2.1	0.923	no	no	no	yes
SoffiXsponR570.02Bg010100.v2.1	0.923	no	no	no	yes
SoffiXsponR570.06Eg029100.v2.1	0.923	no	no	no	yes
SoffiXsponR570.10Cg072500.v2.1	0.923	no	no	no	yes
SoffiXsponR570.8_10Ag062600.v2.1	0.921	no	no	no	yes
SoffiXsponR570.02Fg119200.v2.1	0.921	no	no	no	yes
SoffiXsponR570.03Bg087800.v2.1	0.921	no	no	no	yes
SoffiXsponR570.7os1g083000.v2.1	0.921	no	no	no	yes
SoffiXsponR570.02Bg358300.v2.1	0.92	no	no	no	yes
SoffiXsponR570.07Ag157900.v2.1	0.92	no	no	no	yes
SoffiXsponR570.05Cg328300.v2.1	0.92	no	no	no	yes
SoffiXsponR570.04Ag134300.v2.1	0.919	no	no	no	yes
SoffiXsponR570.09Eg082700.v2.1	0.919	no	no	no	yes
SoffiXsponR570.04Cg271000.v2.1	0.919	no	no	no	yes
SoffiXsponR570.07Ag108800.v2.1	0.919	no	no	no	yes
SoffiXsponR570.05Cg278400.v2.1	0.919	no	no	no	yes
SoffiXsponR570.03Ag190300.v2.1	0.918	no	no	no	yes
SoffiXsponR570.08Ag068500.v2.1	0.918	no	no	no	yes
SoffiXsponR570.03Dg008900.v2.1	0.917	no	no	no	yes
SoffiXsponR570.01Ag061800.v2.1	0.917	no	no	no	yes
SoffiXsponR570.02Ag066000.v2.1	0.917	no	no	no	yes
SoffiXsponR570.02Eg207900.v2.1	0.917	no	no	no	yes
SoffiXsponR570.05Bg256200.v2.1	0.917	no	no	no	yes
SoffiXsponR570.6us88g043300.v2.1	0.917	no	no	no	yes
SoffiXsponR570.05Cg036100.v2.1	0.916	no	no	no	yes
SoffiXsponR570.05Ag028300.v2.1	0.916	no	no	no	yes
SoffiXsponR570.08Bg060600.v2.1	0.916	no	no	no	yes
SoffiXsponR570.5_9Ag200200.v2.1	0.916	no	no	no	yes
SoffiXsponR570.07Dg094300.v2.1	0.915	no	no	no	yes
SoffiXsponR570.01Cg054000.v2.1	0.915	no	no	no	yes
SoffiXsponR570.10Eg109500.v2.1	0.915	no	no	no	yes
SoffiXsponR570.04Ag032500.v2.1	0.914	no	no	no	yes
SoffiXsponR570.10Dg142900.v2.1	0.914	no	no	no	yes
SoffiXsponR570.1Z022500.v2.1	0.914	no	no	no	yes
SoffiXsponR570.10us89g029300.v2.1	0.913	no	no	no	yes
SoffiXsponR570.10Cg182000.v2.1	0.913	no	no	no	yes
SoffiXsponR570.10Bg194900.v2.1	0.913	no	no	no	yes
SoffiXsponR570.10Cg099100.v2.1	0.912	no	no	no	yes
SoffiXsponR570.10Ag026900.v2.1	0.912	no	no	no	yes
SoffiXsponR570.04Dg158000.v2.1	0.911	no	no	no	yes
SoffiXsponR570.03Eg070700.v2.1	0.911	no	no	no	yes
SoffiXsponR570.02Gg155600.v2.1	0.911	no	no	no	yes
SoffiXsponR570.01Bg271700.v2.1	0.911	no	no	no	yes
SoffiXsponR570.03Bg262400.v2.1	0.911	no	no	no	yes
SoffiXsponR570.5_9Ag379200.v2.1	0.911	no	no	no	yes
SoffiXsponR570.03Gg153700.v2.1	0.911	no	no	no	yes
SoffiXsponR570.05Dg040200.v2.1	0.91	no	no	no	yes
SoffiXsponR570.10Ag107000.v2.1	0.91	no	no	no	yes
SoffiXsponR570.01Ag497500.v2.1	0.909	no	no	no	yes
SoffiXsponR570.02Ag137100.v2.1	0.908	no	no	no	yes
SoffiXsponR570.02Bg141800.v2.1	0.908	no	no	no	yes
SoffiXsponR570.02Bg199200.v2.1	0.908	no	no	no	yes
SoffiXsponR570.02Eg130800.v2.1	0.907	no	no	no	yes
SoffiXsponR570.03Eg026800.v2.1	0.907	no	no	no	yes
SoffiXsponR570.06Dg139600.v2.1	0.907	no	no	no	yes
SoffiXsponR570.04Dg075500.v2.1	0.907	no	no	no	yes
SoffiXsponR570.04Cg046900.v2.1	0.907	no	no	no	yes
SoffiXsponR570.05Bg045500.v2.1	0.906	no	no	no	yes
SoffiXsponR570.02Fg333400.v2.1	0.906	no	no	no	yes
SoffiXsponR570.10Eg000400.v2.1	0.906	no	no	no	yes
SoffiXsponR570.09Cg104900.v2.1	0.906	no	no	no	yes
SoffiXsponR570.07Dg013100.v2.1	0.906	no	no	no	yes
SoffiXsponR570.10Dg141100.v2.1	0.905	no	yes	no	yes
SoffiXsponR570.01Fg049400.v2.1	0.905	no	no	no	yes
SoffiXsponR570.02Cg165500.v2.1	0.904	no	no	no	yes
SoffiXsponR570.5_9Ag421200.v2.1	0.903	no	no	no	yes
SoffiXsponR570.08Eg121300.v2.1	0.903	no	no	no	yes
SoffiXsponR570.02Fg130800.v2.1	0.903	no	no	no	yes
SoffiXsponR570.01Eg296900.v2.1	0.903	no	no	no	yes
SoffiXsponR570.06Eg065100.v2.1	0.903	no	no	no	yes
SoffiXsponR570.03Cg023600.v2.1	0.903	no	no	no	yes
SoffiXsponR570.09Cg055400.v2.1	0.902	no	no	no	yes
SoffiXsponR570.04Ag038200.v2.1	0.902	no	no	no	yes
SoffiXsponR570.04Fg134000.v2.1	0.902	no	no	no	yes
SoffiXsponR570.07Bg159900.v2.1	0.902	no	no	no	yes
SoffiXsponR570.10Bg197100.v2.1	0.901	no	no	no	yes
SoffiXsponR570.01Eg001500.v2.1	0.901	no	no	no	yes
SoffiXsponR570.5_9Ag305700.v2.1	0.901	no	no	no	yes
SoffiXsponR570.02Ag207700.v2.1	0.901	no	no	no	yes
SoffiXsponR570.01Cg153200.v2.1	0.901	no	no	no	yes
SoffiXsponR570.03Eg165900.v2.1	0.901	no	no	no	yes
SoffiXsponR570.08Dg062400.v2.1	0.901	no	no	no	yes
SoffiXsponR570.10Bg127600.v2.1	0.901	no	no	no	yes
SoffiXsponR570.07Cg105100.v2.1	0.901	no	no	no	yes
SoffiXsponR570.01Ag164900.v2.1	0.9	no	no	no	yes
SoffiXsponR570.05Ag328700.v2.1	0.899	no	no	no	yes
SoffiXsponR570.10Bg002400.v2.1	0.899	no	no	no	yes
SoffiXsponR570.04Dg073400.v2.1	0.899	no	no	no	yes
SoffiXsponR570.10Cg032700.v2.1	0.898	no	no	no	yes
SoffiXsponR570.10Ag039000.v2.1	0.897	no	no	no	yes
SoffiXsponR570.06Gg121800.v2.1	0.897	no	no	no	yes
SoffiXsponR570.05Ag135300.v2.1	0.897	no	no	no	yes
SoffiXsponR570.8_10Ag188100.v2.1	0.897	no	no	no	yes
SoffiXsponR570.09Ag032200.v2.1	0.897	no	no	no	yes
SoffiXsponR570.04Cg029200.v2.1	0.896	no	no	no	yes
SoffiXsponR570.09Ag001500.v2.1	0.896	no	no	no	yes
SoffiXsponR570.01Eg424800.v2.1	0.896	no	no	no	yes
SoffiXsponR570.02Dg263500.v2.1	0.896	no	no	no	yes
SoffiXsponR570.10Ag225700.v2.1	0.896	no	no	no	yes
SoffiXsponR570.04Ag154800.v2.1	0.896	no	no	no	yes
SoffiXsponR570.01Eg446200.v2.1	0.895	no	no	no	yes
SoffiXsponR570.8_5Ag156600.v2.1	0.895	no	no	no	yes
SoffiXsponR570.07Ag225600.v2.1	0.895	no	no	no	yes
SoffiXsponR570.01Fg069400.v2.1	0.895	yes	no	no	yes
SoffiXsponR570.08Eg126500.v2.1	0.895	no	no	no	yes
SoffiXsponR570.07Ag247000.v2.1	0.894	no	no	no	yes
SoffiXsponR570.08Dg155600.v2.1	0.894	no	no	no	yes
SoffiXsponR570.05Ag026100.v2.1	0.894	no	yes	no	no
SoffiXsponR570.04Gg027600.v2.1	0.894	no	no	no	yes
SoffiXsponR570.07Cg025000.v2.1	0.894	no	no	no	yes
SoffiXsponR570.01Ag246300.v2.1	0.893	no	no	no	yes
SoffiXsponR570.01Dg252200.v2.1	0.893	no	yes	no	no
SoffiXsponR570.05Bg290700.v2.1	0.893	no	no	no	yes
SoffiXsponR570.05Gg121800.v2.1	0.892	no	no	no	yes
SoffiXsponR570.02Eg172300.v2.1	0.892	no	no	no	yes
SoffiXsponR570.02Cg294300.v2.1	0.892	no	no	no	yes
SoffiXsponR570.02Ag104000.v2.1	0.892	no	no	no	yes
SoffiXsponR570.05Cg048800.v2.1	0.891	no	no	no	yes
SoffiXsponR570.01Bg484200.v2.1	0.891	no	no	no	yes
SoffiXsponR570.7_10Ag062900.v2.1	0.891	no	no	no	yes
SoffiXsponR570.10Bg061100.v2.1	0.89	no	no	no	yes
SoffiXsponR570.6_9Ag124700.v2.1	0.89	no	no	no	yes
SoffiXsponR570.03Fg003200.v2.1	0.89	no	no	no	yes
SoffiXsponR570.05Dg357400.v2.1	0.89	no	no	no	yes
SoffiXsponR570.02Dg404900.v2.1	0.89	no	no	no	yes
SoffiXsponR570.03Eg092500.v2.1	0.89	no	yes	no	no
SoffiXsponR570.10os1g039900.v2.1	0.89	no	no	no	yes
SoffiXsponR570.1Z013400.v2.1	0.889	no	no	no	yes
SoffiXsponR570.02Ag006200.v2.1	0.889	no	no	no	yes
SoffiXsponR570.07Eg083800.v2.1	0.889	no	no	no	yes
SoffiXsponR570.08Eg093000.v2.1	0.889	no	no	no	yes
SoffiXsponR570.01Cg335900.v2.1	0.889	no	no	no	yes
SoffiXsponR570.05Dg094200.v2.1	0.888	no	no	no	yes
SoffiXsponR570.05Ag374300.v2.1	0.888	no	no	no	yes
SoffiXsponR570.10Ag014700.v2.1	0.888	no	no	no	yes
SoffiXsponR570.02Fg011200.v2.1	0.888	no	no	no	yes
SoffiXsponR570.5os1g004500.v2.1	0.887	no	no	no	yes
SoffiXsponR570.05Cg015300.v2.1	0.887	no	no	no	yes
SoffiXsponR570.10Bg120800.v2.1	0.887	no	no	no	yes
SoffiXsponR570.6us88g123600.v2.1	0.886	no	no	no	yes
SoffiXsponR570.02Dg388700.v2.1	0.886	no	no	no	yes
SoffiXsponR570.03Fg148600.v2.1	0.886	no	no	no	yes
SoffiXsponR570.08Ag002400.v2.1	0.885	no	no	no	yes
SoffiXsponR570.03Bg085700.v2.1	0.885	no	no	no	yes
SoffiXsponR570.05Eg255000.v2.1	0.885	no	no	no	yes
SoffiXsponR570.01Cg166800.v2.1	0.884	no	no	no	yes
SoffiXsponR570.01Eg063300.v2.1	0.884	no	no	no	yes
SoffiXsponR570.02Dg146900.v2.1	0.884	no	no	no	yes
SoffiXsponR570.03Bg077200.v2.1	0.883	no	no	no	yes
SoffiXsponR570.01Bg343800.v2.1	0.883	no	no	no	yes
SoffiXsponR570.03Fg023800.v2.1	0.883	no	no	no	yes
SoffiXsponR570.08Eg057200.v2.1	0.883	no	no	no	yes
SoffiXsponR570.01Ag099300.v2.1	0.881	no	no	no	yes
SoffiXsponR570.03Bg283000.v2.1	0.881	no	no	no	yes
SoffiXsponR570.02Bg032300.v2.1	0.88	no	no	no	yes
SoffiXsponR570.1Z175100.v2.1	0.88	no	no	no	yes
SoffiXsponR570.09Dg077100.v2.1	0.88	no	no	no	yes
SoffiXsponR570.10Dg064300.v2.1	0.88	no	no	no	yes
SoffiXsponR570.05Fg023000.v2.1	0.88	no	no	no	yes
SoffiXsponR570.6_9Ag201100.v2.1	0.879	yes	yes	yes	yes
SoffiXsponR570.10Bg079000.v2.1	0.879	no	no	no	yes
SoffiXsponR570.01Ag320000.v2.1	0.879	no	no	no	yes
SoffiXsponR570.10Ag019400.v2.1	0.878	no	no	no	yes
SoffiXsponR570.6_9Ag199400.v2.1	0.878	no	no	no	yes
SoffiXsponR570.04Dg069900.v2.1	0.877	no	no	no	yes
SoffiXsponR570.10us89g002600.v2.1	0.877	no	no	no	yes
SoffiXsponR570.06Dg033900.v2.1	0.876	no	no	no	yes
SoffiXsponR570.5_9Ag217900.v2.1	0.876	no	no	no	yes
SoffiXsponR570.09Bg033500.v2.1	0.876	no	no	no	yes
SoffiXsponR570.01Cg376900.v2.1	0.876	no	no	no	yes
SoffiXsponR570.05Bg020200.v2.1	0.876	no	no	no	yes
SoffiXsponR570.07Bg181000.v2.1	0.876	no	no	no	yes
SoffiXsponR570.02Gg223100.v2.1	0.876	no	no	no	yes
SoffiXsponR570.04Dg147300.v2.1	0.876	no	no	no	yes
SoffiXsponR570.03Ag121800.v2.1	0.875	no	no	no	yes
SoffiXsponR570.07Ag241000.v2.1	0.875	no	no	no	yes
SoffiXsponR570.7_10Ag317900.v2.1	0.875	no	no	no	yes
SoffiXsponR570.10Cg185000.v2.1	0.875	no	no	no	yes
SoffiXsponR570.01Dg114500.v2.1	0.875	no	no	no	yes
SoffiXsponR570.06Cg063500.v2.1	0.875	no	no	no	yes
SoffiXsponR570.06Ag191800.v2.1	0.875	no	no	yes	yes
SoffiXsponR570.5_9Ag093600.v2.1	0.874	no	no	no	yes
SoffiXsponR570.05Bg276500.v2.1	0.874	no	no	no	yes
SoffiXsponR570.02Bg083100.v2.1	0.874	no	no	no	yes
SoffiXsponR570.03Eg058900.v2.1	0.874	no	no	no	yes
SoffiXsponR570.01Eg231300.v2.1	0.874	no	no	no	yes
SoffiXsponR570.01Cg318500.v2.1	0.873	no	no	no	yes
SoffiXsponR570.03Dg089100.v2.1	0.873	no	no	no	yes
SoffiXsponR570.10Bg121200.v2.1	0.873	no	no	no	yes
SoffiXsponR570.05Eg265200.v2.1	0.873	no	no	no	yes
SoffiXsponR570.6_9Ag162200.v2.1	0.872	no	no	no	yes
SoffiXsponR570.02Bg268700.v2.1	0.872	no	no	no	yes
SoffiXsponR570.03Gg067200.v2.1	0.871	no	no	no	yes
SoffiXsponR570.02Dg272500.v2.1	0.871	no	no	no	yes
SoffiXsponR570.02Cg057300.v2.1	0.871	no	no	no	yes
SoffiXsponR570.04Bg103400.v2.1	0.87	no	no	no	yes
SoffiXsponR570.02Fg040200.v2.1	0.869	no	no	no	yes
SoffiXsponR570.08Bg023300.v2.1	0.869	no	no	no	yes
SoffiXsponR570.10os1g042300.v2.1	0.868	no	no	no	yes
SoffiXsponR570.03Gg099800.v2.1	0.868	no	no	no	yes
SoffiXsponR570.01Ag464900.v2.1	0.868	no	no	no	yes
SoffiXsponR570.10Ag088100.v2.1	0.868	no	no	no	yes
SoffiXsponR570.10Bg137000.v2.1	0.868	no	no	no	yes
SoffiXsponR570.09Eg002800.v2.1	0.868	no	no	no	yes
SoffiXsponR570.07Ag071700.v2.1	0.867	no	yes	no	yes
SoffiXsponR570.10Dg040800.v2.1	0.867	no	no	no	yes
SoffiXsponR570.8_10Ag335100.v2.1	0.867	no	no	no	yes
SoffiXsponR570.02Fg011300.v2.1	0.867	no	no	no	yes
SoffiXsponR570.02Bg162800.v2.1	0.866	no	no	no	yes
SoffiXsponR570.8_10Ag104300.v2.1	0.866	no	no	no	yes
SoffiXsponR570.03Eg014700.v2.1	0.866	no	no	no	yes
SoffiXsponR570.02Dg398200.v2.1	0.865	no	no	no	yes
SoffiXsponR570.04Dg166700.v2.1	0.865	no	no	no	yes
SoffiXsponR570.03Cg030700.v2.1	0.864	no	no	no	yes
SoffiXsponR570.7_10Ag056900.v2.1	0.864	no	no	no	yes
SoffiXsponR570.10Ag005900.v2.1	0.864	no	no	no	yes
SoffiXsponR570.06Gg079300.v2.1	0.864	no	no	no	yes
SoffiXsponR570.02Ag045200.v2.1	0.864	no	no	no	yes
SoffiXsponR570.07Bg253700.v2.1	0.864	no	no	no	yes
SoffiXsponR570.04Fg022100.v2.1	0.864	no	no	no	yes
SoffiXsponR570.08Eg080000.v2.1	0.864	no	no	no	yes
SoffiXsponR570.07Ag014900.v2.1	0.864	no	no	no	yes
SoffiXsponR570.04Ag257500.v2.1	0.864	no	no	no	yes
SoffiXsponR570.06Gg106800.v2.1	0.864	no	no	no	yes
SoffiXsponR570.5_9Ag498300.v2.1	0.863	no	no	no	yes
SoffiXsponR570.1Z168100.v2.1	0.863	no	no	no	yes
SoffiXsponR570.5os2g001800.v2.1	0.863	no	no	no	yes
SoffiXsponR570.01Ag056900.v2.1	0.863	no	no	no	yes
SoffiXsponR570.02Bg374800.v2.1	0.863	no	no	no	yes
SoffiXsponR570.10Bg133400.v2.1	0.863	no	no	no	yes
SoffiXsponR570.03Dg062600.v2.1	0.863	no	no	no	yes
SoffiXsponR570.08Ag121200.v2.1	0.862	no	no	no	yes
SoffiXsponR570.10us89g032600.v2.1	0.862	no	no	no	yes
SoffiXsponR570.04Bg012000.v2.1	0.862	no	no	no	yes
SoffiXsponR570.10Bg138300.v2.1	0.862	no	no	no	yes
SoffiXsponR570.07Dg191200.v2.1	0.861	no	no	no	yes
SoffiXsponR570.02Bg017200.v2.1	0.861	no	no	no	yes
SoffiXsponR570.03Gg104000.v2.1	0.861	no	no	no	yes
SoffiXsponR570.05Dg113100.v2.1	0.861	no	no	no	yes
SoffiXsponR570.8_10Ag236700.v2.1	0.861	no	no	no	yes
SoffiXsponR570.06Dg156500.v2.1	0.86	no	no	no	yes
SoffiXsponR570.08Eg016300.v2.1	0.86	no	no	no	yes
SoffiXsponR570.05Gg035700.v2.1	0.859	no	no	no	yes
SoffiXsponR570.01Bg273400.v2.1	0.859	no	no	no	yes
SoffiXsponR570.02Bg160200.v2.1	0.859	no	no	no	yes
SoffiXsponR570.05Ag251600.v2.1	0.858	no	no	no	yes
SoffiXsponR570.02Bg175100.v2.1	0.858	no	no	no	yes
SoffiXsponR570.01Eg086400.v2.1	0.858	no	no	no	yes
SoffiXsponR570.04Eg151900.v2.1	0.857	no	no	no	yes
SoffiXsponR570.10Bg157600.v2.1	0.857	no	no	no	yes
SoffiXsponR570.07Eg210200.v2.1	0.856	no	no	no	yes
SoffiXsponR570.1Z007400.v2.1	0.856	no	no	no	yes
SoffiXsponR570.04Ag211900.v2.1	0.856	no	no	no	yes
SoffiXsponR570.02Cg364800.v2.1	0.855	no	no	no	yes
SoffiXsponR570.05Bg277000.v2.1	0.855	no	no	no	yes
SoffiXsponR570.06Cg196500.v2.1	0.855	no	no	no	yes
SoffiXsponR570.03Eg286000.v2.1	0.854	no	no	no	yes
SoffiXsponR570.02Bg035900.v2.1	0.854	no	no	no	yes
SoffiXsponR570.8_10Ag333600.v2.1	0.854	no	yes	no	yes
SoffiXsponR570.8_10Ag112000.v2.1	0.854	no	no	no	yes
SoffiXsponR570.1Z224800.v2.1	0.853	no	no	no	yes
SoffiXsponR570.07Ag040900.v2.1	0.853	no	no	no	yes
SoffiXsponR570.08Bg103300.v2.1	0.852	no	no	no	yes
SoffiXsponR570.05Bg016500.v2.1	0.85	no	no	no	yes
SoffiXsponR570.5_9Ag435000.v2.1	0.85	no	no	yes	no
SoffiXsponR570.05Dg152100.v2.1	0.85	no	no	no	yes
SoffiXsponR570.01Ag153200.v2.1	0.85	no	no	no	yes
SoffiXsponR570.02Cg059000.v2.1	0.849	no	no	no	yes
SoffiXsponR570.08Dg134800.v2.1	0.849	no	no	no	yes
SoffiXsponR570.03Eg262800.v2.1	0.848	no	no	no	yes
SoffiXsponR570.01Eg442900.v2.1	0.848	no	no	no	yes
SoffiXsponR570.04Bg148600.v2.1	0.848	no	no	no	yes
SoffiXsponR570.05Dg052100.v2.1	0.847	no	no	no	yes
SoffiXsponR570.01Eg195900.v2.1	0.847	no	no	no	yes
SoffiXsponR570.09Bg115700.v2.1	0.847	no	no	no	yes
SoffiXsponR570.04Bg255700.v2.1	0.847	no	no	no	yes
SoffiXsponR570.05Ag018600.v2.1	0.847	no	no	no	yes
SoffiXsponR570.01Dg100600.v2.1	0.847	no	no	no	yes
SoffiXsponR570.04Bg101900.v2.1	0.846	no	no	no	yes
SoffiXsponR570.09Eg101600.v2.1	0.846	no	no	no	yes
SoffiXsponR570.01Bg195100.v2.1	0.846	no	no	no	yes
SoffiXsponR570.02Cg417200.v2.1	0.845	no	no	no	yes
SoffiXsponR570.09Ag021600.v2.1	0.845	no	no	no	yes
SoffiXsponR570.7os1g023600.v2.1	0.844	no	no	no	yes
SoffiXsponR570.08Ag156900.v2.1	0.843	no	no	no	yes
SoffiXsponR570.04Cg106900.v2.1	0.843	no	no	no	yes
SoffiXsponR570.07Cg162600.v2.1	0.843	no	no	no	yes
SoffiXsponR570.10us89g036600.v2.1	0.843	no	no	no	yes
SoffiXsponR570.09Bg011800.v2.1	0.843	no	no	no	yes
SoffiXsponR570.06Ag188300.v2.1	0.843	no	no	no	yes
SoffiXsponR570.07Dg216200.v2.1	0.842	no	no	no	yes
SoffiXsponR570.02Gg212800.v2.1	0.842	no	no	no	yes
SoffiXsponR570.5_9Ag072600.v2.1	0.842	no	no	no	yes
SoffiXsponR570.05Bg181200.v2.1	0.842	no	no	no	yes
SoffiXsponR570.04Eg145000.v2.1	0.841	no	no	no	yes
SoffiXsponR570.08Cg175300.v2.1	0.841	no	no	no	yes
SoffiXsponR570.8_10Ag174500.v2.1	0.841	no	no	no	yes
SoffiXsponR570.02Dg270900.v2.1	0.84	no	no	no	yes
SoffiXsponR570.8_10Ag175000.v2.1	0.84	no	no	no	yes
SoffiXsponR570.05Gg164000.v2.1	0.84	no	no	no	yes
SoffiXsponR570.05Cg302400.v2.1	0.839	no	no	no	yes
SoffiXsponR570.02Gg107700.v2.1	0.839	no	no	no	yes
SoffiXsponR570.01Eg189500.v2.1	0.839	no	no	no	yes
SoffiXsponR570.05Eg328000.v2.1	0.838	no	no	no	yes
SoffiXsponR570.04Ag234400.v2.1	0.838	no	no	no	yes
SoffiXsponR570.03Cg015300.v2.1	0.838	no	no	no	yes
SoffiXsponR570.05Eg033300.v2.1	0.838	no	no	no	yes
SoffiXsponR570.08Ag063000.v2.1	0.838	no	no	no	yes
SoffiXsponR570.01Dg170600.v2.1	0.837	no	no	no	yes
SoffiXsponR570.02Gg021900.v2.1	0.837	no	no	no	yes
SoffiXsponR570.05Bg043700.v2.1	0.837	no	no	no	yes
SoffiXsponR570.4us91g049100.v2.1	0.836	no	no	no	yes
SoffiXsponR570.5_9Ag191600.v2.1	0.836	no	no	no	yes
SoffiXsponR570.07Eg145000.v2.1	0.836	no	no	no	yes
SoffiXsponR570.09Ag142000.v2.1	0.836	no	no	no	yes
SoffiXsponR570.7_10Ag361400.v2.1	0.835	no	no	no	yes
SoffiXsponR570.01Cg374100.v2.1	0.835	no	no	no	yes
SoffiXsponR570.05Eg170100.v2.1	0.835	no	no	no	yes
SoffiXsponR570.03Cg243800.v2.1	0.835	no	no	no	yes
SoffiXsponR570.08Ag167800.v2.1	0.834	no	no	no	yes
SoffiXsponR570.02Gg132800.v2.1	0.834	no	no	no	yes
SoffiXsponR570.09Bg058300.v2.1	0.833	no	no	no	yes
SoffiXsponR570.09Ag165700.v2.1	0.833	no	no	no	yes
SoffiXsponR570.05Eg194500.v2.1	0.833	no	no	no	yes
SoffiXsponR570.05Ag133400.v2.1	0.832	no	no	no	yes
SoffiXsponR570.04Gg041200.v2.1	0.832	no	no	no	yes
SoffiXsponR570.04Bg150500.v2.1	0.832	no	no	no	yes
SoffiXsponR570.03Eg254100.v2.1	0.832	no	no	no	yes
SoffiXsponR570.10Dg026500.v2.1	0.832	no	no	no	yes
SoffiXsponR570.08Bg041200.v2.1	0.832	no	no	no	yes
SoffiXsponR570.05Ag390200.v2.1	0.831	no	no	no	yes
SoffiXsponR570.05Bg319400.v2.1	0.831	no	no	no	yes
SoffiXsponR570.03Dg051700.v2.1	0.83	no	no	no	yes
SoffiXsponR570.04Cg255700.v2.1	0.83	no	no	no	yes
SoffiXsponR570.06Gg002600.v2.1	0.83	no	no	no	yes
SoffiXsponR570.03Dg019700.v2.1	0.83	no	no	no	yes
SoffiXsponR570.01Ag055400.v2.1	0.83	no	no	no	yes
SoffiXsponR570.07Bg151100.v2.1	0.829	no	no	no	yes
SoffiXsponR570.10us89g020500.v2.1	0.829	no	no	no	yes
SoffiXsponR570.10Eg062000.v2.1	0.829	no	no	no	yes
SoffiXsponR570.7_10Ag365700.v2.1	0.828	no	no	no	yes
SoffiXsponR570.10Cg047300.v2.1	0.828	no	no	no	yes
SoffiXsponR570.05Ag371000.v2.1	0.828	no	no	no	yes
SoffiXsponR570.01Eg042600.v2.1	0.827	no	no	no	yes
SoffiXsponR570.01Bg041400.v2.1	0.827	no	yes	no	yes
SoffiXsponR570.05Gg204800.v2.1	0.827	no	no	no	yes
SoffiXsponR570.05Fg275700.v2.1	0.827	no	no	no	yes
SoffiXsponR570.09Bg146000.v2.1	0.826	no	no	no	yes
SoffiXsponR570.02Eg280700.v2.1	0.826	no	no	no	yes
SoffiXsponR570.02Bg244200.v2.1	0.826	no	no	no	yes
SoffiXsponR570.05Dg073900.v2.1	0.826	no	no	no	yes
SoffiXsponR570.10Cg137800.v2.1	0.826	no	no	no	yes
SoffiXsponR570.04Ag168500.v2.1	0.825	no	no	no	yes
SoffiXsponR570.01Ag324500.v2.1	0.825	no	no	no	yes
SoffiXsponR570.10Fg079800.v2.1	0.824	no	no	no	yes
SoffiXsponR570.5os2g005500.v2.1	0.824	no	no	no	yes
SoffiXsponR570.08Dg172600.v2.1	0.824	no	no	no	yes
SoffiXsponR570.6us88g090100.v2.1	0.824	no	no	no	yes
SoffiXsponR570.02Bg327400.v2.1	0.823	no	no	no	yes
SoffiXsponR570.02Fg035100.v2.1	0.823	no	no	no	yes
SoffiXsponR570.03Dg018700.v2.1	0.823	no	no	no	yes
SoffiXsponR570.08Cg170300.v2.1	0.823	no	no	no	yes
SoffiXsponR570.04Cg165100.v2.1	0.822	no	no	no	yes
SoffiXsponR570.05Fg292300.v2.1	0.822	no	no	no	yes
SoffiXsponR570.07Bg165300.v2.1	0.821	no	no	no	yes
SoffiXsponR570.02Bg302900.v2.1	0.82	no	no	no	yes
SoffiXsponR570.01Cg097600.v2.1	0.82	no	no	no	yes
SoffiXsponR570.06Fg037400.v2.1	0.82	no	no	no	yes
SoffiXsponR570.9os1g036900.v2.1	0.82	no	no	no	yes
SoffiXsponR570.02Ag364400.v2.1	0.82	no	no	no	yes
SoffiXsponR570.01Cg302500.v2.1	0.819	no	no	no	yes
SoffiXsponR570.03Gg029100.v2.1	0.819	no	no	no	yes
SoffiXsponR570.1Z122000.v2.1	0.818	no	no	no	yes
SoffiXsponR570.02Gg297900.v2.1	0.818	no	no	no	yes
SoffiXsponR570.08Ag124500.v2.1	0.817	no	no	no	yes
SoffiXsponR570.6_9Ag034900.v2.1	0.817	no	no	no	yes
SoffiXsponR570.10Eg111300.v2.1	0.817	no	no	no	yes
SoffiXsponR570.05Eg014500.v2.1	0.817	no	no	no	yes
SoffiXsponR570.05Fg197900.v2.1	0.816	no	no	no	yes
SoffiXsponR570.09Eg040200.v2.1	0.816	no	no	no	yes
SoffiXsponR570.02Eg341500.v2.1	0.816	no	no	no	yes
SoffiXsponR570.04Cg068200.v2.1	0.815	no	no	no	yes
SoffiXsponR570.08Eg106800.v2.1	0.814	no	no	no	yes
SoffiXsponR570.03Ag210300.v2.1	0.814	no	no	no	yes
SoffiXsponR570.09Bg079400.v2.1	0.814	no	no	no	yes
SoffiXsponR570.05Bg119300.v2.1	0.813	no	no	no	yes
SoffiXsponR570.02Cg034300.v2.1	0.813	no	no	no	yes
SoffiXsponR570.09Ag029500.v2.1	0.813	no	no	no	yes
SoffiXsponR570.03Eg116400.v2.1	0.812	no	no	no	yes
SoffiXsponR570.5_9Ag470200.v2.1	0.812	no	no	no	yes
SoffiXsponR570.03Dg011800.v2.1	0.812	no	no	no	yes
SoffiXsponR570.01Bg287500.v2.1	0.812	no	no	no	yes
SoffiXsponR570.01Ag042700.v2.1	0.812	no	no	no	yes
SoffiXsponR570.01Dg352600.v2.1	0.812	no	no	no	yes
SoffiXsponR570.1Z126400.v2.1	0.812	no	no	no	yes
SoffiXsponR570.06Cg047600.v2.1	0.811	no	no	no	yes
SoffiXsponR570.07Eg197600.v2.1	0.811	no	no	no	yes
SoffiXsponR570.03Ag029000.v2.1	0.811	no	no	no	yes
SoffiXsponR570.01Ag224700.v2.1	0.811	no	no	no	yes
SoffiXsponR570.06Gg152700.v2.1	0.811	no	no	no	yes
SoffiXsponR570.03Cg306300.v2.1	0.811	no	no	no	yes
SoffiXsponR570.07Cg061200.v2.1	0.811	no	no	no	yes
SoffiXsponR570.04Eg097000.v2.1	0.81	no	no	no	yes
SoffiXsponR570.05Fg210200.v2.1	0.81	no	no	no	yes
SoffiXsponR570.07Cg267100.v2.1	0.81	no	no	no	yes
SoffiXsponR570.05Eg219800.v2.1	0.809	no	no	no	yes
SoffiXsponR570.05Cg256900.v2.1	0.809	no	no	no	yes
SoffiXsponR570.07Cg125800.v2.1	0.809	no	no	no	yes
SoffiXsponR570.07Dg164600.v2.1	0.807	no	no	no	yes
SoffiXsponR570.05Dg100300.v2.1	0.807	no	no	no	yes
SoffiXsponR570.9os1g021600.v2.1	0.807	no	no	no	yes
SoffiXsponR570.10Bg063600.v2.1	0.807	no	no	no	yes
SoffiXsponR570.03Bg259700.v2.1	0.806	no	no	no	yes
SoffiXsponR570.01Bg500200.v2.1	0.806	no	no	no	yes
SoffiXsponR570.09Bg102400.v2.1	0.806	no	no	no	yes
SoffiXsponR570.05Fg043200.v2.1	0.806	no	no	no	yes
SoffiXsponR570.02Ag121400.v2.1	0.805	no	no	no	yes
SoffiXsponR570.03Cg016600.v2.1	0.805	no	no	no	yes
SoffiXsponR570.07Dg130400.v2.1	0.804	no	no	no	yes
SoffiXsponR570.02Ag035800.v2.1	0.803	no	no	no	yes
SoffiXsponR570.02Bg183900.v2.1	0.803	no	no	no	yes
SoffiXsponR570.08Cg205300.v2.1	0.803	no	no	no	yes
SoffiXsponR570.03Fg152400.v2.1	0.803	no	no	no	yes
SoffiXsponR570.07Ag158700.v2.1	0.803	no	no	no	yes
SoffiXsponR570.10Eg041700.v2.1	0.803	no	no	no	yes
SoffiXsponR570.02Cg294400.v2.1	0.802	no	no	no	yes
SoffiXsponR570.10Dg075100.v2.1	0.802	no	no	no	yes
SoffiXsponR570.8_5Ag189100.v2.1	0.802	no	no	no	yes
SoffiXsponR570.09Bg120300.v2.1	0.802	no	no	no	yes
SoffiXsponR570.03Gg021400.v2.1	0.801	no	no	no	yes
SoffiXsponR570.01Ag176000.v2.1	0.801	no	no	no	yes
SoffiXsponR570.01Bg056000.v2.1	0.8	no	no	no	yes
SoffiXsponR570.07Ag152800.v2.1	0.8	no	no	no	yes
SoffiXsponR570.02Ag284100.v2.1	0.8	no	no	no	yes
SoffiXsponR570.03Eg110900.v2.1	0.8	no	no	no	yes
SoffiXsponR570.03Eg009100.v2.1	0.8	no	no	no	yes
SoffiXsponR570.04Bg011500.v2.1	0.8	no	no	no	yes
SoffiXsponR570.05Gg197500.v2.1	0.799	no	no	no	yes
SoffiXsponR570.03Eg048600.v2.1	0.799	no	no	no	yes
SoffiXsponR570.09Eg118100.v2.1	0.798	no	no	no	yes
SoffiXsponR570.05Gg123800.v2.1	0.798	no	no	no	yes
SoffiXsponR570.08Eg045900.v2.1	0.798	no	no	no	yes
SoffiXsponR570.1Z114300.v2.1	0.796	no	no	no	yes
SoffiXsponR570.02Cg200800.v2.1	0.796	no	no	no	yes
SoffiXsponR570.8_10Ag118800.v2.1	0.795	no	no	no	yes
SoffiXsponR570.05Bg361500.v2.1	0.795	no	no	no	yes
SoffiXsponR570.10os1g024900.v2.1	0.795	no	no	no	yes
SoffiXsponR570.01Bg397900.v2.1	0.794	no	no	no	yes
SoffiXsponR570.1Z086500.v2.1	0.794	no	no	no	yes
SoffiXsponR570.5_9Ag279300.v2.1	0.794	no	no	no	yes
SoffiXsponR570.09Eg066800.v2.1	0.793	no	no	no	yes
SoffiXsponR570.06Eg063400.v2.1	0.793	no	no	no	yes
SoffiXsponR570.03Eg076900.v2.1	0.793	no	no	no	yes
SoffiXsponR570.05Gg024700.v2.1	0.792	no	no	no	yes
SoffiXsponR570.05Bg163400.v2.1	0.792	no	no	no	yes
SoffiXsponR570.09Bg035800.v2.1	0.791	no	no	no	yes
SoffiXsponR570.03Bg277700.v2.1	0.791	no	no	no	yes
SoffiXsponR570.02Dg359900.v2.1	0.791	no	no	no	yes
SoffiXsponR570.01Ag021000.v2.1	0.79	no	no	no	yes
SoffiXsponR570.10Dg170400.v2.1	0.79	no	no	no	yes
SoffiXsponR570.03Dg043600.v2.1	0.79	no	no	no	yes
SoffiXsponR570.05Dg257900.v2.1	0.79	no	no	no	yes
SoffiXsponR570.07Dg090000.v2.1	0.79	no	no	no	yes
SoffiXsponR570.07Bg186300.v2.1	0.79	no	no	no	yes
SoffiXsponR570.01Ag443400.v2.1	0.79	no	no	no	yes
SoffiXsponR570.05Bg036100.v2.1	0.79	no	no	no	yes
SoffiXsponR570.06Ag196300.v2.1	0.79	no	no	no	yes
SoffiXsponR570.02Cg164500.v2.1	0.789	no	no	no	yes
SoffiXsponR570.03Bg093300.v2.1	0.789	no	no	no	yes
SoffiXsponR570.01Cg386400.v2.1	0.789	no	no	no	yes
SoffiXsponR570.03Eg170600.v2.1	0.789	no	no	yes	yes
SoffiXsponR570.5_9Ag099300.v2.1	0.789	no	no	no	yes
SoffiXsponR570.01Cg123900.v2.1	0.789	no	no	no	yes
SoffiXsponR570.02Bg035300.v2.1	0.788	no	no	no	yes
SoffiXsponR570.05Fg315700.v2.1	0.788	no	no	no	yes
SoffiXsponR570.05Ag336400.v2.1	0.788	no	no	no	yes
SoffiXsponR570.05Fg224100.v2.1	0.788	no	no	no	yes
SoffiXsponR570.01Bg409000.v2.1	0.787	no	no	yes	yes
SoffiXsponR570.02Eg374200.v2.1	0.787	no	no	no	yes
SoffiXsponR570.09Dg099300.v2.1	0.786	no	no	no	yes
SoffiXsponR570.04Dg195600.v2.1	0.786	no	no	no	yes
SoffiXsponR570.03Eg103400.v2.1	0.786	no	no	no	yes
SoffiXsponR570.05Cg348200.v2.1	0.786	no	no	no	yes
SoffiXsponR570.06Fg132300.v2.1	0.785	no	no	no	yes
SoffiXsponR570.01Eg319100.v2.1	0.785	no	no	no	yes
SoffiXsponR570.02Bg252500.v2.1	0.784	no	no	no	yes
SoffiXsponR570.03Dg090900.v2.1	0.784	no	no	no	yes
SoffiXsponR570.01Eg201800.v2.1	0.784	no	no	no	yes
SoffiXsponR570.9us90g046100.v2.1	0.784	no	no	no	yes
SoffiXsponR570.02Ag028100.v2.1	0.783	no	no	no	yes
SoffiXsponR570.07Cg039100.v2.1	0.783	no	no	no	yes
SoffiXsponR570.1Z169500.v2.1	0.783	no	no	no	yes
SoffiXsponR570.01Eg059200.v2.1	0.783	no	no	no	yes
SoffiXsponR570.02Eg240900.v2.1	0.783	no	no	no	yes
SoffiXsponR570.08Ag213200.v2.1	0.783	no	no	no	yes
SoffiXsponR570.02Bg372000.v2.1	0.782	no	no	no	yes
SoffiXsponR570.01Ag446600.v2.1	0.782	no	no	no	yes
SoffiXsponR570.05Cg283800.v2.1	0.782	no	no	no	yes
SoffiXsponR570.07Ag070800.v2.1	0.782	no	no	no	yes
SoffiXsponR570.08Cg042600.v2.1	0.781	no	no	no	yes
SoffiXsponR570.01Ag082600.v2.1	0.781	no	no	no	yes
SoffiXsponR570.04Cg036700.v2.1	0.78	no	no	no	yes
SoffiXsponR570.01Eg005700.v2.1	0.78	no	no	no	yes
SoffiXsponR570.09Ag096000.v2.1	0.78	no	no	no	yes
SoffiXsponR570.06Dg085900.v2.1	0.78	no	no	no	yes
SoffiXsponR570.7_10Ag282300.v2.1	0.78	no	no	no	yes
SoffiXsponR570.08Dg049300.v2.1	0.78	no	no	no	yes
SoffiXsponR570.08Dg158900.v2.1	0.779	no	no	no	yes
SoffiXsponR570.04Eg134000.v2.1	0.779	no	no	no	yes
SoffiXsponR570.05Gg180700.v2.1	0.779	no	no	no	yes
SoffiXsponR570.07Bg264700.v2.1	0.778	no	no	no	yes
SoffiXsponR570.07Cg022000.v2.1	0.777	no	no	no	yes
SoffiXsponR570.01Fg236600.v2.1	0.777	no	no	no	yes
SoffiXsponR570.09Dg006500.v2.1	0.777	no	no	no	yes
SoffiXsponR570.08Bg085200.v2.1	0.776	no	no	no	yes
SoffiXsponR570.09Bg007000.v2.1	0.776	no	no	no	yes
SoffiXsponR570.02Fg173200.v2.1	0.776	no	no	no	yes
SoffiXsponR570.09Dg046900.v2.1	0.776	no	no	no	yes
SoffiXsponR570.03Bg238100.v2.1	0.775	no	no	no	yes
SoffiXsponR570.05Dg234800.v2.1	0.775	no	no	yes	yes
SoffiXsponR570.04Gg042500.v2.1	0.774	no	no	no	yes
SoffiXsponR570.01Bg201700.v2.1	0.774	no	no	no	yes
SoffiXsponR570.05Fg015400.v2.1	0.773	no	no	no	yes
SoffiXsponR570.5_9Ag066700.v2.1	0.773	no	no	no	yes
SoffiXsponR570.08Eg079400.v2.1	0.772	no	no	no	yes
SoffiXsponR570.05Fg313900.v2.1	0.771	no	no	no	yes
SoffiXsponR570.10Eg073200.v2.1	0.771	no	no	no	yes
SoffiXsponR570.10Dg061500.v2.1	0.771	no	no	no	yes
SoffiXsponR570.02Gg199300.v2.1	0.77	no	no	no	yes
SoffiXsponR570.01Fg006300.v2.1	0.77	no	no	no	yes
SoffiXsponR570.05Dg051800.v2.1	0.77	no	no	yes	no
SoffiXsponR570.7_10Ag104000.v2.1	0.77	no	no	no	yes
SoffiXsponR570.08Ag072100.v2.1	0.769	no	no	no	yes
SoffiXsponR570.01Dg140600.v2.1	0.768	no	no	no	yes
SoffiXsponR570.05Fg026000.v2.1	0.768	no	no	no	yes
SoffiXsponR570.03Bg048700.v2.1	0.768	no	no	no	yes
SoffiXsponR570.5_9Ag289400.v2.1	0.768	no	no	no	yes
SoffiXsponR570.02Bg257900.v2.1	0.768	no	no	no	yes
SoffiXsponR570.03Eg099800.v2.1	0.768	no	no	no	yes
SoffiXsponR570.05Eg288600.v2.1	0.766	no	no	no	yes
SoffiXsponR570.05Ag006400.v2.1	0.766	no	no	no	yes
SoffiXsponR570.07Cg075500.v2.1	0.766	no	no	no	yes
SoffiXsponR570.07Cg177700.v2.1	0.766	no	no	no	yes
SoffiXsponR570.02Bg371800.v2.1	0.765	no	no	no	yes
SoffiXsponR570.02Dg237300.v2.1	0.765	no	no	no	yes
SoffiXsponR570.08Eg020400.v2.1	0.764	no	no	no	yes
SoffiXsponR570.6_9Ag332500.v2.1	0.764	no	no	no	yes
SoffiXsponR570.07Cg102100.v2.1	0.764	no	no	no	yes
SoffiXsponR570.1Z170300.v2.1	0.764	no	no	no	yes
SoffiXsponR570.02Fg126900.v2.1	0.764	no	no	no	yes
SoffiXsponR570.04Bg130900.v2.1	0.764	no	no	no	yes
SoffiXsponR570.08Cg199500.v2.1	0.764	no	no	no	yes
SoffiXsponR570.6us88g139500.v2.1	0.763	no	no	no	yes
SoffiXsponR570.04Eg097100.v2.1	0.763	no	no	no	yes
SoffiXsponR570.04Dg008700.v2.1	0.763	no	no	no	yes
SoffiXsponR570.6us88g026200.v2.1	0.763	no	no	no	yes
SoffiXsponR570.02Bg090800.v2.1	0.762	no	no	no	yes
SoffiXsponR570.5_9Ag036100.v2.1	0.761	no	no	no	yes
SoffiXsponR570.08Bg041100.v2.1	0.761	no	no	no	yes
SoffiXsponR570.01Eg114800.v2.1	0.761	no	no	no	yes
SoffiXsponR570.6_9Ag145400.v2.1	0.76	no	no	no	yes
SoffiXsponR570.05Fg092500.v2.1	0.76	no	no	no	yes
SoffiXsponR570.5_9Ag446400.v2.1	0.76	no	no	no	yes
SoffiXsponR570.6_9Ag330400.v2.1	0.759	no	no	no	yes
SoffiXsponR570.01Cg120400.v2.1	0.759	no	no	no	yes
SoffiXsponR570.6_9Ag122200.v2.1	0.759	no	no	no	yes
SoffiXsponR570.05Gg050200.v2.1	0.758	no	no	no	yes
SoffiXsponR570.05Eg103400.v2.1	0.758	no	no	no	yes
SoffiXsponR570.01Cg190400.v2.1	0.758	no	no	no	yes
SoffiXsponR570.5_9Ag322300.v2.1	0.758	no	no	no	yes
SoffiXsponR570.01Eg133800.v2.1	0.757	no	no	no	yes
SoffiXsponR570.10Fg083900.v2.1	0.757	no	no	no	yes
SoffiXsponR570.01Fg146500.v2.1	0.756	no	no	no	yes
SoffiXsponR570.02Ag305200.v2.1	0.756	no	no	no	yes
SoffiXsponR570.01Eg196500.v2.1	0.756	no	no	no	yes
SoffiXsponR570.8_5Ag230500.v2.1	0.755	no	no	no	yes
SoffiXsponR570.05Fg051700.v2.1	0.754	no	no	no	yes
SoffiXsponR570.10Fg043300.v2.1	0.753	no	no	no	yes
SoffiXsponR570.09Cg082900.v2.1	0.753	no	no	no	yes
SoffiXsponR570.05Fg059200.v2.1	0.753	no	no	no	yes
SoffiXsponR570.04Cg160300.v2.1	0.753	no	no	no	yes
SoffiXsponR570.7os1g000800.v2.1	0.753	no	no	no	yes
SoffiXsponR570.01Fg259000.v2.1	0.752	no	no	no	yes
SoffiXsponR570.01Bg279700.v2.1	0.752	no	no	no	yes
SoffiXsponR570.06Cg007200.v2.1	0.751	no	no	no	yes
SoffiXsponR570.05Eg157900.v2.1	0.751	no	no	no	yes
SoffiXsponR570.02Cg290800.v2.1	0.751	no	no	no	yes
SoffiXsponR570.05Ag160000.v2.1	0.75	no	no	no	yes
SoffiXsponR570.01Cg260700.v2.1	0.75	no	no	no	yes
SoffiXsponR570.10Fg018300.v2.1	0.75	no	no	no	yes
SoffiXsponR570.02Fg351800.v2.1	0.75	no	no	no	yes
SoffiXsponR570.07Bg161400.v2.1	0.75	no	no	no	yes
SoffiXsponR570.02Ag387600.v2.1	0.75	no	no	no	yes
SoffiXsponR570.01Bg217000.v2.1	0.75	no	no	no	yes
SoffiXsponR570.02Eg339300.v2.1	0.75	no	no	no	yes
SoffiXsponR570.07Dg232300.v2.1	0.749	no	no	no	yes
SoffiXsponR570.05Fg230200.v2.1	0.749	no	no	no	yes
SoffiXsponR570.05Eg058100.v2.1	0.748	no	no	no	yes
SoffiXsponR570.8_10Ag206600.v2.1	0.748	no	no	no	yes
SoffiXsponR570.08Cg129200.v2.1	0.748	no	no	no	yes
SoffiXsponR570.03Fg093000.v2.1	0.747	no	no	no	yes
SoffiXsponR570.06Dg034500.v2.1	0.747	no	no	no	yes
SoffiXsponR570.02Ag420900.v2.1	0.747	no	no	no	yes
SoffiXsponR570.02Cg293200.v2.1	0.747	no	no	no	yes
SoffiXsponR570.1os1g005000.v2.1	0.746	no	no	no	yes
SoffiXsponR570.04Ag274400.v2.1	0.746	no	no	no	yes
SoffiXsponR570.07Ag009300.v2.1	0.745	no	no	no	yes
SoffiXsponR570.08Bg155500.v2.1	0.745	no	no	no	yes
SoffiXsponR570.07Dg145200.v2.1	0.745	no	no	no	yes
SoffiXsponR570.05Eg161200.v2.1	0.745	no	no	no	yes
SoffiXsponR570.01Dg134700.v2.1	0.744	no	no	no	yes
SoffiXsponR570.02Gg059700.v2.1	0.744	no	yes	no	no
SoffiXsponR570.10Bg059000.v2.1	0.744	no	no	no	yes
SoffiXsponR570.05Dg035100.v2.1	0.743	no	no	no	yes
SoffiXsponR570.02Dg163300.v2.1	0.743	no	no	no	yes
SoffiXsponR570.5_9Ag403900.v2.1	0.742	no	no	yes	no
SoffiXsponR570.8_10Ag307200.v2.1	0.742	no	no	no	yes
SoffiXsponR570.05Gg043600.v2.1	0.742	no	no	no	yes
SoffiXsponR570.03Gg069300.v2.1	0.742	no	no	no	yes
SoffiXsponR570.10Ag090700.v2.1	0.742	no	no	no	yes
SoffiXsponR570.01Bg054000.v2.1	0.742	no	no	no	yes
SoffiXsponR570.03Bg240400.v2.1	0.741	no	no	no	yes
SoffiXsponR570.10os1g055000.v2.1	0.741	no	no	no	yes
SoffiXsponR570.05Cg019200.v2.1	0.741	no	no	no	yes
SoffiXsponR570.01Ag432700.v2.1	0.74	no	no	no	yes
SoffiXsponR570.05Cg060400.v2.1	0.74	no	no	no	yes
SoffiXsponR570.06Cg068400.v2.1	0.74	no	no	no	yes
SoffiXsponR570.01Bg035800.v2.1	0.74	no	no	no	yes
SoffiXsponR570.06Cg017900.v2.1	0.74	no	no	no	yes
SoffiXsponR570.01Ag106900.v2.1	0.739	no	no	no	yes
SoffiXsponR570.10us89g062200.v2.1	0.739	no	no	no	yes
SoffiXsponR570.09Cg106800.v2.1	0.738	no	no	no	yes
SoffiXsponR570.02Bg360100.v2.1	0.738	no	no	no	yes
SoffiXsponR570.04Ag064000.v2.1	0.737	no	no	no	yes
SoffiXsponR570.8_5Ag230600.v2.1	0.736	no	no	no	yes
SoffiXsponR570.07Eg070900.v2.1	0.736	no	no	no	yes
SoffiXsponR570.01Fg045700.v2.1	0.736	no	no	no	yes
SoffiXsponR570.09Dg054200.v2.1	0.735	no	no	no	yes
SoffiXsponR570.05Ag352100.v2.1	0.735	no	no	no	yes
SoffiXsponR570.01Eg351600.v2.1	0.734	no	no	no	yes
SoffiXsponR570.07Dg041000.v2.1	0.734	no	no	no	yes
SoffiXsponR570.02Fg109500.v2.1	0.733	no	no	no	yes
SoffiXsponR570.10Ag193500.v2.1	0.732	no	no	no	yes
SoffiXsponR570.10Dg059600.v2.1	0.732	no	no	no	yes
SoffiXsponR570.01Cg116700.v2.1	0.732	no	no	no	yes
SoffiXsponR570.04Ag040000.v2.1	0.732	no	no	no	yes
SoffiXsponR570.07Bg272600.v2.1	0.732	no	no	no	yes
SoffiXsponR570.02Ag166700.v2.1	0.731	no	no	no	yes
SoffiXsponR570.10Ag200400.v2.1	0.73	no	no	no	yes
SoffiXsponR570.08Ag048200.v2.1	0.73	no	no	no	yes
SoffiXsponR570.01Dg325800.v2.1	0.73	no	no	no	yes
SoffiXsponR570.1Z270100.v2.1	0.73	no	no	no	yes
SoffiXsponR570.10Dg051800.v2.1	0.73	no	no	no	yes
SoffiXsponR570.6os1g002900.v2.1	0.73	no	no	no	yes
SoffiXsponR570.05Fg322000.v2.1	0.73	no	no	no	yes
SoffiXsponR570.02Eg017900.v2.1	0.729	no	no	no	yes
SoffiXsponR570.09Bg148000.v2.1	0.728	no	no	no	yes
SoffiXsponR570.01Ag247800.v2.1	0.728	no	no	no	yes
SoffiXsponR570.02Bg187400.v2.1	0.728	no	no	no	yes
SoffiXsponR570.8_10Ag233200.v2.1	0.728	no	no	no	yes
SoffiXsponR570.02Cg293800.v2.1	0.728	no	no	no	yes
SoffiXsponR570.03Dg269500.v2.1	0.728	no	no	no	yes
SoffiXsponR570.02Dg352300.v2.1	0.728	no	no	no	yes
SoffiXsponR570.03Bg097600.v2.1	0.728	no	no	no	yes
SoffiXsponR570.02Cg152600.v2.1	0.727	no	no	no	yes
SoffiXsponR570.05Cg016000.v2.1	0.727	no	no	no	yes
SoffiXsponR570.04Eg003000.v2.1	0.727	no	no	no	yes
SoffiXsponR570.05Eg319100.v2.1	0.727	no	no	no	yes
SoffiXsponR570.04Cg025300.v2.1	0.726	no	no	no	yes
SoffiXsponR570.03Bg113900.v2.1	0.725	no	no	no	yes
SoffiXsponR570.02Eg044700.v2.1	0.725	no	no	no	yes
SoffiXsponR570.04Fg068600.v2.1	0.725	no	no	no	yes
SoffiXsponR570.01Bg190500.v2.1	0.725	no	no	no	yes
SoffiXsponR570.09Dg045800.v2.1	0.725	no	no	no	yes
SoffiXsponR570.03Eg124000.v2.1	0.724	no	no	no	yes
SoffiXsponR570.09Eg051500.v2.1	0.724	no	no	no	yes
SoffiXsponR570.03Fg111300.v2.1	0.724	no	no	no	yes
SoffiXsponR570.06Gg032100.v2.1	0.723	no	no	no	yes
SoffiXsponR570.05Ag282500.v2.1	0.723	no	no	no	yes
SoffiXsponR570.08Eg124500.v2.1	0.722	no	no	no	yes
SoffiXsponR570.02Fg323800.v2.1	0.722	no	no	no	yes
SoffiXsponR570.04Bg009700.v2.1	0.722	no	no	no	yes
SoffiXsponR570.05Cg001000.v2.1	0.722	no	no	no	yes
SoffiXsponR570.09Ag074600.v2.1	0.722	no	no	no	yes
SoffiXsponR570.6_9Ag115800.v2.1	0.721	no	yes	no	yes
SoffiXsponR570.07Bg266300.v2.1	0.72	no	no	no	yes
SoffiXsponR570.07Cg174200.v2.1	0.72	no	no	no	yes
SoffiXsponR570.02Ag425700.v2.1	0.718	no	no	no	yes
SoffiXsponR570.8_10Ag080200.v2.1	0.718	no	no	no	yes
SoffiXsponR570.02Cg154800.v2.1	0.718	no	no	no	yes
SoffiXsponR570.05Bg167900.v2.1	0.717	no	no	no	yes
SoffiXsponR570.04Gg118900.v2.1	0.717	no	no	no	yes
SoffiXsponR570.04Bg189800.v2.1	0.716	no	yes	no	yes
SoffiXsponR570.10us89g054900.v2.1	0.716	yes	yes	no	yes
SoffiXsponR570.10Cg047900.v2.1	0.715	no	no	no	yes
SoffiXsponR570.1Z164300.v2.1	0.715	no	no	no	yes
SoffiXsponR570.02Dg133300.v2.1	0.715	no	no	no	yes
SoffiXsponR570.6_9Ag027200.v2.1	0.715	no	no	no	yes
SoffiXsponR570.05Ag010700.v2.1	0.715	no	no	no	yes
SoffiXsponR570.06Ag003800.v2.1	0.715	no	no	no	yes
SoffiXsponR570.03Eg095700.v2.1	0.714	no	yes	no	yes
SoffiXsponR570.10Fg021300.v2.1	0.714	no	no	no	yes
SoffiXsponR570.02Cg306900.v2.1	0.714	no	no	no	yes
SoffiXsponR570.06Eg119000.v2.1	0.714	no	no	no	yes
SoffiXsponR570.05Fg123200.v2.1	0.714	no	no	no	yes
SoffiXsponR570.07Bg073700.v2.1	0.714	no	no	no	yes
SoffiXsponR570.08Eg071700.v2.1	0.713	no	no	no	yes
SoffiXsponR570.02Fg283200.v2.1	0.713	no	no	no	yes
SoffiXsponR570.04Bg034300.v2.1	0.712	no	no	no	yes
SoffiXsponR570.08Ag078000.v2.1	0.712	no	no	no	yes
SoffiXsponR570.03Bg196800.v2.1	0.712	no	no	no	yes
SoffiXsponR570.02Bg188800.v2.1	0.711	no	no	no	yes
SoffiXsponR570.06Ag047400.v2.1	0.71	no	no	no	yes
SoffiXsponR570.06Dg031500.v2.1	0.71	no	no	no	yes
SoffiXsponR570.06Eg023100.v2.1	0.71	no	no	no	yes
SoffiXsponR570.5_9Ag210000.v2.1	0.709	no	no	no	yes
SoffiXsponR570.03Gg119300.v2.1	0.709	no	no	no	yes
SoffiXsponR570.08Cg087700.v2.1	0.709	no	no	no	yes
SoffiXsponR570.02Eg396400.v2.1	0.709	no	no	no	yes
SoffiXsponR570.04Cg075200.v2.1	0.709	no	no	no	yes
SoffiXsponR570.07Dg177000.v2.1	0.709	no	no	no	yes
SoffiXsponR570.05Dg148000.v2.1	0.708	no	no	no	yes
SoffiXsponR570.02Gg001300.v2.1	0.708	no	no	no	yes
SoffiXsponR570.7_10Ag019400.v2.1	0.708	no	no	no	yes
SoffiXsponR570.01Eg008700.v2.1	0.708	no	no	no	yes
SoffiXsponR570.09Cg013500.v2.1	0.708	no	no	no	yes
SoffiXsponR570.02Dg148900.v2.1	0.707	no	no	no	yes
SoffiXsponR570.08Cg181600.v2.1	0.705	no	no	no	yes
SoffiXsponR570.04Gg081700.v2.1	0.705	no	no	no	yes
SoffiXsponR570.04Bg139900.v2.1	0.705	no	no	no	yes
SoffiXsponR570.04Cg168700.v2.1	0.705	no	no	no	yes
SoffiXsponR570.5_9Ag377500.v2.1	0.704	no	no	no	yes
SoffiXsponR570.06Gg051900.v2.1	0.704	no	no	no	yes
SoffiXsponR570.05Dg153300.v2.1	0.704	no	no	no	yes
SoffiXsponR570.04Eg023800.v2.1	0.704	no	no	no	yes
SoffiXsponR570.1Z188200.v2.1	0.703	no	no	no	yes
SoffiXsponR570.09Bg030200.v2.1	0.703	no	no	no	yes
SoffiXsponR570.08Eg036300.v2.1	0.703	no	no	no	yes
SoffiXsponR570.05Bg367500.v2.1	0.703	no	no	no	yes
SoffiXsponR570.5_9Ag384600.v2.1	0.702	no	no	no	yes
SoffiXsponR570.5_9Ag295700.v2.1	0.702	no	no	no	yes
SoffiXsponR570.05Bg092900.v2.1	0.702	no	no	no	yes
SoffiXsponR570.10Eg052900.v2.1	0.701	no	no	no	yes
SoffiXsponR570.07Cg226300.v2.1	0.701	no	no	no	yes
SoffiXsponR570.09Bg092800.v2.1	0.7	no	no	no	yes
SoffiXsponR570.01Dg198600.v2.1	0.7	no	no	no	yes
SoffiXsponR570.03Fg099300.v2.1	0.7	no	no	no	yes
SoffiXsponR570.06Fg137400.v2.1	0.7	no	no	no	yes
SoffiXsponR570.05Bg296200.v2.1	0.7	no	no	no	yes
SoffiXsponR570.07Cg133700.v2.1	0.7	no	no	no	yes
SoffiXsponR570.06Fg164500.v2.1	0.699	no	no	no	yes
SoffiXsponR570.02Bg002000.v2.1	0.699	no	no	yes	no
SoffiXsponR570.10Cg071500.v2.1	0.699	no	no	no	yes
SoffiXsponR570.09Bg138900.v2.1	0.699	no	no	no	yes
SoffiXsponR570.10Cg119300.v2.1	0.697	no	no	no	yes
SoffiXsponR570.05Cg357000.v2.1	0.697	no	no	no	yes
SoffiXsponR570.05Dg245400.v2.1	0.697	no	no	no	yes
SoffiXsponR570.7os1g038300.v2.1	0.697	no	no	no	yes
SoffiXsponR570.05Eg066400.v2.1	0.697	no	no	no	yes
SoffiXsponR570.02Ag375100.v2.1	0.697	no	no	no	yes
SoffiXsponR570.01Bg377800.v2.1	0.696	no	no	no	yes
SoffiXsponR570.10Cg159400.v2.1	0.695	no	no	no	yes
SoffiXsponR570.07Cg016200.v2.1	0.695	no	no	no	yes
SoffiXsponR570.09Eg008500.v2.1	0.695	no	no	no	yes
SoffiXsponR570.08Dg140200.v2.1	0.695	no	no	no	yes
SoffiXsponR570.01Eg390000.v2.1	0.695	no	no	no	yes
SoffiXsponR570.02Cg254900.v2.1	0.695	no	no	no	yes
SoffiXsponR570.6_9Ag232400.v2.1	0.694	no	no	no	yes
SoffiXsponR570.04Eg050500.v2.1	0.694	no	no	no	yes
SoffiXsponR570.03Ag213400.v2.1	0.694	no	no	no	yes
SoffiXsponR570.07Eg206000.v2.1	0.694	no	no	no	yes
SoffiXsponR570.07Ag146600.v2.1	0.693	no	no	no	yes
SoffiXsponR570.02Fg079500.v2.1	0.693	no	no	no	yes
SoffiXsponR570.04Cg025700.v2.1	0.693	no	no	yes	no
SoffiXsponR570.06Cg020400.v2.1	0.692	no	no	no	yes
SoffiXsponR570.01Fg088400.v2.1	0.692	no	no	no	yes
SoffiXsponR570.07Cg060900.v2.1	0.692	no	no	no	yes
SoffiXsponR570.02Dg124200.v2.1	0.691	no	no	no	yes
SoffiXsponR570.04Cg014600.v2.1	0.691	no	no	no	yes
SoffiXsponR570.04Ag007700.v2.1	0.691	no	no	no	yes
SoffiXsponR570.05Ag012500.v2.1	0.691	no	no	no	yes
SoffiXsponR570.05Dg095200.v2.1	0.691	no	no	no	yes
SoffiXsponR570.06Ag149100.v2.1	0.69	no	no	no	yes
SoffiXsponR570.10Cg100700.v2.1	0.69	no	no	no	yes
SoffiXsponR570.03Cg075000.v2.1	0.689	no	no	no	yes
SoffiXsponR570.01Fg266000.v2.1	0.689	no	no	no	yes
SoffiXsponR570.5_9Ag290500.v2.1	0.689	no	no	no	yes
SoffiXsponR570.8_10Ag037000.v2.1	0.689	no	no	no	yes
SoffiXsponR570.02Fg290400.v2.1	0.689	no	no	no	yes
SoffiXsponR570.07Cg104300.v2.1	0.689	no	no	no	yes
SoffiXsponR570.01Bg403500.v2.1	0.688	no	no	no	yes
SoffiXsponR570.02Eg195800.v2.1	0.688	no	yes	no	yes
SoffiXsponR570.01Cg238800.v2.1	0.688	no	no	no	yes
SoffiXsponR570.07Cg175000.v2.1	0.688	no	no	no	yes
SoffiXsponR570.8_10Ag165400.v2.1	0.688	no	no	no	yes
SoffiXsponR570.10Eg003700.v2.1	0.688	no	no	no	yes
SoffiXsponR570.07Cg267600.v2.1	0.687	no	no	no	yes
SoffiXsponR570.02Fg057200.v2.1	0.686	no	no	no	yes
SoffiXsponR570.04Dg193900.v2.1	0.686	no	no	no	yes
SoffiXsponR570.04Eg015500.v2.1	0.686	no	no	no	yes
SoffiXsponR570.08Dg090900.v2.1	0.685	no	no	no	yes
SoffiXsponR570.10Ag199300.v2.1	0.685	no	no	no	yes
SoffiXsponR570.9us90g056300.v2.1	0.685	no	no	no	yes
SoffiXsponR570.01Dg130300.v2.1	0.685	no	no	no	yes
SoffiXsponR570.05Cg251100.v2.1	0.684	no	no	no	yes
SoffiXsponR570.01Cg330700.v2.1	0.684	no	no	no	yes
SoffiXsponR570.02Dg079300.v2.1	0.684	no	no	no	yes
SoffiXsponR570.07Ag267600.v2.1	0.684	no	no	no	yes
SoffiXsponR570.03Cg333100.v2.1	0.684	no	no	no	yes
SoffiXsponR570.01Ag072300.v2.1	0.683	no	no	no	yes
SoffiXsponR570.03Eg007900.v2.1	0.683	no	no	no	yes
SoffiXsponR570.8_10Ag178200.v2.1	0.682	no	no	no	yes
SoffiXsponR570.08Bg079500.v2.1	0.682	no	no	no	yes
SoffiXsponR570.02Gg295500.v2.1	0.681	no	no	no	yes
SoffiXsponR570.04Ag031200.v2.1	0.681	no	no	no	yes
SoffiXsponR570.08Eg013300.v2.1	0.681	no	no	no	yes
SoffiXsponR570.01Bg487700.v2.1	0.681	no	no	no	yes
SoffiXsponR570.03Ag082800.v2.1	0.681	no	no	no	yes
SoffiXsponR570.5_9Ag381900.v2.1	0.681	no	no	no	yes
SoffiXsponR570.1Z146100.v2.1	0.68	no	no	no	yes
SoffiXsponR570.5_9Ag411800.v2.1	0.68	no	no	no	yes
SoffiXsponR570.01Cg100200.v2.1	0.68	no	no	no	yes
SoffiXsponR570.7_10Ag103500.v2.1	0.68	no	no	no	yes
SoffiXsponR570.01Ag540400.v2.1	0.68	no	no	no	yes
SoffiXsponR570.05Cg218600.v2.1	0.68	no	no	no	yes
SoffiXsponR570.10Dg023200.v2.1	0.68	no	no	no	yes
SoffiXsponR570.01Cg291400.v2.1	0.679	no	no	no	yes
SoffiXsponR570.01Bg490200.v2.1	0.679	no	no	no	yes
SoffiXsponR570.02Eg306000.v2.1	0.679	no	yes	no	yes
SoffiXsponR570.02Fg229900.v2.1	0.679	no	no	no	yes
SoffiXsponR570.04Cg257200.v2.1	0.678	no	no	no	yes
SoffiXsponR570.01Dg243000.v2.1	0.678	no	no	no	yes
SoffiXsponR570.04Ag169400.v2.1	0.678	no	no	no	yes
SoffiXsponR570.02Fg276300.v2.1	0.678	no	no	no	yes
SoffiXsponR570.10Dg197600.v2.1	0.677	no	no	no	yes
SoffiXsponR570.10Fg109100.v2.1	0.677	no	no	no	yes
SoffiXsponR570.09Bg138400.v2.1	0.677	no	no	no	yes
SoffiXsponR570.10Ag123200.v2.1	0.677	no	no	no	yes
SoffiXsponR570.02Dg255400.v2.1	0.677	no	no	no	yes
SoffiXsponR570.08Ag180800.v2.1	0.676	no	no	no	yes
SoffiXsponR570.01Bg021700.v2.1	0.676	no	no	no	yes
SoffiXsponR570.04Eg008500.v2.1	0.676	no	no	no	yes
SoffiXsponR570.10Cg166500.v2.1	0.676	no	no	no	yes
SoffiXsponR570.04Gg077500.v2.1	0.676	no	no	no	yes
SoffiXsponR570.03Bg216000.v2.1	0.675	no	no	no	yes
SoffiXsponR570.07Eg162800.v2.1	0.674	no	no	no	yes
SoffiXsponR570.01Eg349600.v2.1	0.673	no	no	no	yes
SoffiXsponR570.03Cg196700.v2.1	0.673	no	no	no	yes
SoffiXsponR570.08Cg161800.v2.1	0.671	no	no	no	yes
SoffiXsponR570.07Ag001600.v2.1	0.671	no	no	no	yes
SoffiXsponR570.09Cg086700.v2.1	0.671	no	no	no	yes
SoffiXsponR570.5_9Ag317800.v2.1	0.671	no	no	no	yes
SoffiXsponR570.7_10Ag277600.v2.1	0.67	no	no	no	yes
SoffiXsponR570.1Z107100.v2.1	0.67	no	no	no	yes
SoffiXsponR570.7os1g044000.v2.1	0.67	no	no	no	yes
SoffiXsponR570.5_9Ag442000.v2.1	0.67	no	no	no	yes
SoffiXsponR570.05Ag194500.v2.1	0.67	no	no	no	yes
SoffiXsponR570.01Eg195400.v2.1	0.67	no	no	no	yes
SoffiXsponR570.02Dg165100.v2.1	0.669	no	no	no	yes
SoffiXsponR570.05Bg302000.v2.1	0.668	no	no	no	yes
SoffiXsponR570.6_9Ag152300.v2.1	0.668	no	no	no	yes
SoffiXsponR570.8_5Ag143900.v2.1	0.668	no	no	no	yes
SoffiXsponR570.02Bg174000.v2.1	0.668	no	no	no	yes
SoffiXsponR570.5_9Ag045700.v2.1	0.668	no	no	no	yes
SoffiXsponR570.09Bg059000.v2.1	0.668	no	no	no	yes
SoffiXsponR570.05Gg156100.v2.1	0.668	no	no	no	yes
SoffiXsponR570.01Bg248900.v2.1	0.667	no	no	no	yes
SoffiXsponR570.04Dg012600.v2.1	0.667	no	no	no	yes
SoffiXsponR570.04Ag270300.v2.1	0.667	no	no	no	yes
SoffiXsponR570.07Dg011500.v2.1	0.667	no	no	no	yes
SoffiXsponR570.7_10Ag295000.v2.1	0.666	no	no	no	yes
SoffiXsponR570.5_9Ag484200.v2.1	0.666	no	no	no	yes
SoffiXsponR570.03Bg284000.v2.1	0.665	no	no	no	yes
SoffiXsponR570.01Fg318800.v2.1	0.665	no	no	no	yes
SoffiXsponR570.03Dg256600.v2.1	0.665	no	no	no	yes
SoffiXsponR570.10Ag111400.v2.1	0.665	no	no	no	yes
SoffiXsponR570.09Ag113500.v2.1	0.665	no	no	no	yes
SoffiXsponR570.08Cg054800.v2.1	0.664	no	no	no	yes
SoffiXsponR570.01Ag074500.v2.1	0.664	no	no	no	yes
SoffiXsponR570.4us91g035700.v2.1	0.664	no	no	no	yes
SoffiXsponR570.5_9Ag492000.v2.1	0.664	no	no	no	yes
SoffiXsponR570.02Dg191600.v2.1	0.664	no	no	no	yes
SoffiXsponR570.09Eg002900.v2.1	0.663	no	no	no	yes
SoffiXsponR570.03Gg054700.v2.1	0.663	no	no	no	yes
SoffiXsponR570.10Dg101900.v2.1	0.662	no	no	no	yes
SoffiXsponR570.09Ag022400.v2.1	0.662	no	no	no	yes
SoffiXsponR570.10os2g006700.v2.1	0.662	no	no	no	yes
SoffiXsponR570.05Dg033200.v2.1	0.662	no	no	no	yes
SoffiXsponR570.04Cg259800.v2.1	0.661	no	yes	no	no
SoffiXsponR570.06Cg103800.v2.1	0.661	no	no	no	yes
SoffiXsponR570.02Cg344600.v2.1	0.661	no	no	no	yes
SoffiXsponR570.02Ag100500.v2.1	0.661	no	no	no	yes
SoffiXsponR570.7_10Ag009700.v2.1	0.66	no	no	no	yes
SoffiXsponR570.05Cg341600.v2.1	0.66	no	no	no	yes
SoffiXsponR570.01Dg274500.v2.1	0.66	no	no	no	yes
SoffiXsponR570.02Ag124700.v2.1	0.659	no	no	no	yes
SoffiXsponR570.02Gg027100.v2.1	0.659	no	no	no	yes
SoffiXsponR570.10Bg124700.v2.1	0.659	no	no	no	yes
SoffiXsponR570.10Bg132300.v2.1	0.659	no	no	no	yes
SoffiXsponR570.07Bg042800.v2.1	0.658	no	no	no	yes
SoffiXsponR570.09Cg086500.v2.1	0.658	no	no	no	yes
SoffiXsponR570.09Dg006900.v2.1	0.657	no	no	no	yes
SoffiXsponR570.10Ag140200.v2.1	0.657	no	no	no	yes
SoffiXsponR570.07Ag100500.v2.1	0.656	no	no	no	yes
SoffiXsponR570.01Eg246200.v2.1	0.656	no	no	no	yes
SoffiXsponR570.02Dg238200.v2.1	0.656	no	no	no	yes
SoffiXsponR570.10Ag019900.v2.1	0.656	no	no	no	yes
SoffiXsponR570.05Bg036400.v2.1	0.655	no	no	no	yes
SoffiXsponR570.9os1g034700.v2.1	0.655	no	no	no	yes
SoffiXsponR570.8_10Ag239400.v2.1	0.655	no	no	no	yes
SoffiXsponR570.02Ag400500.v2.1	0.654	no	no	no	yes
SoffiXsponR570.02Gg307700.v2.1	0.654	no	no	no	yes
SoffiXsponR570.08Dg156100.v2.1	0.654	no	no	no	yes
SoffiXsponR570.08Ag152000.v2.1	0.654	no	no	no	yes
SoffiXsponR570.06Gg081300.v2.1	0.654	no	no	no	yes
SoffiXsponR570.05Cg278300.v2.1	0.654	no	no	no	yes
SoffiXsponR570.05Dg290300.v2.1	0.653	no	no	no	yes
SoffiXsponR570.06Gg003300.v2.1	0.653	no	no	no	yes
SoffiXsponR570.05Fg208900.v2.1	0.652	no	no	no	yes
SoffiXsponR570.09Eg083000.v2.1	0.652	no	no	no	yes
SoffiXsponR570.05Eg198300.v2.1	0.652	no	no	no	yes
SoffiXsponR570.03Dg045700.v2.1	0.652	no	no	no	yes
SoffiXsponR570.01Dg189200.v2.1	0.65	no	no	no	yes
SoffiXsponR570.04Gg031600.v2.1	0.65	no	no	no	yes
SoffiXsponR570.1Z142700.v2.1	0.65	no	no	no	yes
SoffiXsponR570.05Dg169800.v2.1	0.65	no	no	no	yes
SoffiXsponR570.02Eg225400.v2.1	0.649	no	no	no	yes
SoffiXsponR570.9us90g011800.v2.1	0.649	no	no	no	yes
SoffiXsponR570.05Ag143400.v2.1	0.649	no	no	no	yes
SoffiXsponR570.01Bg302100.v2.1	0.649	no	no	no	yes
SoffiXsponR570.8_5Ag084300.v2.1	0.649	no	no	no	yes
SoffiXsponR570.06Cg177300.v2.1	0.648	no	no	no	yes
SoffiXsponR570.08Dg077700.v2.1	0.648	no	no	no	yes
SoffiXsponR570.8_5Ag244500.v2.1	0.647	no	no	no	yes
SoffiXsponR570.05Bg221900.v2.1	0.647	no	no	no	yes
SoffiXsponR570.01Ag241200.v2.1	0.647	no	no	no	yes
SoffiXsponR570.08Eg016200.v2.1	0.647	no	no	no	yes
SoffiXsponR570.05Ag106100.v2.1	0.647	no	no	no	yes
SoffiXsponR570.05Ag217800.v2.1	0.647	no	no	no	yes
SoffiXsponR570.01Cg341600.v2.1	0.646	no	no	no	yes
SoffiXsponR570.09Dg070600.v2.1	0.646	no	no	no	yes
SoffiXsponR570.04Gg060800.v2.1	0.646	no	no	no	yes
SoffiXsponR570.01Dg161100.v2.1	0.646	no	no	no	yes
SoffiXsponR570.03Gg106900.v2.1	0.646	no	no	no	yes
SoffiXsponR570.07Ag051800.v2.1	0.645	no	no	no	yes
SoffiXsponR570.03Fg056000.v2.1	0.645	no	no	no	yes
SoffiXsponR570.05Ag102800.v2.1	0.645	no	no	no	yes
SoffiXsponR570.5_9Ag375500.v2.1	0.645	no	no	no	yes
SoffiXsponR570.04Ag089600.v2.1	0.644	no	no	no	yes
SoffiXsponR570.03Bg152600.v2.1	0.644	no	no	no	yes
SoffiXsponR570.9us90g060200.v2.1	0.644	no	no	no	yes
SoffiXsponR570.05Gg166900.v2.1	0.644	no	no	no	yes
SoffiXsponR570.05Ag177800.v2.1	0.643	no	no	no	yes
SoffiXsponR570.01Ag084400.v2.1	0.643	no	no	no	yes
SoffiXsponR570.02Eg225300.v2.1	0.642	no	no	no	yes
SoffiXsponR570.8_10Ag268500.v2.1	0.642	no	no	no	yes
SoffiXsponR570.07Ag024400.v2.1	0.642	no	no	no	yes
SoffiXsponR570.07Cg204100.v2.1	0.642	no	no	no	yes
SoffiXsponR570.05Eg093300.v2.1	0.642	no	no	no	yes
SoffiXsponR570.02Eg225100.v2.1	0.642	no	no	no	yes
SoffiXsponR570.01Cg155600.v2.1	0.642	no	no	no	yes
SoffiXsponR570.02Ag424800.v2.1	0.642	no	no	no	yes
SoffiXsponR570.1Z085300.v2.1	0.641	no	no	no	yes
SoffiXsponR570.04Bg194600.v2.1	0.641	no	no	no	yes
SoffiXsponR570.02Gg026200.v2.1	0.639	no	no	no	yes
SoffiXsponR570.03Cg238700.v2.1	0.639	no	no	no	yes
SoffiXsponR570.01Ag117300.v2.1	0.639	no	no	no	yes
SoffiXsponR570.05Ag340100.v2.1	0.639	no	no	no	yes
SoffiXsponR570.07Eg168300.v2.1	0.638	no	no	no	yes
SoffiXsponR570.07Bg119400.v2.1	0.638	no	no	no	yes
SoffiXsponR570.05Fg036900.v2.1	0.638	no	no	no	yes
SoffiXsponR570.02Eg001700.v2.1	0.637	no	no	no	yes
SoffiXsponR570.02Gg261000.v2.1	0.636	no	no	no	yes
SoffiXsponR570.02Dg187600.v2.1	0.636	no	no	no	yes
SoffiXsponR570.08Eg039200.v2.1	0.636	no	no	no	yes
SoffiXsponR570.06Gg000300.v2.1	0.635	no	no	no	yes
SoffiXsponR570.03Bg233000.v2.1	0.635	no	no	no	yes
SoffiXsponR570.01Ag267200.v2.1	0.634	no	no	no	yes
SoffiXsponR570.1Z058600.v2.1	0.634	no	no	no	yes
SoffiXsponR570.09Eg027000.v2.1	0.634	no	no	no	yes
SoffiXsponR570.02Fg150400.v2.1	0.634	no	no	no	yes
SoffiXsponR570.5_9Ag362800.v2.1	0.634	no	no	no	yes
SoffiXsponR570.06Fg014700.v2.1	0.634	no	no	no	yes
SoffiXsponR570.01Eg138400.v2.1	0.634	no	no	no	yes
SoffiXsponR570.01Bg487900.v2.1	0.633	no	no	no	yes
SoffiXsponR570.05Dg297800.v2.1	0.633	no	no	no	yes
SoffiXsponR570.09Cg105600.v2.1	0.633	no	no	no	yes
SoffiXsponR570.6_9Ag035800.v2.1	0.632	no	yes	no	no
SoffiXsponR570.01Dg242800.v2.1	0.632	no	no	no	yes
SoffiXsponR570.01Bg012700.v2.1	0.632	no	yes	no	yes
SoffiXsponR570.04Bg232600.v2.1	0.631	no	no	no	yes
SoffiXsponR570.06Cg054400.v2.1	0.631	no	no	no	yes
SoffiXsponR570.07Dg204800.v2.1	0.63	no	no	no	yes
SoffiXsponR570.02Fg293100.v2.1	0.63	no	no	no	yes
SoffiXsponR570.05Bg198900.v2.1	0.63	no	no	no	yes
SoffiXsponR570.8_10Ag088200.v2.1	0.63	no	no	no	yes
SoffiXsponR570.05Bg022200.v2.1	0.629	no	no	no	yes
SoffiXsponR570.05Ag144900.v2.1	0.629	no	no	no	yes
SoffiXsponR570.05Gg162900.v2.1	0.629	no	no	no	yes
SoffiXsponR570.02Eg393200.v2.1	0.629	no	no	no	yes
SoffiXsponR570.05Bg226500.v2.1	0.628	no	no	no	yes
SoffiXsponR570.02Dg385500.v2.1	0.627	no	no	no	yes
SoffiXsponR570.02Eg251200.v2.1	0.627	no	no	no	yes
SoffiXsponR570.10Cg015900.v2.1	0.627	no	no	no	yes
SoffiXsponR570.03Bg038800.v2.1	0.627	no	no	no	yes
SoffiXsponR570.5_9Ag346900.v2.1	0.627	no	no	no	yes
SoffiXsponR570.07Eg031000.v2.1	0.626	no	no	no	yes
SoffiXsponR570.01Fg185000.v2.1	0.626	no	no	no	yes
SoffiXsponR570.06Cg135600.v2.1	0.626	no	no	no	yes
SoffiXsponR570.02Gg104700.v2.1	0.626	no	no	no	yes
SoffiXsponR570.04Cg052100.v2.1	0.626	no	no	no	yes
SoffiXsponR570.03Bg061300.v2.1	0.625	no	no	no	yes
SoffiXsponR570.02Dg083900.v2.1	0.624	no	no	no	yes
SoffiXsponR570.08Bg150700.v2.1	0.624	no	no	no	yes
SoffiXsponR570.1Z240400.v2.1	0.624	no	no	no	yes
SoffiXsponR570.06Bg023500.v2.1	0.624	no	no	no	yes
SoffiXsponR570.10Bg042700.v2.1	0.623	no	no	no	yes
SoffiXsponR570.06Dg140100.v2.1	0.623	no	no	no	yes
SoffiXsponR570.6_9Ag113000.v2.1	0.623	no	no	no	yes
SoffiXsponR570.05Ag321500.v2.1	0.623	no	no	no	yes
SoffiXsponR570.04Cg085400.v2.1	0.622	no	no	no	yes
SoffiXsponR570.05Gg053900.v2.1	0.622	no	no	no	yes
SoffiXsponR570.04Eg010400.v2.1	0.622	no	no	no	yes
SoffiXsponR570.02Gg116500.v2.1	0.621	no	no	no	yes
SoffiXsponR570.10Bg171400.v2.1	0.621	no	no	no	yes
SoffiXsponR570.05Dg145600.v2.1	0.62	no	no	no	yes
SoffiXsponR570.05Ag040300.v2.1	0.62	no	no	no	yes
SoffiXsponR570.02Dg372200.v2.1	0.619	no	no	no	yes
SoffiXsponR570.01Cg116000.v2.1	0.619	no	no	no	yes
SoffiXsponR570.04Ag067500.v2.1	0.619	no	no	no	yes
SoffiXsponR570.01Eg257400.v2.1	0.618	no	no	no	yes
SoffiXsponR570.05Bg089700.v2.1	0.618	no	no	no	yes
SoffiXsponR570.02Bg223200.v2.1	0.618	no	no	no	yes
SoffiXsponR570.02Fg053900.v2.1	0.618	no	no	no	yes
SoffiXsponR570.04Ag102900.v2.1	0.618	no	no	no	yes
SoffiXsponR570.8_10Ag284900.v2.1	0.617	no	no	no	yes
SoffiXsponR570.03Ag042100.v2.1	0.617	no	no	no	yes
SoffiXsponR570.6_9Ag012100.v2.1	0.617	no	no	no	yes
SoffiXsponR570.5_9Ag362200.v2.1	0.617	no	no	no	yes
SoffiXsponR570.1Z191300.v2.1	0.616	no	no	no	yes
SoffiXsponR570.05Cg089300.v2.1	0.616	no	no	no	yes
SoffiXsponR570.01Ag421100.v2.1	0.616	no	no	no	yes
SoffiXsponR570.01Bg278600.v2.1	0.615	no	no	no	yes
SoffiXsponR570.01Eg002500.v2.1	0.615	no	no	no	yes
SoffiXsponR570.07Eg087000.v2.1	0.614	no	no	no	yes
SoffiXsponR570.08Bg064900.v2.1	0.614	no	no	no	yes
SoffiXsponR570.04Bg269900.v2.1	0.614	no	no	no	yes
SoffiXsponR570.09Dg038400.v2.1	0.613	no	no	no	yes
SoffiXsponR570.10Dg012300.v2.1	0.613	no	no	no	yes
SoffiXsponR570.05Gg046600.v2.1	0.613	no	no	no	yes
SoffiXsponR570.7_10Ag180100.v2.1	0.613	no	no	no	yes
SoffiXsponR570.10us89g017600.v2.1	0.612	no	no	no	yes
SoffiXsponR570.01Fg079500.v2.1	0.612	no	no	no	yes
SoffiXsponR570.5_9Ag460100.v2.1	0.612	no	no	no	yes
SoffiXsponR570.02Cg318400.v2.1	0.612	no	no	no	yes
SoffiXsponR570.07Eg169900.v2.1	0.612	no	no	no	yes
SoffiXsponR570.01Ag459300.v2.1	0.611	no	no	no	yes
SoffiXsponR570.03Eg112700.v2.1	0.61	no	no	no	yes
SoffiXsponR570.03Eg027600.v2.1	0.61	no	no	no	yes
SoffiXsponR570.01Cg306500.v2.1	0.61	no	no	no	yes
SoffiXsponR570.01Dg017200.v2.1	0.609	no	no	no	yes
SoffiXsponR570.01Bg477400.v2.1	0.609	no	no	no	yes
SoffiXsponR570.04Eg112800.v2.1	0.609	no	no	no	yes
SoffiXsponR570.02Bg273600.v2.1	0.609	no	no	no	yes
SoffiXsponR570.04Bg256800.v2.1	0.609	no	no	no	yes
SoffiXsponR570.05Ag016700.v2.1	0.609	no	no	no	yes
SoffiXsponR570.09Cg057200.v2.1	0.608	no	no	no	yes
SoffiXsponR570.05Fg033900.v2.1	0.608	no	no	no	yes
SoffiXsponR570.9us90g003200.v2.1	0.608	no	no	no	yes
SoffiXsponR570.08Eg088800.v2.1	0.608	no	no	no	yes
SoffiXsponR570.6_9Ag220600.v2.1	0.608	no	no	no	yes
SoffiXsponR570.04Fg094800.v2.1	0.608	no	no	no	yes
SoffiXsponR570.10us89g026000.v2.1	0.607	no	yes	no	no
SoffiXsponR570.02Cg089000.v2.1	0.607	no	no	no	yes
SoffiXsponR570.05Eg340500.v2.1	0.607	no	no	no	yes
SoffiXsponR570.7os1g048700.v2.1	0.607	no	no	no	yes
SoffiXsponR570.01Ag478700.v2.1	0.607	no	no	no	yes
SoffiXsponR570.1Z137200.v2.1	0.607	no	no	no	yes
SoffiXsponR570.03Gg065700.v2.1	0.606	no	no	no	yes
SoffiXsponR570.5_9Ag453500.v2.1	0.605	no	no	no	yes
SoffiXsponR570.01Bg011100.v2.1	0.605	no	no	no	yes
SoffiXsponR570.08Cg001800.v2.1	0.605	no	no	no	yes
SoffiXsponR570.02Fg367500.v2.1	0.605	no	no	no	yes
SoffiXsponR570.01Bg206700.v2.1	0.605	no	no	no	yes
SoffiXsponR570.02Bg194700.v2.1	0.605	no	no	no	yes
SoffiXsponR570.08Ag199600.v2.1	0.605	no	no	no	yes
SoffiXsponR570.04Ag167100.v2.1	0.604	no	no	no	yes
SoffiXsponR570.04Ag070100.v2.1	0.604	no	no	no	yes
SoffiXsponR570.5_9Ag224000.v2.1	0.604	no	no	no	yes
SoffiXsponR570.02Cg291100.v2.1	0.604	no	no	no	yes
SoffiXsponR570.04Ag118900.v2.1	0.603	no	no	no	yes
SoffiXsponR570.03Fg047400.v2.1	0.603	no	no	no	yes
SoffiXsponR570.03Eg170700.v2.1	0.602	no	no	no	yes
SoffiXsponR570.6us88g133400.v2.1	0.602	no	no	no	yes
SoffiXsponR570.01Dg348800.v2.1	0.601	no	no	no	yes
SoffiXsponR570.03Eg007000.v2.1	0.601	no	no	no	yes
SoffiXsponR570.05Bg164100.v2.1	0.601	no	no	no	yes
SoffiXsponR570.04Dg050400.v2.1	0.6	no	no	no	yes
SoffiXsponR570.05Ag020700.v2.1	0.6	no	no	no	yes
SoffiXsponR570.01Ag044700.v2.1	0.599	no	no	no	yes
SoffiXsponR570.06Eg047700.v2.1	0.599	no	no	no	yes
SoffiXsponR570.10Cg061600.v2.1	0.599	no	no	no	yes
SoffiXsponR570.01Eg245900.v2.1	0.598	no	no	no	yes
SoffiXsponR570.06Dg006200.v2.1	0.598	no	no	no	yes
SoffiXsponR570.05Fg025400.v2.1	0.597	no	no	no	yes
SoffiXsponR570.08Dg039700.v2.1	0.597	no	no	no	yes
SoffiXsponR570.01Dg158500.v2.1	0.597	no	no	no	yes
SoffiXsponR570.01Dg352700.v2.1	0.597	no	no	no	yes
SoffiXsponR570.01Ag215300.v2.1	0.597	no	no	no	yes
SoffiXsponR570.04Ag180100.v2.1	0.597	no	no	no	yes
SoffiXsponR570.01Eg173100.v2.1	0.596	no	no	no	yes
SoffiXsponR570.10Cg177000.v2.1	0.596	no	no	no	yes
SoffiXsponR570.02Bg256200.v2.1	0.595	no	yes	no	yes
SoffiXsponR570.01Eg180500.v2.1	0.595	no	no	no	yes
SoffiXsponR570.02Gg011700.v2.1	0.595	no	no	no	yes
SoffiXsponR570.01Ag516900.v2.1	0.594	no	no	no	yes
SoffiXsponR570.02Eg231800.v2.1	0.594	no	no	no	yes
SoffiXsponR570.03Fg099600.v2.1	0.594	no	no	no	yes
SoffiXsponR570.6us88g084600.v2.1	0.594	no	no	no	yes
SoffiXsponR570.08Cg079000.v2.1	0.594	no	no	no	yes
SoffiXsponR570.03Eg177400.v2.1	0.593	no	no	no	yes
SoffiXsponR570.02Eg054900.v2.1	0.593	no	no	no	yes
SoffiXsponR570.06Ag188600.v2.1	0.593	no	no	no	yes
SoffiXsponR570.10os2g004200.v2.1	0.593	no	no	no	yes
SoffiXsponR570.02Dg121900.v2.1	0.592	no	no	no	yes
SoffiXsponR570.04Dg035900.v2.1	0.591	no	no	no	yes
SoffiXsponR570.01Bg388900.v2.1	0.591	no	no	no	yes
SoffiXsponR570.7_10Ag282200.v2.1	0.591	no	no	no	yes
SoffiXsponR570.06Bg010400.v2.1	0.59	no	no	no	yes
SoffiXsponR570.04Eg151700.v2.1	0.589	no	no	no	yes
SoffiXsponR570.06Gg091500.v2.1	0.589	no	no	no	yes
SoffiXsponR570.10Eg069200.v2.1	0.589	no	no	no	yes
SoffiXsponR570.08Cg163600.v2.1	0.588	no	no	no	yes
SoffiXsponR570.9us90g019600.v2.1	0.588	no	yes	no	no
SoffiXsponR570.01Bg005100.v2.1	0.588	no	no	no	yes
SoffiXsponR570.05Dg062900.v2.1	0.588	no	no	no	yes
SoffiXsponR570.04Ag008400.v2.1	0.588	no	no	no	yes
SoffiXsponR570.04Dg158200.v2.1	0.587	no	no	no	yes
SoffiXsponR570.01Eg242700.v2.1	0.587	no	no	no	yes
SoffiXsponR570.10Ag046700.v2.1	0.587	no	no	no	yes
SoffiXsponR570.6_9Ag002400.v2.1	0.586	no	no	no	yes
SoffiXsponR570.6us88g129100.v2.1	0.586	no	no	no	yes
SoffiXsponR570.05Cg232100.v2.1	0.586	no	no	no	yes
SoffiXsponR570.01Dg221400.v2.1	0.586	no	no	no	yes
SoffiXsponR570.01Bg021900.v2.1	0.585	no	no	no	yes
SoffiXsponR570.03Eg109400.v2.1	0.585	no	no	no	yes
SoffiXsponR570.02Cg167500.v2.1	0.585	no	no	no	yes
SoffiXsponR570.5_9Ag289700.v2.1	0.584	no	no	no	yes
SoffiXsponR570.07Ag233500.v2.1	0.584	no	no	no	yes
SoffiXsponR570.05Cg136600.v2.1	0.584	no	no	no	yes
SoffiXsponR570.6_9Ag046300.v2.1	0.584	no	no	no	yes
SoffiXsponR570.09Cg143800.v2.1	0.584	no	no	no	yes
SoffiXsponR570.04Ag060900.v2.1	0.583	no	no	no	yes
SoffiXsponR570.09Cg032700.v2.1	0.583	no	no	no	yes
SoffiXsponR570.04Dg119500.v2.1	0.583	no	no	no	yes
SoffiXsponR570.03Dg318500.v2.1	0.583	no	no	no	yes
SoffiXsponR570.04Cg127100.v2.1	0.582	no	no	no	yes
SoffiXsponR570.04Cg269600.v2.1	0.582	no	no	no	yes
SoffiXsponR570.03Cg120500.v2.1	0.582	no	no	no	yes
SoffiXsponR570.02Fg181100.v2.1	0.581	no	no	no	yes
SoffiXsponR570.02Eg105000.v2.1	0.581	no	no	no	yes
SoffiXsponR570.06Gg033700.v2.1	0.581	no	no	no	yes
SoffiXsponR570.02Bg220200.v2.1	0.581	no	no	no	yes
SoffiXsponR570.07Eg105900.v2.1	0.581	no	no	no	yes
SoffiXsponR570.10Cg000900.v2.1	0.58	no	no	no	yes
SoffiXsponR570.02Ag056700.v2.1	0.58	no	no	no	yes
SoffiXsponR570.01Fg208700.v2.1	0.58	no	no	no	yes
SoffiXsponR570.08Ag209200.v2.1	0.58	no	no	no	yes
SoffiXsponR570.06Eg062100.v2.1	0.578	no	no	no	yes
SoffiXsponR570.05Bg029400.v2.1	0.578	no	no	no	yes
SoffiXsponR570.04Gg025900.v2.1	0.578	no	no	no	yes
SoffiXsponR570.08Dg129600.v2.1	0.577	no	no	no	yes
SoffiXsponR570.8_10Ag032500.v2.1	0.577	no	no	no	yes
SoffiXsponR570.08Dg113300.v2.1	0.576	no	yes	yes	no
SoffiXsponR570.05Dg018300.v2.1	0.576	no	no	no	yes
SoffiXsponR570.08Dg121500.v2.1	0.575	no	no	no	yes
SoffiXsponR570.01Fg225900.v2.1	0.575	no	no	no	yes
SoffiXsponR570.05Eg290000.v2.1	0.575	no	no	no	yes
SoffiXsponR570.10Bg206900.v2.1	0.575	no	no	no	yes
SoffiXsponR570.05Fg155600.v2.1	0.574	no	no	no	yes
SoffiXsponR570.01Cg087100.v2.1	0.574	no	no	no	yes
SoffiXsponR570.05Fg304500.v2.1	0.574	no	no	no	yes
SoffiXsponR570.02Fg189100.v2.1	0.573	no	no	no	yes
SoffiXsponR570.05Dg150400.v2.1	0.572	no	no	no	yes
SoffiXsponR570.02Fg006200.v2.1	0.572	no	no	no	yes
SoffiXsponR570.04Gg011100.v2.1	0.572	no	no	no	yes
SoffiXsponR570.05Gg074500.v2.1	0.572	no	yes	no	no
SoffiXsponR570.10Cg136700.v2.1	0.571	no	no	no	yes
SoffiXsponR570.01Fg104800.v2.1	0.571	no	no	no	yes
SoffiXsponR570.02Fg096900.v2.1	0.571	no	no	no	yes
SoffiXsponR570.05Fg216600.v2.1	0.571	no	no	no	yes
SoffiXsponR570.03Cg219100.v2.1	0.571	no	no	no	yes
SoffiXsponR570.04Ag009300.v2.1	0.57	no	no	no	yes
SoffiXsponR570.01Eg332600.v2.1	0.569	no	no	no	yes
SoffiXsponR570.01Eg247200.v2.1	0.569	no	no	no	yes
SoffiXsponR570.05Dg140400.v2.1	0.569	no	no	no	yes
SoffiXsponR570.10us89g026800.v2.1	0.569	no	yes	no	no
SoffiXsponR570.8_10Ag128200.v2.1	0.568	no	no	no	yes
SoffiXsponR570.01Fg229500.v2.1	0.568	no	no	no	yes
SoffiXsponR570.7_10Ag205400.v2.1	0.568	no	no	no	yes
SoffiXsponR570.7os1g078900.v2.1	0.567	no	no	no	yes
SoffiXsponR570.03Cg133200.v2.1	0.567	no	no	no	yes
SoffiXsponR570.1Z229000.v2.1	0.567	no	no	no	yes
SoffiXsponR570.05Cg110000.v2.1	0.567	no	no	no	yes
SoffiXsponR570.01Ag495400.v2.1	0.566	no	no	no	yes
SoffiXsponR570.01Bg415400.v2.1	0.566	no	no	no	yes
SoffiXsponR570.09Cg031500.v2.1	0.566	no	no	no	yes
SoffiXsponR570.10Cg066100.v2.1	0.565	no	no	no	yes
SoffiXsponR570.02Bg383700.v2.1	0.565	no	no	no	yes
SoffiXsponR570.05Dg266400.v2.1	0.565	no	no	no	yes
SoffiXsponR570.10Cg187600.v2.1	0.564	no	no	no	yes
SoffiXsponR570.07Cg023000.v2.1	0.564	no	no	no	yes
SoffiXsponR570.08Dg021000.v2.1	0.564	no	no	no	yes
SoffiXsponR570.5_9Ag471500.v2.1	0.563	no	no	no	yes
SoffiXsponR570.4us91g045900.v2.1	0.563	no	no	no	yes
SoffiXsponR570.5os1g003600.v2.1	0.562	no	no	no	yes
SoffiXsponR570.01Fg292100.v2.1	0.562	no	no	no	yes
SoffiXsponR570.06Gg000400.v2.1	0.562	no	no	no	yes
SoffiXsponR570.02Cg189900.v2.1	0.561	no	no	no	yes
SoffiXsponR570.03Dg130700.v2.1	0.561	no	no	no	yes
SoffiXsponR570.01Cg097500.v2.1	0.561	no	no	no	yes
SoffiXsponR570.05Cg045800.v2.1	0.561	no	no	no	yes
SoffiXsponR570.03Ag008300.v2.1	0.561	no	no	no	yes
SoffiXsponR570.02Gg056600.v2.1	0.56	no	no	no	yes
SoffiXsponR570.04Bg005300.v2.1	0.56	no	no	no	yes
SoffiXsponR570.10Ag012500.v2.1	0.56	yes	no	no	yes
SoffiXsponR570.05Bg051200.v2.1	0.56	no	no	no	yes
SoffiXsponR570.09Ag130800.v2.1	0.559	no	no	no	yes
SoffiXsponR570.09Ag029000.v2.1	0.559	no	no	no	yes
SoffiXsponR570.09Bg018100.v2.1	0.559	no	no	no	yes
SoffiXsponR570.06Bg021700.v2.1	0.559	no	no	no	yes
SoffiXsponR570.08Bg042100.v2.1	0.558	no	no	no	yes
SoffiXsponR570.02Dg407100.v2.1	0.558	no	no	no	yes
SoffiXsponR570.07Dg226800.v2.1	0.557	no	no	no	yes
SoffiXsponR570.05Fg022600.v2.1	0.557	no	no	no	yes
SoffiXsponR570.01Cg272100.v2.1	0.557	no	no	no	yes
SoffiXsponR570.07Cg204500.v2.1	0.557	no	no	no	yes
SoffiXsponR570.7_10Ag354600.v2.1	0.556	no	no	no	yes
SoffiXsponR570.05Gg165300.v2.1	0.556	no	no	no	yes
SoffiXsponR570.05Eg316400.v2.1	0.556	no	no	no	yes
SoffiXsponR570.03Cg185700.v2.1	0.556	no	no	no	yes
SoffiXsponR570.08Ag199900.v2.1	0.555	no	no	no	yes
SoffiXsponR570.04Bg206200.v2.1	0.555	no	no	no	yes
SoffiXsponR570.04Ag227200.v2.1	0.555	no	no	no	yes
SoffiXsponR570.5_9Ag283000.v2.1	0.554	no	no	no	yes
SoffiXsponR570.8_10Ag334400.v2.1	0.554	no	no	no	yes
SoffiXsponR570.04Cg184900.v2.1	0.554	no	no	no	yes
SoffiXsponR570.7_10Ag009900.v2.1	0.553	no	yes	no	no
SoffiXsponR570.04Fg079000.v2.1	0.553	no	no	no	yes
SoffiXsponR570.10us89g018100.v2.1	0.553	no	no	no	yes
SoffiXsponR570.02Fg327700.v2.1	0.553	no	no	yes	yes
SoffiXsponR570.10Dg007300.v2.1	0.552	no	no	no	yes
SoffiXsponR570.02Bg268800.v2.1	0.552	no	no	no	yes
SoffiXsponR570.03Dg127200.v2.1	0.551	no	no	no	yes
SoffiXsponR570.05Ag277600.v2.1	0.551	no	no	no	yes
SoffiXsponR570.09Dg023300.v2.1	0.551	no	no	no	yes
SoffiXsponR570.04Dg147000.v2.1	0.551	no	no	no	yes
SoffiXsponR570.10Bg193800.v2.1	0.551	no	no	no	yes
SoffiXsponR570.10Dg134000.v2.1	0.55	no	no	no	yes
SoffiXsponR570.7_10Ag317800.v2.1	0.55	no	no	no	yes
SoffiXsponR570.09Cg029100.v2.1	0.549	no	no	no	yes
SoffiXsponR570.7_10Ag089100.v2.1	0.549	no	no	no	yes
SoffiXsponR570.05Eg164600.v2.1	0.549	no	no	no	yes
SoffiXsponR570.8_5Ag231800.v2.1	0.548	no	no	no	yes
SoffiXsponR570.07Cg159200.v2.1	0.548	no	no	no	yes
SoffiXsponR570.08Bg073700.v2.1	0.547	no	no	no	yes
SoffiXsponR570.01Fg248300.v2.1	0.547	no	no	no	yes
SoffiXsponR570.01Dg127900.v2.1	0.547	no	no	no	yes
SoffiXsponR570.04Ag175400.v2.1	0.547	no	no	no	yes
SoffiXsponR570.02Cg195000.v2.1	0.547	no	no	no	yes
SoffiXsponR570.07Dg126700.v2.1	0.547	no	no	no	yes
SoffiXsponR570.08Cg131100.v2.1	0.547	no	no	no	yes
SoffiXsponR570.07Bg027900.v2.1	0.547	no	no	no	yes
SoffiXsponR570.09Cg082000.v2.1	0.546	no	no	no	yes
SoffiXsponR570.09Eg031300.v2.1	0.546	no	no	no	yes
SoffiXsponR570.04Cg266700.v2.1	0.546	no	no	no	yes
SoffiXsponR570.08Eg064300.v2.1	0.546	no	no	no	yes
SoffiXsponR570.04Gg018600.v2.1	0.545	no	no	no	yes
SoffiXsponR570.02Cg360400.v2.1	0.545	no	no	no	yes
SoffiXsponR570.01Eg058600.v2.1	0.544	no	no	no	yes
SoffiXsponR570.07Eg021300.v2.1	0.544	no	no	no	yes
SoffiXsponR570.10Eg106400.v2.1	0.543	no	no	no	yes
SoffiXsponR570.10Ag200700.v2.1	0.543	no	no	no	yes
SoffiXsponR570.09Bg117900.v2.1	0.543	no	no	no	yes
SoffiXsponR570.02Gg315800.v2.1	0.542	no	no	no	yes
SoffiXsponR570.02Fg340000.v2.1	0.542	no	no	no	yes
SoffiXsponR570.06Dg159800.v2.1	0.542	no	no	no	yes
SoffiXsponR570.02Eg112700.v2.1	0.542	no	yes	no	no
SoffiXsponR570.01Bg450300.v2.1	0.541	no	no	no	yes
SoffiXsponR570.7_10Ag103100.v2.1	0.541	no	no	no	yes
SoffiXsponR570.08Bg083800.v2.1	0.541	no	no	no	yes
SoffiXsponR570.09Ag130600.v2.1	0.54	no	no	no	yes
SoffiXsponR570.03Dg278500.v2.1	0.539	no	no	no	yes
SoffiXsponR570.05Dg062700.v2.1	0.539	no	no	no	yes
SoffiXsponR570.7_10Ag043700.v2.1	0.539	no	no	no	yes
SoffiXsponR570.10Cg005300.v2.1	0.539	no	no	no	yes
SoffiXsponR570.01Cg293400.v2.1	0.539	no	no	no	yes
SoffiXsponR570.02Dg338500.v2.1	0.538	no	yes	yes	yes
SoffiXsponR570.04Dg026000.v2.1	0.538	no	no	no	yes
SoffiXsponR570.10Ag189600.v2.1	0.538	no	no	no	yes
SoffiXsponR570.05Ag051900.v2.1	0.537	no	no	no	yes
SoffiXsponR570.02Eg090200.v2.1	0.537	no	no	no	yes
SoffiXsponR570.07Dg015500.v2.1	0.537	no	no	no	yes
SoffiXsponR570.05Ag070800.v2.1	0.537	no	no	no	yes
SoffiXsponR570.6us88g044100.v2.1	0.537	no	no	no	yes
SoffiXsponR570.09Ag147400.v2.1	0.536	no	no	no	yes
SoffiXsponR570.02Eg369000.v2.1	0.536	no	no	no	yes
SoffiXsponR570.02Bg065800.v2.1	0.536	no	no	no	yes
SoffiXsponR570.07Bg216000.v2.1	0.535	no	no	no	yes
SoffiXsponR570.08Cg166700.v2.1	0.535	no	no	no	yes
SoffiXsponR570.10Dg027700.v2.1	0.535	no	no	no	yes
SoffiXsponR570.03Bg036000.v2.1	0.534	no	no	no	yes
SoffiXsponR570.5_9Ag121700.v2.1	0.534	no	no	no	yes
SoffiXsponR570.10Bg181800.v2.1	0.534	no	no	no	yes
SoffiXsponR570.05Ag016200.v2.1	0.534	no	no	no	yes
SoffiXsponR570.02Ag286700.v2.1	0.534	no	no	no	yes
SoffiXsponR570.02Ag407100.v2.1	0.534	no	no	no	yes
SoffiXsponR570.01Dg108300.v2.1	0.533	no	no	no	yes
SoffiXsponR570.5_9Ag145200.v2.1	0.532	no	no	no	yes
SoffiXsponR570.01Dg108100.v2.1	0.532	no	no	no	yes
SoffiXsponR570.01Eg267200.v2.1	0.532	no	yes	yes	yes
SoffiXsponR570.02Ag385300.v2.1	0.532	no	no	no	yes
SoffiXsponR570.9os1g060600.v2.1	0.531	no	yes	no	yes
SoffiXsponR570.1Z267300.v2.1	0.531	no	no	no	yes
SoffiXsponR570.7os1g014800.v2.1	0.53	no	no	no	yes
SoffiXsponR570.07Eg019900.v2.1	0.53	no	no	no	yes
SoffiXsponR570.05Bg260600.v2.1	0.529	no	no	no	yes
SoffiXsponR570.02Dg240100.v2.1	0.529	no	no	no	yes
SoffiXsponR570.03Eg301500.v2.1	0.529	no	no	no	yes
SoffiXsponR570.04Ag052100.v2.1	0.529	no	no	no	yes
SoffiXsponR570.9os1g022500.v2.1	0.529	no	no	no	yes
SoffiXsponR570.01Cg136300.v2.1	0.529	no	no	no	yes
SoffiXsponR570.04Bg262400.v2.1	0.528	no	no	no	yes
SoffiXsponR570.01Bg454900.v2.1	0.528	no	no	no	yes
SoffiXsponR570.05Fg120700.v2.1	0.528	no	no	no	yes
SoffiXsponR570.01Cg378200.v2.1	0.527	no	no	no	yes
SoffiXsponR570.07Eg048200.v2.1	0.526	no	no	no	yes
SoffiXsponR570.01Dg270300.v2.1	0.525	no	no	no	yes
SoffiXsponR570.01Eg352200.v2.1	0.525	no	no	no	yes
SoffiXsponR570.10Cg046200.v2.1	0.525	no	no	no	yes
SoffiXsponR570.01Fg079400.v2.1	0.524	no	no	no	yes
SoffiXsponR570.01Cg151200.v2.1	0.524	no	no	no	yes
SoffiXsponR570.04Cg136700.v2.1	0.524	no	no	no	yes
SoffiXsponR570.6_9Ag072100.v2.1	0.524	no	no	no	yes
SoffiXsponR570.04Dg005600.v2.1	0.523	no	no	no	yes
SoffiXsponR570.07Dg013500.v2.1	0.523	no	no	no	yes
SoffiXsponR570.6_9Ag103800.v2.1	0.523	no	no	no	yes
SoffiXsponR570.03Fg035100.v2.1	0.522	no	no	no	yes
SoffiXsponR570.10Cg003700.v2.1	0.522	no	no	no	yes
SoffiXsponR570.10Ag027500.v2.1	0.522	no	no	no	yes
SoffiXsponR570.07Cg139500.v2.1	0.521	no	no	no	yes
SoffiXsponR570.8_5Ag136000.v2.1	0.521	no	no	no	yes
SoffiXsponR570.08Bg108700.v2.1	0.521	no	no	no	yes
SoffiXsponR570.05Cg132900.v2.1	0.52	no	no	no	yes
SoffiXsponR570.01Ag150800.v2.1	0.52	no	no	no	yes
SoffiXsponR570.05Dg171800.v2.1	0.52	no	no	no	yes
SoffiXsponR570.05Eg142500.v2.1	0.519	no	no	no	yes
SoffiXsponR570.08Cg137100.v2.1	0.519	no	no	no	yes
SoffiXsponR570.4us91g046300.v2.1	0.519	no	no	no	yes
SoffiXsponR570.1Z192700.v2.1	0.519	no	no	no	yes
SoffiXsponR570.01Dg207000.v2.1	0.519	no	no	no	yes
SoffiXsponR570.06Fg132700.v2.1	0.519	no	no	no	yes
SoffiXsponR570.10us89g000200.v2.1	0.519	no	yes	no	no
SoffiXsponR570.03Bg208700.v2.1	0.518	no	no	no	yes
SoffiXsponR570.05Eg233800.v2.1	0.518	no	no	no	yes
SoffiXsponR570.08Ag026200.v2.1	0.518	no	no	no	yes
SoffiXsponR570.5_9Ag058800.v2.1	0.518	no	no	no	yes
SoffiXsponR570.5_9Ag294500.v2.1	0.518	no	no	no	yes
SoffiXsponR570.08Cg047400.v2.1	0.517	no	no	no	yes
SoffiXsponR570.07Cg013200.v2.1	0.517	no	no	no	yes
SoffiXsponR570.09Cg081900.v2.1	0.516	no	no	no	yes
SoffiXsponR570.8_5Ag259800.v2.1	0.516	no	no	no	yes
SoffiXsponR570.05Ag020600.v2.1	0.515	no	no	no	yes
SoffiXsponR570.4us91g040200.v2.1	0.515	no	no	no	yes
SoffiXsponR570.06Fg150800.v2.1	0.515	no	no	no	yes
SoffiXsponR570.06Dg110300.v2.1	0.515	no	no	no	yes
SoffiXsponR570.01Dg387900.v2.1	0.515	no	no	no	yes
SoffiXsponR570.10Cg056100.v2.1	0.515	no	no	no	yes
SoffiXsponR570.01Dg000700.v2.1	0.514	no	no	no	yes
SoffiXsponR570.10Cg067300.v2.1	0.514	no	no	no	yes
SoffiXsponR570.05Gg024200.v2.1	0.514	no	no	no	yes
SoffiXsponR570.10Bg131100.v2.1	0.514	no	no	no	yes
SoffiXsponR570.09Dg060800.v2.1	0.514	no	no	no	yes
SoffiXsponR570.7_10Ag078000.v2.1	0.514	yes	yes	no	yes
SoffiXsponR570.02Gg214200.v2.1	0.513	no	no	no	yes
SoffiXsponR570.06Cg031800.v2.1	0.513	no	no	no	yes
SoffiXsponR570.08Ag181700.v2.1	0.513	no	no	no	yes
SoffiXsponR570.02Eg388600.v2.1	0.513	no	no	no	yes
SoffiXsponR570.8_10Ag153200.v2.1	0.513	no	no	no	yes
SoffiXsponR570.05Dg117300.v2.1	0.511	no	no	no	yes
SoffiXsponR570.03Cg070300.v2.1	0.511	no	no	no	yes
SoffiXsponR570.01Dg305400.v2.1	0.511	no	no	no	yes
SoffiXsponR570.02Ag029600.v2.1	0.511	no	no	no	yes
SoffiXsponR570.02Bg266900.v2.1	0.51	no	no	no	yes
SoffiXsponR570.9us90g030700.v2.1	0.51	no	no	no	yes
SoffiXsponR570.01Fg125000.v2.1	0.51	no	no	no	yes
SoffiXsponR570.08Cg011200.v2.1	0.51	no	no	no	yes
SoffiXsponR570.05Cg091000.v2.1	0.509	no	no	no	yes
SoffiXsponR570.04Dg089500.v2.1	0.509	no	no	no	yes
SoffiXsponR570.10Cg001400.v2.1	0.509	no	no	no	yes
SoffiXsponR570.10Ag124700.v2.1	0.509	no	no	no	yes
SoffiXsponR570.01Dg321200.v2.1	0.509	no	no	no	yes
SoffiXsponR570.05Fg292900.v2.1	0.509	no	no	no	yes
SoffiXsponR570.01Bg402800.v2.1	0.508	no	no	no	yes
SoffiXsponR570.10Bg035500.v2.1	0.508	no	no	no	yes
SoffiXsponR570.01Ag206600.v2.1	0.507	no	no	no	yes
SoffiXsponR570.09Cg110200.v2.1	0.507	no	yes	no	no
SoffiXsponR570.01Eg428300.v2.1	0.506	no	no	no	yes
SoffiXsponR570.10Cg079800.v2.1	0.506	no	no	no	yes
SoffiXsponR570.06Ag086500.v2.1	0.505	no	no	no	yes
SoffiXsponR570.02Ag264700.v2.1	0.505	no	no	no	yes
SoffiXsponR570.04Cg003600.v2.1	0.504	no	no	no	yes
SoffiXsponR570.10Bg046800.v2.1	0.504	no	no	no	yes
SoffiXsponR570.05Eg248900.v2.1	0.503	no	no	no	yes
SoffiXsponR570.01Eg407100.v2.1	0.503	no	no	no	yes
SoffiXsponR570.8_10Ag143100.v2.1	0.502	no	no	no	yes
SoffiXsponR570.01Bg086800.v2.1	0.501	no	no	no	yes
SoffiXsponR570.04Dg187000.v2.1	0.501	no	no	no	yes
SoffiXsponR570.10Dg061800.v2.1	0.501	no	no	no	yes
SoffiXsponR570.05Ag304900.v2.1	0.501	no	no	no	yes
SoffiXsponR570.02Ag153800.v2.1	0.5	no	no	no	yes
SoffiXsponR570.01Ag457200.v2.1	0.499	no	no	no	yes
SoffiXsponR570.03Cg087200.v2.1	0.498	no	no	no	yes
SoffiXsponR570.09Dg024000.v2.1	0.498	no	no	no	yes
SoffiXsponR570.01Fg012100.v2.1	0.498	no	no	no	yes
SoffiXsponR570.5_9Ag365000.v2.1	0.497	no	no	no	yes
SoffiXsponR570.02Ag239900.v2.1	0.497	no	no	no	yes
SoffiXsponR570.01Fg326200.v2.1	0.497	no	no	no	yes
SoffiXsponR570.01Eg161700.v2.1	0.496	no	no	no	yes
SoffiXsponR570.03Fg126800.v2.1	0.496	no	no	no	yes
SoffiXsponR570.02Fg266700.v2.1	0.496	no	no	yes	yes
SoffiXsponR570.04Cg252300.v2.1	0.496	no	no	no	yes
SoffiXsponR570.02Cg411900.v2.1	0.495	no	no	no	yes
SoffiXsponR570.01Bg463900.v2.1	0.495	no	no	no	yes
SoffiXsponR570.04Dg059100.v2.1	0.495	no	no	no	yes
SoffiXsponR570.05Cg339000.v2.1	0.493	no	no	no	yes
SoffiXsponR570.03Dg130400.v2.1	0.493	no	no	no	yes
SoffiXsponR570.8_5Ag144500.v2.1	0.493	no	no	no	yes
SoffiXsponR570.07Bg047500.v2.1	0.492	no	no	no	yes
SoffiXsponR570.01Ag057200.v2.1	0.492	no	no	no	yes
SoffiXsponR570.01Cg347400.v2.1	0.491	no	no	no	yes
SoffiXsponR570.8_10Ag143600.v2.1	0.491	no	no	no	yes
SoffiXsponR570.03Cg065200.v2.1	0.49	no	no	no	yes
SoffiXsponR570.05Dg077500.v2.1	0.489	no	no	no	yes
SoffiXsponR570.08Dg013100.v2.1	0.489	no	no	no	yes
SoffiXsponR570.5_9Ag283100.v2.1	0.489	no	no	no	yes
SoffiXsponR570.04Eg126300.v2.1	0.489	no	no	no	yes
SoffiXsponR570.10Bg166300.v2.1	0.488	no	no	no	yes
SoffiXsponR570.01Eg442500.v2.1	0.488	no	no	no	yes
SoffiXsponR570.07Dg046200.v2.1	0.488	no	no	no	yes
SoffiXsponR570.5_9Ag032000.v2.1	0.488	no	no	no	yes
SoffiXsponR570.06Fg118000.v2.1	0.487	no	no	no	yes
SoffiXsponR570.07Eg015700.v2.1	0.487	no	no	no	yes
SoffiXsponR570.9os1g000100.v2.1	0.487	no	no	no	yes
SoffiXsponR570.06Eg068700.v2.1	0.486	no	no	no	yes
SoffiXsponR570.07Eg183300.v2.1	0.486	no	no	no	yes
SoffiXsponR570.04Dg030100.v2.1	0.485	no	no	no	yes
SoffiXsponR570.01Ag305500.v2.1	0.485	no	no	no	yes
SoffiXsponR570.10Dg072700.v2.1	0.484	no	no	no	yes
SoffiXsponR570.8_5Ag182300.v2.1	0.484	no	no	no	yes
SoffiXsponR570.07Dg025300.v2.1	0.483	no	no	no	yes
SoffiXsponR570.02Eg118200.v2.1	0.482	no	no	no	yes
SoffiXsponR570.8_10Ag341800.v2.1	0.482	no	yes	no	yes
SoffiXsponR570.09Bg056700.v2.1	0.482	no	no	no	yes
SoffiXsponR570.02Eg372600.v2.1	0.481	no	yes	no	no
SoffiXsponR570.04Fg043600.v2.1	0.481	no	no	no	yes
SoffiXsponR570.01Cg307100.v2.1	0.481	no	no	no	yes
SoffiXsponR570.07Dg176700.v2.1	0.48	no	no	no	yes
SoffiXsponR570.08Eg064400.v2.1	0.479	no	no	no	yes
SoffiXsponR570.01Cg327400.v2.1	0.479	no	no	no	yes
SoffiXsponR570.6us88g097600.v2.1	0.477	no	no	no	yes
SoffiXsponR570.04Dg099000.v2.1	0.477	no	no	no	yes
SoffiXsponR570.06Ag057300.v2.1	0.477	no	no	no	yes
SoffiXsponR570.02Fg116200.v2.1	0.476	no	no	no	yes
SoffiXsponR570.04Ag241900.v2.1	0.476	no	no	no	yes
SoffiXsponR570.01Bg206800.v2.1	0.476	no	no	no	yes
SoffiXsponR570.07Eg130300.v2.1	0.476	no	no	no	yes
SoffiXsponR570.09Dg116000.v2.1	0.475	no	no	no	yes
SoffiXsponR570.02Cg344700.v2.1	0.475	no	no	no	yes
SoffiXsponR570.06Fg175000.v2.1	0.475	no	no	no	yes
SoffiXsponR570.07Eg029000.v2.1	0.474	no	no	no	yes
SoffiXsponR570.10Cg058700.v2.1	0.474	no	no	no	yes
SoffiXsponR570.03Eg053100.v2.1	0.473	no	no	no	yes
SoffiXsponR570.08Cg207200.v2.1	0.473	no	no	no	yes
SoffiXsponR570.02Cg409600.v2.1	0.472	no	no	no	yes
SoffiXsponR570.07Bg025500.v2.1	0.472	no	no	no	yes
SoffiXsponR570.10Ag010100.v2.1	0.472	no	no	no	yes
SoffiXsponR570.07Eg125200.v2.1	0.472	no	no	no	yes
SoffiXsponR570.08Ag035900.v2.1	0.471	no	no	no	yes
SoffiXsponR570.6_9Ag167700.v2.1	0.471	yes	yes	no	yes
SoffiXsponR570.01Fg050400.v2.1	0.47	no	no	no	yes
SoffiXsponR570.09Cg138300.v2.1	0.47	no	no	no	yes
SoffiXsponR570.02Cg214800.v2.1	0.47	no	no	no	yes
SoffiXsponR570.01Dg372000.v2.1	0.47	no	no	no	yes
SoffiXsponR570.01Fg068300.v2.1	0.47	no	no	no	yes
SoffiXsponR570.10us89g078500.v2.1	0.47	no	no	no	yes
SoffiXsponR570.07Dg027800.v2.1	0.47	no	no	no	yes
SoffiXsponR570.01Cg276500.v2.1	0.469	no	no	no	yes
SoffiXsponR570.02Fg194900.v2.1	0.469	no	no	no	yes
SoffiXsponR570.05Bg140000.v2.1	0.468	no	no	no	yes
SoffiXsponR570.05Dg319800.v2.1	0.468	no	no	no	yes
SoffiXsponR570.07Ag046400.v2.1	0.466	no	no	no	yes
SoffiXsponR570.04Cg008100.v2.1	0.466	no	no	no	yes
SoffiXsponR570.5_9Ag002500.v2.1	0.466	no	no	no	yes
SoffiXsponR570.05Eg166300.v2.1	0.466	no	no	no	yes
SoffiXsponR570.10Fg007600.v2.1	0.464	no	no	no	yes
SoffiXsponR570.05Eg140100.v2.1	0.464	no	no	no	yes
SoffiXsponR570.07Bg277700.v2.1	0.463	no	no	no	yes
SoffiXsponR570.01Ag183800.v2.1	0.463	no	no	no	yes
SoffiXsponR570.02Fg136500.v2.1	0.463	no	no	no	yes
SoffiXsponR570.03Dg120600.v2.1	0.462	no	no	no	yes
SoffiXsponR570.02Cg028900.v2.1	0.462	no	no	no	yes
SoffiXsponR570.10Cg008800.v2.1	0.462	no	no	no	yes
SoffiXsponR570.02Eg101000.v2.1	0.461	no	no	no	yes
SoffiXsponR570.01Cg039400.v2.1	0.461	no	no	no	yes
SoffiXsponR570.10Ag056200.v2.1	0.461	no	no	no	yes
SoffiXsponR570.05Ag282000.v2.1	0.459	no	no	no	yes
SoffiXsponR570.03Bg076400.v2.1	0.459	no	no	no	yes
SoffiXsponR570.05Fg092700.v2.1	0.459	no	no	no	yes
SoffiXsponR570.03Bg165200.v2.1	0.459	no	no	no	yes
SoffiXsponR570.10os1g020400.v2.1	0.459	no	no	no	yes
SoffiXsponR570.02Cg227400.v2.1	0.458	no	no	no	yes
SoffiXsponR570.05Eg357000.v2.1	0.458	no	no	no	yes
SoffiXsponR570.03Gg033900.v2.1	0.458	no	no	no	yes
SoffiXsponR570.10Bg043400.v2.1	0.458	no	no	no	yes
SoffiXsponR570.5_9Ag228300.v2.1	0.457	no	no	no	yes
SoffiXsponR570.04Cg256000.v2.1	0.456	no	no	no	yes
SoffiXsponR570.01Ag247400.v2.1	0.456	no	no	no	yes
SoffiXsponR570.09Bg027900.v2.1	0.456	no	no	no	yes
SoffiXsponR570.01Dg085900.v2.1	0.456	no	no	no	yes
SoffiXsponR570.02Dg369900.v2.1	0.455	no	no	no	yes
SoffiXsponR570.6_9Ag064100.v2.1	0.455	no	no	no	yes
SoffiXsponR570.01Cg208700.v2.1	0.455	no	no	no	yes
SoffiXsponR570.05Bg311800.v2.1	0.455	no	no	no	yes
SoffiXsponR570.09Dg104700.v2.1	0.454	yes	no	no	yes
SoffiXsponR570.6_9Ag032200.v2.1	0.454	no	no	no	yes
SoffiXsponR570.5_9Ag246100.v2.1	0.453	no	no	no	yes
SoffiXsponR570.05Dg037200.v2.1	0.453	no	no	no	yes
SoffiXsponR570.02Eg266800.v2.1	0.452	no	no	no	yes
SoffiXsponR570.05Eg207800.v2.1	0.451	no	no	no	yes
SoffiXsponR570.05Fg058800.v2.1	0.451	no	no	no	yes
SoffiXsponR570.02Dg406900.v2.1	0.451	no	no	no	yes
SoffiXsponR570.07Ag056900.v2.1	0.45	no	no	no	yes
SoffiXsponR570.05Cg053200.v2.1	0.449	no	no	no	yes
SoffiXsponR570.01Fg308200.v2.1	0.449	no	no	no	yes
SoffiXsponR570.01Eg223800.v2.1	0.449	no	no	no	yes
SoffiXsponR570.05Eg015100.v2.1	0.448	no	no	no	yes
SoffiXsponR570.10us89g055200.v2.1	0.448	no	no	no	yes
SoffiXsponR570.01Dg073900.v2.1	0.448	no	no	no	yes
SoffiXsponR570.05Gg020900.v2.1	0.448	no	no	no	yes
SoffiXsponR570.09Dg062000.v2.1	0.447	no	no	no	yes
SoffiXsponR570.10os1g023700.v2.1	0.446	no	no	no	yes
SoffiXsponR570.07Dg076900.v2.1	0.446	no	no	no	yes
SoffiXsponR570.01Ag192200.v2.1	0.446	no	no	no	yes
SoffiXsponR570.07Dg225600.v2.1	0.445	no	no	no	yes
SoffiXsponR570.06Cg164500.v2.1	0.445	no	no	no	yes
SoffiXsponR570.01Bg263300.v2.1	0.445	no	no	no	yes
SoffiXsponR570.10Bg094300.v2.1	0.445	no	no	no	yes
SoffiXsponR570.02Dg348500.v2.1	0.444	no	no	no	yes
SoffiXsponR570.05Cg140000.v2.1	0.444	no	no	no	yes
SoffiXsponR570.08Cg130800.v2.1	0.443	no	no	no	yes
SoffiXsponR570.02Cg035800.v2.1	0.443	no	no	no	yes
SoffiXsponR570.07Bg122900.v2.1	0.443	no	no	no	yes
SoffiXsponR570.03Fg043500.v2.1	0.442	no	no	no	yes
SoffiXsponR570.7_10Ag086300.v2.1	0.441	no	no	no	yes
SoffiXsponR570.09Cg067200.v2.1	0.441	no	no	no	yes
SoffiXsponR570.02Bg269100.v2.1	0.441	no	no	no	yes
SoffiXsponR570.01Fg028600.v2.1	0.44	no	no	no	yes
SoffiXsponR570.04Bg035800.v2.1	0.44	no	no	no	yes
SoffiXsponR570.05Eg112900.v2.1	0.44	no	no	no	yes
SoffiXsponR570.01Bg395900.v2.1	0.439	no	no	no	yes
SoffiXsponR570.9us90g019500.v2.1	0.439	no	yes	no	yes
SoffiXsponR570.02Ag126200.v2.1	0.439	no	no	no	yes
SoffiXsponR570.04Gg028100.v2.1	0.437	no	no	no	yes
SoffiXsponR570.6_9Ag166900.v2.1	0.436	no	no	no	yes
SoffiXsponR570.06Ag060400.v2.1	0.435	no	no	no	yes
SoffiXsponR570.06Fg019900.v2.1	0.434	no	no	no	yes
SoffiXsponR570.1Z207200.v2.1	0.434	no	no	no	yes
SoffiXsponR570.07Cg125600.v2.1	0.434	no	no	no	yes
SoffiXsponR570.08Dg061400.v2.1	0.433	no	no	no	yes
SoffiXsponR570.7_10Ag176200.v2.1	0.433	no	no	no	yes
SoffiXsponR570.09Cg106600.v2.1	0.433	no	no	no	yes
SoffiXsponR570.1Z275300.v2.1	0.432	no	no	no	yes
SoffiXsponR570.03Fg039300.v2.1	0.432	no	no	no	yes
SoffiXsponR570.02Eg351300.v2.1	0.432	no	no	no	yes
SoffiXsponR570.04Cg244700.v2.1	0.431	no	no	no	yes
SoffiXsponR570.04Bg119400.v2.1	0.431	no	no	no	yes
SoffiXsponR570.01Bg057300.v2.1	0.431	no	no	no	yes
SoffiXsponR570.09Cg026400.v2.1	0.431	no	no	no	yes
SoffiXsponR570.10Fg100800.v2.1	0.429	no	no	no	yes
SoffiXsponR570.02Bg359300.v2.1	0.429	no	no	no	yes
SoffiXsponR570.05Bg000400.v2.1	0.428	no	no	no	yes
SoffiXsponR570.10Cg063500.v2.1	0.428	no	no	no	yes
SoffiXsponR570.02Bg146800.v2.1	0.428	no	no	no	yes
SoffiXsponR570.04Bg197500.v2.1	0.428	no	no	no	yes
SoffiXsponR570.10Bg187800.v2.1	0.428	no	no	no	yes
SoffiXsponR570.10Bg182000.v2.1	0.428	no	no	no	yes
SoffiXsponR570.10Bg092300.v2.1	0.427	no	no	no	yes
SoffiXsponR570.04Dg071300.v2.1	0.427	no	no	no	yes
SoffiXsponR570.04Ag146400.v2.1	0.426	no	no	no	yes
SoffiXsponR570.10Cg110200.v2.1	0.426	no	no	no	yes
SoffiXsponR570.02Gg048100.v2.1	0.426	no	no	no	yes
SoffiXsponR570.04Dg131200.v2.1	0.425	no	no	no	yes
SoffiXsponR570.05Eg331200.v2.1	0.425	no	no	no	yes
SoffiXsponR570.01Ag408100.v2.1	0.424	no	no	no	yes
SoffiXsponR570.09Cg151300.v2.1	0.424	no	no	no	yes
SoffiXsponR570.7_10Ag028100.v2.1	0.423	no	no	no	yes
SoffiXsponR570.05Cg223500.v2.1	0.423	no	no	no	yes
SoffiXsponR570.05Eg009000.v2.1	0.423	no	no	no	yes
SoffiXsponR570.10Eg089200.v2.1	0.423	no	no	no	yes
SoffiXsponR570.5_9Ag103900.v2.1	0.422	no	no	no	yes
SoffiXsponR570.08Ag099000.v2.1	0.422	no	no	no	yes
SoffiXsponR570.10Cg067200.v2.1	0.422	no	no	no	yes
SoffiXsponR570.07Ag026000.v2.1	0.421	no	no	no	yes
SoffiXsponR570.06Fg157200.v2.1	0.421	no	no	no	yes
SoffiXsponR570.02Fg277700.v2.1	0.421	no	no	yes	yes
SoffiXsponR570.5_9Ag024500.v2.1	0.421	no	no	no	yes
SoffiXsponR570.7_10Ag007700.v2.1	0.421	no	no	no	yes
SoffiXsponR570.7_10Ag083200.v2.1	0.421	no	no	no	yes
SoffiXsponR570.05Ag052400.v2.1	0.42	no	no	no	yes
SoffiXsponR570.03Ag245300.v2.1	0.42	no	no	no	yes
SoffiXsponR570.01Fg044600.v2.1	0.419	no	no	no	yes
SoffiXsponR570.07Cg209900.v2.1	0.419	no	no	no	yes
SoffiXsponR570.01Cg080600.v2.1	0.419	no	no	no	yes
SoffiXsponR570.07Bg140700.v2.1	0.419	no	no	no	yes
SoffiXsponR570.02Eg197600.v2.1	0.419	no	yes	no	no
SoffiXsponR570.01Bg082100.v2.1	0.418	no	no	no	yes
SoffiXsponR570.07Bg275700.v2.1	0.417	no	no	no	yes
SoffiXsponR570.7_10Ag005400.v2.1	0.417	no	no	no	yes
SoffiXsponR570.04Dg040900.v2.1	0.417	no	no	no	yes
SoffiXsponR570.3os2g004200.v2.1	0.417	no	no	no	yes
SoffiXsponR570.5_9Ag370400.v2.1	0.417	no	no	no	yes
SoffiXsponR570.03Gg005700.v2.1	0.417	no	no	no	yes
SoffiXsponR570.02Dg402200.v2.1	0.416	no	no	no	yes
SoffiXsponR570.05Cg230400.v2.1	0.416	no	no	no	yes
SoffiXsponR570.01Dg385300.v2.1	0.415	no	no	no	yes
SoffiXsponR570.03Ag014500.v2.1	0.415	no	no	no	yes
SoffiXsponR570.9us90g042200.v2.1	0.415	no	no	no	yes
SoffiXsponR570.9us90g035000.v2.1	0.415	no	no	no	yes
SoffiXsponR570.04Gg059900.v2.1	0.415	no	no	no	yes
SoffiXsponR570.08Bg103700.v2.1	0.414	no	no	no	yes
SoffiXsponR570.10Cg168000.v2.1	0.414	no	no	no	yes
SoffiXsponR570.05Dg365100.v2.1	0.414	no	no	no	yes
SoffiXsponR570.03Dg037100.v2.1	0.414	no	no	no	yes
SoffiXsponR570.09Dg103600.v2.1	0.414	no	no	no	yes
SoffiXsponR570.02Fg021000.v2.1	0.413	no	no	no	yes
SoffiXsponR570.01Dg325300.v2.1	0.413	no	no	no	yes
SoffiXsponR570.09Dg014900.v2.1	0.412	no	no	no	yes
SoffiXsponR570.01Eg191500.v2.1	0.412	no	no	no	yes
SoffiXsponR570.04Eg024800.v2.1	0.412	no	no	no	yes
SoffiXsponR570.05Bg269700.v2.1	0.411	no	no	no	yes
SoffiXsponR570.02Fg044200.v2.1	0.411	no	no	no	yes
SoffiXsponR570.06Gg152100.v2.1	0.411	no	no	no	yes
SoffiXsponR570.02Dg317600.v2.1	0.411	no	yes	no	yes
SoffiXsponR570.6us88g123000.v2.1	0.411	no	no	no	yes
SoffiXsponR570.05Cg157400.v2.1	0.41	no	no	no	yes
SoffiXsponR570.02Cg131900.v2.1	0.41	no	no	no	yes
SoffiXsponR570.03Gg090100.v2.1	0.41	no	no	no	yes
SoffiXsponR570.07Eg059600.v2.1	0.41	no	no	no	yes
SoffiXsponR570.5_9Ag343500.v2.1	0.41	no	no	no	yes
SoffiXsponR570.05Gg197700.v2.1	0.409	no	no	no	yes
SoffiXsponR570.01Bg232200.v2.1	0.409	no	no	no	yes
SoffiXsponR570.06Cg105400.v2.1	0.409	no	no	no	yes
SoffiXsponR570.02Bg357300.v2.1	0.409	no	no	no	yes
SoffiXsponR570.04Dg008200.v2.1	0.409	no	no	no	yes
SoffiXsponR570.1Z018200.v2.1	0.408	no	no	no	yes
SoffiXsponR570.05Cg328900.v2.1	0.408	no	no	no	yes
SoffiXsponR570.09Cg003000.v2.1	0.408	no	no	no	yes
SoffiXsponR570.04Dg120000.v2.1	0.407	no	no	no	yes
SoffiXsponR570.01Ag357000.v2.1	0.407	no	no	no	yes
SoffiXsponR570.01Eg450800.v2.1	0.407	no	no	no	yes
SoffiXsponR570.01Cg236200.v2.1	0.406	no	no	no	yes
SoffiXsponR570.06Fg056200.v2.1	0.406	no	no	no	yes
SoffiXsponR570.07Dg153800.v2.1	0.406	no	no	no	yes
SoffiXsponR570.6_9Ag320000.v2.1	0.405	no	no	no	yes
SoffiXsponR570.08Bg036000.v2.1	0.405	no	no	no	yes
SoffiXsponR570.07Cg057000.v2.1	0.405	no	no	no	yes
SoffiXsponR570.05Eg293900.v2.1	0.405	no	no	no	yes
SoffiXsponR570.03Dg290700.v2.1	0.404	no	no	no	yes
SoffiXsponR570.6us88g022100.v2.1	0.404	no	no	no	yes
SoffiXsponR570.01Fg206000.v2.1	0.403	no	no	no	yes
SoffiXsponR570.10Ag151600.v2.1	0.403	no	no	no	yes
SoffiXsponR570.05Cg024600.v2.1	0.402	no	no	no	yes
SoffiXsponR570.02Bg271500.v2.1	0.401	no	no	no	yes
SoffiXsponR570.04Bg218400.v2.1	0.401	no	yes	no	yes
SoffiXsponR570.03Ag107400.v2.1	0.401	no	no	no	yes
SoffiXsponR570.02Cg097500.v2.1	0.4	no	no	no	yes
SoffiXsponR570.09Ag021400.v2.1	0.4	no	no	no	yes
SoffiXsponR570.6_9Ag274400.v2.1	0.399	no	no	no	yes
SoffiXsponR570.9os1g048500.v2.1	0.399	no	no	no	yes
SoffiXsponR570.10Bg053900.v2.1	0.399	no	no	no	yes
SoffiXsponR570.01Fg132000.v2.1	0.399	no	no	no	yes
SoffiXsponR570.07Eg116900.v2.1	0.398	no	no	no	yes
SoffiXsponR570.02Bg118600.v2.1	0.398	no	no	no	yes
SoffiXsponR570.02Eg010600.v2.1	0.397	no	no	no	yes
SoffiXsponR570.10Fg074400.v2.1	0.397	no	yes	no	no
SoffiXsponR570.03Eg206100.v2.1	0.396	no	no	no	yes
SoffiXsponR570.08Bg076700.v2.1	0.395	no	no	no	yes
SoffiXsponR570.02Eg320900.v2.1	0.395	no	no	no	yes
SoffiXsponR570.03Dg017300.v2.1	0.395	no	no	no	yes
SoffiXsponR570.05Dg172100.v2.1	0.395	no	no	no	yes
SoffiXsponR570.5_9Ag005900.v2.1	0.395	no	no	no	yes
SoffiXsponR570.07Bg005700.v2.1	0.395	no	no	no	yes
SoffiXsponR570.05Dg138900.v2.1	0.395	no	no	no	yes
SoffiXsponR570.02Gg010400.v2.1	0.394	no	no	no	yes
SoffiXsponR570.01Cg138900.v2.1	0.394	no	no	no	yes
SoffiXsponR570.04Gg117300.v2.1	0.393	no	no	no	yes
SoffiXsponR570.01Cg315800.v2.1	0.393	no	no	no	yes
SoffiXsponR570.06Fg012200.v2.1	0.393	no	no	no	yes
SoffiXsponR570.7_10Ag128900.v2.1	0.393	no	no	no	yes
SoffiXsponR570.10Eg127700.v2.1	0.392	no	no	no	yes
SoffiXsponR570.05Gg043200.v2.1	0.392	no	no	no	yes
SoffiXsponR570.05Dg299900.v2.1	0.392	no	no	no	yes
SoffiXsponR570.7_10Ag013500.v2.1	0.392	yes	no	no	yes
SoffiXsponR570.10Ag083900.v2.1	0.392	no	no	no	yes
SoffiXsponR570.03Fg150900.v2.1	0.391	no	no	no	yes
SoffiXsponR570.08Bg097100.v2.1	0.391	no	no	no	yes
SoffiXsponR570.8_10Ag138800.v2.1	0.39	no	no	no	yes
SoffiXsponR570.05Fg097900.v2.1	0.39	no	no	no	yes
SoffiXsponR570.7_10Ag070900.v2.1	0.389	no	no	no	yes
SoffiXsponR570.02Dg159900.v2.1	0.389	no	no	no	yes
SoffiXsponR570.04Fg119000.v2.1	0.389	no	no	no	yes
SoffiXsponR570.9os1g073200.v2.1	0.389	no	no	no	yes
SoffiXsponR570.05Bg333900.v2.1	0.389	no	no	no	yes
SoffiXsponR570.7_10Ag133800.v2.1	0.389	no	no	no	yes
SoffiXsponR570.02Eg201300.v2.1	0.389	no	no	no	yes
SoffiXsponR570.04Eg158000.v2.1	0.389	no	no	no	yes
SoffiXsponR570.08Eg131100.v2.1	0.389	no	no	no	yes
SoffiXsponR570.02Cg029700.v2.1	0.388	no	no	no	yes
SoffiXsponR570.04Cg149300.v2.1	0.387	no	no	no	yes
SoffiXsponR570.03Dg208100.v2.1	0.386	no	no	no	yes
SoffiXsponR570.05Bg134900.v2.1	0.386	no	no	no	yes
SoffiXsponR570.7_10Ag040800.v2.1	0.386	no	no	no	yes
SoffiXsponR570.9us90g010800.v2.1	0.386	no	no	no	yes
SoffiXsponR570.06Fg167500.v2.1	0.386	no	no	no	yes
SoffiXsponR570.10Dg036000.v2.1	0.386	no	yes	no	yes
SoffiXsponR570.10us89g067200.v2.1	0.386	no	no	no	yes
SoffiXsponR570.10Eg069900.v2.1	0.385	no	no	no	yes
SoffiXsponR570.07Ag264100.v2.1	0.385	no	no	no	yes
SoffiXsponR570.08Dg089000.v2.1	0.385	no	no	no	yes
SoffiXsponR570.9us90g070600.v2.1	0.384	no	no	no	yes
SoffiXsponR570.05Cg011800.v2.1	0.384	no	no	no	yes
SoffiXsponR570.10Dg009900.v2.1	0.383	no	no	no	yes
SoffiXsponR570.5_9Ag217700.v2.1	0.383	no	no	no	yes
SoffiXsponR570.05Gg030600.v2.1	0.383	no	no	no	yes
SoffiXsponR570.09Cg157900.v2.1	0.382	no	no	no	yes
SoffiXsponR570.01Eg009800.v2.1	0.382	no	no	no	yes
SoffiXsponR570.06Eg123300.v2.1	0.381	no	no	no	yes
SoffiXsponR570.05Gg014300.v2.1	0.38	no	no	no	yes
SoffiXsponR570.08Bg076300.v2.1	0.38	no	no	no	yes
SoffiXsponR570.6_9Ag206900.v2.1	0.38	no	no	no	yes
SoffiXsponR570.05Gg113300.v2.1	0.379	no	no	no	yes
SoffiXsponR570.10Bg077100.v2.1	0.379	no	no	no	yes
SoffiXsponR570.5_9Ag489800.v2.1	0.378	no	no	no	yes
SoffiXsponR570.01Eg367100.v2.1	0.378	no	no	no	yes
SoffiXsponR570.10Ag059100.v2.1	0.378	no	no	no	yes
SoffiXsponR570.03Gg092900.v2.1	0.377	no	no	no	yes
SoffiXsponR570.10Dg167300.v2.1	0.376	no	no	no	yes
SoffiXsponR570.05Ag215700.v2.1	0.376	no	no	no	yes
SoffiXsponR570.09Dg049600.v2.1	0.375	no	no	no	yes
SoffiXsponR570.05Eg025300.v2.1	0.375	no	no	no	yes
SoffiXsponR570.9os1g037400.v2.1	0.374	no	no	no	yes
SoffiXsponR570.06Eg014600.v2.1	0.374	no	no	no	yes
SoffiXsponR570.05Eg162500.v2.1	0.373	no	no	no	yes
SoffiXsponR570.9us90g020900.v2.1	0.373	no	no	no	yes
SoffiXsponR570.07Bg042700.v2.1	0.373	no	no	no	yes
SoffiXsponR570.6_9Ag197200.v2.1	0.373	no	no	no	yes
SoffiXsponR570.05Bg016100.v2.1	0.373	no	no	no	yes
SoffiXsponR570.02Eg269300.v2.1	0.372	no	no	no	yes
SoffiXsponR570.04Fg123000.v2.1	0.372	no	no	no	yes
SoffiXsponR570.02Cg017900.v2.1	0.372	no	no	no	yes
SoffiXsponR570.10Ag065500.v2.1	0.371	no	no	no	yes
SoffiXsponR570.01Eg257300.v2.1	0.371	no	no	no	yes
SoffiXsponR570.01Bg341600.v2.1	0.37	no	no	no	yes
SoffiXsponR570.6us88g008500.v2.1	0.37	no	no	no	yes
SoffiXsponR570.10Bg039100.v2.1	0.37	no	no	no	yes
SoffiXsponR570.06Bg011900.v2.1	0.37	no	no	no	yes
SoffiXsponR570.04Dg006100.v2.1	0.369	no	no	no	yes
SoffiXsponR570.09Bg143700.v2.1	0.369	no	no	no	yes
SoffiXsponR570.02Gg199200.v2.1	0.369	no	no	no	yes
SoffiXsponR570.03Ag024100.v2.1	0.368	no	no	no	yes
SoffiXsponR570.03Dg289900.v2.1	0.368	no	no	no	yes
SoffiXsponR570.01Dg299300.v2.1	0.368	no	no	no	yes
SoffiXsponR570.04Cg119800.v2.1	0.367	no	no	no	yes
SoffiXsponR570.10us89g013300.v2.1	0.367	no	no	no	yes
SoffiXsponR570.04Gg008400.v2.1	0.367	no	no	no	yes
SoffiXsponR570.6us88g123500.v2.1	0.366	no	no	no	yes
SoffiXsponR570.06Fg160300.v2.1	0.366	no	no	no	yes
SoffiXsponR570.01Eg201900.v2.1	0.366	no	no	no	yes
SoffiXsponR570.01Eg433200.v2.1	0.366	no	no	no	yes
SoffiXsponR570.07Dg022000.v2.1	0.366	no	no	no	yes
SoffiXsponR570.05Dg154200.v2.1	0.366	no	no	no	yes
SoffiXsponR570.10os1g021500.v2.1	0.365	no	no	no	yes
SoffiXsponR570.01Eg413900.v2.1	0.365	no	no	no	yes
SoffiXsponR570.03Ag035900.v2.1	0.365	no	no	no	yes
SoffiXsponR570.5_9Ag328800.v2.1	0.365	no	yes	no	no
SoffiXsponR570.08Dg153700.v2.1	0.365	no	no	no	yes
SoffiXsponR570.04Gg026000.v2.1	0.364	no	no	no	yes
SoffiXsponR570.7_10Ag105400.v2.1	0.364	no	no	no	yes
SoffiXsponR570.07Cg181700.v2.1	0.364	no	no	no	yes
SoffiXsponR570.07Cg135600.v2.1	0.364	no	no	no	yes
SoffiXsponR570.5_9Ag105300.v2.1	0.363	no	no	no	yes
SoffiXsponR570.05Eg131800.v2.1	0.363	no	no	no	yes
SoffiXsponR570.02Dg009300.v2.1	0.363	no	no	no	yes
SoffiXsponR570.06Eg053300.v2.1	0.363	no	no	no	yes
SoffiXsponR570.8_10Ag333300.v2.1	0.363	no	no	no	yes
SoffiXsponR570.04Ag125500.v2.1	0.362	no	no	no	yes
SoffiXsponR570.08Ag086700.v2.1	0.362	no	no	no	yes
SoffiXsponR570.01Fg264900.v2.1	0.362	no	no	no	yes
SoffiXsponR570.01Cg282300.v2.1	0.361	no	no	no	yes
SoffiXsponR570.1Z195600.v2.1	0.361	no	no	no	yes
SoffiXsponR570.6_9Ag064000.v2.1	0.361	no	no	no	yes
SoffiXsponR570.8_5Ag030600.v2.1	0.361	no	no	no	yes
SoffiXsponR570.03Gg034100.v2.1	0.36	no	no	no	yes
SoffiXsponR570.08Dg084800.v2.1	0.36	no	yes	no	no
SoffiXsponR570.8_5Ag097000.v2.1	0.359	no	no	yes	yes
SoffiXsponR570.04Cg037500.v2.1	0.359	no	no	no	yes
SoffiXsponR570.08Cg196400.v2.1	0.359	no	no	no	yes
SoffiXsponR570.8_10Ag271000.v2.1	0.358	no	no	no	yes
SoffiXsponR570.05Bg385800.v2.1	0.358	no	no	no	yes
SoffiXsponR570.8_5Ag175100.v2.1	0.358	no	no	no	yes
SoffiXsponR570.05Bg294700.v2.1	0.358	no	no	no	yes
SoffiXsponR570.05Dg050600.v2.1	0.358	no	no	no	yes
SoffiXsponR570.04Cg249100.v2.1	0.357	no	no	no	yes
SoffiXsponR570.01Cg380600.v2.1	0.357	no	no	no	yes
SoffiXsponR570.01Cg115300.v2.1	0.356	no	no	no	yes
SoffiXsponR570.01Eg369500.v2.1	0.356	no	no	no	yes
SoffiXsponR570.04Dg032000.v2.1	0.356	no	no	no	yes
SoffiXsponR570.09Eg097700.v2.1	0.356	no	yes	no	no
SoffiXsponR570.01Fg067200.v2.1	0.355	no	no	no	yes
SoffiXsponR570.04Ag109500.v2.1	0.355	no	no	no	yes
SoffiXsponR570.06Ag029300.v2.1	0.354	no	no	no	yes
SoffiXsponR570.10Dg047900.v2.1	0.354	no	no	no	yes
SoffiXsponR570.05Dg258100.v2.1	0.353	no	no	no	yes
SoffiXsponR570.03Eg014800.v2.1	0.353	no	no	no	yes
SoffiXsponR570.05Dg268400.v2.1	0.353	no	no	no	yes
SoffiXsponR570.08Dg065100.v2.1	0.353	no	no	no	yes
SoffiXsponR570.04Ag083900.v2.1	0.352	no	yes	no	yes
SoffiXsponR570.05Eg052400.v2.1	0.352	no	no	no	yes
SoffiXsponR570.04Cg087100.v2.1	0.352	no	no	no	yes
SoffiXsponR570.08Dg158300.v2.1	0.352	no	no	no	yes
SoffiXsponR570.08Ag059500.v2.1	0.351	no	no	no	yes
SoffiXsponR570.07Eg207600.v2.1	0.351	no	no	no	yes
SoffiXsponR570.10us89g078100.v2.1	0.35	no	no	no	yes
SoffiXsponR570.06Fg117900.v2.1	0.349	no	no	no	yes
SoffiXsponR570.06Eg052900.v2.1	0.349	no	no	no	yes
SoffiXsponR570.1Z226800.v2.1	0.349	no	no	no	yes
SoffiXsponR570.09Cg002900.v2.1	0.349	no	no	no	yes
SoffiXsponR570.06Ag174100.v2.1	0.349	no	no	no	yes
SoffiXsponR570.8_5Ag117700.v2.1	0.349	no	no	no	yes
SoffiXsponR570.05Cg198500.v2.1	0.348	no	no	no	yes
SoffiXsponR570.07Ag026400.v2.1	0.348	no	no	no	yes
SoffiXsponR570.6us88g034900.v2.1	0.348	yes	yes	no	no
SoffiXsponR570.09Eg007700.v2.1	0.348	no	no	no	yes
SoffiXsponR570.02Fg004000.v2.1	0.346	no	no	no	yes
SoffiXsponR570.04Ag125800.v2.1	0.346	no	no	no	yes
SoffiXsponR570.10Ag103700.v2.1	0.345	no	no	no	yes
SoffiXsponR570.7_10Ag108800.v2.1	0.345	no	no	no	yes
SoffiXsponR570.02Cg298300.v2.1	0.345	no	no	no	yes
SoffiXsponR570.10us89g088800.v2.1	0.342	no	no	no	yes
SoffiXsponR570.10us89g043300.v2.1	0.342	no	no	no	yes
SoffiXsponR570.06Bg033500.v2.1	0.342	no	no	no	yes
SoffiXsponR570.3os2g002500.v2.1	0.342	no	no	no	yes
SoffiXsponR570.08Bg158600.v2.1	0.341	no	no	no	yes
SoffiXsponR570.06Eg035000.v2.1	0.341	no	no	no	yes
SoffiXsponR570.10Fg029600.v2.1	0.34	no	no	no	yes
SoffiXsponR570.02Gg105600.v2.1	0.34	no	no	no	yes
SoffiXsponR570.02Gg263500.v2.1	0.339	no	no	no	yes
SoffiXsponR570.02Fg103500.v2.1	0.339	no	no	no	yes
SoffiXsponR570.5_9Ag491000.v2.1	0.339	no	no	no	yes
SoffiXsponR570.10Eg008600.v2.1	0.338	no	no	no	yes
SoffiXsponR570.01Dg115200.v2.1	0.338	no	no	no	yes
SoffiXsponR570.1Z009000.v2.1	0.338	no	no	no	yes
SoffiXsponR570.10Fg122300.v2.1	0.337	no	no	no	yes
SoffiXsponR570.4us91g014200.v2.1	0.337	no	no	no	yes
SoffiXsponR570.09Cg083500.v2.1	0.337	no	no	no	yes
SoffiXsponR570.05Fg129800.v2.1	0.336	no	no	no	yes
SoffiXsponR570.06Cg098200.v2.1	0.336	no	no	no	yes
SoffiXsponR570.05Bg022300.v2.1	0.334	no	no	no	yes
SoffiXsponR570.05Fg279200.v2.1	0.333	no	no	no	yes
SoffiXsponR570.10Ag050200.v2.1	0.333	no	no	no	yes
SoffiXsponR570.01Ag210500.v2.1	0.333	no	no	no	yes
SoffiXsponR570.8_10Ag140100.v2.1	0.333	no	yes	no	yes
SoffiXsponR570.10Bg168300.v2.1	0.332	no	no	no	yes
SoffiXsponR570.05Cg350500.v2.1	0.332	no	no	no	yes
SoffiXsponR570.07Bg179000.v2.1	0.331	no	yes	no	yes
SoffiXsponR570.09Ag000100.v2.1	0.331	no	no	no	yes
SoffiXsponR570.07Ag225700.v2.1	0.331	no	no	no	yes
SoffiXsponR570.01Dg327100.v2.1	0.33	no	yes	no	yes
SoffiXsponR570.10Eg029000.v2.1	0.328	no	yes	no	no
SoffiXsponR570.9us90g037200.v2.1	0.328	no	no	no	yes
SoffiXsponR570.07Bg001400.v2.1	0.327	no	no	no	yes
SoffiXsponR570.09Bg052100.v2.1	0.326	no	no	no	yes
SoffiXsponR570.1Z012200.v2.1	0.326	no	no	no	yes
SoffiXsponR570.04Ag052200.v2.1	0.325	no	no	no	yes
SoffiXsponR570.06Dg137700.v2.1	0.325	no	no	no	yes
SoffiXsponR570.06Eg090700.v2.1	0.324	no	no	no	yes
SoffiXsponR570.03Eg168400.v2.1	0.324	no	no	yes	yes
SoffiXsponR570.01Dg345800.v2.1	0.323	no	no	no	yes
SoffiXsponR570.01Eg268500.v2.1	0.323	no	no	no	yes
SoffiXsponR570.08Dg172400.v2.1	0.322	no	no	no	yes
SoffiXsponR570.07Ag165800.v2.1	0.322	no	no	no	yes
SoffiXsponR570.03Dg093900.v2.1	0.322	no	no	no	yes
SoffiXsponR570.05Cg351400.v2.1	0.322	no	no	no	yes
SoffiXsponR570.10Ag053600.v2.1	0.32	no	no	no	yes
SoffiXsponR570.03Ag177200.v2.1	0.32	no	no	no	yes
SoffiXsponR570.7_10Ag102900.v2.1	0.319	no	no	no	yes
SoffiXsponR570.07Ag036900.v2.1	0.319	no	no	no	yes
SoffiXsponR570.02Fg185900.v2.1	0.319	no	no	no	yes
SoffiXsponR570.04Bg032500.v2.1	0.319	no	no	no	yes
SoffiXsponR570.01Bg459200.v2.1	0.319	no	no	no	yes
SoffiXsponR570.04Eg082000.v2.1	0.318	no	no	no	yes
SoffiXsponR570.01Dg288800.v2.1	0.317	no	no	no	yes
SoffiXsponR570.01Eg352400.v2.1	0.316	no	no	no	yes
SoffiXsponR570.5_9Ag370200.v2.1	0.316	no	no	no	yes
SoffiXsponR570.03Cg004000.v2.1	0.315	no	no	no	yes
SoffiXsponR570.10Bg144800.v2.1	0.314	yes	no	no	no
SoffiXsponR570.05Eg361400.v2.1	0.314	no	no	no	yes
SoffiXsponR570.01Bg496500.v2.1	0.314	no	no	no	yes
SoffiXsponR570.7_10Ag342600.v2.1	0.314	no	no	no	yes
SoffiXsponR570.01Ag503600.v2.1	0.313	no	no	no	yes
SoffiXsponR570.03Cg041800.v2.1	0.312	no	no	no	yes
SoffiXsponR570.04Cg020800.v2.1	0.312	no	no	no	yes
SoffiXsponR570.01Cg009500.v2.1	0.31	no	no	no	yes
SoffiXsponR570.10Dg022100.v2.1	0.309	no	no	no	yes
SoffiXsponR570.03Dg352300.v2.1	0.307	no	no	no	yes
SoffiXsponR570.01Fg126200.v2.1	0.306	no	no	no	yes
SoffiXsponR570.02Gg207900.v2.1	0.306	no	no	no	yes
SoffiXsponR570.5_9Ag041500.v2.1	0.306	no	no	no	yes
SoffiXsponR570.09Dg008300.v2.1	0.305	no	no	no	yes
SoffiXsponR570.02Bg281100.v2.1	0.305	no	no	no	yes
SoffiXsponR570.01Ag032400.v2.1	0.305	no	no	no	yes
SoffiXsponR570.04Bg135300.v2.1	0.304	no	no	no	yes
SoffiXsponR570.08Bg018000.v2.1	0.304	no	no	no	yes
SoffiXsponR570.10Eg084200.v2.1	0.303	no	no	no	yes
SoffiXsponR570.02Dg197700.v2.1	0.303	no	no	no	yes
SoffiXsponR570.05Dg389200.v2.1	0.302	no	no	no	yes
SoffiXsponR570.10Cg047700.v2.1	0.302	no	no	no	yes
SoffiXsponR570.10os1g067600.v2.1	0.302	no	no	no	yes
SoffiXsponR570.01Bg228400.v2.1	0.301	no	no	no	yes
SoffiXsponR570.02Dg155600.v2.1	0.301	no	no	no	yes
SoffiXsponR570.02Gg108200.v2.1	0.301	no	no	no	yes
SoffiXsponR570.01Bg410700.v2.1	0.3	no	no	no	yes
SoffiXsponR570.05Dg375200.v2.1	0.3	no	no	no	yes
SoffiXsponR570.09Bg079600.v2.1	0.298	no	no	no	yes
SoffiXsponR570.06Cg088900.v2.1	0.298	no	no	no	yes
SoffiXsponR570.01Dg111400.v2.1	0.297	no	no	no	yes
SoffiXsponR570.08Dg121800.v2.1	0.297	no	no	no	yes
SoffiXsponR570.01Fg006400.v2.1	0.295	no	no	no	yes
SoffiXsponR570.02Eg062400.v2.1	0.295	no	no	no	yes
SoffiXsponR570.10Bg113200.v2.1	0.294	no	no	no	yes
SoffiXsponR570.06Cg094900.v2.1	0.294	no	no	no	yes
SoffiXsponR570.05Bg015900.v2.1	0.293	no	no	no	yes
SoffiXsponR570.09Bg064900.v2.1	0.293	no	no	no	yes
SoffiXsponR570.07Bg260600.v2.1	0.293	no	no	no	yes
SoffiXsponR570.10Ag200800.v2.1	0.293	no	no	no	yes
SoffiXsponR570.01Ag021100.v2.1	0.293	no	no	no	yes
SoffiXsponR570.06Gg038500.v2.1	0.291	no	no	no	yes
SoffiXsponR570.09Cg090400.v2.1	0.291	no	no	no	yes
SoffiXsponR570.5_9Ag460800.v2.1	0.29	no	no	no	yes
SoffiXsponR570.01Eg423300.v2.1	0.29	no	no	no	yes
SoffiXsponR570.02Gg146100.v2.1	0.289	no	no	no	yes
SoffiXsponR570.08Cg024200.v2.1	0.289	no	no	no	yes
SoffiXsponR570.05Dg061800.v2.1	0.289	no	no	no	yes
SoffiXsponR570.01Fg272600.v2.1	0.288	no	no	no	yes
SoffiXsponR570.07Dg123100.v2.1	0.288	no	no	no	yes
SoffiXsponR570.05Eg358100.v2.1	0.288	no	no	no	yes
SoffiXsponR570.7_10Ag085100.v2.1	0.287	no	no	no	yes
SoffiXsponR570.01Cg382900.v2.1	0.287	no	no	no	yes
SoffiXsponR570.09Cg169100.v2.1	0.287	no	no	no	yes
SoffiXsponR570.02Fg068600.v2.1	0.285	no	no	no	yes
SoffiXsponR570.02Fg042500.v2.1	0.285	no	no	no	yes
SoffiXsponR570.04Bg083100.v2.1	0.285	no	no	no	yes
SoffiXsponR570.02Bg091100.v2.1	0.285	no	no	no	yes
SoffiXsponR570.05Cg386900.v2.1	0.284	no	no	no	yes
SoffiXsponR570.02Ag384300.v2.1	0.284	no	no	no	yes
SoffiXsponR570.8_10Ag144700.v2.1	0.284	no	no	no	yes
SoffiXsponR570.05Bg066900.v2.1	0.284	no	no	no	yes
SoffiXsponR570.08Cg087400.v2.1	0.283	no	no	no	yes
SoffiXsponR570.6us88g027400.v2.1	0.282	no	no	no	yes
SoffiXsponR570.01Ag177100.v2.1	0.282	no	no	no	yes
SoffiXsponR570.09Bg092500.v2.1	0.282	no	no	no	yes
SoffiXsponR570.02Cg035400.v2.1	0.281	no	no	no	yes
SoffiXsponR570.1os2g001200.v2.1	0.281	no	no	no	yes
SoffiXsponR570.01Fg115500.v2.1	0.281	no	no	no	yes
SoffiXsponR570.10os1g039500.v2.1	0.281	no	no	no	yes
SoffiXsponR570.05Dg287600.v2.1	0.28	no	no	no	yes
SoffiXsponR570.05Bg020500.v2.1	0.28	no	no	no	yes
SoffiXsponR570.01Bg098200.v2.1	0.28	no	no	no	yes
SoffiXsponR570.09Cg134200.v2.1	0.279	no	no	no	yes
SoffiXsponR570.01Cg383900.v2.1	0.278	no	no	no	yes
SoffiXsponR570.08Cg036500.v2.1	0.278	no	no	no	yes
SoffiXsponR570.7_10Ag222200.v2.1	0.277	no	no	no	yes
SoffiXsponR570.07Ag146400.v2.1	0.275	no	no	no	yes
SoffiXsponR570.01Eg352300.v2.1	0.275	no	no	no	yes
SoffiXsponR570.01Ag388200.v2.1	0.274	no	no	no	yes
SoffiXsponR570.02Bg373400.v2.1	0.274	no	no	no	yes
SoffiXsponR570.10us89g092900.v2.1	0.274	no	no	no	yes
SoffiXsponR570.08Dg105400.v2.1	0.274	no	no	no	yes
SoffiXsponR570.05Dg136800.v2.1	0.273	no	no	no	yes
SoffiXsponR570.01Bg355900.v2.1	0.273	no	no	no	yes
SoffiXsponR570.10os2g002100.v2.1	0.272	no	no	no	yes
SoffiXsponR570.5_9Ag396700.v2.1	0.272	no	no	no	yes
SoffiXsponR570.02Dg242800.v2.1	0.271	no	no	no	yes
SoffiXsponR570.6_9Ag006800.v2.1	0.271	no	no	no	yes
SoffiXsponR570.05Eg245100.v2.1	0.271	no	no	no	yes
SoffiXsponR570.08Eg143200.v2.1	0.271	no	no	no	yes
SoffiXsponR570.02Fg067000.v2.1	0.27	no	no	no	yes
SoffiXsponR570.7_10Ag080600.v2.1	0.269	no	no	no	yes
SoffiXsponR570.05Bg165300.v2.1	0.269	no	no	no	yes
SoffiXsponR570.05Ag282100.v2.1	0.269	no	no	no	yes
SoffiXsponR570.5_9Ag411000.v2.1	0.268	no	no	no	yes
SoffiXsponR570.05Bg202800.v2.1	0.268	no	no	no	yes
SoffiXsponR570.05Dg292700.v2.1	0.268	no	no	no	yes
SoffiXsponR570.03Fg050900.v2.1	0.267	no	no	no	yes
SoffiXsponR570.02Gg228600.v2.1	0.267	no	no	no	yes
SoffiXsponR570.03Fg153900.v2.1	0.267	no	no	no	yes
SoffiXsponR570.07Cg071200.v2.1	0.267	no	no	no	yes
SoffiXsponR570.8_5Ag009200.v2.1	0.266	no	no	no	yes
SoffiXsponR570.01Bg305000.v2.1	0.266	no	no	no	yes
SoffiXsponR570.02Cg071800.v2.1	0.266	no	no	no	yes
SoffiXsponR570.07Ag191300.v2.1	0.266	no	no	no	yes
SoffiXsponR570.07Bg131900.v2.1	0.265	no	no	no	yes
SoffiXsponR570.03Bg118900.v2.1	0.265	no	no	no	yes
SoffiXsponR570.8_5Ag216000.v2.1	0.265	no	no	no	yes
SoffiXsponR570.9os1g053500.v2.1	0.263	no	no	no	yes
SoffiXsponR570.6_9Ag285300.v2.1	0.263	no	no	no	yes
SoffiXsponR570.02Eg283300.v2.1	0.263	no	yes	no	yes
SoffiXsponR570.7os1g060400.v2.1	0.263	no	no	no	yes
SoffiXsponR570.10Cg028600.v2.1	0.262	no	no	no	yes
SoffiXsponR570.6_9Ag024200.v2.1	0.262	no	yes	yes	no
SoffiXsponR570.10Eg117900.v2.1	0.261	no	no	no	yes
SoffiXsponR570.02Dg370400.v2.1	0.261	no	no	no	yes
SoffiXsponR570.05Bg021900.v2.1	0.26	no	no	no	yes
SoffiXsponR570.02Gg205500.v2.1	0.26	no	no	no	yes
SoffiXsponR570.01Bg462200.v2.1	0.259	no	no	no	yes
SoffiXsponR570.01Bg421100.v2.1	0.258	no	no	no	yes
SoffiXsponR570.04Gg085600.v2.1	0.257	no	no	no	yes
SoffiXsponR570.8_10Ag206700.v2.1	0.257	no	no	no	yes
SoffiXsponR570.08Ag020100.v2.1	0.257	no	no	no	yes
SoffiXsponR570.01Eg198900.v2.1	0.257	no	yes	no	yes
SoffiXsponR570.08Eg055300.v2.1	0.256	no	no	no	yes
SoffiXsponR570.05Dg312700.v2.1	0.256	no	no	no	yes
SoffiXsponR570.01Bg260700.v2.1	0.256	no	no	no	yes
SoffiXsponR570.10us89g027000.v2.1	0.255	no	no	no	yes
SoffiXsponR570.01Fg217700.v2.1	0.254	no	no	no	yes
SoffiXsponR570.05Fg093400.v2.1	0.252	no	no	no	yes
SoffiXsponR570.07Eg070400.v2.1	0.252	no	no	no	yes
SoffiXsponR570.08Eg048100.v2.1	0.252	no	no	no	yes
SoffiXsponR570.02Bg322900.v2.1	0.251	no	no	no	yes
SoffiXsponR570.02Eg302300.v2.1	0.251	no	no	no	yes
SoffiXsponR570.05Bg272100.v2.1	0.251	no	no	no	yes
SoffiXsponR570.08Cg110700.v2.1	0.25	no	no	no	yes
SoffiXsponR570.5_9Ag390400.v2.1	0.25	no	no	no	yes
SoffiXsponR570.05Ag108200.v2.1	0.25	no	no	no	yes
SoffiXsponR570.04Bg122600.v2.1	0.249	no	no	no	yes
SoffiXsponR570.02Gg075700.v2.1	0.248	no	no	no	yes
SoffiXsponR570.7_10Ag078800.v2.1	0.247	yes	yes	no	yes
SoffiXsponR570.04Fg152400.v2.1	0.247	no	no	no	yes
SoffiXsponR570.05Ag382100.v2.1	0.246	no	no	no	yes
SoffiXsponR570.7_10Ag263900.v2.1	0.246	no	no	no	yes
SoffiXsponR570.10Eg083800.v2.1	0.246	no	no	no	yes
SoffiXsponR570.09Eg021100.v2.1	0.245	no	no	no	yes
SoffiXsponR570.10Bg080500.v2.1	0.245	no	no	no	yes
SoffiXsponR570.8_10Ag216400.v2.1	0.243	no	no	no	yes
SoffiXsponR570.06Cg027900.v2.1	0.243	no	no	no	yes
SoffiXsponR570.07Dg227300.v2.1	0.242	no	no	no	yes
SoffiXsponR570.06Cg066500.v2.1	0.242	no	no	no	yes
SoffiXsponR570.02Eg354400.v2.1	0.241	no	no	no	yes
SoffiXsponR570.10Bg199500.v2.1	0.241	no	no	no	yes
SoffiXsponR570.5_9Ag226000.v2.1	0.24	no	no	no	yes
SoffiXsponR570.03Ag092800.v2.1	0.237	no	no	no	yes
SoffiXsponR570.03Eg072300.v2.1	0.237	no	no	no	yes
SoffiXsponR570.10Cg020100.v2.1	0.236	no	no	no	yes
SoffiXsponR570.01Eg295700.v2.1	0.234	no	no	no	yes
SoffiXsponR570.02Cg190000.v2.1	0.234	no	no	no	yes
SoffiXsponR570.8_10Ag212700.v2.1	0.232	no	no	no	yes
SoffiXsponR570.02Dg090600.v2.1	0.232	no	no	no	yes
SoffiXsponR570.07Cg030600.v2.1	0.23	no	no	no	yes
SoffiXsponR570.05Eg273600.v2.1	0.23	no	no	no	yes
SoffiXsponR570.04Gg019000.v2.1	0.229	no	no	no	yes
SoffiXsponR570.05Gg019400.v2.1	0.229	no	no	no	yes
SoffiXsponR570.05Eg070100.v2.1	0.229	no	no	no	yes
SoffiXsponR570.5_9Ag469400.v2.1	0.229	no	no	no	yes
SoffiXsponR570.04Eg028600.v2.1	0.229	no	no	no	yes
SoffiXsponR570.06Fg021700.v2.1	0.229	no	no	no	yes
SoffiXsponR570.05Ag360400.v2.1	0.228	no	no	no	yes
SoffiXsponR570.01Ag362000.v2.1	0.228	no	no	no	yes
SoffiXsponR570.10Bg110400.v2.1	0.228	no	no	no	yes
SoffiXsponR570.01Dg388200.v2.1	0.227	no	no	no	yes
SoffiXsponR570.01Bg062400.v2.1	0.226	no	no	yes	yes
SoffiXsponR570.07Dg054500.v2.1	0.225	no	no	no	yes
SoffiXsponR570.02Fg131600.v2.1	0.223	no	no	no	yes
SoffiXsponR570.03Cg166300.v2.1	0.223	no	no	no	yes
SoffiXsponR570.02Bg059800.v2.1	0.223	no	no	no	yes
SoffiXsponR570.04Cg093000.v2.1	0.222	no	no	no	yes
SoffiXsponR570.10Dg089200.v2.1	0.221	no	no	no	yes
SoffiXsponR570.06Gg009300.v2.1	0.22	no	no	no	yes
SoffiXsponR570.04Fg033300.v2.1	0.218	no	no	no	yes
SoffiXsponR570.01Dg189800.v2.1	0.217	no	no	no	yes
SoffiXsponR570.01Ag232300.v2.1	0.215	no	no	no	yes
SoffiXsponR570.07Bg049000.v2.1	0.215	no	no	no	yes
SoffiXsponR570.02Bg395200.v2.1	0.215	no	no	no	yes
SoffiXsponR570.8_10Ag030700.v2.1	0.212	no	no	no	yes
SoffiXsponR570.07Eg012300.v2.1	0.212	no	no	no	yes
SoffiXsponR570.03Cg134100.v2.1	0.211	no	no	no	yes
SoffiXsponR570.6_9Ag134900.v2.1	0.21	no	no	no	yes
SoffiXsponR570.10Dg006100.v2.1	0.21	no	yes	no	no
SoffiXsponR570.08Bg163500.v2.1	0.209	no	no	no	yes
SoffiXsponR570.01Bg006200.v2.1	0.208	no	no	no	yes
SoffiXsponR570.07Dg172200.v2.1	0.207	no	no	no	yes
SoffiXsponR570.02Eg354000.v2.1	0.206	no	yes	yes	no
SoffiXsponR570.07Dg200300.v2.1	0.205	no	no	no	yes
SoffiXsponR570.05Eg056000.v2.1	0.205	no	no	no	yes
SoffiXsponR570.01Cg182300.v2.1	0.204	no	no	no	yes
SoffiXsponR570.02Fg131900.v2.1	0.203	no	no	no	yes
SoffiXsponR570.04Ag129700.v2.1	0.203	no	no	no	yes
SoffiXsponR570.04Eg078500.v2.1	0.203	no	no	no	yes
SoffiXsponR570.05Eg327200.v2.1	0.202	no	no	no	yes
SoffiXsponR570.07Eg224400.v2.1	0.202	no	no	no	yes
SoffiXsponR570.08Cg014600.v2.1	0.201	no	no	no	yes
SoffiXsponR570.01Bg145900.v2.1	0.2	no	no	no	yes
SoffiXsponR570.09Bg102500.v2.1	0.199	no	no	no	yes
SoffiXsponR570.1Z143000.v2.1	0.199	no	no	no	yes
SoffiXsponR570.8_5Ag045500.v2.1	0.197	no	no	no	yes
SoffiXsponR570.7_10Ag011400.v2.1	0.195	yes	yes	no	yes
SoffiXsponR570.03Dg045800.v2.1	0.194	no	no	no	yes
SoffiXsponR570.10Fg004000.v2.1	0.192	no	no	no	yes
SoffiXsponR570.10Fg062900.v2.1	0.191	yes	yes	no	no
SoffiXsponR570.09Cg065300.v2.1	0.19	no	no	no	yes
SoffiXsponR570.03Eg196400.v2.1	0.189	no	no	no	yes
SoffiXsponR570.10Bg020600.v2.1	0.187	no	no	no	yes
SoffiXsponR570.05Fg146200.v2.1	0.186	no	no	no	yes
SoffiXsponR570.05Bg074000.v2.1	0.186	no	no	no	yes
SoffiXsponR570.02Cg227300.v2.1	0.186	no	no	no	yes
SoffiXsponR570.02Cg292400.v2.1	0.186	no	no	no	yes
SoffiXsponR570.02Fg072800.v2.1	0.185	no	no	no	yes
SoffiXsponR570.9us90g046200.v2.1	0.184	no	yes	no	yes
SoffiXsponR570.8_10Ag225600.v2.1	0.182	no	no	no	yes
SoffiXsponR570.02Eg362400.v2.1	0.181	no	no	no	yes
SoffiXsponR570.7_10Ag077500.v2.1	0.18	yes	yes	no	yes
SoffiXsponR570.03Gg070600.v2.1	0.18	no	no	yes	yes
SoffiXsponR570.10Cg110600.v2.1	0.178	no	no	no	yes
SoffiXsponR570.01Fg157300.v2.1	0.178	no	no	no	yes
SoffiXsponR570.10Dg148500.v2.1	0.178	no	no	no	yes
SoffiXsponR570.09Bg120200.v2.1	0.177	no	no	no	yes
SoffiXsponR570.01Bg061900.v2.1	0.176	no	no	no	yes
SoffiXsponR570.01Ag021800.v2.1	0.175	no	no	no	yes
SoffiXsponR570.02Bg031600.v2.1	0.175	no	no	no	yes
SoffiXsponR570.02Cg206200.v2.1	0.174	no	no	no	yes
SoffiXsponR570.05Fg034500.v2.1	0.174	no	no	no	yes
SoffiXsponR570.8_5Ag195700.v2.1	0.174	no	no	no	yes
SoffiXsponR570.04Gg079500.v2.1	0.172	no	no	no	yes
SoffiXsponR570.04Cg012900.v2.1	0.171	no	no	no	yes
SoffiXsponR570.10Fg032000.v2.1	0.171	no	no	no	yes
SoffiXsponR570.08Dg057900.v2.1	0.17	no	no	no	yes
SoffiXsponR570.09Eg019600.v2.1	0.17	no	no	no	yes
SoffiXsponR570.04Cg216300.v2.1	0.167	no	no	no	yes
SoffiXsponR570.09Cg110400.v2.1	0.167	no	no	no	yes
SoffiXsponR570.02Ag011100.v2.1	0.166	no	no	no	yes
SoffiXsponR570.8_5Ag247000.v2.1	0.165	no	no	no	yes
SoffiXsponR570.02Dg065400.v2.1	0.165	no	no	no	yes
SoffiXsponR570.01Fg268200.v2.1	0.164	no	no	no	yes
SoffiXsponR570.06Fg146200.v2.1	0.162	no	no	no	yes
SoffiXsponR570.07Ag231800.v2.1	0.161	no	no	no	yes
SoffiXsponR570.02Eg306100.v2.1	0.159	no	no	no	yes
SoffiXsponR570.05Fg014600.v2.1	0.159	no	no	no	yes
SoffiXsponR570.7os1g049400.v2.1	0.158	no	no	no	yes
SoffiXsponR570.02Eg257000.v2.1	0.158	no	no	no	yes
SoffiXsponR570.08Cg108100.v2.1	0.158	no	no	no	yes
SoffiXsponR570.6us88g064800.v2.1	0.158	no	no	no	yes
SoffiXsponR570.01Ag433600.v2.1	0.156	no	no	no	yes
SoffiXsponR570.05Gg047300.v2.1	0.153	no	no	no	yes
SoffiXsponR570.10Cg012700.v2.1	0.153	no	no	no	yes
SoffiXsponR570.05Cg035600.v2.1	0.152	no	no	no	yes
SoffiXsponR570.8_10Ag074100.v2.1	0.151	no	no	no	yes
SoffiXsponR570.09Ag048100.v2.1	0.15	no	no	no	yes
SoffiXsponR570.6_9Ag035700.v2.1	0.148	no	yes	no	no
SoffiXsponR570.03Dg332200.v2.1	0.148	no	no	no	yes
SoffiXsponR570.10Dg111300.v2.1	0.145	no	no	no	yes
SoffiXsponR570.01Fg006700.v2.1	0.144	no	no	no	yes
SoffiXsponR570.08Bg044100.v2.1	0.142	no	no	no	yes
SoffiXsponR570.02Cg373700.v2.1	0.141	no	no	no	yes
SoffiXsponR570.05Bg072500.v2.1	0.14	no	no	no	yes
SoffiXsponR570.05Ag145300.v2.1	0.14	no	no	no	yes
SoffiXsponR570.06Ag201200.v2.1	0.14	no	no	no	yes
SoffiXsponR570.03Bg174300.v2.1	0.139	no	no	no	yes
SoffiXsponR570.01Dg394700.v2.1	0.138	no	no	no	yes
SoffiXsponR570.02Gg072300.v2.1	0.138	no	no	no	yes
SoffiXsponR570.09Bg014400.v2.1	0.137	no	no	no	yes
SoffiXsponR570.03Fg012800.v2.1	0.133	no	no	no	yes
SoffiXsponR570.03Cg155900.v2.1	0.132	no	no	no	yes
SoffiXsponR570.03Ag307900.v2.1	0.128	no	no	no	yes
SoffiXsponR570.1Z051800.v2.1	0.124	no	no	no	yes
SoffiXsponR570.04Dg101000.v2.1	0.123	no	no	no	yes
SoffiXsponR570.10us89g068200.v2.1	0.123	no	no	no	yes
SoffiXsponR570.02Ag406900.v2.1	0.122	no	no	no	yes
SoffiXsponR570.8_10Ag210000.v2.1	0.12	no	no	no	yes
SoffiXsponR570.01Fg095900.v2.1	0.118	no	no	no	yes
SoffiXsponR570.03Gg051500.v2.1	0.116	no	no	no	yes
SoffiXsponR570.04Eg077500.v2.1	0.114	no	no	no	yes
SoffiXsponR570.03Eg165500.v2.1	0.113	no	no	no	yes
SoffiXsponR570.3os4g005000.v2.1	0.112	no	no	no	yes
SoffiXsponR570.1Z029700.v2.1	0.109	no	no	no	yes
SoffiXsponR570.06Gg013500.v2.1	0.109	no	no	no	yes
SoffiXsponR570.02Gg055600.v2.1	0.104	no	no	no	yes
SoffiXsponR570.10us89g022000.v2.1	0.098	no	yes	no	yes
SoffiXsponR570.05Ag320300.v2.1	0.095	no	no	no	yes
SoffiXsponR570.03Dg019400.v2.1	0.094	no	no	no	yes
SoffiXsponR570.10Bg153900.v2.1	0.093	no	no	no	yes
SoffiXsponR570.09Cg002400.v2.1	0.091	no	no	no	yes
SoffiXsponR570.02Ag221800.v2.1	0.086	no	no	no	yes
SoffiXsponR570.02Bg348200.v2.1	0.08	no	no	no	yes
SoffiXsponR570.02Eg116300.v2.1	0.071	no	no	no	yes
SoffiXsponR570.08Bg035900.v2.1	0.065	no	no	no	yes
