run	bioproject	genotype_clean	organism_sra	species_group	divergence_tier	tissue	instrument	lib_type	qc_flags	qc_pass	percent_mapped	num_mapped	genes_detected_gt0	genes_detected_ge1	tx_detected_gt0	pct_decoy	reads_raw	fastqc_raw_avg_read_length
ERR5881912	PRJEB44480	Q135	Saccharum hybrid cultivar	Saccharum hybrid cultivar (non-R570)	1	Stem Internode	Illumina NovaSeq 6000	ISR		PASS	59.79304408852677	20243246	105147	56838	127743	14.5423	68059566	101.0
ERR5880619	PRJEB44480	Q135	Saccharum hybrid cultivar	Saccharum hybrid cultivar (non-R570)	1	Stem Internode	Illumina NovaSeq 6000	ISR		PASS	66.4213370721192	23530027	108638	59634	133925	11.4091	71027494	101.0
ERR5881901	PRJEB44480	SRA1	Saccharum hybrid cultivar	Saccharum hybrid cultivar (non-R570)	1	Stem Internode	Illumina NovaSeq 6000	ISR		PASS	51.46861726423653	16691410	106780	58103	129045	17.5494	65250582	101.0
ERR5881831	PRJEB44480	Q238	Saccharum hybrid cultivar	Saccharum hybrid cultivar (non-R570)	1	Stem Internode	Illumina NovaSeq 6000	ISR		PASS	39.50002694249834	12388429	95726	48937	112460	20.8207	63152408	101.0
ERR5881820	PRJEB44480	Q135	Saccharum hybrid cultivar	Saccharum hybrid cultivar (non-R570)	1	Stem Internode	Illumina NovaSeq 6000	ISR		PASS	51.73767626878065	19341482	107278	54862	129929	17.7721	74954116	101.0
ERR5881663	PRJEB44480	SRA2	Saccharum hybrid cultivar	Saccharum hybrid cultivar (non-R570)	1	Stem Internode	Illumina NovaSeq 6000	ISR		PASS	74.12725260824483	24386941	102824	57517	127025	9.8653	65990214	101.0
ERR5881618	PRJEB44480	Q186	Saccharum hybrid cultivar	Saccharum hybrid cultivar (non-R570)	1	Stem Internode	Illumina NovaSeq 6000	ISR		PASS	51.354530347987605	16336384	102733	53137	123249	16.7544	63987526	101.0
ERR5881616	PRJEB44480	SRA3	Saccharum hybrid cultivar	Saccharum hybrid cultivar (non-R570)	1	Stem Internode	Illumina NovaSeq 6000	ISR		PASS	59.49195997844878	22949628	107129	57321	131725	15.0771	77433968	101.0
ERR5881604	PRJEB44480	Q124	Saccharum hybrid cultivar	Saccharum hybrid cultivar (non-R570)	1	Stem Internode	Illumina NovaSeq 6000	ISR		PASS	67.74294909857977	24335849	111155	59259	136740	13.3354	72116634	101.0
ERR5881566	PRJEB44480	SRA3	Saccharum hybrid cultivar	Saccharum hybrid cultivar (non-R570)	1	Stem Internode	Illumina NovaSeq 6000	ISR		PASS	48.53011202063327	15766522	101745	54026	122031	21.6937	65731990	101.0
ERR5881560	PRJEB44480	SRA8	Saccharum hybrid cultivar	Saccharum hybrid cultivar (non-R570)	1	Stem Internode	Illumina NovaSeq 6000	ISR		PASS	50.67655147176372	17184261	108859	54524	130254	19.9755	68237146	101.0
ERR5881556	PRJEB44480	Q238	Saccharum hybrid cultivar	Saccharum hybrid cultivar (non-R570)	1	Stem Internode	Illumina NovaSeq 6000	ISR		PASS	54.45660825367956	17660870	101484	53629	123127	14.7641	65183646	101.0
ERR5881478	PRJEB44480	KQ228	Saccharum hybrid cultivar	Saccharum hybrid cultivar (non-R570)	1	Stem Internode	Illumina NovaSeq 6000	ISR		PASS	60.97741477083376	19303658	108204	55413	130696	15.999	63516146	101.0
ERR5881408	PRJEB44480	SRA5	Saccharum hybrid cultivar	Saccharum hybrid cultivar (non-R570)	1	Stem Internode	Illumina NovaSeq 6000	ISR		PASS	66.71313829797154	20389836	105889	57532	129131	12.0951	61376352	101.0
ERR5881329	PRJEB44480	SRA1	Saccharum hybrid cultivar	Saccharum hybrid cultivar (non-R570)	1	Stem Internode	Illumina NovaSeq 6000	ISR		PASS	63.49633033215395	18839786	102941	57603	125788	13.4427	59545458	101.0
ERR5880736	PRJEB44480	SRA2	Saccharum hybrid cultivar	Saccharum hybrid cultivar (non-R570)	1	Stem Internode	Illumina NovaSeq 6000	ISR		PASS	72.04656618461487	23793189	104058	58227	128438	10.9294	66260138	101.0
ERR5880620	PRJEB44480	Q253	Saccharum hybrid cultivar	Saccharum hybrid cultivar (non-R570)	1	Stem Internode	Illumina NovaSeq 6000	ISR		PASS	42.335108756629566	14226610	106451	53423	125544	23.8733	67527482	101.0
ERR5881975	PRJEB44480	SRA5	Saccharum hybrid cultivar	Saccharum hybrid cultivar (non-R570)	1	Stem Internode	Illumina NovaSeq 6000	ISR		PASS	62.630226837560734	20184467	104612	54211	126273	13.045	64792956	101.0
ERR5882600	PRJEB44480	SRA3	Saccharum hybrid cultivar	Saccharum hybrid cultivar (non-R570)	1	Stem Internode	Illumina NovaSeq 6000	ISR		PASS	66.94113348791653	24396184	105381	56012	129624	11.6678	73055412	101.0
ERR5882599	PRJEB44480	Q155	Saccharum hybrid cultivar	Saccharum hybrid cultivar (non-R570)	1	Stem Internode	Illumina NovaSeq 6000	ISR		PASS	46.59376150359324	16378667	106775	52072	125766	22.3126	70541218	101.0
ERR5882378	PRJEB44480	Q151	Saccharum hybrid cultivar	Saccharum hybrid cultivar (non-R570)	1	Stem Internode	Illumina NovaSeq 6000	ISR		PASS	65.08811254065698	22197797	109957	56270	133106	12.0444	68543948	101.0
ERR5882032	PRJEB44480	Q200	Saccharum hybrid cultivar	Saccharum hybrid cultivar (non-R570)	1	Stem Internode	Illumina NovaSeq 6000	ISR		PASS	57.34020674413777	21314188	107405	56292	130676	15.2124	74436286	101.0
ERR5883996	PRJEB44480	SRA8	Saccharum hybrid cultivar	Saccharum hybrid cultivar (non-R570)	1	Stem Internode	Illumina NovaSeq 6000	ISR		PASS	60.69514314610666	22968023	107962	57205	132419	13.5005	76247260	101.0
ERR5883995	PRJEB44480	KQB09-20432	Saccharum hybrid cultivar	Saccharum hybrid cultivar (non-R570)	1	Stem Internode	Illumina NovaSeq 6000	ISR		PASS	65.28995159750792	25342123	107082	56000	130951	13.9753	77780894	101.0
ERR5883918	PRJEB44480	Q157	Saccharum hybrid cultivar	Saccharum hybrid cultivar (non-R570)	1	Stem Internode	Illumina NovaSeq 6000	ISR		PASS	70.58981917107889	23550119	113433	61524	139508	11.5065	66769804	101.0
ERR5883771	PRJEB44480	Q240	Saccharum hybrid cultivar	Saccharum hybrid cultivar (non-R570)	1	Stem Internode	Illumina NovaSeq 6000	ISR		PASS	67.69454785950609	22493740	110629	55812	134145	13.0724	66777688	101.0
ERR5883704	PRJEB44480	Q253	Saccharum hybrid cultivar	Saccharum hybrid cultivar (non-R570)	1	Stem Internode	Illumina NovaSeq 6000	ISR		PASS	70.91400377215025	29791719	110854	58374	137467	11.5171	84630452	101.0
ERR5883695	PRJEB44480	Q155	Saccharum hybrid cultivar	Saccharum hybrid cultivar (non-R570)	1	Stem Internode	Illumina NovaSeq 6000	ISR		PASS	40.57279218712222	12679723	105299	49095	123857	25.1477	63114730	101.0
ERR5883673	PRJEB44480	KQB09-20432	Saccharum hybrid cultivar	Saccharum hybrid cultivar (non-R570)	1	Stem Internode	Illumina NovaSeq 6000	ISR		PASS	60.60347062901601	22488788	111737	55419	134261	17.1106	74372296	101.0
ERR5883634	PRJEB44480	Q241	Saccharum hybrid cultivar	Saccharum hybrid cultivar (non-R570)	1	Stem Internode	Illumina NovaSeq 6000	ISR		PASS	59.887927357719086	19444762	108928	55067	131788	15.308	65195330	101.0
ERR5883596	PRJEB44480	KQB09-20432	Saccharum hybrid cultivar	Saccharum hybrid cultivar (non-R570)	1	Stem Internode	Illumina NovaSeq 6000	ISR		PASS	71.08968537578816	24832997	104122	56325	128375	10.7741	70208596	101.0
ERR5883268	PRJEB44480	SRA8	Saccharum hybrid cultivar	Saccharum hybrid cultivar (non-R570)	1	Stem Internode	Illumina NovaSeq 6000	ISR		PASS	64.46396032413863	18707157	104368	53338	125988	13.3741	58361908	101.0
ERR5883265	PRJEB44480	Q241	Saccharum hybrid cultivar	Saccharum hybrid cultivar (non-R570)	1	Stem Internode	Illumina NovaSeq 6000	ISR		PASS	69.2941083415901	22208391	105163	57941	129373	11.031	64285044	101.0
ERR5883203	PRJEB44480	MQ239	Saccharum hybrid cultivar	Saccharum hybrid cultivar (non-R570)	1	Stem Internode	Illumina NovaSeq 6000	ISR		PASS	59.30182964970224	18510737	110753	57110	134672	15.0105	62502938	101.0
ERR5883134	PRJEB44480	Q241	Saccharum hybrid cultivar	Saccharum hybrid cultivar (non-R570)	1	Stem Internode	Illumina NovaSeq 6000	ISR		PASS	56.85618333545681	19037016	108014	53675	128985	17.1998	67253992	101.0
ERR5884045	PRJEB44480	Q138	Saccharum hybrid cultivar	Saccharum hybrid cultivar (non-R570)	1	Stem Internode	Illumina NovaSeq 6000	ISR		PASS	55.88681036017897	22941463	113560	55095	138641	16.7493	82282524	101.0
ERR5884044	PRJEB44480	KQ228	Saccharum hybrid cultivar	Saccharum hybrid cultivar (non-R570)	1	Stem Internode	Illumina NovaSeq 6000	ISR		PASS	70.45637875446971	25041585	108839	60005	135876	10.4605	71197488	101.0
ERR5884039	PRJEB44480	KQ236	Saccharum hybrid cultivar	Saccharum hybrid cultivar (non-R570)	1	Stem Internode	Illumina NovaSeq 6000	ISR		PASS	54.58201670913311	18913797	107186	55847	130105	17.1915	69509896	101.0
ERR5884038	PRJEB44480	Q124	Saccharum hybrid cultivar	Saccharum hybrid cultivar (non-R570)	1	Stem Internode	Illumina NovaSeq 6000	ISR		PASS	68.25590807588911	25804688	109268	58962	134915	11.5384	76003658	101.0
ERR5884037	PRJEB44480	Q208	Saccharum hybrid cultivar	Saccharum hybrid cultivar (non-R570)	1	Stem Internode	Illumina NovaSeq 6000	ISR		PASS	66.72910479418664	26149887	107759	56953	132838	13.2019	78641974	101.0
ERR5884032	PRJEB44480	Q238	Saccharum hybrid cultivar	Saccharum hybrid cultivar (non-R570)	1	Stem Internode	Illumina NovaSeq 6000	ISR		PASS	48.96023778312787	15670035	107069	51439	127615	19.7643	64200656	101.0
ERR5884031	PRJEB44480	SRA8	Saccharum hybrid cultivar	Saccharum hybrid cultivar (non-R570)	1	Stem Internode	Illumina NovaSeq 6000	ISR		PASS	63.651307426388215	23371228	111868	54748	136069	15.409	73732814	101.0
ERR5884028	PRJEB44480	QN05-1743	Saccharum hybrid cultivar	Saccharum hybrid cultivar (non-R570)	1	Stem Internode	Illumina NovaSeq 6000	ISR		PASS	65.12616234790717	21220740	108083	56280	131063	14.9148	65338868	101.0
ERR5884019	PRJEB44480	Q253	Saccharum hybrid cultivar	Saccharum hybrid cultivar (non-R570)	1	Stem Internode	Illumina NovaSeq 6000	ISR		PASS	37.22580613051261	8676203	94799	43322	108488	31.1533	47958780	101.0
ERR5882631	PRJEB44480	Q151	Saccharum hybrid cultivar	Saccharum hybrid cultivar (non-R570)	1	Stem Internode	Illumina NovaSeq 6000	ISR		PASS	69.8311573703362	23132927	102502	55122	125686	9.7658	66830870	101.0
ERR5882606	PRJEB44480	SRA5	Saccharum hybrid cultivar	Saccharum hybrid cultivar (non-R570)	1	Stem Internode	Illumina NovaSeq 6000	ISR		PASS	38.76405883111341	12216002	103426	51849	120077	23.3695	63399486	101.0
ERR5882603	PRJEB44480	SRA2	Saccharum hybrid cultivar	Saccharum hybrid cultivar (non-R570)	1	Stem Internode	Illumina NovaSeq 6000	ISR		PASS	49.43978095783499	18026021	105013	54533	126455	18.8897	73376618	101.0
ERR5884014	PRJEB44480	Q151	Saccharum hybrid cultivar	Saccharum hybrid cultivar (non-R570)	1	Stem Internode	Illumina NovaSeq 6000	ISR		PASS	66.08639620567475	20531635	108012	53421	130451	13.1536	62430796	101.0
ERR5884013	PRJEB44480	Q237	Saccharum hybrid cultivar	Saccharum hybrid cultivar (non-R570)	1	Stem Internode	Illumina NovaSeq 6000	ISR		PASS	69.79969511210086	22208585	105425	57190	129386	12.5477	63964280	101.0
ERR5884011	PRJEB44480	Q151	Saccharum hybrid cultivar	Saccharum hybrid cultivar (non-R570)	1	Stem Internode	Illumina NovaSeq 6000	ISR		PASS	64.459071512543	23818452	105815	55005	130104	11.8659	74231602	101.0
ERR5884010	PRJEB44480	SRA2	Saccharum hybrid cultivar	Saccharum hybrid cultivar (non-R570)	1	Stem Internode	Illumina NovaSeq 6000	ISR	low_mapping_rate(<30%)	FLAG	25.172976073107993	11091867	77557	10194	85172	43.1451	88239978	101.0
ERR5886312	PRJEB44480	Q240	Saccharum hybrid cultivar	Saccharum hybrid cultivar (non-R570)	1	Stem Internode	Illumina NovaSeq 6000	ISR		PASS	69.36255587113148	24978922	109943	60959	136874	11.617	72135934	101.0
ERR5886291	PRJEB44480	KQ236	Saccharum hybrid cultivar	Saccharum hybrid cultivar (non-R570)	1	Stem Internode	Illumina NovaSeq 6000	ISR		PASS	57.07436512427907	21033908	108891	50453	131157	17.7705	73838818	101.0
ERR5886249	PRJEB44480	Q208	Saccharum hybrid cultivar	Saccharum hybrid cultivar (non-R570)	1	Stem Internode	Illumina NovaSeq 6000	ISR		PASS	57.002312112523136	19690234	112976	58990	137689	17.8861	69146808	101.0
ERR5885438	PRJEB44480	SRA3	Saccharum hybrid cultivar	Saccharum hybrid cultivar (non-R570)	1	Stem Internode	Illumina NovaSeq 6000	ISR		PASS	66.61583087083801	24153075	107201	58103	132769	12.2392	72708330	101.0
ERR5885403	PRJEB44480	KQB09-20432	Saccharum hybrid cultivar	Saccharum hybrid cultivar (non-R570)	1	Stem Internode	Illumina NovaSeq 6000	ISR		PASS	49.71260707310844	17631631	110091	54150	131604	21.5603	71101340	101.0
ERR5885373	PRJEB44480	KQ236	Saccharum hybrid cultivar	Saccharum hybrid cultivar (non-R570)	1	Stem Internode	Illumina NovaSeq 6000	ISR		PASS	61.53738765116445	20638038	108676	56797	132966	14.9154	67157146	101.0
ERR5885040	PRJEB44480	SRA8	Saccharum hybrid cultivar	Saccharum hybrid cultivar (non-R570)	1	Stem Internode	Illumina NovaSeq 6000	ISR		PASS	62.96452876349442	23780396	112642	59083	138025	14.2004	75683426	101.0
ERR5885034	PRJEB44480	MQ239	Saccharum hybrid cultivar	Saccharum hybrid cultivar (non-R570)	1	Stem Internode	Illumina NovaSeq 6000	ISR		PASS	63.14905719971868	22622433	112842	60534	140381	13.4697	71848986	101.0
ERR5884419	PRJEB44480	SRA3	Saccharum hybrid cultivar	Saccharum hybrid cultivar (non-R570)	1	Stem Internode	Illumina NovaSeq 6000	ISR		PASS	60.850720304864524	20123433	110710	58283	134229	16.427	66334456	101.0
ERR5883595	PRJEB44480	Q200	Saccharum hybrid cultivar	Saccharum hybrid cultivar (non-R570)	1	Stem Internode	Illumina NovaSeq 6000	ISR		PASS	57.206816290535066	18314935	111025	58640	132961	16.6522	64232444	101.0
ERR5883420	PRJEB44480	Q135	Saccharum hybrid cultivar	Saccharum hybrid cultivar (non-R570)	1	Stem Internode	Illumina NovaSeq 6000	ISR		PASS	43.05088179682576	14088132	105140	53271	123524	20.6144	65574396	101.0
ERR5883365	PRJEB44480	KQ236	Saccharum hybrid cultivar	Saccharum hybrid cultivar (non-R570)	1	Stem Internode	Illumina NovaSeq 6000	ISR		PASS	62.618469658940626	20010866	103902	54614	126132	13.5635	64197450	101.0
ERR5884117	PRJEB44480	KQ228	Saccharum hybrid cultivar	Saccharum hybrid cultivar (non-R570)	1	Stem Internode	Illumina NovaSeq 6000	ISR		PASS	64.36897541561734	24992311	109951	58763	136626	13.2203	77725398	101.0
ERR5884048	PRJEB44480	SRA2	Saccharum hybrid cultivar	Saccharum hybrid cultivar (non-R570)	1	Stem Internode	Illumina NovaSeq 6000	ISR		PASS	48.383293592503655	16044234	107114	51894	127231	21.4654	66474580	101.0
ERR5884047	PRJEB44480	Q151	Saccharum hybrid cultivar	Saccharum hybrid cultivar (non-R570)	1	Stem Internode	Illumina NovaSeq 6000	ISR		PASS	66.8293106321001	26833111	111423	59786	139232	11.4984	80359172	101.0
ERR5884046	PRJEB44480	MQ239	Saccharum hybrid cultivar	Saccharum hybrid cultivar (non-R570)	1	Stem Internode	Illumina NovaSeq 6000	ISR		PASS	68.53865869380071	22245881	111635	61928	138153	11.588	65440494	101.0
ERR5902760	PRJEB44480	Q124	Saccharum hybrid cultivar	Saccharum hybrid cultivar (non-R570)	1	Stem Internode	Illumina NovaSeq 6000	ISR		PASS	69.17960645223053	24916120	110313	60307	136260	11.4457	72252330	101.0
ERR5902711	PRJEB44480	Q138	Saccharum hybrid cultivar	Saccharum hybrid cultivar (non-R570)	1	Stem Internode	Illumina NovaSeq 6000	ISR		PASS	53.07235676404548	16487530	109359	52822	130999	18.8061	62391118	101.0
ERR5902696	PRJEB44480	Q208	Saccharum hybrid cultivar	Saccharum hybrid cultivar (non-R570)	1	Stem Internode	Illumina NovaSeq 6000	ISR		PASS	68.37341639018626	25766323	105439	55710	129933	12.7	75504600	101.0
ERR5902492	PRJEB44480	Q200	Saccharum hybrid cultivar	Saccharum hybrid cultivar (non-R570)	1	Stem Internode	Illumina NovaSeq 6000	ISR		PASS	65.51363138502806	22485185	105743	55500	129223	12.6208	68865756	101.0
ERR5902481	PRJEB44480	Q200	Saccharum hybrid cultivar	Saccharum hybrid cultivar (non-R570)	1	Stem Internode	Illumina NovaSeq 6000	ISR		PASS	50.676090204753166	17679136	111521	55544	133508	19.9491	70028032	101.0
ERR5900395	PRJEB44480	QN05-1743	Saccharum hybrid cultivar	Saccharum hybrid cultivar (non-R570)	1	Stem Internode	Illumina NovaSeq 6000	ISR		PASS	59.84442472699713	20580676	107254	55053	129640	17.0129	68981512	101.0
ERR5900339	PRJEB44480	Q241	Saccharum hybrid cultivar	Saccharum hybrid cultivar (non-R570)	1	Stem Internode	Illumina NovaSeq 6000	ISR		PASS	53.8090178446753	21151867	105657	53449	128645	16.6859	78995024	101.0
ERR5900087	PRJEB44480	Q237	Saccharum hybrid cultivar	Saccharum hybrid cultivar (non-R570)	1	Stem Internode	Illumina NovaSeq 6000	ISR		PASS	64.47506987345795	22090177	111543	58578	135358	16.8781	68573460	101.0
ERR5900082	PRJEB44480	Q157	Saccharum hybrid cultivar	Saccharum hybrid cultivar (non-R570)	1	Stem Internode	Illumina NovaSeq 6000	ISR		PASS	36.713461656682675	13759712	106651	50964	126080	25.4282	75521260	101.0
ERR5884018	PRJEB44480	Q237	Saccharum hybrid cultivar	Saccharum hybrid cultivar (non-R570)	1	Stem Internode	Illumina NovaSeq 6000	ISR		PASS	66.6768238293529	23621305	111057	54578	135623	14.8705	71074194	101.0
ERR5884017	PRJEB44480	MQ239	Saccharum hybrid cultivar	Saccharum hybrid cultivar (non-R570)	1	Stem Internode	Illumina NovaSeq 6000	ISR		PASS	53.447630943589616	20251511	119511	62917	146225	16.5464	75934864	101.0
ERR5884016	PRJEB44480	Q208	Saccharum hybrid cultivar	Saccharum hybrid cultivar (non-R570)	1	Stem Internode	Illumina NovaSeq 6000	ISR		PASS	60.290000478010505	26474044	109409	51449	133532	16.1561	87906876	101.0
ERR5888697	PRJEB44480	Q186	Saccharum hybrid cultivar	Saccharum hybrid cultivar (non-R570)	1	Stem Internode	Illumina NovaSeq 6000	ISR		PASS	64.10925465432906	23865958	113465	57838	138578	13.3658	74543176	101.0
ERR5886760	PRJEB44480	Q135	Saccharum hybrid cultivar	Saccharum hybrid cultivar (non-R570)	1	Stem Internode	Illumina NovaSeq 6000	ISR		PASS	61.2668197015704	22826894	111573	58650	136983	14.4967	74612098	101.0
ERR5886589	PRJEB44480	Q241	Saccharum hybrid cultivar	Saccharum hybrid cultivar (non-R570)	1	Stem Internode	Illumina NovaSeq 6000	ISR		PASS	55.28061966593866	18700846	108556	53831	130719	17.4132	67929346	101.0
ERR5886322	PRJEB44480	Q237	Saccharum hybrid cultivar	Saccharum hybrid cultivar (non-R570)	1	Stem Internode	Illumina NovaSeq 6000	ISR		PASS	71.57713568804331	22546991	103644	57201	127043	11.2118	63507144	101.0
ERR5906597	PRJEB44480	Q138	Saccharum hybrid cultivar	Saccharum hybrid cultivar (non-R570)	1	Stem Internode	Illumina NovaSeq 6000	ISR		PASS	61.658303823501726	19072186	107878	51717	129416	16.2989	62254462	101.0
ERR5906596	PRJEB44480	Q237	Saccharum hybrid cultivar	Saccharum hybrid cultivar (non-R570)	1	Stem Internode	Illumina NovaSeq 6000	ISR		PASS	69.09113238680227	26170896	109711	55402	134324	14.1213	75952472	101.0
ERR5906595	PRJEB44480	SRA1	Saccharum hybrid cultivar	Saccharum hybrid cultivar (non-R570)	1	Stem Internode	Illumina NovaSeq 6000	ISR		PASS	64.01624102847103	19490765	116528	63809	143330	13.6105	61005106	101.0
ERR5906386	PRJEB44480	Q186	Saccharum hybrid cultivar	Saccharum hybrid cultivar (non-R570)	1	Stem Internode	Illumina NovaSeq 6000	ISR		PASS	59.582652254626176	23208450	111568	56274	135865	14.3742	78035396	101.0
ERR5906385	PRJEB44480	SRA8	Saccharum hybrid cultivar	Saccharum hybrid cultivar (non-R570)	1	Stem Internode	Illumina NovaSeq 6000	ISR		PASS	62.28229223562192	19880953	106383	55861	129305	13.9582	64183724	101.0
ERR5905994	PRJEB44480	KQ236	Saccharum hybrid cultivar	Saccharum hybrid cultivar (non-R570)	1	Stem Internode	Illumina NovaSeq 6000	ISR		PASS	50.723044232920344	16997038	107282	53176	127522	18.7881	67111424	101.0
ERR5903243	PRJEB44480	KQ236	Saccharum hybrid cultivar	Saccharum hybrid cultivar (non-R570)	1	Stem Internode	Illumina NovaSeq 6000	ISR		PASS	68.72071757955757	25511895	108985	57588	134240	11.8682	74587422	101.0
ERR5903230	PRJEB44480	MQ239	Saccharum hybrid cultivar	Saccharum hybrid cultivar (non-R570)	1	Stem Internode	Illumina NovaSeq 6000	ISR		PASS	65.6086164205694	24495490	116165	63547	144161	11.8251	74913848	101.0
ERR5903195	PRJEB44480	QN05-1743	Saccharum hybrid cultivar	Saccharum hybrid cultivar (non-R570)	1	Stem Internode	Illumina NovaSeq 6000	ISR		PASS	30.552088140499183	10256237	96975	38591	112119	28.3629	67258232	101.0
ERR5884190	PRJEB44480	Q238	Saccharum hybrid cultivar	Saccharum hybrid cultivar (non-R570)	1	Stem Internode	Illumina NovaSeq 6000	ISR		PASS	57.814422729595925	18900672	110147	55358	132651	16.5526	65535668	101.0
ERR5884188	PRJEB44480	SRA5	Saccharum hybrid cultivar	Saccharum hybrid cultivar (non-R570)	1	Stem Internode	Illumina NovaSeq 6000	ISR		PASS	50.65966505518272	15210416	106007	54221	127275	19.7743	60435148	101.0
ERR5884118	PRJEB44480	Q135	Saccharum hybrid cultivar	Saccharum hybrid cultivar (non-R570)	1	Stem Internode	Illumina NovaSeq 6000	ISR		PASS	63.083374998172935	24039605	113079	58469	138195	14.0244	76375338	101.0
ERR5902922	PRJEB44480	KQ236	Saccharum hybrid cultivar	Saccharum hybrid cultivar (non-R570)	1	Stem Internode	Illumina NovaSeq 6000	ISR		PASS	73.70940417195845	26473247	106303	57650	131985	10.1921	71907586	101.0
ERR5902818	PRJEB44480	Q151	Saccharum hybrid cultivar	Saccharum hybrid cultivar (non-R570)	1	Stem Internode	Illumina NovaSeq 6000	ISR		PASS	67.16218259967005	27231232	106291	53787	131395	11.8409	81447428	101.0
ERR5902783	PRJEB44480	Q253	Saccharum hybrid cultivar	Saccharum hybrid cultivar (non-R570)	1	Stem Internode	Illumina NovaSeq 6000	ISR		PASS	64.37861411938384	23579514	107972	54367	131835	14.7747	73382734	101.0
ERR5902781	PRJEB44480	Q240	Saccharum hybrid cultivar	Saccharum hybrid cultivar (non-R570)	1	Stem Internode	Illumina NovaSeq 6000	ISR		PASS	59.88116057300103	22581615	106943	56447	130792	14.2648	75602304	101.0
ERR5914380	PRJEB44480	SRA5	Saccharum hybrid cultivar	Saccharum hybrid cultivar (non-R570)	1	Stem Internode	Illumina NovaSeq 6000	ISR		PASS	55.181401936281716	17161826	106209	53659	126085	16.9269	62370014	101.0
ERR5914325	PRJEB44480	SRA1	Saccharum hybrid cultivar	Saccharum hybrid cultivar (non-R570)	1	Stem Internode	Illumina NovaSeq 6000	ISR		PASS	61.77326043835328	19221705	108161	56745	130856	15.3679	62654368	101.0
ERR5914043	PRJEB44480	Q240	Saccharum hybrid cultivar	Saccharum hybrid cultivar (non-R570)	1	Stem Internode	Illumina NovaSeq 6000	ISR		PASS	57.36079527251148	19595927	104221	53345	125970	15.8756	68533966	101.0
ERR5914030	PRJEB44480	Q186	Saccharum hybrid cultivar	Saccharum hybrid cultivar (non-R570)	1	Stem Internode	Illumina NovaSeq 6000	ISR		PASS	51.99917463273673	20457768	111652	52337	133806	18.4143	78870528	101.0
ERR5909881	PRJEB44480	KQ236	Saccharum hybrid cultivar	Saccharum hybrid cultivar (non-R570)	1	Stem Internode	Illumina NovaSeq 6000	ISR		PASS	64.49978235932912	23759105	109801	57321	134727	13.4908	73840314	101.0
ERR5908732	PRJEB44480	Q138	Saccharum hybrid cultivar	Saccharum hybrid cultivar (non-R570)	1	Stem Internode	Illumina NovaSeq 6000	ISR		PASS	61.69038680642143	21276036	108448	58666	132442	13.1919	69518996	101.0
ERR5908673	PRJEB44480	KQB09-20432	Saccharum hybrid cultivar	Saccharum hybrid cultivar (non-R570)	1	Stem Internode	Illumina NovaSeq 6000	ISR		PASS	63.412565391817296	24908547	108634	53669	131371	15.125	79095960	101.0
ERR5906716	PRJEB44480	Q155	Saccharum hybrid cultivar	Saccharum hybrid cultivar (non-R570)	1	Stem Internode	Illumina NovaSeq 6000	ISR		PASS	64.80437828661093	26746678	110917	57821	137147	13.4991	82714180	101.0
ERR5906605	PRJEB44480	Q238	Saccharum hybrid cultivar	Saccharum hybrid cultivar (non-R570)	1	Stem Internode	Illumina NovaSeq 6000	ISR		PASS	59.451101052802414	19912572	109175	55219	131834	16.0009	67186114	101.0
ERR5900056	PRJEB44480	SRA5	Saccharum hybrid cultivar	Saccharum hybrid cultivar (non-R570)	1	Stem Internode	Illumina NovaSeq 6000	ISR		PASS	65.17535254513403	23995648	111675	57557	136820	13.0861	74020306	101.0
ERR5890966	PRJEB44480	Q238	Saccharum hybrid cultivar	Saccharum hybrid cultivar (non-R570)	1	Stem Internode	Illumina NovaSeq 6000	ISR		PASS	65.3560956345673	26601606	109200	56576	135303	12.9762	81557248	101.0
ERR5890843	PRJEB44480	Q200	Saccharum hybrid cultivar	Saccharum hybrid cultivar (non-R570)	1	Stem Internode	Illumina NovaSeq 6000	ISR		PASS	59.108690072463766	19927305	114006	61202	138421	16.057	67531412	101.0
ERR5906601	PRJEB44480	KQB09-20432	Saccharum hybrid cultivar	Saccharum hybrid cultivar (non-R570)	1	Stem Internode	Illumina NovaSeq 6000	ISR		PASS	59.27802583274433	20206221	111601	56275	133574	17.5904	68393442	101.0
ERR5906600	PRJEB44480	SRA2	Saccharum hybrid cultivar	Saccharum hybrid cultivar (non-R570)	1	Stem Internode	Illumina NovaSeq 6000	ISR		PASS	51.61981645636542	16198413	106087	48887	126518	20.5813	63295558	101.0
ERR5906599	PRJEB44480	SRA5	Saccharum hybrid cultivar	Saccharum hybrid cultivar (non-R570)	1	Stem Internode	Illumina NovaSeq 6000	ISR		PASS	53.633615979813285	14980534	105716	54877	125537	17.9878	56016590	101.0
ERR5906598	PRJEB44480	Q155	Saccharum hybrid cultivar	Saccharum hybrid cultivar (non-R570)	1	Stem Internode	Illumina NovaSeq 6000	ISR		PASS	68.86705817150299	25839633	106399	56015	131545	11.6541	75307846	101.0
ERR5919572	PRJEB44480	Q135	Saccharum hybrid cultivar	Saccharum hybrid cultivar (non-R570)	1	Stem Internode	Illumina NovaSeq 6000	ISR		PASS	67.24738421677421	23589566	109570	60384	135470	12.1931	70232372	101.0
ERR5919475	PRJEB44480	Q155	Saccharum hybrid cultivar	Saccharum hybrid cultivar (non-R570)	1	Stem Internode	Illumina NovaSeq 6000	ISR		PASS	66.53551054994422	23352038	109241	57426	134205	13.9434	70404020	101.0
ERR5919417	PRJEB44480	QN05-1743	Saccharum hybrid cultivar	Saccharum hybrid cultivar (non-R570)	1	Stem Internode	Illumina NovaSeq 6000	ISR		PASS	60.064447533408426	22386210	104963	52353	127960	14.0536	74648286	101.0
ERR5919258	PRJEB44480	QN05-1743	Saccharum hybrid cultivar	Saccharum hybrid cultivar (non-R570)	1	Stem Internode	Illumina NovaSeq 6000	ISR		PASS	59.64881306367443	25332054	112871	57251	139407	16.1049	85123582	101.0
ERR5918519	PRJEB44480	SRA1	Saccharum hybrid cultivar	Saccharum hybrid cultivar (non-R570)	1	Stem Internode	Illumina NovaSeq 6000	ISR		PASS	41.853732219214315	12901143	107059	53584	126214	24.1448	62023168	101.0
ERR5918398	PRJEB44480	Q241	Saccharum hybrid cultivar	Saccharum hybrid cultivar (non-R570)	1	Stem Internode	Illumina NovaSeq 6000	ISR		PASS	53.29277781297612	20229664	107532	55715	131862	16.1174	76118528	101.0
ERR5918393	PRJEB44480	SRA1	Saccharum hybrid cultivar	Saccharum hybrid cultivar (non-R570)	1	Stem Internode	Illumina NovaSeq 6000	ISR		PASS	69.76881067989908	23567134	104872	58733	129291	10.8736	67936708	101.0
ERR5918156	PRJEB44480	KQ228	Saccharum hybrid cultivar	Saccharum hybrid cultivar (non-R570)	1	Stem Internode	Illumina NovaSeq 6000	ISR		PASS	62.191430042215416	24668755	113727	54403	138557	15.217	79526358	101.0
ERR5917085	PRJEB44480	Q253	Saccharum hybrid cultivar	Saccharum hybrid cultivar (non-R570)	1	Stem Internode	Illumina NovaSeq 6000	ISR		PASS	51.70952018571787	18707857	107662	54459	129992	19.9859	72579362	101.0
ERR5903127	PRJEB44480	Q186	Saccharum hybrid cultivar	Saccharum hybrid cultivar (non-R570)	1	Stem Internode	Illumina NovaSeq 6000	ISR		PASS	62.07616662863787	20175802	105009	56164	128402	13.3575	65154614	101.0
ERR5903071	PRJEB44480	Q124	Saccharum hybrid cultivar	Saccharum hybrid cultivar (non-R570)	1	Stem Internode	Illumina NovaSeq 6000	ISR		PASS	60.9483914670792	21766599	112602	56264	136179	16.0952	71741098	101.0
ERR5902937	PRJEB44480	KQ228	Saccharum hybrid cultivar	Saccharum hybrid cultivar (non-R570)	1	Stem Internode	Illumina NovaSeq 6000	ISR		PASS	67.83049650447416	22182572	106858	57414	130920	12.2458	65575500	101.0
ERR5917041	PRJEB44480	Q157	Saccharum hybrid cultivar	Saccharum hybrid cultivar (non-R570)	1	Stem Internode	Illumina NovaSeq 6000	ISR		PASS	63.82449316445194	23015125	106532	53965	130320	13.3921	72356954	101.0
ERR5916890	PRJEB44480	MQ239	Saccharum hybrid cultivar	Saccharum hybrid cultivar (non-R570)	1	Stem Internode	Illumina NovaSeq 6000	ISR		PASS	58.649729740158264	21887868	120533	63227	146982	15.1401	74847252	101.0
ERR5916889	PRJEB44480	Q138	Saccharum hybrid cultivar	Saccharum hybrid cultivar (non-R570)	1	Stem Internode	Illumina NovaSeq 6000	ISR		PASS	68.59909761509857	24637097	110306	56907	135167	12.4444	72035818	101.0
ERR5916888	PRJEB44480	Q208	Saccharum hybrid cultivar	Saccharum hybrid cultivar (non-R570)	1	Stem Internode	Illumina NovaSeq 6000	ISR		PASS	49.98125282758375	19780898	109024	53286	130306	21.3362	79345642	101.0
ERR5936526	PRJEB44480	MQ239	Saccharum hybrid cultivar	Saccharum hybrid cultivar (non-R570)	1	Stem Internode	Illumina NovaSeq 6000	ISR		PASS	70.96305633764707	24599765	118834	68216	149341	10.9776	69532422	101.0
ERR5936494	PRJEB44480	QN05-1743	Saccharum hybrid cultivar	Saccharum hybrid cultivar (non-R570)	1	Stem Internode	Illumina NovaSeq 6000	ISR	low_mapping_rate(<30%)	FLAG	24.197388811645176	8919565	98447	50092	113487	31.1605	74553844	101.0
ERR5936077	PRJEB44480	SRA8	Saccharum hybrid cultivar	Saccharum hybrid cultivar (non-R570)	1	Stem Internode	Illumina NovaSeq 6000	ISR		PASS	67.18357162603684	25745657	110063	61911	136694	11.7674	77383910	101.0
ERR5936009	PRJEB44480	SRA2	Saccharum hybrid cultivar	Saccharum hybrid cultivar (non-R570)	1	Stem Internode	Illumina NovaSeq 6000	ISR		PASS	63.69459653603119	23432872	109268	57311	134402	14.2384	73734174	101.0
ERR5935630	PRJEB44480	SRA3	Saccharum hybrid cultivar	Saccharum hybrid cultivar (non-R570)	1	Stem Internode	Illumina NovaSeq 6000	ISR		PASS	52.984208205827	20626801	109867	60020	135112	18.0283	78095694	101.0
ERR5934463	PRJEB44480	Q124	Saccharum hybrid cultivar	Saccharum hybrid cultivar (non-R570)	1	Stem Internode	Illumina NovaSeq 6000	ISR		PASS	68.17562005832455	27464494	113995	59400	140386	13.1653	80773890	101.0
ERR5934461	PRJEB44480	Q138	Saccharum hybrid cultivar	Saccharum hybrid cultivar (non-R570)	1	Stem Internode	Illumina NovaSeq 6000	ISR		PASS	47.81424346710083	15166088	103731	53458	124016	18.2827	63504648	101.0
ERR5934427	PRJEB44480	SRA3	Saccharum hybrid cultivar	Saccharum hybrid cultivar (non-R570)	1	Stem Internode	Illumina NovaSeq 6000	ISR		PASS	56.145830248675374	20590604	109856	56573	132642	17.4837	73573562	101.0
ERR5927883	PRJEB44480	Q151	Saccharum hybrid cultivar	Saccharum hybrid cultivar (non-R570)	1	Stem Internode	Illumina NovaSeq 6000	ISR		PASS	67.02117589628493	26140792	107534	56589	132910	11.0774	78088202	101.0
ERR5906604	PRJEB44480	Q157	Saccharum hybrid cultivar	Saccharum hybrid cultivar (non-R570)	1	Stem Internode	Illumina NovaSeq 6000	ISR		PASS	60.93171000763715	26825543	110792	56614	136502	14.5987	88305914	101.0
ERR5906603	PRJEB44480	MQ239	Saccharum hybrid cultivar	Saccharum hybrid cultivar (non-R570)	1	Stem Internode	Illumina NovaSeq 6000	ISR		PASS	53.50865088394432	18306408	118852	61464	142900	16.9981	68536344	101.0
ERR5906602	PRJEB44480	Q241	Saccharum hybrid cultivar	Saccharum hybrid cultivar (non-R570)	1	Stem Internode	Illumina NovaSeq 6000	ISR		PASS	70.25286900213592	20296122	101914	55880	124266	10.8222	58121644	101.0
ERR5927878	PRJEB44480	SRA3	Saccharum hybrid cultivar	Saccharum hybrid cultivar (non-R570)	1	Stem Internode	Illumina NovaSeq 6000	ISR		PASS	69.80571537438064	25897311	112901	63325	140772	11.0813	74752638	101.0
ERR5927876	PRJEB44480	SRA3	Saccharum hybrid cultivar	Saccharum hybrid cultivar (non-R570)	1	Stem Internode	Illumina NovaSeq 6000	ISR		PASS	43.09439018122333	15932480	107584	54236	129464	23.5015	74173636	101.0
ERR5922114	PRJEB44480	Q253	Saccharum hybrid cultivar	Saccharum hybrid cultivar (non-R570)	1	Stem Internode	Illumina NovaSeq 6000	ISR		PASS	58.57941728620224	21769112	108196	58627	133549	15.0344	74672320	101.0
ERR5922084	PRJEB44480	Q253	Saccharum hybrid cultivar	Saccharum hybrid cultivar (non-R570)	1	Stem Internode	Illumina NovaSeq 6000	ISR		PASS	61.9336229751305	25021764	110114	57830	136247	14.7178	81142370	101.0
ERR5948284	PRJEB44480	Q157	Saccharum hybrid cultivar	Saccharum hybrid cultivar (non-R570)	1	Stem Internode	Illumina NovaSeq 6000	ISR		PASS	54.0169044464365	18044953	104791	55629	126486	15.2153	66979952	101.0
ERR5948280	PRJEB44480	Q155	Saccharum hybrid cultivar	Saccharum hybrid cultivar (non-R570)	1	Stem Internode	Illumina NovaSeq 6000	ISR		PASS	64.60859152611452	23026984	109256	56265	133772	13.0541	71417736	101.0
ERR5948279	PRJEB44480	Q208	Saccharum hybrid cultivar	Saccharum hybrid cultivar (non-R570)	1	Stem Internode	Illumina NovaSeq 6000	ISR		PASS	71.32682156445225	24127475	103711	58996	128425	10.4703	68088368	101.0
ERR5948278	PRJEB44480	SRA8	Saccharum hybrid cultivar	Saccharum hybrid cultivar (non-R570)	1	Stem Internode	Illumina NovaSeq 6000	ISR		PASS	57.90672399603326	23179376	106104	54414	130483	13.3065	80259254	101.0
ERR5948277	PRJEB44480	KQB09-20432	Saccharum hybrid cultivar	Saccharum hybrid cultivar (non-R570)	1	Stem Internode	Illumina NovaSeq 6000	ISR		PASS	64.41499107488812	23671581	114532	59861	140131	14.8222	73688532	101.0
ERR5948275	PRJEB44480	Q200	Saccharum hybrid cultivar	Saccharum hybrid cultivar (non-R570)	1	Stem Internode	Illumina NovaSeq 6000	ISR		PASS	58.56603208881148	21477976	108002	58429	132191	13.9387	73433072	101.0
ERR5948273	PRJEB44480	Q253	Saccharum hybrid cultivar	Saccharum hybrid cultivar (non-R570)	1	Stem Internode	Illumina NovaSeq 6000	ISR		PASS	59.734086577803126	19405612	105810	57149	129149	15.3067	65108154	101.0
ERR5948272	PRJEB44480	Q138	Saccharum hybrid cultivar	Saccharum hybrid cultivar (non-R570)	1	Stem Internode	Illumina NovaSeq 6000	ISR		PASS	69.22922465220861	23858449	106499	57320	130968	11.0947	69021870	101.0
ERR5947711	PRJEB44480	KQ228	Saccharum hybrid cultivar	Saccharum hybrid cultivar (non-R570)	1	Stem Internode	Illumina NovaSeq 6000	ISR		PASS	63.68405050195154	18515832	104239	59364	127772	13.4698	58260760	101.0
ERR5917082	PRJEB44480	KQ228	Saccharum hybrid cultivar	Saccharum hybrid cultivar (non-R570)	1	Stem Internode	Illumina NovaSeq 6000	ISR		PASS	53.9110901193842	17927223	100923	50632	121676	15.4405	67083624	101.0
ERR5917081	PRJEB44480	KQ236	Saccharum hybrid cultivar	Saccharum hybrid cultivar (non-R570)	1	Stem Internode	Illumina NovaSeq 6000	ISR		PASS	39.07049317624907	13080848	100753	49818	119386	22.6543	67408828	101.0
ERR5917042	PRJEB44480	KQB09-20432	Saccharum hybrid cultivar	Saccharum hybrid cultivar (non-R570)	1	Stem Internode	Illumina NovaSeq 6000	ISR		PASS	63.09246468297547	22962447	109677	59168	135058	14.6654	72910004	101.0
ERR5946264	PRJEB44480	Q200	Saccharum hybrid cultivar	Saccharum hybrid cultivar (non-R570)	1	Stem Internode	Illumina NovaSeq 6000	ISR		PASS	66.9017957419818	27776319	113947	63753	142472	12.3685	83312624	101.0
ERR5943506	PRJEB44480	Q138	Saccharum hybrid cultivar	Saccharum hybrid cultivar (non-R570)	1	Stem Internode	Illumina NovaSeq 6000	ISR		PASS	55.48949589768234	20214562	104278	50397	126705	14.728	73162924	101.0
ERR5943487	PRJEB44480	Q238	Saccharum hybrid cultivar	Saccharum hybrid cultivar (non-R570)	1	Stem Internode	Illumina NovaSeq 6000	ISR		PASS	64.09552863873495	26133152	107060	54798	132336	13.3087	81873326	101.0
ERR5943380	PRJEB44480	KQB09-20432	Saccharum hybrid cultivar	Saccharum hybrid cultivar (non-R570)	1	Stem Internode	Illumina NovaSeq 6000	ISR		PASS	51.70445098427008	21957672	111788	53448	135076	21.346	85113084	101.0
ERR5950059	PRJEB44480	Q151	Saccharum hybrid cultivar	Saccharum hybrid cultivar (non-R570)	1	Stem Internode	Illumina NovaSeq 6000	ISR		PASS	71.43180844413781	24904390	110299	60160	136920	10.4696	69790020	101.0
ERR5950057	PRJEB44480	Q151	Saccharum hybrid cultivar	Saccharum hybrid cultivar (non-R570)	1	Stem Internode	Illumina NovaSeq 6000	ISR		PASS	57.39743835733705	19444358	104911	55839	128694	16.072	67904444	101.0
ERR5949402	PRJEB44480	Q253	Saccharum hybrid cultivar	Saccharum hybrid cultivar (non-R570)	1	Stem Internode	Illumina NovaSeq 6000	ISR		PASS	67.113122499442	23218978	110039	60075	135973	13.2076	69356120	101.0
ERR5948708	PRJEB44480	KQ236	Saccharum hybrid cultivar	Saccharum hybrid cultivar (non-R570)	1	Stem Internode	Illumina NovaSeq 6000	ISR		PASS	69.35826363014014	27605132	108447	56018	134869	11.2967	79654908	101.0
ERR5948545	PRJEB44480	Q240	Saccharum hybrid cultivar	Saccharum hybrid cultivar (non-R570)	1	Stem Internode	Illumina NovaSeq 6000	ISR		PASS	67.31848938942811	23787619	109721	58322	135226	13.5113	70751748	101.0
ERR5948456	PRJEB44480	Q238	Saccharum hybrid cultivar	Saccharum hybrid cultivar (non-R570)	1	Stem Internode	Illumina NovaSeq 6000	ISR		PASS	52.171437506411955	18337821	109625	57801	133587	18.1588	70377704	101.0
ERR5948420	PRJEB44480	Q135	Saccharum hybrid cultivar	Saccharum hybrid cultivar (non-R570)	1	Stem Internode	Illumina NovaSeq 6000	ISR		PASS	67.69929438205165	26179177	110503	61784	138123	11.8593	77400572	101.0
ERR5948419	PRJEB44480	Q155	Saccharum hybrid cultivar	Saccharum hybrid cultivar (non-R570)	1	Stem Internode	Illumina NovaSeq 6000	ISR		PASS	66.21857529887518	22905576	106208	57802	131511	12.0469	69258394	101.0
ERR5948388	PRJEB44480	Q138	Saccharum hybrid cultivar	Saccharum hybrid cultivar (non-R570)	1	Stem Internode	Illumina NovaSeq 6000	ISR		PASS	64.94521666732628	26535051	109960	56965	136273	12.4006	81918000	101.0
ERR5927882	PRJEB44480	SRA5	Saccharum hybrid cultivar	Saccharum hybrid cultivar (non-R570)	1	Stem Internode	Illumina NovaSeq 6000	ISR		PASS	59.587007743264195	19680587	108185	59936	132478	14.714	66308550	101.0
ERR5927881	PRJEB44480	Q238	Saccharum hybrid cultivar	Saccharum hybrid cultivar (non-R570)	1	Stem Internode	Illumina NovaSeq 6000	ISR		PASS	71.14986587353032	27664197	108288	56616	134232	11.3995	77878196	101.0
ERR5927880	PRJEB44480	Q135	Saccharum hybrid cultivar	Saccharum hybrid cultivar (non-R570)	1	Stem Internode	Illumina NovaSeq 6000	ISR		PASS	65.85337311808571	27158099	109870	60718	137311	12.2101	82779460	101.0
ERR5948291	PRJEB44480	Q157	Saccharum hybrid cultivar	Saccharum hybrid cultivar (non-R570)	1	Stem Internode	Illumina NovaSeq 6000	ISR		PASS	67.773575061237	22196550	107126	55979	130866	12.81	65692452	101.0
ERR5948290	PRJEB44480	Q138	Saccharum hybrid cultivar	Saccharum hybrid cultivar (non-R570)	1	Stem Internode	Illumina NovaSeq 6000	ISR		PASS	71.9626873378514	25064835	112006	61039	139172	11.283	69728352	101.0
ERR5948286	PRJEB44480	KQB09-20432	Saccharum hybrid cultivar	Saccharum hybrid cultivar (non-R570)	1	Stem Internode	Illumina NovaSeq 6000	ISR		PASS	68.93616085742232	27122867	104203	54850	128767	11.3472	78754954	101.0
ERR5948285	PRJEB44480	SRA1	Saccharum hybrid cultivar	Saccharum hybrid cultivar (non-R570)	1	Stem Internode	Illumina NovaSeq 6000	ISR		PASS	66.16511752034006	24217534	111241	57924	136706	13.7045	73407066	101.0
ERR5952368	PRJEB44480	SRA5	Saccharum hybrid cultivar	Saccharum hybrid cultivar (non-R570)	1	Stem Internode	Illumina NovaSeq 6000	ISR		PASS	56.19895902247477	18675625	105462	55379	128280	14.7316	67287950	101.0
ERR5950935	PRJEB44480	Q157	Saccharum hybrid cultivar	Saccharum hybrid cultivar (non-R570)	1	Stem Internode	Illumina NovaSeq 6000	ISR		PASS	49.54795158610872	14021281	103516	52337	124136	17.062	57230024	101.0
ERR5950928	PRJEB44480	Q241	Saccharum hybrid cultivar	Saccharum hybrid cultivar (non-R570)	1	Stem Internode	Illumina NovaSeq 6000	ISR		PASS	69.63044787092919	23373500	104046	58885	129230	11.2406	67999152	101.0
ERR5950790	PRJEB44480	KQ228	Saccharum hybrid cultivar	Saccharum hybrid cultivar (non-R570)	1	Stem Internode	Illumina NovaSeq 6000	ISR		PASS	67.32227346177044	24428408	108672	59959	134470	12.2899	73479056	101.0
ERR5950738	PRJEB44480	SRA1	Saccharum hybrid cultivar	Saccharum hybrid cultivar (non-R570)	1	Stem Internode	Illumina NovaSeq 6000	ISR		PASS	44.23643366784806	13520501	103667	53034	124676	21.4149	62497930	101.0
ERR5950736	PRJEB44480	Q138	Saccharum hybrid cultivar	Saccharum hybrid cultivar (non-R570)	1	Stem Internode	Illumina NovaSeq 6000	ISR		PASS	56.479809683167574	17522565	102106	54506	124958	15.2753	62599904	101.0
ERR5950735	PRJEB44480	SRA2	Saccharum hybrid cultivar	Saccharum hybrid cultivar (non-R570)	1	Stem Internode	Illumina NovaSeq 6000	ISR		PASS	52.35813422593254	14763998	103223	49662	124276	18.996	57153346	101.0
ERR5950733	PRJEB44480	MQ239	Saccharum hybrid cultivar	Saccharum hybrid cultivar (non-R570)	1	Stem Internode	Illumina NovaSeq 6000	ISR		PASS	65.87580421582493	19401730	112847	65455	139970	13.0162	59410854	101.0
ERR5950732	PRJEB44480	MQ239	Saccharum hybrid cultivar	Saccharum hybrid cultivar (non-R570)	1	Stem Internode	Illumina NovaSeq 6000	ISR		PASS	64.25868862057004	19795299	112775	65997	140168	13.2266	62224882	101.0
ERR5947684	PRJEB44480	SRA2	Saccharum hybrid cultivar	Saccharum hybrid cultivar (non-R570)	1	Stem Internode	Illumina NovaSeq 6000	ISR		PASS	71.28722699724773	26886960	109175	61024	136478	11.3567	75639028	101.0
ERR5947505	PRJEB44480	SRA5	Saccharum hybrid cultivar	Saccharum hybrid cultivar (non-R570)	1	Stem Internode	Illumina NovaSeq 6000	ISR		PASS	65.20441246466167	24354564	107216	57714	132779	12.2772	74831050	101.0
ERR5947504	PRJEB44480	Q135	Saccharum hybrid cultivar	Saccharum hybrid cultivar (non-R570)	1	Stem Internode	Illumina NovaSeq 6000	ISR		PASS	62.24450619990548	22115760	107569	60878	133123	12.8175	71425246	101.0
ERR5950347	PRJEB44480	Q138	Saccharum hybrid cultivar	Saccharum hybrid cultivar (non-R570)	1	Stem Internode	Illumina NovaSeq 6000	ISR		PASS	47.5565111504376	17410054	101984	52480	125045	21.075	73365936	101.0
ERR5950346	PRJEB44480	MQ239	Saccharum hybrid cultivar	Saccharum hybrid cultivar (non-R570)	1	Stem Internode	Illumina NovaSeq 6000	ISR		PASS	50.974466839685775	15248423	110868	57888	134928	18.3358	59872388	101.0
ERR5950344	PRJEB44480	Q208	Saccharum hybrid cultivar	Saccharum hybrid cultivar (non-R570)	1	Stem Internode	Illumina NovaSeq 6000	ISR		PASS	59.511447356658664	21835607	110453	57634	135440	15.4871	73492050	101.0
ERR5950343	PRJEB44480	SRA5	Saccharum hybrid cultivar	Saccharum hybrid cultivar (non-R570)	1	Stem Internode	Illumina NovaSeq 6000	ISR		PASS	53.289049893668285	20525200	109767	58376	134980	16.8153	77105510	101.0
ERR5954123	PRJEB44480	Q155	Saccharum hybrid cultivar	Saccharum hybrid cultivar (non-R570)	1	Stem Internode	Illumina NovaSeq 6000	ISR		PASS	49.899504622442706	16215354	101153	49709	122562	16.89	65646298	101.0
ERR5954121	PRJEB44480	Q200	Saccharum hybrid cultivar	Saccharum hybrid cultivar (non-R570)	1	Stem Internode	Illumina NovaSeq 6000	ISR		PASS	65.4398553719097	21350063	108113	60424	133242	12.6619	65945064	101.0
ERR5954120	PRJEB44480	KQ236	Saccharum hybrid cultivar	Saccharum hybrid cultivar (non-R570)	1	Stem Internode	Illumina NovaSeq 6000	ISR		PASS	62.884566054187985	20239302	106360	56665	130177	13.0632	64931692	101.0
ERR5954119	PRJEB44480	KQ228	Saccharum hybrid cultivar	Saccharum hybrid cultivar (non-R570)	1	Stem Internode	Illumina NovaSeq 6000	ISR		PASS	55.10265670232598	20404392	109030	55837	132790	18.2878	75032818	101.0
ERR5954117	PRJEB44480	QN05-1743	Saccharum hybrid cultivar	Saccharum hybrid cultivar (non-R570)	1	Stem Internode	Illumina NovaSeq 6000	ISR		PASS	72.01102627629056	21226328	105551	59875	130819	11.0364	59474148	101.0
ERR5954116	PRJEB44480	Q186	Saccharum hybrid cultivar	Saccharum hybrid cultivar (non-R570)	1	Stem Internode	Illumina NovaSeq 6000	ISR		PASS	57.917843094155494	18294395	105294	52642	128021	17.4742	64176926	101.0
ERR5954115	PRJEB44480	Q241	Saccharum hybrid cultivar	Saccharum hybrid cultivar (non-R570)	1	Stem Internode	Illumina NovaSeq 6000	ISR		PASS	64.37216297006239	21977660	103323	56954	127582	12.5833	68800718	101.0
ERR5954113	PRJEB44480	Q238	Saccharum hybrid cultivar	Saccharum hybrid cultivar (non-R570)	1	Stem Internode	Illumina NovaSeq 6000	ISR		PASS	55.52571877409842	15124409	102371	52395	123392	17.3847	55433138	101.0
ERR5954112	PRJEB44480	QN05-1743	Saccharum hybrid cultivar	Saccharum hybrid cultivar (non-R570)	1	Stem Internode	Illumina NovaSeq 6000	ISR		PASS	69.69339025624974	22865411	106045	59884	131532	11.3018	66231786	101.0
ERR5948356	PRJEB44480	Q208	Saccharum hybrid cultivar	Saccharum hybrid cultivar (non-R570)	1	Stem Internode	Illumina NovaSeq 6000	ISR		PASS	66.56796524840503	23476055	106794	56407	130771	12.2457	70692364	101.0
ERR5948326	PRJEB44480	Q238	Saccharum hybrid cultivar	Saccharum hybrid cultivar (non-R570)	1	Stem Internode	Illumina NovaSeq 6000	ISR		PASS	66.9278920497001	21497514	104585	56128	128630	12.2254	64330330	101.0
ERR5948293	PRJEB44480	SRA8	Saccharum hybrid cultivar	Saccharum hybrid cultivar (non-R570)	1	Stem Internode	Illumina NovaSeq 6000	ISR		PASS	63.67286724654344	23143710	112491	58520	138130	14.4746	72863348	101.0
ERR5954092	PRJEB44480	SRA1	Saccharum hybrid cultivar	Saccharum hybrid cultivar (non-R570)	1	Stem Internode	Illumina NovaSeq 6000	ISR		PASS	64.32776174335864	20246494	107940	62216	133401	14.0635	63529892	101.0
ERR5953116	PRJEB44480	KQ236	Saccharum hybrid cultivar	Saccharum hybrid cultivar (non-R570)	1	Stem Internode	Illumina NovaSeq 6000	ISR		PASS	65.90791777257877	21906738	106461	59252	131617	12.2636	67024894	101.0
ERR5952766	PRJEB44480	SRA3	Saccharum hybrid cultivar	Saccharum hybrid cultivar (non-R570)	1	Stem Internode	Illumina NovaSeq 6000	ISR		PASS	48.736983564856104	14639234	104121	58352	125522	20.3927	60584520	101.0
ERR5952572	PRJEB44480	MQ239	Saccharum hybrid cultivar	Saccharum hybrid cultivar (non-R570)	1	Stem Internode	Illumina NovaSeq 6000	ISR		PASS	69.63203035486545	24719423	116831	67466	146859	11.0942	71626762	101.0
ERR5956582	PRJEB44480	Q241	Saccharum hybrid cultivar	Saccharum hybrid cultivar (non-R570)	1	Stem Internode	Illumina NovaSeq 6000	ISR		PASS	61.59079745096449	21344188	104788	54298	128333	12.9586	70022282	101.0
ERR5956575	PRJEB44480	Q240	Saccharum hybrid cultivar	Saccharum hybrid cultivar (non-R570)	1	Stem Internode	Illumina NovaSeq 6000	ISR		PASS	53.85462668521049	19185791	106627	57016	130405	16.8891	71306422	101.0
ERR5956571	PRJEB44480	Q237	Saccharum hybrid cultivar	Saccharum hybrid cultivar (non-R570)	1	Stem Internode	Illumina NovaSeq 6000	ISR		PASS	66.71865770737676	25856224	106195	57452	132228	13.7449	78148382	101.0
ERR5956560	PRJEB44480	SRA8	Saccharum hybrid cultivar	Saccharum hybrid cultivar (non-R570)	1	Stem Internode	Illumina NovaSeq 6000	ISR		PASS	63.707500141800274	21598957	106742	57276	131112	11.6909	68473614	101.0
ERR5956523	PRJEB44480	Q241	Saccharum hybrid cultivar	Saccharum hybrid cultivar (non-R570)	1	Stem Internode	Illumina NovaSeq 6000	ISR		PASS	73.49143443536902	25382088	108954	59081	134987	10.7258	69647774	101.0
ERR5956516	PRJEB44480	Q237	Saccharum hybrid cultivar	Saccharum hybrid cultivar (non-R570)	1	Stem Internode	Illumina NovaSeq 6000	ISR		PASS	73.34036946570379	26987553	107174	59583	134040	10.1416	74279634	101.0
ERR5956420	PRJEB44480	Q237	Saccharum hybrid cultivar	Saccharum hybrid cultivar (non-R570)	1	Stem Internode	Illumina NovaSeq 6000	ISR		PASS	72.49905297909986	27661185	111184	59981	138525	12.2022	77097032	101.0
ERR5955369	PRJEB44480	Q241	Saccharum hybrid cultivar	Saccharum hybrid cultivar (non-R570)	1	Stem Internode	Illumina NovaSeq 6000	IU		PASS	49.632114264045576	14025697	99859	39040	117436	29.6806	58703392	101.0
ERR5954368	PRJEB44480	SRA2	Saccharum hybrid cultivar	Saccharum hybrid cultivar (non-R570)	1	Stem Internode	Illumina NovaSeq 6000	IU		PASS	39.01324064633275	12551426	96859	30320	112407	33.3633	67595222	101.0
ERR5950587	PRJEB44480	Q240	Saccharum hybrid cultivar	Saccharum hybrid cultivar (non-R570)	1	Stem Internode	Illumina NovaSeq 6000	ISR		PASS	51.19824968264693	16087727	102060	53156	122727	16.4853	63346060	101.0
ERR5950350	PRJEB44480	Q124	Saccharum hybrid cultivar	Saccharum hybrid cultivar (non-R570)	1	Stem Internode	Illumina NovaSeq 6000	ISR		PASS	64.76175978323303	20165248	106933	60096	131637	13.2695	62854514	101.0
ERR5950349	PRJEB44480	Q238	Saccharum hybrid cultivar	Saccharum hybrid cultivar (non-R570)	1	Stem Internode	Illumina NovaSeq 6000	ISR	low_mapping_rate(<30%)	FLAG	19.860372081893356	8085481	88240	28763	102076	32.0089	81503872	101.0
ERR5954180	PRJEB44480	Q240	Saccharum hybrid cultivar	Saccharum hybrid cultivar (non-R570)	1	Stem Internode	Illumina NovaSeq 6000	ISR		PASS	42.239898631033576	13506238	103004	54238	123267	19.8783	64426252	101.0
ERR5954139	PRJEB44480	Q135	Saccharum hybrid cultivar	Saccharum hybrid cultivar (non-R570)	1	Stem Internode	Illumina NovaSeq 6000	ISR		PASS	67.67810582830265	23795666	104146	58100	129455	11.1101	70985278	101.0
ERR5954125	PRJEB44480	Q186	Saccharum hybrid cultivar	Saccharum hybrid cultivar (non-R570)	1	Stem Internode	Illumina NovaSeq 6000	IU		PASS	42.49799981563937	13231595	99094	39022	115832	29.6996	64309392	101.0
ERR5954124	PRJEB44480	Q237	Saccharum hybrid cultivar	Saccharum hybrid cultivar (non-R570)	1	Stem Internode	Illumina NovaSeq 6000	ISR		PASS	56.48715839253852	19039134	106491	54220	129425	23.5601	68499718	101.0
ERR5959763	PRJEB44480	SRA1	Saccharum hybrid cultivar	Saccharum hybrid cultivar (non-R570)	1	Stem Internode	Illumina NovaSeq 6000	ISR		PASS	62.17201641358343	23259303	107194	56716	132110	12.1877	74938264	101.0
ERR5959749	PRJEB44480	KQB09-20432	Saccharum hybrid cultivar	Saccharum hybrid cultivar (non-R570)	1	Stem Internode	Illumina NovaSeq 6000	ISR		PASS	72.94316863678586	23329356	102402	57029	125820	10.3637	64355436	101.0
ERR5959255	PRJEB44480	Q157	Saccharum hybrid cultivar	Saccharum hybrid cultivar (non-R570)	1	Stem Internode	Illumina NovaSeq 6000	ISR		PASS	72.59866361776639	24667685	111730	62210	138788	10.2509	68011256	101.0
ERR5959253	PRJEB44480	Q157	Saccharum hybrid cultivar	Saccharum hybrid cultivar (non-R570)	1	Stem Internode	Illumina NovaSeq 6000	ISR		PASS	68.50428219211575	25188432	111441	56953	137119	12.5775	73746436	101.0
ERR5957197	PRJEB44480	SRA8	Saccharum hybrid cultivar	Saccharum hybrid cultivar (non-R570)	1	Stem Internode	Illumina NovaSeq 6000	ISR		PASS	70.15546305249386	24043862	110909	62895	138171	10.933	68588204	101.0
ERR5957090	PRJEB44480	Q200	Saccharum hybrid cultivar	Saccharum hybrid cultivar (non-R570)	1	Stem Internode	Illumina NovaSeq 6000	ISR		PASS	47.86504652756346	18301392	111066	57516	134130	20.0736	76687786	101.0
ERR5957085	PRJEB44480	Q155	Saccharum hybrid cultivar	Saccharum hybrid cultivar (non-R570)	1	Stem Internode	Illumina NovaSeq 6000	ISR		PASS	65.54744779547134	23093646	108192	59216	134123	12.3524	70703414	101.0
ERR5957083	PRJEB44480	SRA3	Saccharum hybrid cultivar	Saccharum hybrid cultivar (non-R570)	1	Stem Internode	Illumina NovaSeq 6000	ISR		PASS	69.56514009285532	24377047	107090	60659	133516	11.1406	70195172	101.0
ERR5957079	PRJEB44480	SRA8	Saccharum hybrid cultivar	Saccharum hybrid cultivar (non-R570)	1	Stem Internode	Illumina NovaSeq 6000	ISR		PASS	74.2218779957412	28204923	108123	59355	133842	10.196	76318512	101.0
ERR5954110	PRJEB44480	Q155	Saccharum hybrid cultivar	Saccharum hybrid cultivar (non-R570)	1	Stem Internode	Illumina NovaSeq 6000	ISR		PASS	70.75386790984042	26076280	111825	62552	139903	11.694	74505566	101.0
ERR5954098	PRJEB44480	Q155	Saccharum hybrid cultivar	Saccharum hybrid cultivar (non-R570)	1	Stem Internode	Illumina NovaSeq 6000	ISR		PASS	53.51191161769846	16395894	105768	56096	127263	18.8891	61889754	101.0
ERR5954095	PRJEB44480	Q151	Saccharum hybrid cultivar	Saccharum hybrid cultivar (non-R570)	1	Stem Internode	Illumina NovaSeq 6000	ISR		PASS	70.10510511232458	26244714	107856	60051	134261	10.3597	75570092	101.0
ERR5957070	PRJEB44480	SRA5	Saccharum hybrid cultivar	Saccharum hybrid cultivar (non-R570)	1	Stem Internode	Illumina NovaSeq 6000	ISR		PASS	70.12191679953689	26881694	112764	63170	141035	11.2662	76749354	101.0
ERR5957069	PRJEB44480	Q208	Saccharum hybrid cultivar	Saccharum hybrid cultivar (non-R570)	1	Stem Internode	Illumina NovaSeq 6000	ISR		PASS	61.27753128360416	23319849	108088	57628	132290	15.4048	76262734	101.0
ERR5957065	PRJEB44480	Q208	Saccharum hybrid cultivar	Saccharum hybrid cultivar (non-R570)	1	Stem Internode	Illumina NovaSeq 6000	ISR		PASS	65.41475635561933	24185251	109494	58204	134098	13.3011	74223046	101.0
ERR5956586	PRJEB44480	Q200	Saccharum hybrid cultivar	Saccharum hybrid cultivar (non-R570)	1	Stem Internode	Illumina NovaSeq 6000	ISR		PASS	57.90432071268341	17997085	107545	57247	130507	17.2271	62762006	101.0
ERR5969904	PRJEB44480	SRA2	Saccharum hybrid cultivar	Saccharum hybrid cultivar (non-R570)	1	Stem Internode	Illumina NovaSeq 6000	ISR		PASS	71.72433523256224	27547788	105317	58308	131410	10.4132	76935834	101.0
ERR5969624	PRJEB44480	Q253	Saccharum hybrid cultivar	Saccharum hybrid cultivar (non-R570)	1	Stem Internode	Illumina NovaSeq 6000	ISR		PASS	69.61421980829266	25591198	107619	59633	133903	10.7309	73623824	101.0
ERR5969623	PRJEB44480	Q208	Saccharum hybrid cultivar	Saccharum hybrid cultivar (non-R570)	1	Stem Internode	Illumina NovaSeq 6000	ISR		PASS	65.91780730494405	22519428	104293	56033	127989	12.1616	68819580	101.0
ERR5969622	PRJEB44480	Q208	Saccharum hybrid cultivar	Saccharum hybrid cultivar (non-R570)	1	Stem Internode	Illumina NovaSeq 6000	ISR		PASS	57.24748242208724	21157378	108708	54965	131959	17.6809	74127694	101.0
ERR5969621	PRJEB44480	SRA1	Saccharum hybrid cultivar	Saccharum hybrid cultivar (non-R570)	1	Stem Internode	Illumina NovaSeq 6000	ISR		PASS	66.92462590715394	26732570	112320	60044	139657	12.6094	79961544	101.0
ERR5969620	PRJEB44480	Q200	Saccharum hybrid cultivar	Saccharum hybrid cultivar (non-R570)	1	Stem Internode	Illumina NovaSeq 6000	ISR		PASS	65.72377381144264	24865253	112736	60258	138921	13.6118	75934526	101.0
ERR5960151	PRJEB44480	SRA1	Saccharum hybrid cultivar	Saccharum hybrid cultivar (non-R570)	1	Stem Internode	Illumina NovaSeq 6000	ISR		PASS	65.99430421863217	24502948	114289	61159	141974	13.6396	74342666	101.0
ERR5960150	PRJEB44480	Q241	Saccharum hybrid cultivar	Saccharum hybrid cultivar (non-R570)	1	Stem Internode	Illumina NovaSeq 6000	ISR		PASS	76.65985358101052	30900595	111582	60759	140140	9.6813	80696656	101.0
ERR5960129	PRJEB44480	QN05-1743	Saccharum hybrid cultivar	Saccharum hybrid cultivar (non-R570)	1	Stem Internode	Illumina NovaSeq 6000	ISR		PASS	72.94102197472185	28077421	111417	60277	138914	11.5826	77337676	101.0
ERR5954238	PRJEB44480	Q186	Saccharum hybrid cultivar	Saccharum hybrid cultivar (non-R570)	1	Stem Internode	Illumina NovaSeq 6000	ISR		PASS	62.945046262772685	21418061	107396	59917	132793	13.4502	68572542	101.0
ERR5954221	PRJEB44480	Q155	Saccharum hybrid cultivar	Saccharum hybrid cultivar (non-R570)	1	Stem Internode	Illumina NovaSeq 6000	ISR		PASS	57.717035474047826	19932558	105540	57096	129661	16.2134	69679156	101.0
ERR5954215	PRJEB44480	Q238	Saccharum hybrid cultivar	Saccharum hybrid cultivar (non-R570)	1	Stem Internode	Illumina NovaSeq 6000	ISR		PASS	40.09450471065591	10587646	96856	43699	113437	20.9231	53846622	101.0
ERR5960090	PRJEB44480	SRA8	Saccharum hybrid cultivar	Saccharum hybrid cultivar (non-R570)	1	Stem Internode	Illumina NovaSeq 6000	ISR		PASS	68.09116958571602	23234154	106942	59588	132786	10.5162	68341080	101.0
ERR5960089	PRJEB44480	Q241	Saccharum hybrid cultivar	Saccharum hybrid cultivar (non-R570)	1	Stem Internode	Illumina NovaSeq 6000	ISR		PASS	67.72371321829645	27091752	107398	57065	133384	11.7614	80361472	101.0
ERR5960088	PRJEB44480	SRA8	Saccharum hybrid cultivar	Saccharum hybrid cultivar (non-R570)	1	Stem Internode	Illumina NovaSeq 6000	ISR		PASS	74.84220180244085	28124484	109255	59688	136180	10.1663	75232806	101.0
ERR5959896	PRJEB44480	Q138	Saccharum hybrid cultivar	Saccharum hybrid cultivar (non-R570)	1	Stem Internode	Illumina NovaSeq 6000	ISR		PASS	47.228616626998445	17704481	109477	55667	132727	20.9262	75613664	101.0
ERR5976778	PRJEB44480	SRA5	Saccharum hybrid cultivar	Saccharum hybrid cultivar (non-R570)	1	Stem Internode	Illumina NovaSeq 6000	ISR		PASS	60.71876037783841	21871059	111041	61199	137345	14.6043	72417228	101.0
ERR5976777	PRJEB44480	Q151	Saccharum hybrid cultivar	Saccharum hybrid cultivar (non-R570)	1	Stem Internode	Illumina NovaSeq 6000	ISR		PASS	57.54961752103615	17719110	109968	59883	134360	16.1838	62053048	101.0
ERR5976736	PRJEB44480	QN05-1743	Saccharum hybrid cultivar	Saccharum hybrid cultivar (non-R570)	1	Stem Internode	Illumina NovaSeq 6000	ISR		PASS	65.04463889019897	20466548	110192	60711	135385	13.6422	63113766	101.0
ERR5976735	PRJEB44480	SRA2	Saccharum hybrid cultivar	Saccharum hybrid cultivar (non-R570)	1	Stem Internode	Illumina NovaSeq 6000	ISR		PASS	71.85890513466624	25866297	109361	62328	136603	10.6591	72168686	101.0
ERR5976734	PRJEB44480	SRA2	Saccharum hybrid cultivar	Saccharum hybrid cultivar (non-R570)	1	Stem Internode	Illumina NovaSeq 6000	ISR		PASS	69.90771514834536	26521417	110788	60191	137710	12.1163	76208182	101.0
ERR5976733	PRJEB44480	Q157	Saccharum hybrid cultivar	Saccharum hybrid cultivar (non-R570)	1	Stem Internode	Illumina NovaSeq 6000	ISR		PASS	47.60016728476202	18150604	109528	57426	133529	19.5895	76541048	101.0
ERR5976732	PRJEB44480	SRA1	Saccharum hybrid cultivar	Saccharum hybrid cultivar (non-R570)	1	Stem Internode	Illumina NovaSeq 6000	ISR		PASS	66.13100096599545	23932552	110262	61147	136750	12.3123	72615990	101.0
ERR5976728	PRJEB44480	Q138	Saccharum hybrid cultivar	Saccharum hybrid cultivar (non-R570)	1	Stem Internode	Illumina NovaSeq 6000	ISR		PASS	67.73399695705407	29547951	111265	59470	139699	12.7097	87379824	101.0
ERR5976520	PRJEB44480	Q240	Saccharum hybrid cultivar	Saccharum hybrid cultivar (non-R570)	1	Stem Internode	Illumina NovaSeq 6000	ISR		PASS	72.04903780025005	26897653	110014	59103	136708	11.2146	74810202	101.0
ERR5957074	PRJEB44480	KQB09-20432	Saccharum hybrid cultivar	Saccharum hybrid cultivar (non-R570)	1	Stem Internode	Illumina NovaSeq 6000	ISR		PASS	74.12167501090516	30720442	106069	60705	133938	9.4914	83012470	101.0
ERR5957073	PRJEB44480	Q237	Saccharum hybrid cultivar	Saccharum hybrid cultivar (non-R570)	1	Stem Internode	Illumina NovaSeq 6000	ISR		PASS	73.07395486835534	26105476	107421	61371	134734	10.7807	71567830	101.0
ERR5957071	PRJEB44480	Q157	Saccharum hybrid cultivar	Saccharum hybrid cultivar (non-R570)	1	Stem Internode	Illumina NovaSeq 6000	ISR		PASS	64.41127891875335	24289606	110135	57592	136067	12.7715	75536306	101.0
ERR5974750	PRJEB44480	SRA3	Saccharum hybrid cultivar	Saccharum hybrid cultivar (non-R570)	1	Stem Internode	Illumina NovaSeq 6000	ISR		PASS	67.0325072873203	24551060	109129	60216	135535	12.5305	73406340	101.0
ERR5970606	PRJEB44480	KQ228	Saccharum hybrid cultivar	Saccharum hybrid cultivar (non-R570)	1	Stem Internode	Illumina NovaSeq 6000	ISR		PASS	67.89687157406156	25217150	105490	55801	130713	11.3029	74335192	101.0
ERR5970264	PRJEB44480	SRA3	Saccharum hybrid cultivar	Saccharum hybrid cultivar (non-R570)	1	Stem Internode	Illumina NovaSeq 6000	ISR		PASS	66.16034940731124	24057172	103916	56363	128311	11.9146	72968236	101.0
ERR5970143	PRJEB44480	Q151	Saccharum hybrid cultivar	Saccharum hybrid cultivar (non-R570)	1	Stem Internode	Illumina NovaSeq 6000	ISR		PASS	66.80230738398618	26166397	106267	57705	131968	10.8217	78407622	101.0
ERR5978222	PRJEB44480	Q157	Saccharum hybrid cultivar	Saccharum hybrid cultivar (non-R570)	1	Stem Internode	Illumina NovaSeq 6000	ISR		PASS	50.10284059161882	14258327	104492	45989	124896	24.5828	58441456	101.0
ERR5978018	PRJEB44480	Q135	Saccharum hybrid cultivar	Saccharum hybrid cultivar (non-R570)	1	Stem Internode	Illumina NovaSeq 6000	ISR		PASS	74.26402269841603	22407968	104461	59609	129135	9.6086	61241936	101.0
ERR5978017	PRJEB44480	SRA1	Saccharum hybrid cultivar	Saccharum hybrid cultivar (non-R570)	1	Stem Internode	Illumina NovaSeq 6000	ISR		PASS	58.511329866414464	18862793	107323	60969	132298	15.4435	65051192	101.0
ERR5977022	PRJEB44480	KQ228	Saccharum hybrid cultivar	Saccharum hybrid cultivar (non-R570)	1	Stem Internode	Illumina NovaSeq 6000	IU		PASS	42.89182243276349	13118952	97865	30380	113579	34.4601	63893630	101.0
ERR5977012	PRJEB44480	Q124	Saccharum hybrid cultivar	Saccharum hybrid cultivar (non-R570)	1	Stem Internode	Illumina NovaSeq 6000	ISR		PASS	53.569706668623965	14129841	104003	57979	125453	17.9799	53222466	101.0
ERR5976806	PRJEB44480	Q208	Saccharum hybrid cultivar	Saccharum hybrid cultivar (non-R570)	1	Stem Internode	Illumina NovaSeq 6000	ISR		PASS	66.34876846670392	18548680	103667	59587	127147	12.4887	56429170	101.0
ERR5976802	PRJEB44480	Q124	Saccharum hybrid cultivar	Saccharum hybrid cultivar (non-R570)	1	Stem Internode	Illumina NovaSeq 6000	ISR		PASS	55.42616322543174	16387479	102419	55920	124197	15.9471	59723726	101.0
ERR5976787	PRJEB44480	Q253	Saccharum hybrid cultivar	Saccharum hybrid cultivar (non-R570)	1	Stem Internode	Illumina NovaSeq 6000	ISR		PASS	42.97500278049422	13605044	105690	58836	127134	26.1456	64047042	101.0
ERR5976786	PRJEB44480	Q124	Saccharum hybrid cultivar	Saccharum hybrid cultivar (non-R570)	1	Stem Internode	Illumina NovaSeq 6000	ISR		PASS	69.33777894186338	26639739	112616	62740	141058	11.3351	76899236	101.0
ERR5960127	PRJEB44480	Q138	Saccharum hybrid cultivar	Saccharum hybrid cultivar (non-R570)	1	Stem Internode	Illumina NovaSeq 6000	ISR		PASS	80.88002501509085	28716427	113337	63061	141830	8.1004	71152344	101.0
ERR5960112	PRJEB44480	SRA8	Saccharum hybrid cultivar	Saccharum hybrid cultivar (non-R570)	1	Stem Internode	Illumina NovaSeq 6000	ISR		PASS	72.58925767146214	28841137	113079	62626	142323	10.1375	79534970	101.0
ERR5960092	PRJEB44480	SRA5	Saccharum hybrid cultivar	Saccharum hybrid cultivar (non-R570)	1	Stem Internode	Illumina NovaSeq 6000	ISR		PASS	62.124049369557014	24544618	113101	60328	139860	14.2603	79188660	101.0
ERR5976782	PRJEB44480	SRA3	Saccharum hybrid cultivar	Saccharum hybrid cultivar (non-R570)	1	Stem Internode	Illumina NovaSeq 6000	ISR		PASS	64.02518836297008	21423168	108518	57005	133200	14.9082	67083412	101.0
ERR5976781	PRJEB44480	Q151	Saccharum hybrid cultivar	Saccharum hybrid cultivar (non-R570)	1	Stem Internode	Illumina NovaSeq 6000	ISR		PASS	68.63137985245005	23029265	104974	60030	129949	10.3624	67175968	101.0
ERR5976780	PRJEB44480	Q124	Saccharum hybrid cultivar	Saccharum hybrid cultivar (non-R570)	1	Stem Internode	Illumina NovaSeq 6000	ISR		PASS	71.80909928748366	23377886	106273	61840	131943	10.3745	65517454	101.0
ERR5976779	PRJEB44480	SRA2	Saccharum hybrid cultivar	Saccharum hybrid cultivar (non-R570)	1	Stem Internode	Illumina NovaSeq 6000	ISR		PASS	62.7929275072837	25001173	106575	55594	131335	14.2248	80012780	101.0
ERR5981715	PRJEB44480	Q155	Saccharum hybrid cultivar	Saccharum hybrid cultivar (non-R570)	1	Stem Internode	Illumina NovaSeq 6000	ISR		PASS	55.694795014360935	18899709	105986	55051	129860	15.7123	68475280	101.0
ERR5981714	PRJEB44480	Q200	Saccharum hybrid cultivar	Saccharum hybrid cultivar (non-R570)	1	Stem Internode	Illumina NovaSeq 6000	ISR		PASS	64.47986193328596	21251260	105448	55721	129003	11.8228	66502562	101.0
ERR5981713	PRJEB44480	Q124	Saccharum hybrid cultivar	Saccharum hybrid cultivar (non-R570)	1	Stem Internode	Illumina NovaSeq 6000	ISR		PASS	62.43147308689652	20060647	105911	58437	129776	14.7474	64901492	101.0
ERR5981712	PRJEB44480	Q240	Saccharum hybrid cultivar	Saccharum hybrid cultivar (non-R570)	1	Stem Internode	Illumina NovaSeq 6000	ISR		PASS	55.80460402655151	20144255	108976	56007	132286	17.5534	72852616	101.0
ERR5981711	PRJEB44480	Q200	Saccharum hybrid cultivar	Saccharum hybrid cultivar (non-R570)	1	Stem Internode	Illumina NovaSeq 6000	ISR		PASS	71.67861813201219	27066606	110865	60810	138270	10.3652	76196380	101.0
ERR5981705	PRJEB44480	KQ228	Saccharum hybrid cultivar	Saccharum hybrid cultivar (non-R570)	1	Stem Internode	Illumina NovaSeq 6000	ISR		PASS	67.89714170734285	21224711	105797	57007	130071	11.6591	63070770	101.0
ERR5981704	PRJEB44480	Q124	Saccharum hybrid cultivar	Saccharum hybrid cultivar (non-R570)	1	Stem Internode	Illumina NovaSeq 6000	ISR		PASS	68.74800569282414	23908573	109572	62042	136689	11.9507	70222824	101.0
ERR5981344	PRJEB44480	Q186	Saccharum hybrid cultivar	Saccharum hybrid cultivar (non-R570)	1	Stem Internode	Illumina NovaSeq 6000	ISR		PASS	62.22041263403941	19297684	102567	58021	126062	13.5005	62664308	101.0
ERR5981343	PRJEB44480	Q238	Saccharum hybrid cultivar	Saccharum hybrid cultivar (non-R570)	1	Stem Internode	Illumina NovaSeq 6000	ISR		PASS	57.53244362587456	15348797	98138	51804	118539	14.6118	54116278	101.0
ERR5976346	PRJEB44480	Q237	Saccharum hybrid cultivar	Saccharum hybrid cultivar (non-R570)	1	Stem Internode	Illumina NovaSeq 6000	ISR		PASS	81.6518218501536	33614253	114018	64732	144375	7.6626	82418786	101.0
ERR5976114	PRJEB44480	Q186	Saccharum hybrid cultivar	Saccharum hybrid cultivar (non-R570)	1	Stem Internode	Illumina NovaSeq 6000	ISR		PASS	72.75995964479476	24181678	108082	58983	133824	10.5714	66536168	101.0
ERR5975231	PRJEB44480	Q238	Saccharum hybrid cultivar	Saccharum hybrid cultivar (non-R570)	1	Stem Internode	Illumina NovaSeq 6000	ISR		PASS	67.48100670331225	31098406	110689	59870	139410	11.9386	92329548	101.0
ERR5979485	PRJEB44480	Q186	Saccharum hybrid cultivar	Saccharum hybrid cultivar (non-R570)	1	Stem Internode	Illumina NovaSeq 6000	IU		PASS	46.92741933053113	13233727	101403	39881	119148	29.0103	58481330	101.0
ERR5979339	PRJEB44480	MQ239	Saccharum hybrid cultivar	Saccharum hybrid cultivar (non-R570)	1	Stem Internode	Illumina NovaSeq 6000	ISR		PASS	69.9438271461705	22396452	117277	69148	146592	11.1592	64669344	101.0
ERR5978457	PRJEB44480	Q208	Saccharum hybrid cultivar	Saccharum hybrid cultivar (non-R570)	1	Stem Internode	Illumina NovaSeq 6000	ISR		PASS	69.0511684422019	26899346	109661	60142	136960	12.0222	78758348	101.0
ERR5978239	PRJEB44480	Q157	Saccharum hybrid cultivar	Saccharum hybrid cultivar (non-R570)	1	Stem Internode	Illumina NovaSeq 6000	ISR		PASS	62.09576426922781	25397008	110995	60163	137935	13.452	82766304	101.0
ERR5987180	PRJEB44480	KQB09-20432	Saccharum hybrid cultivar	Saccharum hybrid cultivar (non-R570)	1	Stem Internode	Illumina NovaSeq 6000	ISR		PASS	70.76269981969158	23748940	105820	59016	131604	11.3135	67782386	101.0
ERR5987167	PRJEB44480	QN05-1743	Saccharum hybrid cultivar	Saccharum hybrid cultivar (non-R570)	1	Stem Internode	Illumina NovaSeq 6000	ISR		PASS	63.34028055470049	21426695	103901	56338	128181	13.587	68382124	101.0
ERR5987086	PRJEB44480	Q241	Saccharum hybrid cultivar	Saccharum hybrid cultivar (non-R570)	1	Stem Internode	Illumina NovaSeq 6000	ISR		PASS	63.0298611229713	20224268	102391	55068	125747	12.5552	64693004	101.0
ERR5987085	PRJEB44480	Q186	Saccharum hybrid cultivar	Saccharum hybrid cultivar (non-R570)	1	Stem Internode	Illumina NovaSeq 6000	ISR		PASS	55.483010305286605	18502006	106006	55871	129371	14.837	67288592	101.0
ERR5987083	PRJEB44480	MQ239	Saccharum hybrid cultivar	Saccharum hybrid cultivar (non-R570)	1	Stem Internode	Illumina NovaSeq 6000	ISR		PASS	42.60477481499274	12742703	108799	59987	131037	18.8686	60431746	101.0
ERR5986996	PRJEB44480	Q237	Saccharum hybrid cultivar	Saccharum hybrid cultivar (non-R570)	1	Stem Internode	Illumina NovaSeq 6000	ISR		PASS	59.689523498002785	20755570	104887	57519	129532	17.6961	70270996	101.0
ERR5986956	PRJEB44480	Q135	Saccharum hybrid cultivar	Saccharum hybrid cultivar (non-R570)	1	Stem Internode	Illumina NovaSeq 6000	ISR		PASS	60.81294682451623	18629578	102831	57426	125985	13.1307	61969682	101.0
ERR5986954	PRJEB44480	Q240	Saccharum hybrid cultivar	Saccharum hybrid cultivar (non-R570)	1	Stem Internode	Illumina NovaSeq 6000	ISR		PASS	46.76044304992051	14455940	102403	54153	122643	18.4651	62562876	101.0
ERR5986953	PRJEB44480	Q240	Saccharum hybrid cultivar	Saccharum hybrid cultivar (non-R570)	1	Stem Internode	Illumina NovaSeq 6000	ISR		PASS	45.14985776601511	16445763	103969	54134	125850	18.2	73641688	101.0
ERR5976785	PRJEB44480	Q124	Saccharum hybrid cultivar	Saccharum hybrid cultivar (non-R570)	1	Stem Internode	Illumina NovaSeq 6000	ISR		PASS	70.02517725190754	26461726	110251	62309	137573	10.9175	75629764	101.0
ERR5976784	PRJEB44480	Q253	Saccharum hybrid cultivar	Saccharum hybrid cultivar (non-R570)	1	Stem Internode	Illumina NovaSeq 6000	ISR		PASS	67.1703856671395	23451986	108690	60068	134670	12.8715	69994040	101.0
ERR5976783	PRJEB44480	Q186	Saccharum hybrid cultivar	Saccharum hybrid cultivar (non-R570)	1	Stem Internode	Illumina NovaSeq 6000	ISR		PASS	65.52605788571996	25614444	112579	60371	140085	12.6997	78270556	101.0
ERR5986540	PRJEB44480	Q135	Saccharum hybrid cultivar	Saccharum hybrid cultivar (non-R570)	1	Stem Internode	Illumina NovaSeq 6000	ISR		PASS	62.182755721861504	19288885	104406	59847	128734	12.6734	62697412	101.0
ERR5986477	PRJEB44480	Q253	Saccharum hybrid cultivar	Saccharum hybrid cultivar (non-R570)	1	Stem Internode	Illumina NovaSeq 6000	ISR		PASS	59.641126279258316	17658822	100781	56574	123738	13.1463	59684024	101.0
ERR5986476	PRJEB44480	SRA2	Saccharum hybrid cultivar	Saccharum hybrid cultivar (non-R570)	1	Stem Internode	Illumina NovaSeq 6000	ISR		PASS	52.926956674732914	15600474	99474	53229	120379	17.2059	59764490	101.0
ERR5981716	PRJEB44480	KQ236	Saccharum hybrid cultivar	Saccharum hybrid cultivar (non-R570)	1	Stem Internode	Illumina NovaSeq 6000	ISR		PASS	62.290171745248	21937519	106599	55988	130904	15.0176	71065708	101.0
ERR6000314	PRJEB44480	MQ239	Saccharum hybrid cultivar	Saccharum hybrid cultivar (non-R570)	1	Stem Internode	Illumina NovaSeq 6000	ISR		PASS	73.19049543335902	25925448	117370	69346	149233	10.4456	70905250	101.0
ERR5988136	PRJEB44480	KQB09-20432	Saccharum hybrid cultivar	Saccharum hybrid cultivar (non-R570)	1	Stem Internode	Illumina NovaSeq 6000	ISR		PASS	52.83962830127511	16717623	107286	56672	129958	19.3104	63771802	101.0
ERR5987806	PRJEB44480	QN05-1743	Saccharum hybrid cultivar	Saccharum hybrid cultivar (non-R570)	1	Stem Internode	Illumina NovaSeq 6000	ISR		PASS	67.01426086317794	23428713	102104	55364	126150	11.3029	70576526	101.0
ERR5987787	PRJEB44480	KQB09-20432	Saccharum hybrid cultivar	Saccharum hybrid cultivar (non-R570)	1	Stem Internode	Illumina NovaSeq 6000	ISR		PASS	70.58390547457519	23388306	103443	57419	127922	10.3962	66853872	101.0
ERR5987777	PRJEB44480	Q200	Saccharum hybrid cultivar	Saccharum hybrid cultivar (non-R570)	1	Stem Internode	Illumina NovaSeq 6000	ISR		PASS	69.28815749406454	23561677	108140	60160	134431	10.7905	68591348	101.0
ERR5987707	PRJEB44480	Q186	Saccharum hybrid cultivar	Saccharum hybrid cultivar (non-R570)	1	Stem Internode	Illumina NovaSeq 6000	ISR		PASS	63.10226519053796	23782065	105606	54481	130009	12.4748	76014900	101.0
ERR5987646	PRJEB44480	KQ236	Saccharum hybrid cultivar	Saccharum hybrid cultivar (non-R570)	1	Stem Internode	Illumina NovaSeq 6000	ISR		PASS	68.62392551473727	22205605	103531	57048	127881	10.9661	65418546	101.0
ERR5987469	PRJEB44480	Q237	Saccharum hybrid cultivar	Saccharum hybrid cultivar (non-R570)	1	Stem Internode	Illumina NovaSeq 6000	ISR		PASS	71.26885913149707	23683485	104609	57408	129891	11.088	67154592	101.0
ERR5981340	PRJEB44480	SRA1	Saccharum hybrid cultivar	Saccharum hybrid cultivar (non-R570)	1	Stem Internode	Illumina NovaSeq 6000	ISR		PASS	37.1795766294529	10572345	99094	49292	116987	24.5537	58096448	101.0
ERR5981315	PRJEB44480	Q237	Saccharum hybrid cultivar	Saccharum hybrid cultivar (non-R570)	1	Stem Internode	Illumina NovaSeq 6000	ISR		PASS	66.22520600402112	21494482	104475	57595	129264	12.7961	65549292	101.0
ERR5979921	PRJEB44480	Q151	Saccharum hybrid cultivar	Saccharum hybrid cultivar (non-R570)	1	Stem Internode	Illumina NovaSeq 6000	ISR		PASS	62.14131499839669	20173600	102557	57376	126849	12.365	65499846	101.0
ERR5986545	PRJEB44480	Q124	Saccharum hybrid cultivar	Saccharum hybrid cultivar (non-R570)	1	Stem Internode	Illumina NovaSeq 6000	ISR		PASS	62.68276833852918	22052389	106823	60630	132561	13.5975	70952044	101.0
ERR5986543	PRJEB44480	KQ236	Saccharum hybrid cultivar	Saccharum hybrid cultivar (non-R570)	1	Stem Internode	Illumina NovaSeq 6000	ISR		PASS	65.11183277103102	21541742	102455	55417	126253	11.9235	66739958	101.0
ERR5986541	PRJEB44480	SRA5	Saccharum hybrid cultivar	Saccharum hybrid cultivar (non-R570)	1	Stem Internode	Illumina NovaSeq 6000	ISR		PASS	57.619932068590785	19867904	104164	54104	127128	14.0107	69563210	101.0
ERR5881808	PRJEB44480	Q237	Saccharum hybrid cultivar	Saccharum hybrid cultivar (non-R570)	1	Stem Internode	Illumina NovaSeq 6000	ISR		PASS	57.377488851170234	21019220	105756	55159	128853	20.3764	73614276	101.0
ERR5881779	PRJEB44480	Q200	Saccharum hybrid cultivar	Saccharum hybrid cultivar (non-R570)	1	Stem Internode	Illumina NovaSeq 6000	ISR		PASS	51.366744467509896	18295298	104414	53120	125717	17.6192	71552922	101.0
ERR5881766	PRJEB44480	Q157	Saccharum hybrid cultivar	Saccharum hybrid cultivar (non-R570)	1	Stem Internode	Illumina NovaSeq 6000	ISR		PASS	42.93421139795517	14012278	108043	54586	127979	22.3809	65622828	101.0
ERR5883117	PRJEB44480	KQ228	Saccharum hybrid cultivar	Saccharum hybrid cultivar (non-R570)	1	Stem Internode	Illumina NovaSeq 6000	ISR		PASS	68.92817275214779	26152464	108277	58669	133890	11.1158	76152860	101.0
ERR5883111	PRJEB44480	Q155	Saccharum hybrid cultivar	Saccharum hybrid cultivar (non-R570)	1	Stem Internode	Illumina NovaSeq 6000	ISR		PASS	69.66446754534674	23018734	108624	56390	132629	12.8432	66153896	101.0
ERR5882938	PRJEB44480	Q124	Saccharum hybrid cultivar	Saccharum hybrid cultivar (non-R570)	1	Stem Internode	Illumina NovaSeq 6000	ISR		PASS	55.250649257698626	18843503	105029	54210	126260	17.5746	68593260	101.0
ERR5882936	PRJEB44480	KQ228	Saccharum hybrid cultivar	Saccharum hybrid cultivar (non-R570)	1	Stem Internode	Illumina NovaSeq 6000	ISR		PASS	64.61030817850968	24704453	114664	57801	139875	14.3152	76554790	101.0
ERR5882932	PRJEB44480	Q240	Saccharum hybrid cultivar	Saccharum hybrid cultivar (non-R570)	1	Stem Internode	Illumina NovaSeq 6000	ISR		PASS	68.37158279266879	24257359	110544	55511	133515	12.8812	71214874	101.0
ERR5882927	PRJEB44480	Q253	Saccharum hybrid cultivar	Saccharum hybrid cultivar (non-R570)	1	Stem Internode	Illumina NovaSeq 6000	ISR		PASS	61.59709725342507	24024074	111922	52750	134943	17.3434	78414334	101.0
ERR5882924	PRJEB44480	Q253	Saccharum hybrid cultivar	Saccharum hybrid cultivar (non-R570)	1	Stem Internode	Illumina NovaSeq 6000	ISR		PASS	64.9817971779062	19057777	104306	53648	125142	13.246	58948082	101.0
ERR5882821	PRJEB44480	SRA3	Saccharum hybrid cultivar	Saccharum hybrid cultivar (non-R570)	1	Stem Internode	Illumina NovaSeq 6000	ISR		PASS	38.66550649082678	11760531	103202	55912	120798	25.7314	61241264	101.0
ERR5882632	PRJEB44480	QN05-1743	Saccharum hybrid cultivar	Saccharum hybrid cultivar (non-R570)	1	Stem Internode	Illumina NovaSeq 6000	ISR		PASS	54.865914384796795	21817658	112771	56032	136901	19.021	79626254	101.0
ERR5881735	PRJEB44480	KQ228	Saccharum hybrid cultivar	Saccharum hybrid cultivar (non-R570)	1	Stem Internode	Illumina NovaSeq 6000	ISR		PASS	60.74298769156774	22227560	106753	53036	129393	15.209	73443866	101.0
ERR5881730	PRJEB44480	Q135	Saccharum hybrid cultivar	Saccharum hybrid cultivar (non-R570)	1	Stem Internode	Illumina NovaSeq 6000	ISR		PASS	67.59792922801292	24488618	103591	55649	127662	11.6529	72754284	101.0
ERR5881673	PRJEB44480	Q157	Saccharum hybrid cultivar	Saccharum hybrid cultivar (non-R570)	1	Stem Internode	Illumina NovaSeq 6000	ISR		PASS	61.65935396829686	19463872	107063	55772	130284	14.293	63353902	101.0
ERR5881976	PRJEB44480	Q240	Saccharum hybrid cultivar	Saccharum hybrid cultivar (non-R570)	1	Stem Internode	Illumina NovaSeq 6000	ISR		PASS	64.77742802576417	24142482	114866	60204	140725	13.8689	74660696	101.0
ERR5881977	PRJEB44480	Q240	Saccharum hybrid cultivar	Saccharum hybrid cultivar (non-R570)	1	Stem Internode	Illumina NovaSeq 6000	ISR		PASS	40.90659194455509	14627562	101601	51567	119905	21.7499	72169452	101.0
ERR5881979	PRJEB44480	Q208	Saccharum hybrid cultivar	Saccharum hybrid cultivar (non-R570)	1	Stem Internode	Illumina NovaSeq 6000	ISR		PASS	63.36777196843953	23212893	112013	52227	134805	17.1539	73670252	101.0
ERR5881980	PRJEB44480	Q186	Saccharum hybrid cultivar	Saccharum hybrid cultivar (non-R570)	1	Stem Internode	Illumina NovaSeq 6000	ISR		PASS	54.99363161383314	20661516	107269	56308	130954	15.6725	75366534	101.0
ERR5881983	PRJEB44480	QN05-1743	Saccharum hybrid cultivar	Saccharum hybrid cultivar (non-R570)	1	Stem Internode	Illumina NovaSeq 6000	ISR		PASS	45.99071845527271	13582644	101471	53454	119281	21.0412	59309314	101.0
ERR5881985	PRJEB44480	Q155	Saccharum hybrid cultivar	Saccharum hybrid cultivar (non-R570)	1	Stem Internode	Illumina NovaSeq 6000	ISR		PASS	62.504284363311534	18168691	104601	53980	126008	14.5064	58515114	101.0
ERR5881986	PRJEB44480	QN05-1743	Saccharum hybrid cultivar	Saccharum hybrid cultivar (non-R570)	1	Stem Internode	Illumina NovaSeq 6000	ISR		PASS	68.497860535039	24801306	107397	54129	131123	13.3508	72816164	101.0
ERR5882008	PRJEB44480	Q151	Saccharum hybrid cultivar	Saccharum hybrid cultivar (non-R570)	1	Stem Internode	Illumina NovaSeq 6000	ISR		PASS	76.35880605510698	29759206	110380	58725	136824	8.9691	78119638	101.0
SRR11688205	PRJNA630147	C418	Saccharum hybrid cultivar	Saccharum hybrid cultivar (non-R570)	1	Stem Internode	Illumina HiSeq 4000	ISR		PASS	75.58634088236826	16940447	110123	64736	134192	7.4454	44926546	150.0
SRR11687970	PRJNA630147	SP80-3280	Saccharum hybrid cultivar SP80-3280	Saccharum hybrid cultivar (non-R570)	1	Stem Internode	Illumina HiSeq 4000	ISR		PASS	69.56604665838924	16092020	116805	74552	146644	7.9492	46318350	150.0
SRR11687971	PRJNA630147	SP80-3280	Saccharum hybrid cultivar SP80-3280	Saccharum hybrid cultivar (non-R570)	1	Stem Internode	Illumina HiSeq 4000	ISR		PASS	68.9086491592261	15549103	115377	74000	143741	7.4289	45174988	150.0
SRR11687972	PRJNA630147	IN84-58	Saccharum spontaneum	Saccharum spontaneum	3	Leaf + 1	Illumina HiSeq 4000	ISR		PASS	70.68817494343361	14921757	100624	55112	120261	6.3828	42250990	150.0
SRR11687973	PRJNA630147	IN84-58	Saccharum spontaneum	Saccharum spontaneum	3	Leaf + 1	Illumina HiSeq 4000	ISR		PASS	69.3694865293372	17213343	100951	51296	121040	6.607	49689304	150.0
SRR11687974	PRJNA630147	IN84-58	Saccharum spontaneum	Saccharum spontaneum	3	Leaf + 1	Illumina HiSeq 4000	ISR		PASS	66.98052291278009	16524379	98613	50536	117243	7.2026	49403020	150.0
SRR11687975	PRJNA630147	IN84-58	Saccharum spontaneum	Saccharum spontaneum	3	Stem Internode	Illumina HiSeq 4000	ISR		PASS	69.47701942668316	18976473	109726	67220	135708	7.5047	54685458	150.0
SRR11687976	PRJNA630147	C402	Saccharum hybrid cultivar	Saccharum hybrid cultivar (non-R570)	1	Leaf + 1	Illumina HiSeq 4000	ISR		PASS	72.23906382263853	16185522	109553	62025	133919	6.6093	44848598	150.0
SRR11688206	PRJNA630147	C418	Saccharum hybrid cultivar	Saccharum hybrid cultivar (non-R570)	1	Stem Internode	Illumina HiSeq 4000	ISR		PASS	76.11592786968394	17329958	116879	70206	143725	7.6383	45692518	150.0
SRR11688201	PRJNA630147	C419	Saccharum hybrid cultivar	Saccharum hybrid cultivar (non-R570)	1	Stem Internode	Illumina HiSeq 4000	ISR		PASS	74.78838821849213	14343745	114753	76325	142222	7.8665	38421242	150.0
SRR11688202	PRJNA630147	C418	Saccharum hybrid cultivar	Saccharum hybrid cultivar (non-R570)	1	Leaf + 1	Illumina HiSeq 4000	ISR		PASS	76.75873692376327	21412268	111020	63411	137935	7.1968	55835484	150.0
SRR11688203	PRJNA630147	C418	Saccharum hybrid cultivar	Saccharum hybrid cultivar (non-R570)	1	Leaf + 1	Illumina HiSeq 4000	ISR		PASS	76.80661999040636	21070198	109660	60441	134734	6.7284	54906490	150.0
SRR11688172	PRJNA630147	C411	Saccharum hybrid cultivar	Saccharum hybrid cultivar (non-R570)	1	Stem Internode	Illumina HiSeq 4000	ISR		PASS	69.02732457222656	18380957	120455	75811	151636	8.058	53327592	150.0
SRR11688173	PRJNA630147	C414	Saccharum hybrid cultivar	Saccharum hybrid cultivar (non-R570)	1	Leaf + 1	Illumina HiSeq 4000	ISR		PASS	69.03567637093906	16522568	108439	57430	131076	7.3753	47924858	150.0
SRR11688174	PRJNA630147	C411	Saccharum hybrid cultivar	Saccharum hybrid cultivar (non-R570)	1	Stem Internode	Illumina HiSeq 4000	ISR		PASS	68.25241206944192	17812249	119526	75921	150941	8.473	52249228	150.0
SRR11688175	PRJNA630147	C402	Saccharum hybrid cultivar	Saccharum hybrid cultivar (non-R570)	1	Leaf + 1	Illumina HiSeq 4000	ISR		PASS	70.12934848674261	20885236	114948	62605	142129	7.1798	59629218	150.0
SRR11688176	PRJNA630147	C402	Saccharum hybrid cultivar	Saccharum hybrid cultivar (non-R570)	1	Leaf + 1	Illumina HiSeq 4000	ISR		PASS	68.73513777734249	15580448	113551	66987	140332	7.5836	45369932	150.0
SRR11688177	PRJNA630147	C402	Saccharum hybrid cultivar	Saccharum hybrid cultivar (non-R570)	1	Leaf + 1	Illumina HiSeq 4000	ISR		PASS	68.08296213996088	22628696	116972	66710	146411	7.7741	66620358	150.0
SRR11688178	PRJNA630147	C429	Saccharum hybrid cultivar	Saccharum hybrid cultivar (non-R570)	1	Stem Internode	Illumina HiSeq 4000	ISR		PASS	80.16703299163711	27784821	120130	65151	147896	6.075	69396844	150.0
SRR11688179	PRJNA630147	C429	Saccharum hybrid cultivar	Saccharum hybrid cultivar (non-R570)	1	Stem Internode	Illumina HiSeq 4000	ISR		PASS	73.63510288706551	18605972	116681	76843	145803	8.5775	50630540	150.0
SRR11688180	PRJNA630147	C429	Saccharum hybrid cultivar	Saccharum hybrid cultivar (non-R570)	1	Stem Internode	Illumina HiSeq 4000	ISR		PASS	75.86996990156732	18822530	118093	76989	148092	8.1355	49686156	150.0
SRR11688181	PRJNA630147	C429	Saccharum hybrid cultivar	Saccharum hybrid cultivar (non-R570)	1	Stem Internode	Illumina HiSeq 4000	ISR		PASS	74.43638637263193	16980258	115583	76830	144132	8.9247	45686968	150.0
SRR11688182	PRJNA630147	C424	Saccharum hybrid cultivar	Saccharum hybrid cultivar (non-R570)	1	Leaf + 1	Illumina HiSeq 4000	ISR		PASS	76.54569014494918	14899800	109684	65742	133995	7.3138	38964260	150.0
SRR11688183	PRJNA630147	C424	Saccharum hybrid cultivar	Saccharum hybrid cultivar (non-R570)	1	Leaf + 1	Illumina HiSeq 4000	ISR		PASS	76.60460324083141	17992736	109065	59839	133017	6.7377	47022174	150.0
SRR11688184	PRJNA630147	C424	Saccharum hybrid cultivar	Saccharum hybrid cultivar (non-R570)	1	Leaf + 1	Illumina HiSeq 4000	ISR		PASS	77.65172683528235	16421152	108548	58335	130734	6.3727	42340844	150.0
SRR11688185	PRJNA630147	C414	Saccharum hybrid cultivar	Saccharum hybrid cultivar (non-R570)	1	Stem Internode	Illumina HiSeq 4000	ISR		PASS	67.33455023345437	13420798	117320	74946	144014	7.6378	39901918	150.0
SRR11688186	PRJNA630147	C424	Saccharum hybrid cultivar	Saccharum hybrid cultivar (non-R570)	1	Stem Internode	Illumina HiSeq 4000	ISR		PASS	75.50545781146609	15535667	111364	68824	134954	7.1184	41282604	150.0
SRR11688187	PRJNA630147	C424	Saccharum hybrid cultivar	Saccharum hybrid cultivar (non-R570)	1	Stem Internode	Illumina HiSeq 4000	ISR		PASS	79.97714709179236	18571235	114703	64951	140023	6.5318	46493158	150.0
SRR11688156	PRJNA630147	C414	Saccharum hybrid cultivar	Saccharum hybrid cultivar (non-R570)	1	Leaf + 1	Illumina HiSeq 4000	ISR		PASS	68.7288984749614	20539010	115899	65742	144264	6.9413	59911540	150.0
SRR11688157	PRJNA630147	C414	Saccharum hybrid cultivar	Saccharum hybrid cultivar (non-R570)	1	Leaf + 1	Illumina HiSeq 4000	ISR		PASS	67.40229533468384	13415124	110745	66800	135768	7.3418	39895470	150.0
SRR11688158	PRJNA630147	C414	Saccharum hybrid cultivar	Saccharum hybrid cultivar (non-R570)	1	Stem Internode	Illumina HiSeq 4000	ISR		PASS	74.42623735234186	17140844	117639	67415	144283	7.5565	46107638	150.0
SRR11688159	PRJNA630147	C414	Saccharum hybrid cultivar	Saccharum hybrid cultivar (non-R570)	1	Stem Internode	Illumina HiSeq 4000	ISR		PASS	74.13315442057737	15801791	116197	63957	141160	7.3276	42693872	150.0
SRR11688160	PRJNA630147	C414	Saccharum hybrid cultivar	Saccharum hybrid cultivar (non-R570)	1	Stem Internode	Illumina HiSeq 4000	ISR		PASS	76.69238844926149	19925520	117242	64627	144461	6.727	52045800	150.0
SRR11688161	PRJNA630147	C414	Saccharum hybrid cultivar	Saccharum hybrid cultivar (non-R570)	1	Stem Internode	Illumina HiSeq 4000	ISR		PASS	67.80392084537611	16213022	117155	76131	146581	8.757	47892240	150.0
SRR11688162	PRJNA630147	C414	Saccharum hybrid cultivar	Saccharum hybrid cultivar (non-R570)	1	Leaf + 1	Illumina HiSeq 4000	ISR		PASS	71.48438413878894	17110811	111479	62018	136726	6.7416	47915594	150.0
SRR11688163	PRJNA630147	C414	Saccharum hybrid cultivar	Saccharum hybrid cultivar (non-R570)	1	Stem Internode	Illumina HiSeq 4000	ISR		PASS	66.66668974720108	15405002	115825	75694	144382	8.372	46267936	150.0
SRR11688164	PRJNA630147	C414	Saccharum hybrid cultivar	Saccharum hybrid cultivar (non-R570)	1	Stem Internode	Illumina HiSeq 4000	ISR		PASS	67.00287960630385	18333610	118203	75921	149387	8.6467	54780340	150.0
SRR11688165	PRJNA630147	C411	Saccharum hybrid cultivar	Saccharum hybrid cultivar (non-R570)	1	Leaf + 1	Illumina HiSeq 4000	ISR		PASS	70.67627801786377	19414787	112293	60044	137792	6.8097	55001388	150.0
SRR11688166	PRJNA630147	C411	Saccharum hybrid cultivar	Saccharum hybrid cultivar (non-R570)	1	Leaf + 1	Illumina HiSeq 4000	ISR		PASS	71.99314528804638	18193238	114575	66496	141678	6.9916	50656826	150.0
SRR11688167	PRJNA630147	C411	Saccharum hybrid cultivar	Saccharum hybrid cultivar (non-R570)	1	Leaf + 1	Illumina HiSeq 4000	ISR		PASS	70.75729518199732	18382083	111112	61145	137064	6.8173	52021904	150.0
SRR11688168	PRJNA630147	C411	Saccharum hybrid cultivar	Saccharum hybrid cultivar (non-R570)	1	Stem Internode	Illumina HiSeq 4000	ISR		PASS	72.94924604454174	20582675	116382	65794	143583	7.1886	56475188	150.0
SRR11688169	PRJNA630147	C411	Saccharum hybrid cultivar	Saccharum hybrid cultivar (non-R570)	1	Stem Internode	Illumina HiSeq 4000	ISR		PASS	72.51212742234262	24262196	122294	66511	151865	7.9549	67003082	150.0
SRR11688170	PRJNA630147	C411	Saccharum hybrid cultivar	Saccharum hybrid cultivar (non-R570)	1	Stem Internode	Illumina HiSeq 4000	ISR		PASS	74.6298176170063	20456942	117227	61319	143411	7.8096	54906714	150.0
SRR11688171	PRJNA630147	C411	Saccharum hybrid cultivar	Saccharum hybrid cultivar (non-R570)	1	Stem Internode	Illumina HiSeq 4000	ISR		PASS	72.97596328765403	19564180	119061	75168	149679	7.9734	53700630	150.0
SRR11688140	PRJNA630147	C402	Saccharum hybrid cultivar	Saccharum hybrid cultivar (non-R570)	1	Stem Internode	Illumina HiSeq 4000	ISR		PASS	74.94686826611016	14596389	112622	75388	139606	8.6202	39008770	150.0
SRR11688141	PRJNA630147	C411	Saccharum hybrid cultivar	Saccharum hybrid cultivar (non-R570)	1	Stem Internode	Illumina HiSeq 4000	ISR		PASS	67.94942048468171	14826711	114468	73247	142352	7.7627	43693724	150.0
SRR11688142	PRJNA630147	SP80-3280	Saccharum hybrid cultivar SP80-3280	Saccharum hybrid cultivar (non-R570)	1	Leaf + 1	Illumina HiSeq 4000	ISR		PASS	71.12438676200489	17329986	112652	60798	138736	7.2187	48767086	150.0
SRR11688143	PRJNA630147	SP80-3280	Saccharum hybrid cultivar SP80-3280	Saccharum hybrid cultivar (non-R570)	1	Leaf + 1	Illumina HiSeq 4000	ISR		PASS	67.64269853609062	15392901	108916	59997	131819	7.6931	45565082	150.0
SRR11688144	PRJNA630147	SP80-3280	Saccharum hybrid cultivar SP80-3280	Saccharum hybrid cultivar (non-R570)	1	Leaf + 1	Illumina HiSeq 4000	ISR		PASS	69.52953898939607	16392079	107216	58889	130229	8.0422	47220358	150.0
SRR11688145	PRJNA630147	SP80-3280	Saccharum hybrid cultivar SP80-3280	Saccharum hybrid cultivar (non-R570)	1	Stem Internode	Illumina HiSeq 4000	ISR		PASS	70.32006326326369	22334972	120489	73953	153683	7.7754	63596656	150.0
SRR11688146	PRJNA630147	C416	Saccharum hybrid cultivar	Saccharum hybrid cultivar (non-R570)	1	Leaf + 1	Illumina HiSeq 4000	ISR		PASS	67.48787111410292	18000969	114062	65829	141594	7.09	53465226	150.0
SRR11688147	PRJNA630147	C416	Saccharum hybrid cultivar	Saccharum hybrid cultivar (non-R570)	1	Leaf + 1	Illumina HiSeq 4000	ISR		PASS	70.78303706272507	16606397	113142	65539	140062	7.1682	46975824	150.0
SRR11688148	PRJNA630147	C416	Saccharum hybrid cultivar	Saccharum hybrid cultivar (non-R570)	1	Stem Internode	Illumina HiSeq 4000	ISR		PASS	76.11718472986624	18972563	116823	64483	142329	5.9122	49897220	150.0
SRR11688149	PRJNA630147	C416	Saccharum hybrid cultivar	Saccharum hybrid cultivar (non-R570)	1	Stem Internode	Illumina HiSeq 4000	ISR		PASS	75.66898960128937	18176053	118653	66089	144102	6.5411	48087796	150.0
SRR11688150	PRJNA630147	C416	Saccharum hybrid cultivar	Saccharum hybrid cultivar (non-R570)	1	Stem Internode	Illumina HiSeq 4000	ISR		PASS	76.14497520780287	18699782	118100	64719	144400	6.2394	49194652	150.0
SRR11688151	PRJNA630147	C416	Saccharum hybrid cultivar	Saccharum hybrid cultivar (non-R570)	1	Stem Internode	Illumina HiSeq 4000	ISR		PASS	67.13233125537089	15412393	117004	76840	144993	7.6307	45962180	150.0
SRR11688152	PRJNA630147	C416	Saccharum hybrid cultivar	Saccharum hybrid cultivar (non-R570)	1	Stem Internode	Illumina HiSeq 4000	ISR		PASS	69.42859816072665	15701894	118095	76328	147509	7.9973	45281576	150.0
SRR11688153	PRJNA630147	C416	Saccharum hybrid cultivar	Saccharum hybrid cultivar (non-R570)	1	Stem Internode	Illumina HiSeq 4000	ISR		PASS	69.22487376124738	18928178	118732	75204	150034	7.7031	54764310	150.0
SRR11688154	PRJNA630147	C416	Saccharum hybrid cultivar	Saccharum hybrid cultivar (non-R570)	1	Stem Internode	Illumina HiSeq 4000	ISR		PASS	70.75592506087375	18880741	118392	74843	149966	7.6603	53427018	150.0
SRR11688155	PRJNA630147	C414	Saccharum hybrid cultivar	Saccharum hybrid cultivar (non-R570)	1	Leaf + 1	Illumina HiSeq 4000	ISR		PASS	69.41010651971986	18659782	112038	60835	137426	7.2918	53819474	150.0
SRR11688124	PRJNA630147	C411	Saccharum hybrid cultivar	Saccharum hybrid cultivar (non-R570)	1	Leaf + 1	Illumina HiSeq 4000	ISR		PASS	75.71947005270073	21288660	110184	55496	133755	6.9831	56280042	150.0
SRR11688125	PRJNA630147	C411	Saccharum hybrid cultivar	Saccharum hybrid cultivar (non-R570)	1	Stem Internode	Illumina HiSeq 4000	ISR		PASS	75.52210890490977	17098031	115871	70254	141415	7.4015	45403386	150.0
SRR11688126	PRJNA630147	C411	Saccharum hybrid cultivar	Saccharum hybrid cultivar (non-R570)	1	Stem Internode	Illumina HiSeq 4000	ISR		PASS	78.10565157406704	14572708	112210	66719	135834	6.6925	37439074	150.0
SRR11688127	PRJNA630147	C411	Saccharum hybrid cultivar	Saccharum hybrid cultivar (non-R570)	1	Stem Internode	Illumina HiSeq 4000	ISR		PASS	79.60406970677106	24578344	117716	64037	143447	5.7894	61833556	150.0
SRR11688128	PRJNA630147	C416	Saccharum hybrid cultivar	Saccharum hybrid cultivar (non-R570)	1	Stem Internode	Illumina HiSeq 4000	ISR		PASS	76.3687221258486	14885676	119103	77212	147021	7.9968	39050058	150.0
SRR11688129	PRJNA630147	C411	Saccharum hybrid cultivar	Saccharum hybrid cultivar (non-R570)	1	Stem Internode	Illumina HiSeq 4000	ISR		PASS	74.05078034357349	14848758	113332	75102	139558	8.3092	40172682	150.0
SRR11688130	PRJNA630147	C411	Saccharum hybrid cultivar	Saccharum hybrid cultivar (non-R570)	1	Stem Internode	Illumina HiSeq 4000	ISR		PASS	67.91437573638751	14216701	114012	72928	141057	7.1253	41912446	150.0
SRR11688131	PRJNA630147	C411	Saccharum hybrid cultivar	Saccharum hybrid cultivar (non-R570)	1	Stem Internode	Illumina HiSeq 4000	ISR		PASS	74.26233441367674	13133152	114014	75342	140393	7.9581	35421334	150.0
SRR11688132	PRJNA630147	C402	Saccharum hybrid cultivar	Saccharum hybrid cultivar (non-R570)	1	Leaf + 1	Illumina HiSeq 4000	ISR		PASS	76.20774746657703	13817530	109178	64552	132973	6.5076	36307422	150.0
SRR11688133	PRJNA630147	C402	Saccharum hybrid cultivar	Saccharum hybrid cultivar (non-R570)	1	Leaf + 1	Illumina HiSeq 4000	ISR		PASS	74.98352312561207	19958821	112746	64315	139060	7.582	53280288	150.0
SRR11688134	PRJNA630147	C402	Saccharum hybrid cultivar	Saccharum hybrid cultivar (non-R570)	1	Leaf + 1	Illumina HiSeq 4000	ISR		PASS	75.80126732699985	18876165	108331	60489	132266	6.7404	49850470	150.0
SRR11688135	PRJNA630147	C402	Saccharum hybrid cultivar	Saccharum hybrid cultivar (non-R570)	1	Stem Internode	Illumina HiSeq 4000	ISR		PASS	76.00003026184228	17981728	115406	68735	141904	7.1451	47437598	150.0
SRR11688136	PRJNA630147	C402	Saccharum hybrid cultivar	Saccharum hybrid cultivar (non-R570)	1	Stem Internode	Illumina HiSeq 4000	ISR		PASS	78.04795032401049	17457003	118457	68667	144247	6.4699	44981474	150.0
SRR11688137	PRJNA630147	C402	Saccharum hybrid cultivar	Saccharum hybrid cultivar (non-R570)	1	Stem Internode	Illumina HiSeq 4000	ISR		PASS	75.7182450638464	26336083	121451	68169	152067	8.355	69645646	150.0
SRR11688138	PRJNA630147	C402	Saccharum hybrid cultivar	Saccharum hybrid cultivar (non-R570)	1	Stem Internode	Illumina HiSeq 4000	ISR		PASS	75.14664542797203	23620047	121081	76337	153294	8.3602	62957498	150.0
SRR11688139	PRJNA630147	C402	Saccharum hybrid cultivar	Saccharum hybrid cultivar (non-R570)	1	Stem Internode	Illumina HiSeq 4000	ISR		PASS	74.68881234749854	15765617	115269	77299	143791	8.5944	42270468	150.0
SRR11688108	PRJNA630147	C416	Saccharum hybrid cultivar	Saccharum hybrid cultivar (non-R570)	1	Stem Internode	Illumina HiSeq 4000	ISR		PASS	66.5803683645558	17571751	115781	75326	145251	7.9136	52832198	150.0
SRR11688109	PRJNA630147	C418	Saccharum hybrid cultivar	Saccharum hybrid cultivar (non-R570)	1	Stem Internode	Illumina HiSeq 4000	ISR		PASS	72.83656258404281	19960270	118810	69046	147274	7.4313	54896854	150.0
SRR11688110	PRJNA630147	C418	Saccharum hybrid cultivar	Saccharum hybrid cultivar (non-R570)	1	Stem Internode	Illumina HiSeq 4000	ISR		PASS	68.41470913181438	18348708	117863	74889	148380	8.5381	53716868	150.0
SRR11688111	PRJNA630147	C418	Saccharum hybrid cultivar	Saccharum hybrid cultivar (non-R570)	1	Stem Internode	Illumina HiSeq 4000	ISR		PASS	67.98362241632347	19913091	119236	75639	150712	8.3493	58652246	150.0
SRR11688112	PRJNA630147	C418	Saccharum hybrid cultivar	Saccharum hybrid cultivar (non-R570)	1	Stem Internode	Illumina HiSeq 4000	ISR		PASS	69.11128747886796	18406922	119025	74679	150454	8.4024	53329206	150.0
SRR11688113	PRJNA630147	C416	Saccharum hybrid cultivar	Saccharum hybrid cultivar (non-R570)	1	Leaf + 1	Illumina HiSeq 4000	ISR		PASS	72.62344866574601	19803649	114593	62871	141570	6.7005	54596798	150.0
SRR11688114	PRJNA630147	C414	Saccharum hybrid cultivar	Saccharum hybrid cultivar (non-R570)	1	Leaf + 1	Illumina HiSeq 4000	ISR		PASS	77.93125311639423	18525399	108050	58111	131541	6.4436	47590662	150.0
SRR11688115	PRJNA630147	C414	Saccharum hybrid cultivar	Saccharum hybrid cultivar (non-R570)	1	Stem Internode	Illumina HiSeq 4000	ISR		PASS	79.46466422295234	17230196	111752	63506	134697	6.4478	43404814	150.0
SRR11688116	PRJNA630147	C414	Saccharum hybrid cultivar	Saccharum hybrid cultivar (non-R570)	1	Stem Internode	Illumina HiSeq 4000	ISR		PASS	78.89269824470459	25869169	118465	64761	145640	6.4343	65679304	150.0
SRR11688117	PRJNA630147	C414	Saccharum hybrid cultivar	Saccharum hybrid cultivar (non-R570)	1	Stem Internode	Illumina HiSeq 4000	ISR		PASS	77.58946932622354	25349105	112419	59912	137460	7.064	65450942	150.0
SRR11688118	PRJNA630147	C414	Saccharum hybrid cultivar	Saccharum hybrid cultivar (non-R570)	1	Stem Internode	Illumina HiSeq 4000	ISR		PASS	74.60818434925565	15097795	113802	75434	140727	8.6207	40522034	150.0
SRR11688119	PRJNA630147	C411	Saccharum hybrid cultivar	Saccharum hybrid cultivar (non-R570)	1	Stem Internode	Illumina HiSeq 4000	ISR		PASS	70.22931718555535	18330040	120544	76378	150773	7.5064	52247162	150.0
SRR11688120	PRJNA630147	C414	Saccharum hybrid cultivar	Saccharum hybrid cultivar (non-R570)	1	Stem Internode	Illumina HiSeq 4000	ISR		PASS	73.76545660839568	14713854	112001	74573	138872	9.2489	39946564	150.0
SRR11688121	PRJNA630147	C414	Saccharum hybrid cultivar	Saccharum hybrid cultivar (non-R570)	1	Stem Internode	Illumina HiSeq 4000	ISR		PASS	73.11153701971266	14443867	113479	75871	141215	8.607	39602524	150.0
SRR11688122	PRJNA630147	C411	Saccharum hybrid cultivar	Saccharum hybrid cultivar (non-R570)	1	Leaf + 1	Illumina HiSeq 4000	ISR		PASS	74.306189934329	12298069	106777	66557	128832	8.124	33148118	150.0
SRR11688123	PRJNA630147	C411	Saccharum hybrid cultivar	Saccharum hybrid cultivar (non-R570)	1	Leaf + 1	Illumina HiSeq 4000	ISR		PASS	76.49136961339715	19430109	111152	62046	136061	6.7407	50845226	150.0
SRR11688092	PRJNA630147	C419	Saccharum hybrid cultivar	Saccharum hybrid cultivar (non-R570)	1	Leaf + 1	Illumina HiSeq 4000	ISR		PASS	69.02044097817898	19080166	114878	63700	141512	7.3081	55338924	150.0
SRR11688093	PRJNA630147	C419	Saccharum hybrid cultivar	Saccharum hybrid cultivar (non-R570)	1	Leaf + 1	Illumina HiSeq 4000	ISR		PASS	69.56019207204952	16319653	113235	65524	139273	6.6952	47021564	150.0
SRR11688094	PRJNA630147	C419	Saccharum hybrid cultivar	Saccharum hybrid cultivar (non-R570)	1	Leaf + 1	Illumina HiSeq 4000	ISR		PASS	68.9701318022048	20731405	116189	66419	145701	7.8798	60182912	150.0
SRR11688095	PRJNA630147	C419	Saccharum hybrid cultivar	Saccharum hybrid cultivar (non-R570)	1	Stem Internode	Illumina HiSeq 4000	ISR		PASS	76.86520983175184	24603805	117766	59610	143531	6.4704	64076612	150.0
SRR11688096	PRJNA630147	C416	Saccharum hybrid cultivar	Saccharum hybrid cultivar (non-R570)	1	Stem Internode	Illumina HiSeq 4000	ISR		PASS	70.0981866864748	18060441	117296	74330	148063	7.4401	51588388	150.0
SRR11688097	PRJNA630147	C402	Saccharum hybrid cultivar	Saccharum hybrid cultivar (non-R570)	1	Stem Internode	Illumina HiSeq 4000	ISR		PASS	72.1517360205682	24141556	125453	78192	159325	8.1489	66975660	150.0
SRR11688098	PRJNA630147	C419	Saccharum hybrid cultivar	Saccharum hybrid cultivar (non-R570)	1	Stem Internode	Illumina HiSeq 4000	ISR		PASS	76.12375064324644	23588730	120188	63213	148385	6.3303	62046604	150.0
SRR11688099	PRJNA630147	C419	Saccharum hybrid cultivar	Saccharum hybrid cultivar (non-R570)	1	Stem Internode	Illumina HiSeq 4000	ISR		PASS	74.61031596512964	20080513	116850	60745	142293	7.2934	53903552	150.0
SRR11688100	PRJNA630147	C419	Saccharum hybrid cultivar	Saccharum hybrid cultivar (non-R570)	1	Stem Internode	Illumina HiSeq 4000	ISR		PASS	70.84849280636583	16829244	119613	77839	149985	8.2638	47572548	150.0
SRR11688101	PRJNA630147	C419	Saccharum hybrid cultivar	Saccharum hybrid cultivar (non-R570)	1	Stem Internode	Illumina HiSeq 4000	ISR		PASS	67.6743900186255	17540739	119966	77752	151309	8.1548	51903766	150.0
SRR11688102	PRJNA630147	C419	Saccharum hybrid cultivar	Saccharum hybrid cultivar (non-R570)	1	Stem Internode	Illumina HiSeq 4000	ISR		PASS	69.48939600149384	20748492	123366	76899	157151	8.5064	59796638	150.0
SRR11688103	PRJNA630147	C418	Saccharum hybrid cultivar	Saccharum hybrid cultivar (non-R570)	1	Leaf + 1	Illumina HiSeq 4000	ISR		PASS	69.11155709281212	17307525	112199	63643	137857	7.1557	50136896	150.0
SRR11688104	PRJNA630147	C418	Saccharum hybrid cultivar	Saccharum hybrid cultivar (non-R570)	1	Leaf + 1	Illumina HiSeq 4000	ISR		PASS	70.4808597026109	13996438	109200	65317	133934	7.2219	39806526	150.0
SRR11688105	PRJNA630147	C418	Saccharum hybrid cultivar	Saccharum hybrid cultivar (non-R570)	1	Leaf + 1	Illumina HiSeq 4000	ISR		PASS	69.57033507788208	17029268	115522	66087	142913	7.7891	49017494	150.0
SRR11688106	PRJNA630147	C418	Saccharum hybrid cultivar	Saccharum hybrid cultivar (non-R570)	1	Stem Internode	Illumina HiSeq 4000	ISR		PASS	76.31892354297091	18225729	115112	64727	140590	6.4877	47811866	150.0
SRR11688107	PRJNA630147	C418	Saccharum hybrid cultivar	Saccharum hybrid cultivar (non-R570)	1	Stem Internode	Illumina HiSeq 4000	ISR		PASS	75.82150848119504	20053036	119364	65284	146058	5.9406	52960956	150.0
SRR11688076	PRJNA630147	C411	Saccharum hybrid cultivar	Saccharum hybrid cultivar (non-R570)	1	Leaf + 1	Illumina HiSeq 4000	ISR		PASS	68.91773900086349	17731843	109818	58260	133608	7.2434	51539590	150.0
SRR11688077	PRJNA630147	C416	Saccharum hybrid cultivar	Saccharum hybrid cultivar (non-R570)	1	Stem Internode	Illumina HiSeq 4000	ISR		PASS	76.1064841178551	15095489	114979	74751	142693	7.8622	39738548	150.0
SRR11688078	PRJNA630147	C416	Saccharum hybrid cultivar	Saccharum hybrid cultivar (non-R570)	1	Stem Internode	Illumina HiSeq 4000	ISR		PASS	77.75316051856403	15457609	111791	71336	137435	6.8965	39815864	150.0
SRR11688079	PRJNA630147	C416	Saccharum hybrid cultivar	Saccharum hybrid cultivar (non-R570)	1	Stem Internode	Illumina HiSeq 4000	ISR		PASS	74.8614051139827	12676945	111044	74417	136744	7.651	33915004	150.0
SRR11688080	PRJNA630147	C414	Saccharum hybrid cultivar	Saccharum hybrid cultivar (non-R570)	1	Leaf + 1	Illumina HiSeq 4000	ISR		PASS	75.94581019637761	19026015	109796	60127	134402	6.9431	50144402	150.0
SRR11688081	PRJNA630147	C414	Saccharum hybrid cultivar	Saccharum hybrid cultivar (non-R570)	1	Leaf + 1	Illumina HiSeq 4000	ISR		PASS	76.43266330345662	20687270	110626	63215	136785	7.1398	54175464	150.0
SRR11688082	PRJNA630147	C424	Saccharum hybrid cultivar	Saccharum hybrid cultivar (non-R570)	1	Leaf + 1	Illumina HiSeq 4000	ISR		PASS	72.84059114679438	18839465	113517	63893	139946	6.6271	51770862	150.0
SRR11688083	PRJNA630147	C424	Saccharum hybrid cultivar	Saccharum hybrid cultivar (non-R570)	1	Leaf + 1	Illumina HiSeq 4000	ISR		PASS	70.92993118985711	17495979	116238	66517	143698	6.8806	49381602	150.0
SRR11688084	PRJNA630147	C424	Saccharum hybrid cultivar	Saccharum hybrid cultivar (non-R570)	1	Leaf + 1	Illumina HiSeq 4000	ISR		PASS	70.90946873642974	17842956	114220	66434	142433	7.6761	50386676	150.0
SRR11688085	PRJNA630147	C416	Saccharum hybrid cultivar	Saccharum hybrid cultivar (non-R570)	1	Leaf + 1	Illumina HiSeq 4000	ISR		PASS	70.42662799826488	18989081	108926	56317	133278	7.9334	54009478	150.0
SRR11688086	PRJNA630147	C424	Saccharum hybrid cultivar	Saccharum hybrid cultivar (non-R570)	1	Stem Internode	Illumina HiSeq 4000	ISR		PASS	72.08992818733462	22458778	117787	67172	146430	7.819	62354858	150.0
SRR11688087	PRJNA630147	C424	Saccharum hybrid cultivar	Saccharum hybrid cultivar (non-R570)	1	Stem Internode	Illumina HiSeq 4000	ISR		PASS	73.43687916833159	17645229	118333	66490	144175	6.3555	48112130	150.0
SRR11688088	PRJNA630147	C424	Saccharum hybrid cultivar	Saccharum hybrid cultivar (non-R570)	1	Stem Internode	Illumina HiSeq 4000	ISR		PASS	72.60174250075957	22103419	117624	67616	146127	8.0548	60985166	150.0
SRR11688089	PRJNA630147	C424	Saccharum hybrid cultivar	Saccharum hybrid cultivar (non-R570)	1	Stem Internode	Illumina HiSeq 4000	ISR		PASS	73.12974689616074	21420421	122297	76832	154268	8.1104	58673842	150.0
SRR11688090	PRJNA630147	C424	Saccharum hybrid cultivar	Saccharum hybrid cultivar (non-R570)	1	Stem Internode	Illumina HiSeq 4000	ISR		PASS	67.3102972690975	19605545	123050	78622	155709	8.2408	58345654	150.0
SRR11688091	PRJNA630147	C424	Saccharum hybrid cultivar	Saccharum hybrid cultivar (non-R570)	1	Stem Internode	Illumina HiSeq 4000	ISR		PASS	70.53407127075745	20857298	124726	76455	158018	8.1163	59209422	150.0
SRR11688060	PRJNA630147	C429	Saccharum hybrid cultivar	Saccharum hybrid cultivar (non-R570)	1	Leaf + 1	Illumina HiSeq 4000	ISR		PASS	76.40908569011414	21594923	111973	62828	138602	6.9284	56580944	150.0
SRR11688061	PRJNA630147	C429	Saccharum hybrid cultivar	Saccharum hybrid cultivar (non-R570)	1	Leaf + 1	Illumina HiSeq 4000	ISR		PASS	78.55542797201409	22472323	113873	62659	141184	6.5326	57264810	150.0
SRR11688062	PRJNA630147	C414	Saccharum hybrid cultivar	Saccharum hybrid cultivar (non-R570)	1	Stem Internode	Illumina HiSeq 4000	ISR		PASS	71.22426760587194	16470671	114186	72148	142313	6.6668	46299778	150.0
SRR11688063	PRJNA630147	C429	Saccharum hybrid cultivar	Saccharum hybrid cultivar (non-R570)	1	Leaf + 1	Illumina HiSeq 4000	ISR		PASS	77.28395213735918	21466702	108478	57853	132431	6.809	55594660	150.0
SRR11688064	PRJNA630147	C429	Saccharum hybrid cultivar	Saccharum hybrid cultivar (non-R570)	1	Stem Internode	Illumina HiSeq 4000	ISR		PASS	76.23320475985264	23974932	118675	68096	147922	7.4764	63110680	150.0
SRR11688065	PRJNA630147	C429	Saccharum hybrid cultivar	Saccharum hybrid cultivar (non-R570)	1	Stem Internode	Illumina HiSeq 4000	ISR		PASS	77.25247792921601	16286148	114946	67399	138992	6.5546	42271444	150.0
SRR11688066	PRJNA630147	C418	Saccharum hybrid cultivar	Saccharum hybrid cultivar (non-R570)	1	Stem Internode	Illumina HiSeq 4000	ISR		PASS	79.03169936533698	25824960	120092	66987	148986	6.6525	65452130	150.0
SRR11688067	PRJNA630147	C418	Saccharum hybrid cultivar	Saccharum hybrid cultivar (non-R570)	1	Stem Internode	Illumina HiSeq 4000	ISR		PASS	74.25761160438735	14557180	111804	74852	137527	8.3054	39264894	150.0
SRR11688068	PRJNA630147	C418	Saccharum hybrid cultivar	Saccharum hybrid cultivar (non-R570)	1	Stem Internode	Illumina HiSeq 4000	ISR		PASS	74.90778579469264	15771468	114470	75454	141743	8.3861	42159912	150.0
SRR11688069	PRJNA630147	C418	Saccharum hybrid cultivar	Saccharum hybrid cultivar (non-R570)	1	Stem Internode	Illumina HiSeq 4000	ISR		PASS	75.37005135108092	14432584	112967	72815	138998	7.3843	38357146	150.0
SRR11688070	PRJNA630147	C416	Saccharum hybrid cultivar	Saccharum hybrid cultivar (non-R570)	1	Leaf + 1	Illumina HiSeq 4000	ISR		PASS	76.81197037041436	18626243	111657	65097	138113	7.035	48558324	150.0
SRR11688071	PRJNA630147	C416	Saccharum hybrid cultivar	Saccharum hybrid cultivar (non-R570)	1	Leaf + 1	Illumina HiSeq 4000	ISR		PASS	77.71663722919378	18828454	110846	61209	135723	6.3775	48498676	150.0
SRR11688072	PRJNA630147	C416	Saccharum hybrid cultivar	Saccharum hybrid cultivar (non-R570)	1	Leaf + 1	Illumina HiSeq 4000	ISR		PASS	76.93527602166293	16983286	106805	58776	129883	7.3365	44196026	150.0
SRR11688073	PRJNA630147	C416	Saccharum hybrid cultivar	Saccharum hybrid cultivar (non-R570)	1	Stem Internode	Illumina HiSeq 4000	ISR		PASS	75.73170404522787	15016985	112103	68865	136532	7.3642	39762338	150.0
SRR11688074	PRJNA630147	C416	Saccharum hybrid cultivar	Saccharum hybrid cultivar (non-R570)	1	Stem Internode	Illumina HiSeq 4000	ISR		PASS	77.48340428730353	17689689	115177	67731	141079	6.9084	45791808	150.0
SRR11688075	PRJNA630147	C416	Saccharum hybrid cultivar	Saccharum hybrid cultivar (non-R570)	1	Stem Internode	Illumina HiSeq 4000	ISR		PASS	80.42430442731516	25361880	120465	67901	149393	6.0283	63160802	150.0
SRR11688044	PRJNA630147	SP80-3280	Saccharum hybrid cultivar SP80-3280	Saccharum hybrid cultivar (non-R570)	1	Stem Internode	Illumina HiSeq 4000	ISR		PASS	76.7564538131758	17690621	115992	69596	143134	7.5178	46230114	150.0
SRR11688045	PRJNA630147	SP80-3280	Saccharum hybrid cultivar SP80-3280	Saccharum hybrid cultivar (non-R570)	1	Stem Internode	Illumina HiSeq 4000	ISR		PASS	79.49387746788518	26227194	121994	66725	151456	6.4555	66093562	150.0
SRR11688046	PRJNA630147	SP80-3280	Saccharum hybrid cultivar SP80-3280	Saccharum hybrid cultivar (non-R570)	1	Stem Internode	Illumina HiSeq 4000	ISR		PASS	80.89704687833418	28615172	121693	64650	150938	6.0944	70849048	150.0
SRR11688047	PRJNA630147	SP80-3280	Saccharum hybrid cultivar SP80-3280	Saccharum hybrid cultivar (non-R570)	1	Stem Internode	Illumina HiSeq 4000	ISR		PASS	72.38338568708852	13559217	113830	76730	140997	9.8789	37516044	150.0
SRR11688048	PRJNA630147	SP80-3280	Saccharum hybrid cultivar SP80-3280	Saccharum hybrid cultivar (non-R570)	1	Stem Internode	Illumina HiSeq 4000	ISR		PASS	73.59879368259841	15807741	114217	76007	142482	10.0101	43006302	150.0
SRR11688049	PRJNA630147	SP80-3280	Saccharum hybrid cultivar SP80-3280	Saccharum hybrid cultivar (non-R570)	1	Stem Internode	Illumina HiSeq 4000	ISR		PASS	74.51209435399436	15226200	112153	74956	139380	8.9855	40926366	150.0
SRR11688050	PRJNA630147	IN84-58	Saccharum spontaneum	Saccharum spontaneum	3	Leaf + 1	Illumina HiSeq 4000	ISR		PASS	78.16010722940932	15256867	98649	53357	117647	6.1422	39079138	150.0
SRR11688051	PRJNA630147	C414	Saccharum hybrid cultivar	Saccharum hybrid cultivar (non-R570)	1	Stem Internode	Illumina HiSeq 4000	ISR		PASS	69.69655650143207	17782638	114996	75163	144282	7.7638	51089496	150.0
SRR11688052	PRJNA630147	IN84-58	Saccharum spontaneum	Saccharum spontaneum	3	Leaf + 1	Illumina HiSeq 4000	ISR		PASS	76.99442833945123	21582831	106789	57639	130026	7.1396	56112316	150.0
SRR11688053	PRJNA630147	IN84-58	Saccharum spontaneum	Saccharum spontaneum	3	Leaf + 1	Illumina HiSeq 4000	ISR		PASS	77.19567771742165	19682575	100083	52170	119991	6.3295	51040676	150.0
SRR11688054	PRJNA630147	IN84-58	Saccharum spontaneum	Saccharum spontaneum	3	Stem Internode	Illumina HiSeq 4000	ISR		PASS	76.33276136222143	16877243	103902	60112	125058	6.8128	44371374	150.0
SRR11688055	PRJNA630147	IN84-58	Saccharum spontaneum	Saccharum spontaneum	3	Stem Internode	Illumina HiSeq 4000	ISR		PASS	77.12355423050708	17913481	105403	58638	126050	6.8541	46556264	150.0
SRR11688056	PRJNA630147	IN84-58	Saccharum spontaneum	Saccharum spontaneum	3	Stem Internode	Illumina HiSeq 4000	ISR		PASS	79.58209182558075	26814051	119693	65300	146800	5.8724	67479656	150.0
SRR11688057	PRJNA630147	IN84-58	Saccharum spontaneum	Saccharum spontaneum	3	Stem Internode	Illumina HiSeq 4000	ISR		PASS	76.20180576788047	15023138	108144	67142	131387	7.545	39477250	150.0
SRR11688058	PRJNA630147	IN84-58	Saccharum spontaneum	Saccharum spontaneum	3	Stem Internode	Illumina HiSeq 4000	ISR		PASS	74.95259428364484	21259305	109471	67401	135349	7.8942	56798638	150.0
SRR11688059	PRJNA630147	IN84-58	Saccharum spontaneum	Saccharum spontaneum	3	Stem Internode	Illumina HiSeq 4000	ISR		PASS	74.4212639629343	14105822	105936	67259	129037	7.3772	37997620	150.0
SRR11688028	PRJNA630147	C429	Saccharum hybrid cultivar	Saccharum hybrid cultivar (non-R570)	1	Stem Internode	Illumina HiSeq 4000	ISR		PASS	76.31935871441794	20602620	115874	62838	141381	6.4267	54038526	150.0
SRR11688029	PRJNA630147	C429	Saccharum hybrid cultivar	Saccharum hybrid cultivar (non-R570)	1	Stem Internode	Illumina HiSeq 4000	ISR		PASS	76.80064691604238	18279739	119820	70095	147278	6.1616	47655904	150.0
SRR11688030	PRJNA630147	C429	Saccharum hybrid cultivar	Saccharum hybrid cultivar (non-R570)	1	Stem Internode	Illumina HiSeq 4000	ISR		PASS	76.13331413316507	21391159	119685	68417	148594	6.5896	56266240	150.0
SRR11688031	PRJNA630147	C429	Saccharum hybrid cultivar	Saccharum hybrid cultivar (non-R570)	1	Stem Internode	Illumina HiSeq 4000	ISR		PASS	68.31610105818416	20426381	122081	77216	154134	8.009	59864030	150.0
SRR11688032	PRJNA630147	C429	Saccharum hybrid cultivar	Saccharum hybrid cultivar (non-R570)	1	Stem Internode	Illumina HiSeq 4000	ISR		PASS	70.37613952708666	17384485	118297	77988	149502	8.5084	49472856	150.0
SRR11688033	PRJNA630147	C429	Saccharum hybrid cultivar	Saccharum hybrid cultivar (non-R570)	1	Stem Internode	Illumina HiSeq 4000	ISR		PASS	71.85610356610442	15756901	117208	76333	147114	8.231	43926302	150.0
SRR11688034	PRJNA630147	C402	Saccharum hybrid cultivar	Saccharum hybrid cultivar (non-R570)	1	Stem Internode	Illumina HiSeq 4000	ISR		PASS	74.24971127843726	18306446	118325	70548	145214	6.0157	49383378	150.0
SRR11688035	PRJNA630147	C402	Saccharum hybrid cultivar	Saccharum hybrid cultivar (non-R570)	1	Stem Internode	Illumina HiSeq 4000	ISR		PASS	73.43916121349788	16413654	120308	68574	146545	6.3054	44759092	150.0
SRR11688036	PRJNA630147	C402	Saccharum hybrid cultivar	Saccharum hybrid cultivar (non-R570)	1	Stem Internode	Illumina HiSeq 4000	ISR		PASS	72.85147734327425	22114310	119615	66609	149230	7.351	60798552	150.0
SRR11688037	PRJNA630147	C402	Saccharum hybrid cultivar	Saccharum hybrid cultivar (non-R570)	1	Stem Internode	Illumina HiSeq 4000	ISR		PASS	72.14790565026374	19667597	118651	76234	150041	8.284	54609136	150.0
SRR11688038	PRJNA630147	C402	Saccharum hybrid cultivar	Saccharum hybrid cultivar (non-R570)	1	Stem Internode	Illumina HiSeq 4000	ISR		PASS	67.85315708256492	16118529	118496	77713	148925	8.3444	47585356	150.0
SRR11688039	PRJNA630147	C402	Saccharum hybrid cultivar	Saccharum hybrid cultivar (non-R570)	1	Stem Internode	Illumina HiSeq 4000	ISR		PASS	70.97374127542149	17808355	120798	76657	152358	8.175	50271554	150.0
SRR11688040	PRJNA630147	C414	Saccharum hybrid cultivar	Saccharum hybrid cultivar (non-R570)	1	Leaf + 1	Illumina HiSeq 4000	ISR		PASS	68.19820169195631	17093200	112348	62064	137331	8.2183	50192108	150.0
SRR11688041	PRJNA630147	SP80-3280	Saccharum hybrid cultivar SP80-3280	Saccharum hybrid cultivar (non-R570)	1	Leaf + 1	Illumina HiSeq 4000	ISR		PASS	75.25697985058842	14726559	108032	65414	132946	7.981	39181664	150.0
SRR11688042	PRJNA630147	SP80-3280	Saccharum hybrid cultivar SP80-3280	Saccharum hybrid cultivar (non-R570)	1	Leaf + 1	Illumina HiSeq 4000	ISR		PASS	76.01384516594126	16552537	108819	61230	133438	7.3593	43588962	150.0
SRR11688043	PRJNA630147	SP80-3280	Saccharum hybrid cultivar SP80-3280	Saccharum hybrid cultivar (non-R570)	1	Leaf + 1	Illumina HiSeq 4000	ISR		PASS	75.2926863122911	17298384	105972	58097	129284	7.7833	45983694	150.0
SRR11688012	PRJNA630147	SP80-3280	Saccharum hybrid cultivar SP80-3280	Saccharum hybrid cultivar (non-R570)	1	Stem Internode	Illumina HiSeq 4000	ISR		PASS	69.82288146163316	17381949	119106	76829	151087	8.6654	49879510	150.0
SRR11688013	PRJNA630147	SP80-3280	Saccharum hybrid cultivar SP80-3280	Saccharum hybrid cultivar (non-R570)	1	Stem Internode	Illumina HiSeq 4000	ISR		PASS	72.392113395688	18160565	119421	76720	152045	8.854	50257130	150.0
SRR11688014	PRJNA630147	IN84-58	Saccharum spontaneum	Saccharum spontaneum	3	Leaf + 1	Illumina HiSeq 4000	ISR		PASS	69.84381453699969	18348855	105972	55641	128080	7.2858	52603648	150.0
SRR11688015	PRJNA630147	C416	Saccharum hybrid cultivar	Saccharum hybrid cultivar (non-R570)	1	Leaf + 1	Illumina HiSeq 4000	ISR		PASS	71.61130210057878	19021369	112551	62966	137847	6.2497	53171174	150.0
SRR11688016	PRJNA630147	IN84-58	Saccharum spontaneum	Saccharum spontaneum	3	Leaf + 1	Illumina HiSeq 4000	ISR		PASS	68.65671568865763	16862088	106570	59014	130088	7.4304	49165892	150.0
SRR11688017	PRJNA630147	IN84-58	Saccharum spontaneum	Saccharum spontaneum	3	Leaf + 1	Illumina HiSeq 4000	ISR		PASS	68.85465697747983	18730228	106281	58984	130109	7.0231	54526132	150.0
SRR11688018	PRJNA630147	IN84-58	Saccharum spontaneum	Saccharum spontaneum	3	Stem Internode	Illumina HiSeq 4000	ISR		PASS	71.28404738732218	18365818	110839	62670	134826	7.6803	51584252	150.0
SRR11688019	PRJNA630147	IN84-58	Saccharum spontaneum	Saccharum spontaneum	3	Stem Internode	Illumina HiSeq 4000	ISR		PASS	71.89758162480683	18365020	107143	60696	130664	7.9793	51135468	150.0
SRR11688020	PRJNA630147	IN84-58	Saccharum spontaneum	Saccharum spontaneum	3	Stem Internode	Illumina HiSeq 4000	ISR		PASS	76.60983200500998	21416598	111186	59370	134837	5.8508	55980546	150.0
SRR11688021	PRJNA630147	IN84-58	Saccharum spontaneum	Saccharum spontaneum	3	Stem Internode	Illumina HiSeq 4000	ISR		PASS	73.75913570637539	20620281	112925	67925	139846	7.3522	56000316	150.0
SRR11688022	PRJNA630147	IN84-58	Saccharum spontaneum	Saccharum spontaneum	3	Stem Internode	Illumina HiSeq 4000	ISR		PASS	71.61099327805734	17491896	110143	67152	135868	7.2304	48917418	150.0
SRR11688023	PRJNA630147	IN84-58	Saccharum spontaneum	Saccharum spontaneum	3	Stem Internode	Illumina HiSeq 4000	ISR		PASS	71.89421847286309	18936275	110891	67107	137787	7.5964	52761660	150.0
SRR11688024	PRJNA630147	C429	Saccharum hybrid cultivar	Saccharum hybrid cultivar (non-R570)	1	Leaf + 1	Illumina HiSeq 4000	ISR		PASS	70.02487727776993	16620906	108150	55287	129541	7.0109	47522334	150.0
SRR11688025	PRJNA630147	C429	Saccharum hybrid cultivar	Saccharum hybrid cultivar (non-R570)	1	Leaf + 1	Illumina HiSeq 4000	ISR		PASS	67.47677948084163	19292784	116104	68086	145062	7.9159	57227844	150.0
SRR11688026	PRJNA630147	C416	Saccharum hybrid cultivar	Saccharum hybrid cultivar (non-R570)	1	Leaf + 1	Illumina HiSeq 4000	ISR		PASS	69.68996108166147	16839117	109727	61295	133263	6.8958	48368564	150.0
SRR11688027	PRJNA630147	C429	Saccharum hybrid cultivar	Saccharum hybrid cultivar (non-R570)	1	Leaf + 1	Illumina HiSeq 4000	ISR		PASS	68.10034728419932	15383182	111830	66703	137817	7.4991	45278448	150.0
SRR11687996	PRJNA630147	C419	Saccharum hybrid cultivar	Saccharum hybrid cultivar (non-R570)	1	Stem Internode	Illumina HiSeq 4000	ISR		PASS	66.78916613938107	17314189	118331	76280	148293	7.7835	51902222	150.0
SRR11687997	PRJNA630147	C419	Saccharum hybrid cultivar	Saccharum hybrid cultivar (non-R570)	1	Stem Internode	Illumina HiSeq 4000	ISR		PASS	70.43579361135718	14941933	116067	75144	143561	7.5674	42473868	150.0
SRR11687998	PRJNA630147	C402	Saccharum hybrid cultivar	Saccharum hybrid cultivar (non-R570)	1	Leaf + 1	Illumina HiSeq 4000	ISR		PASS	66.80805976409059	17190764	108986	59042	133056	8.2131	51521334	150.0
SRR11687999	PRJNA630147	C418	Saccharum hybrid cultivar	Saccharum hybrid cultivar (non-R570)	1	Leaf + 1	Illumina HiSeq 4000	ISR		PASS	71.46245313199074	15440670	106899	58776	129374	6.0407	43251646	150.0
SRR11688000	PRJNA630147	C418	Saccharum hybrid cultivar	Saccharum hybrid cultivar (non-R570)	1	Leaf + 1	Illumina HiSeq 4000	ISR		PASS	70.64569850843631	17576837	106581	57679	129179	7.0018	49820230	150.0
SRR11688001	PRJNA630147	C418	Saccharum hybrid cultivar	Saccharum hybrid cultivar (non-R570)	1	Leaf + 1	Illumina HiSeq 4000	ISR		PASS	68.60461001299832	17234114	105254	54564	127189	7.0372	50298666	150.0
SRR11688002	PRJNA630147	C418	Saccharum hybrid cultivar	Saccharum hybrid cultivar (non-R570)	1	Stem Internode	Illumina HiSeq 4000	ISR		PASS	69.30906722792454	17228500	116064	74848	145352	7.8922	49769536	150.0
SRR11688003	PRJNA630147	C418	Saccharum hybrid cultivar	Saccharum hybrid cultivar (non-R570)	1	Stem Internode	Illumina HiSeq 4000	ISR		PASS	69.38828742288833	20475669	119535	72882	150141	7.0848	59057660	150.0
SRR11688004	PRJNA630147	C418	Saccharum hybrid cultivar	Saccharum hybrid cultivar (non-R570)	1	Stem Internode	Illumina HiSeq 4000	ISR		PASS	68.40624536623842	14559588	116197	76561	145237	8.1577	42610118	150.0
SRR11688005	PRJNA630147	SP80-3280	Saccharum hybrid cultivar SP80-3280	Saccharum hybrid cultivar (non-R570)	1	Leaf + 1	Illumina HiSeq 4000	ISR		PASS	72.24762504732666	21959761	113777	59215	140733	7.3698	60850548	150.0
SRR11688006	PRJNA630147	SP80-3280	Saccharum hybrid cultivar SP80-3280	Saccharum hybrid cultivar (non-R570)	1	Leaf + 1	Illumina HiSeq 4000	ISR		PASS	68.42229764363702	19428794	114860	66411	143780	7.8418	56916296	150.0
SRR11688007	PRJNA630147	SP80-3280	Saccharum hybrid cultivar SP80-3280	Saccharum hybrid cultivar (non-R570)	1	Leaf + 1	Illumina HiSeq 4000	ISR		PASS	68.72442493594689	22599900	115906	65315	145855	7.6473	65915622	150.0
SRR11688008	PRJNA630147	SP80-3280	Saccharum hybrid cultivar SP80-3280	Saccharum hybrid cultivar (non-R570)	1	Stem Internode	Illumina HiSeq 4000	ISR		PASS	74.57692519464736	20384413	113575	61112	138804	7.4067	54710492	150.0
SRR11688009	PRJNA630147	SP80-3280	Saccharum hybrid cultivar SP80-3280	Saccharum hybrid cultivar (non-R570)	1	Stem Internode	Illumina HiSeq 4000	ISR		PASS	77.3308335563254	17746844	119046	68322	146311	6.2063	45952896	150.0
SRR11688010	PRJNA630147	SP80-3280	Saccharum hybrid cultivar SP80-3280	Saccharum hybrid cultivar (non-R570)	1	Stem Internode	Illumina HiSeq 4000	ISR		PASS	75.90127766800941	19239320	119804	66578	147265	6.4554	50759136	150.0
SRR11688011	PRJNA630147	SP80-3280	Saccharum hybrid cultivar SP80-3280	Saccharum hybrid cultivar (non-R570)	1	Stem Internode	Illumina HiSeq 4000	ISR		PASS	66.4697707398733	15796434	118893	76733	149303	9.3044	47572660	150.0
SRR11687980	PRJNA630147	C429	Saccharum hybrid cultivar	Saccharum hybrid cultivar (non-R570)	1	Leaf + 1	Illumina HiSeq 4000	ISR		PASS	68.05247262579665	13787335	107286	56679	128252	7.1564	40569798	150.0
SRR11687981	PRJNA630147	C429	Saccharum hybrid cultivar	Saccharum hybrid cultivar (non-R570)	1	Leaf + 1	Illumina HiSeq 4000	ISR		PASS	65.6247686138014	16547206	106768	59055	129551	7.758	50504172	150.0
SRR11687982	PRJNA630147	C429	Saccharum hybrid cultivar	Saccharum hybrid cultivar (non-R570)	1	Stem Internode	Illumina HiSeq 4000	ISR		PASS	70.88784570509381	21305795	119683	76215	151432	7.6092	60154174	150.0
SRR11687983	PRJNA630147	C429	Saccharum hybrid cultivar	Saccharum hybrid cultivar (non-R570)	1	Stem Internode	Illumina HiSeq 4000	ISR		PASS	68.55486103034175	16898837	116002	76058	145299	8.0998	49351108	150.0
SRR11687984	PRJNA630147	C429	Saccharum hybrid cultivar	Saccharum hybrid cultivar (non-R570)	1	Stem Internode	Illumina HiSeq 4000	ISR		PASS	67.13884275947832	15087714	117377	77944	145761	8.171	44992910	150.0
SRR11687985	PRJNA630147	C424	Saccharum hybrid cultivar	Saccharum hybrid cultivar (non-R570)	1	Leaf + 1	Illumina HiSeq 4000	ISR		PASS	69.7419939453151	16224986	107432	57589	129843	6.9497	46565148	150.0
SRR11687986	PRJNA630147	C424	Saccharum hybrid cultivar	Saccharum hybrid cultivar (non-R570)	1	Leaf + 1	Illumina HiSeq 4000	ISR		PASS	70.26737344799535	19236881	109884	58212	132804	6.4712	54860566	150.0
SRR11687987	PRJNA630147	C402	Saccharum hybrid cultivar	Saccharum hybrid cultivar (non-R570)	1	Leaf + 1	Illumina HiSeq 4000	ISR		PASS	71.12983799807374	15416770	109188	61101	132788	7.087	43399358	150.0
SRR11687988	PRJNA630147	C424	Saccharum hybrid cultivar	Saccharum hybrid cultivar (non-R570)	1	Leaf + 1	Illumina HiSeq 4000	ISR		PASS	70.41877068737702	17908387	109287	56940	132800	7.2046	50931884	150.0
SRR11687989	PRJNA630147	C424	Saccharum hybrid cultivar	Saccharum hybrid cultivar (non-R570)	1	Stem Internode	Illumina HiSeq 4000	ISR		PASS	74.59393155244982	19198408	123245	76409	153747	7.1381	51531590	150.0
SRR11687990	PRJNA630147	C424	Saccharum hybrid cultivar	Saccharum hybrid cultivar (non-R570)	1	Stem Internode	Illumina HiSeq 4000	ISR		PASS	69.61619798102454	16281906	115232	73621	143435	7.066	46822282	150.0
SRR11687991	PRJNA630147	C424	Saccharum hybrid cultivar	Saccharum hybrid cultivar (non-R570)	1	Stem Internode	Illumina HiSeq 4000	ISR		PASS	67.63415502174958	15923567	118178	76477	147389	7.9784	47145742	150.0
SRR11687992	PRJNA630147	C419	Saccharum hybrid cultivar	Saccharum hybrid cultivar (non-R570)	1	Leaf + 1	Illumina HiSeq 4000	ISR		PASS	68.88637666540033	19093795	111403	60110	135780	7.6339	55500706	150.0
SRR11688188	PRJNA630147	C424	Saccharum hybrid cultivar	Saccharum hybrid cultivar (non-R570)	1	Stem Internode	Illumina HiSeq 4000	ISR		PASS	79.61485193398606	17838116	113520	63098	136551	6.1908	44858180	150.0
SRR11688189	PRJNA630147	C424	Saccharum hybrid cultivar	Saccharum hybrid cultivar (non-R570)	1	Stem Internode	Illumina HiSeq 4000	ISR		PASS	73.4459565753181	13623348	118289	78869	145042	8.9506	37148654	150.0
SRR11688190	PRJNA630147	C424	Saccharum hybrid cultivar	Saccharum hybrid cultivar (non-R570)	1	Stem Internode	Illumina HiSeq 4000	ISR		PASS	75.37172982882313	16618366	115277	76046	143581	7.9392	44147064	150.0
SRR11688191	PRJNA630147	C424	Saccharum hybrid cultivar	Saccharum hybrid cultivar (non-R570)	1	Stem Internode	Illumina HiSeq 4000	ISR		PASS	74.2930863331293	16299629	116212	76464	145118	8.3495	43967744	150.0
SRR11688192	PRJNA630147	C419	Saccharum hybrid cultivar	Saccharum hybrid cultivar (non-R570)	1	Leaf + 1	Illumina HiSeq 4000	ISR		PASS	75.94114551747094	20818031	113850	64880	141405	7.4378	54871510	150.0
SRR11688193	PRJNA630147	C419	Saccharum hybrid cultivar	Saccharum hybrid cultivar (non-R570)	1	Leaf + 1	Illumina HiSeq 4000	ISR		PASS	74.32286906597872	18681288	107379	57602	129456	6.8547	50313156	150.0
SRR11688194	PRJNA630147	C419	Saccharum hybrid cultivar	Saccharum hybrid cultivar (non-R570)	1	Leaf + 1	Illumina HiSeq 4000	ISR		PASS	77.2687121606987	16665713	106740	57679	129270	6.5094	43169372	150.0
SRR11688195	PRJNA630147	C419	Saccharum hybrid cultivar	Saccharum hybrid cultivar (non-R570)	1	Stem Internode	Illumina HiSeq 4000	ISR		PASS	76.48246037461838	17004324	116763	70499	142944	7.1294	44566528	150.0
SRR11688196	PRJNA630147	C411	Saccharum hybrid cultivar	Saccharum hybrid cultivar (non-R570)	1	Leaf + 1	Illumina HiSeq 4000	ISR		PASS	70.5931877673988	14903110	109324	59649	131836	6.8973	42261368	150.0
SRR11688197	PRJNA630147	C419	Saccharum hybrid cultivar	Saccharum hybrid cultivar (non-R570)	1	Stem Internode	Illumina HiSeq 4000	ISR		PASS	76.88202602720357	17421218	114284	67900	140394	7.3116	45461792	150.0
SRR11688198	PRJNA630147	C419	Saccharum hybrid cultivar	Saccharum hybrid cultivar (non-R570)	1	Stem Internode	Illumina HiSeq 4000	ISR		PASS	74.3355833554148	18745378	116476	67972	142836	8.7287	50503292	150.0
SRR11688199	PRJNA630147	C419	Saccharum hybrid cultivar	Saccharum hybrid cultivar (non-R570)	1	Stem Internode	Illumina HiSeq 4000	ISR		PASS	74.37782792205742	14951756	112941	75729	139880	8.5164	40253000	150.0
SRR11688200	PRJNA630147	C419	Saccharum hybrid cultivar	Saccharum hybrid cultivar (non-R570)	1	Stem Internode	Illumina HiSeq 4000	ISR		PASS	73.8943544747741	15942104	114824	76899	142370	8.716	43199124	150.0
SRR11688204	PRJNA630147	C418	Saccharum hybrid cultivar	Saccharum hybrid cultivar (non-R570)	1	Leaf + 1	Illumina HiSeq 4000	ISR		PASS	78.40679740075053	17667377	105074	54194	126598	6.3134	45104690	150.0
SRR11687977	PRJNA630147	IN84-58	Saccharum spontaneum	Saccharum spontaneum	3	Stem Internode	Illumina HiSeq 4000	ISR		PASS	69.39877594361195	17943633	109275	67928	134518	7.1555	51767840	150.0
SRR11687978	PRJNA630147	IN84-58	Saccharum spontaneum	Saccharum spontaneum	3	Stem Internode	Illumina HiSeq 4000	ISR		PASS	70.61062297850293	16605222	106007	63056	128354	6.3316	47079980	150.0
SRR11687979	PRJNA630147	C429	Saccharum hybrid cultivar	Saccharum hybrid cultivar (non-R570)	1	Leaf + 1	Illumina HiSeq 4000	ISR		PASS	70.15357699476026	16777987	110147	60565	134039	6.7123	47869968	150.0
SRR11687993	PRJNA630147	C419	Saccharum hybrid cultivar	Saccharum hybrid cultivar (non-R570)	1	Leaf + 1	Illumina HiSeq 4000	ISR		PASS	68.71957401068447	16933573	109530	61872	134623	7.2993	49330698	150.0
SRR11687994	PRJNA630147	C419	Saccharum hybrid cultivar	Saccharum hybrid cultivar (non-R570)	1	Leaf + 1	Illumina HiSeq 4000	ISR		PASS	65.92199315911479	17765991	106516	55555	128222	8.0579	53974562	150.0
SRR11687995	PRJNA630147	C419	Saccharum hybrid cultivar	Saccharum hybrid cultivar (non-R570)	1	Stem Internode	Illumina HiSeq 4000	ISR		PASS	68.2079375506656	17215015	114045	73416	143466	8.6625	50529600	150.0
SRR11688207	PRJNA630147	C411	Saccharum hybrid cultivar	Saccharum hybrid cultivar (non-R570)	1	Leaf + 1	Illumina HiSeq 4000	ISR		PASS	69.14710356844995	14748663	108935	61856	131337	6.8522	42706604	150.0
SRR11688208	PRJNA630147	C402	Saccharum hybrid cultivar	Saccharum hybrid cultivar (non-R570)	1	Stem Internode	Illumina HiSeq 4000	ISR		PASS	68.84813284156492	17359393	114681	75125	143324	8.056	50462302	150.0
SRR11688209	PRJNA630147	C402	Saccharum hybrid cultivar	Saccharum hybrid cultivar (non-R570)	1	Stem Internode	Illumina HiSeq 4000	ISR		PASS	67.88715824954063	15661452	118887	77339	148368	8.6218	46191002	150.0
SRR7248460	PRJNA474042	Q240	Saccharum hybrid cultivar	Saccharum hybrid cultivar (non-R570)	1	Leaf	Illumina HiSeq 2500	ISR		PASS	43.108718646720895	2317745	69391	48657	77259	17.5569	10849248	124.4703
SRR7248459	PRJNA474042	Q240	Saccharum hybrid cultivar	Saccharum hybrid cultivar (non-R570)	1	Leaf	Illumina HiSeq 2500	ISR		PASS	43.49124305576581	2628786	71620	49092	80237	17.8184	12158140	124.4963
SRR7248458	PRJNA474042	Q240	Saccharum hybrid cultivar	Saccharum hybrid cultivar (non-R570)	1	Leaf	Illumina HiSeq 2500	ISR		PASS	59.862463573104606	7476256	94276	61996	112844	16.7873	25205204	124.8292
SRR7248457	PRJNA474042	Q240	Saccharum hybrid cultivar	Saccharum hybrid cultivar (non-R570)	1	Leaf	Illumina HiSeq 2500	ISR		PASS	59.863150235468424	7457076	94180	61959	112518	16.7759	25134594	124.8289
SRR7248456	PRJNA474042	Q240	Saccharum hybrid cultivar	Saccharum hybrid cultivar (non-R570)	1	Leaf	Illumina HiSeq 2500	ISR		PASS	57.61176147861057	7839975	96218	61316	114866	17.4357	27577020	124.2802
SRR7248455	PRJNA474042	Q240	Saccharum hybrid cultivar	Saccharum hybrid cultivar (non-R570)	1	Leaf	Illumina HiSeq 2500	ISR		PASS	57.59438241972003	7856797	96314	61435	114934	17.4465	27661640	124.285
SRR7248454	PRJNA474042	Q240	Saccharum hybrid cultivar	Saccharum hybrid cultivar (non-R570)	1	Leaf	Illumina HiSeq 2500	ISR		PASS	45.85271958372865	6964189	86649	49148	101184	18.5709	30568682	124.9385
SRR7248453	PRJNA474042	Q240	Saccharum hybrid cultivar	Saccharum hybrid cultivar (non-R570)	1	Leaf	Illumina HiSeq 2500	ISR		PASS	57.58791069336397	7861939	96241	61449	114644	17.4372	27676426	124.28
SRR7248452	PRJNA474042	Q240	Saccharum hybrid cultivar	Saccharum hybrid cultivar (non-R570)	1	Leaf	Illumina HiSeq 2500	ISR		PASS	45.82055935357685	6955686	86676	49018	101270	18.585	30551380	124.9351
SRR7248451	PRJNA474042	Q240	Saccharum hybrid cultivar	Saccharum hybrid cultivar (non-R570)	1	Leaf	Illumina HiSeq 2500	ISR		PASS	45.83525810932287	6939591	86576	49063	101256	18.5682	30465840	124.9363
SRR7248450	PRJNA474042	Q240	Saccharum hybrid cultivar	Saccharum hybrid cultivar (non-R570)	1	Leaf	Illumina HiSeq 2500	ISR		PASS	43.15191903299496	2281908	69101	48663	76852	17.6459	10647334	124.4812
SRR7248449	PRJNA474042	Q240	Saccharum hybrid cultivar	Saccharum hybrid cultivar (non-R570)	1	Leaf	Illumina HiSeq 2500	ISR		PASS	43.206729037316435	2283645	69015	48685	76759	17.4947	10637794	124.4912
SRR7248448	PRJNA474042	Q240	Saccharum hybrid cultivar	Saccharum hybrid cultivar (non-R570)	1	Leaf	Illumina HiSeq 2500	ISR		PASS	56.55484256959713	3304694	81153	59330	91698	15.0719	11744926	120.5808
SRR7248447	PRJNA474042	Q240	Saccharum hybrid cultivar	Saccharum hybrid cultivar (non-R570)	1	Leaf	Illumina HiSeq 2500	ISR		PASS	57.935520745740554	3381504	84236	62368	95574	15.1996	11757566	120.1079
SRR7248446	PRJNA474042	Q240	Saccharum hybrid cultivar	Saccharum hybrid cultivar (non-R570)	1	Leaf	Illumina HiSeq 2500	ISR		PASS	57.67883710130343	3049160	82186	61808	92509	14.9999	10685250	120.0989
SRR7248445	PRJNA474042	Q240	Saccharum hybrid cultivar	Saccharum hybrid cultivar (non-R570)	1	Leaf	Illumina HiSeq 2500	ISR		PASS	54.91308499136005	8366355	96171	59996	113937	15.741	30681488	119.2667
SRR7248444	PRJNA474042	Q240	Saccharum hybrid cultivar	Saccharum hybrid cultivar (non-R570)	1	Leaf	Illumina HiSeq 2500	ISR		PASS	54.92124135959787	8335293	96056	60110	113692	15.7472	30554324	119.2584
SRR7248443	PRJNA474042	Q240	Saccharum hybrid cultivar	Saccharum hybrid cultivar (non-R570)	1	Leaf	Illumina HiSeq 2500	ISR		PASS	59.56462489374908	7760152	93590	61424	112170	16.4635	26330824	124.6414
SRR7248442	PRJNA474042	Q240	Saccharum hybrid cultivar	Saccharum hybrid cultivar (non-R570)	1	Leaf	Illumina HiSeq 2500	ISR		PASS	59.537442399972875	7778496	93513	61418	112057	16.4749	26413012	124.641
SRR7248441	PRJNA474042	Q240	Saccharum hybrid cultivar	Saccharum hybrid cultivar (non-R570)	1	Leaf	Illumina HiSeq 2500	ISR		PASS	54.88530159193251	8349022	96019	59917	113822	15.7545	30630676	119.2613
SRR7248440	PRJNA474042	Q240	Saccharum hybrid cultivar	Saccharum hybrid cultivar (non-R570)	1	Leaf	Illumina HiSeq 2500	ISR		PASS	59.53967155239612	7774058	93595	61433	112180	16.4738	26402896	124.6489
SRR7248439	PRJNA474042	Q240	Saccharum hybrid cultivar	Saccharum hybrid cultivar (non-R570)	1	Leaf	Illumina HiSeq 2500	ISR		PASS	57.760466466655146	7728098	93842	60176	111917	17.0404	27110936	124.6383
SRR7248438	PRJNA474042	Q240	Saccharum hybrid cultivar	Saccharum hybrid cultivar (non-R570)	1	Leaf	Illumina HiSeq 2500	ISR		PASS	59.83842564798465	7465436	94167	61947	112705	16.7791	25183352	124.8308
SRR7248437	PRJNA474042	Q240	Saccharum hybrid cultivar	Saccharum hybrid cultivar (non-R570)	1	Leaf	Illumina HiSeq 2500	ISR		PASS	57.75384257520708	7726614	93841	60097	112055	17.0371	27115102	124.6417
SRR7248436	PRJNA474042	Q240	Saccharum hybrid cultivar	Saccharum hybrid cultivar (non-R570)	1	Leaf	Illumina HiSeq 2500	ISR		PASS	57.743121457607124	7696531	93728	59937	111958	17.0314	26997192	124.6399
SRR7248435	PRJNA474042	Q240	Saccharum hybrid cultivar	Saccharum hybrid cultivar (non-R570)	1	Leaf	Illumina HiSeq 2500	ISR		PASS	59.58054516398887	3660074	86756	64038	98777	14.8603	12443324	118.5439
SRR7248434	PRJNA474042	Q240	Saccharum hybrid cultivar	Saccharum hybrid cultivar (non-R570)	1	Leaf	Illumina HiSeq 2500	ISR		PASS	59.62348600864289	3641474	86778	64206	98854	14.8774	12344904	118.5875
SRR7248433	PRJNA474042	Q240	Saccharum hybrid cultivar	Saccharum hybrid cultivar (non-R570)	1	Leaf	Illumina HiSeq 2500	ISR		PASS	59.697064219369736	3634371	86559	64101	98515	14.9397	12305712	118.5819
SRR7248432	PRJNA474042	Q240	Saccharum hybrid cultivar	Saccharum hybrid cultivar (non-R570)	1	Leaf	Illumina HiSeq 2500	ISR		PASS	59.39585416989702	3233009	84646	63626	95679	14.7402	11050628	118.5836
SRR7248431	PRJNA474042	Q240	Saccharum hybrid cultivar	Saccharum hybrid cultivar (non-R570)	1	Leaf	Illumina HiSeq 2500	ISR		PASS	59.4468743203731	3198117	84329	63584	95339	14.7482	10895504	118.551
SRR7248430	PRJNA474042	Q240	Saccharum hybrid cultivar	Saccharum hybrid cultivar (non-R570)	1	Leaf	Illumina HiSeq 2500	ISR		PASS	59.36931942349152	3202992	84267	63605	95174	14.6685	10921338	118.5972
SRR7248429	PRJNA474042	Q240	Saccharum hybrid cultivar	Saccharum hybrid cultivar (non-R570)	1	Leaf	Illumina HiSeq 2500	ISR		PASS	57.81216346173633	3371277	84174	62268	95576	15.1394	11765994	120.081
SRR7248428	PRJNA474042	Q240	Saccharum hybrid cultivar	Saccharum hybrid cultivar (non-R570)	1	Leaf	Illumina HiSeq 2500	ISR		PASS	57.85407011326126	3366338	84219	62379	95412	15.1361	11719782	120.1152
SRR7248427	PRJNA474042	Q240	Saccharum hybrid cultivar	Saccharum hybrid cultivar (non-R570)	1	Leaf	Illumina HiSeq 2500	ISR		PASS	51.306700428036166	7501173	92680	54784	108369	16.9687	29410988	121.2466
SRR7248426	PRJNA474042	Q240	Saccharum hybrid cultivar	Saccharum hybrid cultivar (non-R570)	1	Leaf	Illumina HiSeq 2500	ISR		PASS	50.83669824389426	7560114	92012	53301	107442	16.973	29954846	120.4344
SRR7248425	PRJNA474042	Q240	Saccharum hybrid cultivar	Saccharum hybrid cultivar (non-R570)	1	Leaf	Illumina HiSeq 2500	ISR		PASS	43.33499398950673	2616469	71421	49066	79999	17.7092	12142782	124.4998
SRR7248424	PRJNA474042	Q240	Saccharum hybrid cultivar	Saccharum hybrid cultivar (non-R570)	1	Leaf	Illumina HiSeq 2500	ISR		PASS	43.37148548495573	2617565	71408	49059	80078	17.783	12154964	124.4704
SRR7248423	PRJNA474042	Q240	Saccharum hybrid cultivar	Saccharum hybrid cultivar (non-R570)	1	Leaf	Illumina HiSeq 2500	ISR		PASS	42.7798693838271	1963045	66076	47830	72686	17.7581	9279014	124.1865
SRR7248422	PRJNA474042	Q240	Saccharum hybrid cultivar	Saccharum hybrid cultivar (non-R570)	1	Leaf	Illumina HiSeq 2500	ISR		PASS	42.67068799720255	1952440	65807	47868	72496	17.8007	9269580	124.1529
SRR7248421	PRJNA474042	Q240	Saccharum hybrid cultivar	Saccharum hybrid cultivar (non-R570)	1	Leaf	Illumina HiSeq 2500	ISR		PASS	42.46624643282794	1753419	63875	47394	70018	17.5573	8383546	124.1552
SRR7248420	PRJNA474042	Q240	Saccharum hybrid cultivar	Saccharum hybrid cultivar (non-R570)	1	Leaf	Illumina HiSeq 2500	ISR		PASS	42.83608792031571	1977235	66158	47743	72833	17.8391	9334960	124.1818
SRR7248419	PRJNA474042	Q240	Saccharum hybrid cultivar	Saccharum hybrid cultivar (non-R570)	1	Leaf	Illumina HiSeq 2500	ISR		PASS	48.25553164039491	6662261	88225	50491	102100	16.9082	27839500	120.1255
SRR7248418	PRJNA474042	Q240	Saccharum hybrid cultivar	Saccharum hybrid cultivar (non-R570)	1	Leaf	Illumina HiSeq 2500	ISR		PASS	48.2420120299465	6640745	88282	50681	102182	16.9168	27750450	120.1177
SRR7248417	PRJNA474042	Q240	Saccharum hybrid cultivar	Saccharum hybrid cultivar (non-R570)	1	Leaf	Illumina HiSeq 2500	ISR		PASS	48.25087339298227	6658442	88090	50460	101847	16.907	27829160	120.1293
SRR7248416	PRJNA474042	Q240	Saccharum hybrid cultivar	Saccharum hybrid cultivar (non-R570)	1	Leaf	Illumina HiSeq 2500	ISR		PASS	47.56125551067436	6842459	89096	50532	103520	17.1042	29026978	120.6662
SRR7248415	PRJNA474042	Q240	Saccharum hybrid cultivar	Saccharum hybrid cultivar (non-R570)	1	Leaf	Illumina HiSeq 2500	ISR		PASS	47.55054603571189	6824015	89137	50701	103450	17.1019	28949072	120.6686
SRR7248414	PRJNA474042	Q240	Saccharum hybrid cultivar	Saccharum hybrid cultivar (non-R570)	1	Leaf	Illumina HiSeq 2500	ISR		PASS	47.55503323829726	6841823	89101	50454	103576	17.1164	29033802	120.6721
SRR7248413	PRJNA474042	Q240	Saccharum hybrid cultivar	Saccharum hybrid cultivar (non-R570)	1	Leaf	Illumina HiSeq 2500	ISR		PASS	51.26975175681391	7481376	92843	54798	108538	16.9791	29353522	121.2429
SRR7248412	PRJNA474042	Q240	Saccharum hybrid cultivar	Saccharum hybrid cultivar (non-R570)	1	Leaf	Illumina HiSeq 2500	ISR		PASS	51.27053740962614	7475452	92506	54766	108198	16.9819	29324314	121.2396
SRR7248411	PRJNA474042	Q240	Saccharum hybrid cultivar	Saccharum hybrid cultivar (non-R570)	1	Leaf	Illumina HiSeq 2500	ISR		PASS	59.41814618366033	2838879	87020	66757	97194	13.8993	9716324	118.9051
SRR7248410	PRJNA474042	Q240	Saccharum hybrid cultivar	Saccharum hybrid cultivar (non-R570)	1	Leaf	Illumina HiSeq 2500	ISR		PASS	59.31598591192313	2831725	86683	66607	96955	13.9288	9718558	118.8717
SRR7248409	PRJNA474042	Q240	Saccharum hybrid cultivar	Saccharum hybrid cultivar (non-R570)	1	Leaf	Illumina HiSeq 2500	ISR		PASS	58.114418679976424	2720032	85414	66090	95490	14.3974	9495042	120.221
SRR7248408	PRJNA474042	Q240	Saccharum hybrid cultivar	Saccharum hybrid cultivar (non-R570)	1	Leaf	Illumina HiSeq 2500	ISR		PASS	58.428415892777366	3057864	87437	66370	98441	14.6122	10574716	120.2232
SRR7248407	PRJNA474042	Q240	Saccharum hybrid cultivar	Saccharum hybrid cultivar (non-R570)	1	Leaf	Illumina HiSeq 2500	ISR		PASS	58.18883938719699	2703109	85203	66019	95211	14.3127	9399858	120.2237
SRR7248406	PRJNA474042	Q240	Saccharum hybrid cultivar	Saccharum hybrid cultivar (non-R570)	1	Leaf	Illumina HiSeq 2500	ISR		PASS	58.14101476054054	2702631	85139	66193	95250	14.4018	9410448	120.2068
SRR7248405	PRJNA474042	Q240	Saccharum hybrid cultivar	Saccharum hybrid cultivar (non-R570)	1	Leaf	Illumina HiSeq 2500	ISR		PASS	59.96776189072999	3072970	88327	67506	99380	13.5324	10383722	118.8975
SRR7248404	PRJNA474042	Q240	Saccharum hybrid cultivar	Saccharum hybrid cultivar (non-R570)	1	Leaf	Illumina HiSeq 2500	ISR		PASS	59.9722053415607	3079021	88301	67673	99172	13.6012	10408428	118.8508
SRR7248403	PRJNA474042	Q240	Saccharum hybrid cultivar	Saccharum hybrid cultivar (non-R570)	1	Leaf	Illumina HiSeq 2500	ISR		PASS	58.341989103672674	3051083	87828	66718	98880	14.522	10566426	120.2297
SRR7248402	PRJNA474042	Q240	Saccharum hybrid cultivar	Saccharum hybrid cultivar (non-R570)	1	Leaf	Illumina HiSeq 2500	ISR		PASS	58.26035072629	3042567	87764	66631	98648	14.5331	10569758	120.1913
SRR7248401	PRJNA474042	Q240	Saccharum hybrid cultivar	Saccharum hybrid cultivar (non-R570)	1	Leaf	Illumina HiSeq 2500	ISR		PASS	42.07698622191419	6591277	79973	43282	91906	16.2634	31690034	119.2595
SRR7248400	PRJNA474042	Q240	Saccharum hybrid cultivar	Saccharum hybrid cultivar (non-R570)	1	Leaf	Illumina HiSeq 2500	ISR		PASS	42.0920994989805	6573085	79650	43261	91559	16.2458	31576784	119.2555
SRR7248399	PRJNA474042	Q240	Saccharum hybrid cultivar	Saccharum hybrid cultivar (non-R570)	1	Leaf	Illumina HiSeq 2500	ISR		PASS	42.093997599837266	6588667	79787	43245	91589	16.2612	31659280	119.2649
SRR7248398	PRJNA474042	Q240	Saccharum hybrid cultivar	Saccharum hybrid cultivar (non-R570)	1	Leaf	Illumina HiSeq 2500	ISR		PASS	48.401918279249315	7312117	87804	50514	102220	16.2334	30498488	120.5537
SRR7248397	PRJNA474042	Q240	Saccharum hybrid cultivar	Saccharum hybrid cultivar (non-R570)	1	Leaf	Illumina HiSeq 2500	ISR		PASS	48.41372615074141	7294866	87888	50593	102242	16.2223	30407912	120.5499
SRR7248396	PRJNA474042	Q240	Saccharum hybrid cultivar	Saccharum hybrid cultivar (non-R570)	1	Leaf	Illumina HiSeq 2500	ISR		PASS	48.414264365256784	7316734	88129	50630	102470	16.2329	30504196	120.5473
SRR7248395	PRJNA474042	Q240	Saccharum hybrid cultivar	Saccharum hybrid cultivar (non-R570)	1	Leaf	Illumina HiSeq 2500	ISR		PASS	50.8322267128722	7569648	91926	53178	107421	16.9798	29998576	120.4428
SRR7248394	PRJNA474042	Q240	Saccharum hybrid cultivar	Saccharum hybrid cultivar (non-R570)	1	Leaf	Illumina HiSeq 2500	ISR		PASS	50.84852450851314	7546578	91783	53308	107208	16.9572	29888628	120.4373
SRR7248393	PRJNA474042	Q240	Saccharum hybrid cultivar	Saccharum hybrid cultivar (non-R570)	1	Leaf	Illumina HiSeq 2500	ISR		PASS	56.512991104020536	3321607	81153	59311	91790	15.1361	11832248	120.5438
SRR7248392	PRJNA474042	Q240	Saccharum hybrid cultivar	Saccharum hybrid cultivar (non-R570)	1	Leaf	Illumina HiSeq 2500	ISR		PASS	40.61224472522174	5757788	79322	45632	90870	16.2952	28558916	119.5809
SRR7248391	PRJNA474042	Q240	Saccharum hybrid cultivar	Saccharum hybrid cultivar (non-R570)	1	Leaf	Illumina HiSeq 2500	ISR		PASS	40.6090775505859	5767875	79298	45531	90882	16.3269	28616740	119.5791
SRR7248390	PRJNA474042	Q240	Saccharum hybrid cultivar	Saccharum hybrid cultivar (non-R570)	1	Leaf	Illumina HiSeq 2500	ISR		PASS	59.286531351386486	3165184	83647	63479	94419	14.5311	10800720	118.2921
SRR7248389	PRJNA474042	Q240	Saccharum hybrid cultivar	Saccharum hybrid cultivar (non-R570)	1	Leaf	Illumina HiSeq 2500	ISR		PASS	59.33744753919646	3170563	83400	63334	94251	14.611	10813888	118.2531
SRR7248388	PRJNA474042	Q240	Saccharum hybrid cultivar	Saccharum hybrid cultivar (non-R570)	1	Leaf	Illumina HiSeq 2500	ISR		PASS	59.34157963025606	3212025	83850	63375	94688	14.5682	10981520	118.2769
SRR7248387	PRJNA474042	Q240	Saccharum hybrid cultivar	Saccharum hybrid cultivar (non-R570)	1	Leaf	Illumina HiSeq 2500	ISR		PASS	59.622764593446384	3593752	85889	63842	97692	14.7829	12176212	118.2826
SRR7248386	PRJNA474042	Q240	Saccharum hybrid cultivar	Saccharum hybrid cultivar (non-R570)	1	Leaf	Illumina HiSeq 2500	ISR		PASS	59.53365067657994	3582288	85869	63734	97527	14.701	12155818	118.2729
SRR7248385	PRJNA474042	Q240	Saccharum hybrid cultivar	Saccharum hybrid cultivar (non-R570)	1	Leaf	Illumina HiSeq 2500	ISR		PASS	59.441979304290186	3593912	85737	63837	97634	14.7332	12243576	118.2361
SRR7248384	PRJNA474042	Q240	Saccharum hybrid cultivar	Saccharum hybrid cultivar (non-R570)	1	Leaf	Illumina HiSeq 2500	ISR		PASS	57.69778367916426	2994800	81819	61617	92126	14.9419	10465298	120.1188
SRR7248383	PRJNA474042	Q240	Saccharum hybrid cultivar	Saccharum hybrid cultivar (non-R570)	1	Leaf	Illumina HiSeq 2500	ISR		PASS	57.70559979231297	3005213	82096	61778	92457	15.0594	10502850	120.0791
SRR7248382	PRJNA474042	Q240	Saccharum hybrid cultivar	Saccharum hybrid cultivar (non-R570)	1	Leaf	Illumina HiSeq 2500	ISR		PASS	42.732708572714294	6350986	80858	45414	93013	16.4046	30017066	119.1291
SRR7248381	PRJNA474042	Q240	Saccharum hybrid cultivar	Saccharum hybrid cultivar (non-R570)	1	Leaf	Illumina HiSeq 2500	ISR		PASS	42.76502480611964	6378347	80840	45366	92977	16.391	30137756	119.1344
SRR7248380	PRJNA474042	Q240	Saccharum hybrid cultivar	Saccharum hybrid cultivar (non-R570)	1	Leaf	Illumina HiSeq 2500	ISR		PASS	40.60471773997749	5769837	79365	45592	91009	16.3181	28631454	119.589
SRR7248379	PRJNA474042	Q240	Saccharum hybrid cultivar	Saccharum hybrid cultivar (non-R570)	1	Leaf	Illumina HiSeq 2500	ISR		PASS	42.74743439769503	6369372	80924	45532	93159	16.4121	30101244	119.1332
SRR7248378	PRJNA474042	Q240	Saccharum hybrid cultivar	Saccharum hybrid cultivar (non-R570)	1	Leaf	Illumina HiSeq 2500	ISR		PASS	41.34038198234928	6554420	82075	45223	94687	16.923	31911012	119.3493
SRR7248377	PRJNA474042	Q240	Saccharum hybrid cultivar	Saccharum hybrid cultivar (non-R570)	1	Leaf	Illumina HiSeq 2500	ISR		PASS	37.16879086185301	5988659	80655	44638	92624	16.5167	32478396	120.3217
SRR7248312	PRJNA474042	Q240	Saccharum hybrid cultivar	Saccharum hybrid cultivar (non-R570)	1	Leaf	Illumina HiSeq 2500	ISR		PASS	52.95260252822385	3247877	87119	65870	98313	15.1389	12332954	118.7403
SRR7248311	PRJNA474042	Q240	Saccharum hybrid cultivar	Saccharum hybrid cultivar (non-R570)	1	Leaf	Illumina HiSeq 2500	ISR		PASS	52.98792827925741	3240889	87045	65995	98169	15.1612	12294264	118.7668
SRR7248376	PRJNA474042	Q240	Saccharum hybrid cultivar	Saccharum hybrid cultivar (non-R570)	1	Leaf	Illumina HiSeq 2500	ISR		PASS	41.33608097546178	6546434	82198	45396	94803	16.9453	31874674	119.3396
SRR7248375	PRJNA474042	Q240	Saccharum hybrid cultivar	Saccharum hybrid cultivar (non-R570)	1	Leaf	Illumina HiSeq 2500	ISR		PASS	41.35118224823754	6534301	81874	45271	94546	16.9033	31799504	119.3422
SRR7248374	PRJNA474042	Q240	Saccharum hybrid cultivar	Saccharum hybrid cultivar (non-R570)	1	Leaf	Illumina HiSeq 2500	ISR		PASS	37.157363116875224	5969955	80722	44857	92773	16.4704	32381320	120.321
SRR7248373	PRJNA474042	Q240	Saccharum hybrid cultivar	Saccharum hybrid cultivar (non-R570)	1	Leaf	Illumina HiSeq 2500	ISR		PASS	37.2002376070013	5998205	80759	44848	92869	16.5027	32506014	120.3236
SRR7248372	PRJNA474042	Q240	Saccharum hybrid cultivar	Saccharum hybrid cultivar (non-R570)	1	Leaf	Illumina HiSeq 2500	ISR		PASS	55.063128619195545	2789807	83408	64658	93459	14.1994	10258182	118.2729
SRR7248371	PRJNA474042	Q240	Saccharum hybrid cultivar	Saccharum hybrid cultivar (non-R570)	1	Leaf	Illumina HiSeq 2500	ISR		PASS	55.34937079634544	3108062	85650	65146	96556	14.4089	11325966	118.2716
SRR7248370	PRJNA474042	Q240	Saccharum hybrid cultivar	Saccharum hybrid cultivar (non-R570)	1	Leaf	Illumina HiSeq 2500	ISR		PASS	55.45606452208217	2428024	81070	64016	89699	13.8816	8902048	117.8701
SRR7248369	PRJNA474042	Q240	Saccharum hybrid cultivar	Saccharum hybrid cultivar (non-R570)	1	Leaf	Illumina HiSeq 2500	ISR		PASS	55.76528333366176	2716724	83375	64625	92848	14.1027	9857954	117.8163
SRR7248368	PRJNA474042	Q240	Saccharum hybrid cultivar	Saccharum hybrid cultivar (non-R570)	1	Leaf	Illumina HiSeq 2500	ISR		PASS	55.6477731340958	2714273	83425	64422	92882	14.0201	9869862	117.8473
SRR7248367	PRJNA474042	Q240	Saccharum hybrid cultivar	Saccharum hybrid cultivar (non-R570)	1	Leaf	Illumina HiSeq 2500	ISR		PASS	55.60638348076088	2721903	83362	64685	92862	14.0504	9930602	117.7999
SRR7248366	PRJNA474042	Q240	Saccharum hybrid cultivar	Saccharum hybrid cultivar (non-R570)	1	Leaf	Illumina HiSeq 2500	ISR		PASS	55.31966580660489	3101538	85658	65159	96463	14.3511	11306930	118.282
SRR7248365	PRJNA474042	Q240	Saccharum hybrid cultivar	Saccharum hybrid cultivar (non-R570)	1	Leaf	Illumina HiSeq 2500	ISR		PASS	55.23610852654812	3095906	85475	65241	96311	14.3722	11318176	118.236
SRR7248364	PRJNA474042	Q240	Saccharum hybrid cultivar	Saccharum hybrid cultivar (non-R570)	1	Leaf	Illumina HiSeq 2500	ISR		PASS	55.52109252990369	2396860	80598	64025	89004	13.8803	8750950	117.8565
SRR7248363	PRJNA474042	Q240	Saccharum hybrid cultivar	Saccharum hybrid cultivar (non-R570)	1	Leaf	Illumina HiSeq 2500	ISR		PASS	55.52027857198545	2399929	80702	63844	89301	13.895	8766570	117.8207
SRR7248362	PRJNA474042	Q240	Saccharum hybrid cultivar	Saccharum hybrid cultivar (non-R570)	1	Leaf	Illumina HiSeq 2500	ISR		PASS	43.604836680553746	2429699	67867	48059	74887	15.3608	11243714	119.096
SRR7248361	PRJNA474042	Q240	Saccharum hybrid cultivar	Saccharum hybrid cultivar (non-R570)	1	Leaf	Illumina HiSeq 2500	ISR		PASS	43.32768628266722	2166237	65975	47954	72351	15.1574	10127766	119.1093
SRR7248328	PRJNA474042	Q240	Saccharum hybrid cultivar	Saccharum hybrid cultivar (non-R570)	1	Leaf	Illumina HiSeq 2500	ISR		PASS	58.168796125118426	2974010	83048	62890	93677	15.4637	10321118	121.1487
SRR7248327	PRJNA474042	Q240	Saccharum hybrid cultivar	Saccharum hybrid cultivar (non-R570)	1	Leaf	Illumina HiSeq 2500	ISR		PASS	58.15770738026265	2986489	83166	62860	94004	15.4503	10387744	121.108
SRR7248326	PRJNA474042	Q240	Saccharum hybrid cultivar	Saccharum hybrid cultivar (non-R570)	1	Leaf	Illumina HiSeq 2500	ISR		PASS	58.001490467659686	2676571	81093	62405	90964	15.2649	9353540	121.1449
SRR7248325	PRJNA474042	Q240	Saccharum hybrid cultivar	Saccharum hybrid cultivar (non-R570)	1	Leaf	Illumina HiSeq 2500	ISR		PASS	58.29540749776729	2993482	83417	62982	94083	15.5073	10366684	121.1414
SRR7248324	PRJNA474042	Q240	Saccharum hybrid cultivar	Saccharum hybrid cultivar (non-R570)	1	Leaf	Illumina HiSeq 2500	ISR		PASS	57.94088384320909	2638089	80891	62427	90647	15.2702	9203246	121.145
SRR7248323	PRJNA474042	Q240	Saccharum hybrid cultivar	Saccharum hybrid cultivar (non-R570)	1	Leaf	Illumina HiSeq 2500	ISR		PASS	57.978803116181346	2654069	80945	62264	90828	15.3187	9256072	121.1219
SRR7248322	PRJNA474042	Q240	Saccharum hybrid cultivar	Saccharum hybrid cultivar (non-R570)	1	Leaf	Illumina HiSeq 2500	ISR		PASS	42.49731984111695	1733883	63718	47394	69888	17.4822	8263956	124.1762
SRR7248321	PRJNA474042	Q240	Saccharum hybrid cultivar	Saccharum hybrid cultivar (non-R570)	1	Leaf	Illumina HiSeq 2500	ISR		PASS	42.596114784215104	1746859	63996	47514	70141	17.5835	8309896	124.1523
SRR7248320	PRJNA474042	Q240	Saccharum hybrid cultivar	Saccharum hybrid cultivar (non-R570)	1	Leaf	Illumina HiSeq 2500	ISR		PASS	50.47553469127543	2798030	82132	61245	91755	16.4552	11167450	117.8031
SRR7248319	PRJNA474042	Q240	Saccharum hybrid cultivar	Saccharum hybrid cultivar (non-R570)	1	Leaf	Illumina HiSeq 2500	ISR		PASS	50.45488866395659	2778471	82263	61363	91745	16.4745	11066900	117.8619
SRR7248318	PRJNA474042	Q240	Saccharum hybrid cultivar	Saccharum hybrid cultivar (non-R570)	1	Leaf	Illumina HiSeq 2500	ISR		PASS	55.06152384240151	2752949	83184	64598	93223	14.2722	10098526	118.2421
SRR7248317	PRJNA474042	Q240	Saccharum hybrid cultivar	Saccharum hybrid cultivar (non-R570)	1	Leaf	Illumina HiSeq 2500	ISR		PASS	55.01778004291824	2753822	83234	64613	93227	14.1516	10106780	118.2848
SRR7248316	PRJNA474042	Q240	Saccharum hybrid cultivar	Saccharum hybrid cultivar (non-R570)	1	Leaf	Illumina HiSeq 2500	ISR		PASS	50.35084755747006	2453123	79699	60838	88446	16.2924	9800372	117.8126
SRR7248315	PRJNA474042	Q240	Saccharum hybrid cultivar	Saccharum hybrid cultivar (non-R570)	1	Leaf	Illumina HiSeq 2500	ISR		PASS	50.37671891945021	2439678	79513	60735	88229	16.2296	9738218	117.8518
SRR7248314	PRJNA474042	Q240	Saccharum hybrid cultivar	Saccharum hybrid cultivar (non-R570)	1	Leaf	Illumina HiSeq 2500	ISR		PASS	50.59173539495092	2774898	82056	61132	91659	16.5525	11025448	117.8379
SRR7248313	PRJNA474042	Q240	Saccharum hybrid cultivar	Saccharum hybrid cultivar (non-R570)	1	Leaf	Illumina HiSeq 2500	ISR		PASS	50.367797563572815	2486567	79807	60593	88539	16.2697	9955422	117.839
SRR7248344	PRJNA474042	Q240	Saccharum hybrid cultivar	Saccharum hybrid cultivar (non-R570)	1	Leaf	Illumina HiSeq 2500	ISR		PASS	60.026420135313984	3112179	88474	67527	99439	13.5511	10536412	118.8945
SRR7248343	PRJNA474042	Q240	Saccharum hybrid cultivar	Saccharum hybrid cultivar (non-R570)	1	Leaf	Illumina HiSeq 2500	ISR		PASS	60.24280058414453	3494868	90676	67984	102646	13.8081	11736976	118.8843
SRR7248342	PRJNA474042	Q240	Saccharum hybrid cultivar	Saccharum hybrid cultivar (non-R570)	1	Leaf	Illumina HiSeq 2500	ISR		PASS	58.75633832916355	2721905	85349	66960	95357	13.5285	9306742	117.1217
SRR7248341	PRJNA474042	Q240	Saccharum hybrid cultivar	Saccharum hybrid cultivar (non-R570)	1	Leaf	Illumina HiSeq 2500	ISR		PASS	58.705560541434956	2729036	85499	66995	95497	13.6163	9341000	117.0873
SRR7248340	PRJNA474042	Q240	Saccharum hybrid cultivar	Saccharum hybrid cultivar (non-R570)	1	Leaf	Illumina HiSeq 2500	ISR		PASS	60.1417240695871	3492635	90716	68074	102656	13.7205	11749250	118.8953
SRR7248339	PRJNA474042	Q240	Saccharum hybrid cultivar	Saccharum hybrid cultivar (non-R570)	1	Leaf	Illumina HiSeq 2500	ISR		PASS	60.06963455944012	3496457	90732	67977	102605	13.766	11794666	118.8532
SRR7248338	PRJNA474042	Q240	Saccharum hybrid cultivar	Saccharum hybrid cultivar (non-R570)	1	Leaf	Illumina HiSeq 2500	ISR		PASS	58.934478350275654	3090969	88033	67581	99068	13.6507	10531016	117.129
SRR7248337	PRJNA474042	Q240	Saccharum hybrid cultivar	Saccharum hybrid cultivar (non-R570)	1	Leaf	Illumina HiSeq 2500	ISR		PASS	58.87115799646715	3101823	88350	67633	99450	13.6747	10600988	117.0842
SRR7248336	PRJNA474042	Q240	Saccharum hybrid cultivar	Saccharum hybrid cultivar (non-R570)	1	Leaf	Illumina HiSeq 2500	ISR		PASS	58.67457821597042	2761343	85746	66849	95852	13.5782	9479706	117.1239
SRR7248335	PRJNA474042	Q240	Saccharum hybrid cultivar	Saccharum hybrid cultivar (non-R570)	1	Leaf	Illumina HiSeq 2500	ISR		PASS	59.01490165389883	3088909	88066	67552	99103	13.7368	10511704	117.1148
SRR7248334	PRJNA474042	Q240	Saccharum hybrid cultivar	Saccharum hybrid cultivar (non-R570)	1	Leaf	Illumina HiSeq 2500	ISR		PASS	43.338171938991024	2139170	65764	47806	71973	15.2125	9974770	119.0826
SRR7248333	PRJNA474042	Q240	Saccharum hybrid cultivar	Saccharum hybrid cultivar (non-R570)	1	Leaf	Illumina HiSeq 2500	ISR		PASS	43.315299608744375	2131691	65607	47628	71826	15.1103	9941704	119.1245
SRR7248332	PRJNA474042	Q240	Saccharum hybrid cultivar	Saccharum hybrid cultivar (non-R570)	1	Leaf	Illumina HiSeq 2500	ISR		PASS	52.81837470806162	2916253	84728	65471	95147	15.0204	11131122	118.7548
SRR7248331	PRJNA474042	Q240	Saccharum hybrid cultivar	Saccharum hybrid cultivar (non-R570)	1	Leaf	Illumina HiSeq 2500	ISR		PASS	53.0794988592274	3254501	87141	65929	98431	15.1994	12326276	118.7578
SRR7248330	PRJNA474042	Q240	Saccharum hybrid cultivar	Saccharum hybrid cultivar (non-R570)	1	Leaf	Illumina HiSeq 2500	ISR		PASS	52.82556710328892	2881706	84753	65324	95101	14.9177	10972534	118.7621
SRR7248329	PRJNA474042	Q240	Saccharum hybrid cultivar	Saccharum hybrid cultivar (non-R570)	1	Leaf	Illumina HiSeq 2500	ISR		PASS	52.79422981227043	2883624	84463	65369	94739	15.0146	10989774	118.7296
SRR7248360	PRJNA474042	Q240	Saccharum hybrid cultivar	Saccharum hybrid cultivar (non-R570)	1	Leaf	Illumina HiSeq 2500	ISR		PASS	43.49741356435038	2427692	68004	48241	74911	15.3262	11296680	119.0504
SRR7248359	PRJNA474042	Q240	Saccharum hybrid cultivar	Saccharum hybrid cultivar (non-R570)	1	Leaf	Illumina HiSeq 2500	ISR		PASS	43.58495157461416	2423322	67976	48311	74843	15.2877	11218628	119.1081
SRR7248358	PRJNA474042	Q240	Saccharum hybrid cultivar	Saccharum hybrid cultivar (non-R570)	1	Leaf	Illumina HiSeq 2500	ISR		PASS	56.428309144197065	2927464	78674	58879	88385	14.9849	10437602	120.5483
SRR7248357	PRJNA474042	Q240	Saccharum hybrid cultivar	Saccharum hybrid cultivar (non-R570)	1	Leaf	Illumina HiSeq 2500	ISR		PASS	56.35959245859179	2924980	78669	58669	88479	14.9207	10438656	120.5844
SRR7248356	PRJNA474042	Q240	Saccharum hybrid cultivar	Saccharum hybrid cultivar (non-R570)	1	Leaf	Illumina HiSeq 2500	ISR		PASS	56.63587400402381	3300071	80927	59190	91619	15.207	11713484	120.5726
SRR7248355	PRJNA474042	Q240	Saccharum hybrid cultivar	Saccharum hybrid cultivar (non-R570)	1	Leaf	Illumina HiSeq 2500	ISR		PASS	56.35393113330309	2954374	79135	58930	89019	14.9928	10573036	120.5664
SRR7248354	PRJNA474042	Q240	Saccharum hybrid cultivar	Saccharum hybrid cultivar (non-R570)	1	Leaf	Illumina HiSeq 2500	ISR		PASS	53.88793795327806	2802564	82684	62617	92402	14.6301	10485952	119.8166
SRR7248353	PRJNA474042	Q240	Saccharum hybrid cultivar	Saccharum hybrid cultivar (non-R570)	1	Leaf	Illumina HiSeq 2500	ISR		PASS	53.98548193766851	2805463	82564	62698	92355	14.5967	10463136	119.8399
SRR7248352	PRJNA474042	Q240	Saccharum hybrid cultivar	Saccharum hybrid cultivar (non-R570)	1	Leaf	Illumina HiSeq 2500	ISR		PASS	54.06812041686461	2810017	82766	62659	92449	14.683	10464452	119.8491
SRR7248351	PRJNA474042	Q240	Saccharum hybrid cultivar	Saccharum hybrid cultivar (non-R570)	1	Leaf	Illumina HiSeq 2500	ISR		PASS	53.75890394712059	2520190	80479	61988	89484	14.4648	9471224	119.8399
SRR7248350	PRJNA474042	Q240	Saccharum hybrid cultivar	Saccharum hybrid cultivar (non-R570)	1	Leaf	Illumina HiSeq 2500	ISR		PASS	59.486060348161985	2840573	86679	66532	97132	14.0075	9710292	118.8815
SRR7248349	PRJNA474042	Q240	Saccharum hybrid cultivar	Saccharum hybrid cultivar (non-R570)	1	Leaf	Illumina HiSeq 2500	ISR		PASS	59.25285268836795	2553001	84324	66086	93874	13.7445	8807988	118.9108
SRR7248348	PRJNA474042	Q240	Saccharum hybrid cultivar	Saccharum hybrid cultivar (non-R570)	1	Leaf	Illumina HiSeq 2500	ISR		PASS	59.29183679344976	2512507	84282	66258	93775	13.799	8645388	118.8796
SRR7248347	PRJNA474042	Q240	Saccharum hybrid cultivar	Saccharum hybrid cultivar (non-R570)	1	Leaf	Illumina HiSeq 2500	ISR		PASS	59.22424549600568	2509933	84176	66115	93621	13.7402	8638966	118.9176
SRR7248346	PRJNA474042	Q240	Saccharum hybrid cultivar	Saccharum hybrid cultivar (non-R570)	1	Leaf	Illumina HiSeq 2500	ISR		PASS	53.74087626612335	2495248	80299	62037	89269	14.5312	9359582	119.8173
SRR7248345	PRJNA474042	Q240	Saccharum hybrid cultivar	Saccharum hybrid cultivar (non-R570)	1	Leaf	Illumina HiSeq 2500	ISR		PASS	53.81982148789135	2470720	80145	62142	88933	14.4642	9251364	119.8425
ERR4677079	PRJEB40481	SP80-3280	Saccharum hybrid cultivar SP80-3280	Saccharum hybrid cultivar (non-R570)	1	Stem	Illumina HiSeq 2500	ISR		PASS	83.71386617027994	9631287	109042	74205	129499	6.8672	23071440	101.0
ERR4677078	PRJEB40481	SP80-3280	Saccharum hybrid cultivar SP80-3280	Saccharum hybrid cultivar (non-R570)	1	Stem	Illumina HiSeq 2500	ISR		PASS	83.69876094759499	9656429	108990	74283	129437	6.8792	23129754	101.0
ERR4677077	PRJEB40481	SP80-3280	Saccharum hybrid cultivar SP80-3280	Saccharum hybrid cultivar (non-R570)	1	Stem	Illumina HiSeq 2500	ISR		PASS	83.69575806409443	9699601	109260	74317	129829	6.8833	23237762	101.0
ERR4677076	PRJEB40481	F36-819	Saccharum hybrid cultivar F36-819	Saccharum hybrid cultivar (non-R570)	1	Stem	Illumina HiSeq 2500	ISR		PASS	84.69039770988442	8880431	108017	74516	127592	6.4656	21041642	101.0
ERR4677075	PRJEB40481	F36-819	Saccharum hybrid cultivar F36-819	Saccharum hybrid cultivar (non-R570)	1	Stem	Illumina HiSeq 2500	ISR		PASS	84.68099227696835	8892948	108162	74473	127785	6.4733	21066698	101.0
ERR4677195	PRJEB40481	IN84-58	Saccharum spontaneum	Saccharum spontaneum	3	Stem	Illumina HiSeq 2500	ISR		PASS	85.71950787481623	9949573	99357	63704	115116	5.62	23265250	101.0
ERR4677194	PRJEB40481	IN84-58	Saccharum spontaneum	Saccharum spontaneum	3	Stem	Illumina HiSeq 2500	ISR		PASS	85.70882226973728	9963924	99281	63595	115102	5.6146	23302868	101.0
ERR4677193	PRJEB40481	IN84-58	Saccharum spontaneum	Saccharum spontaneum	3	Stem	Illumina HiSeq 2500	ISR		PASS	85.7285527025817	9439943	100035	69112	116835	5.4621	22068764	101.0
ERR4677192	PRJEB40481	IN84-58	Saccharum spontaneum	Saccharum spontaneum	3	Stem	Illumina HiSeq 2500	ISR		PASS	85.7095746578289	9447511	100257	69170	117050	5.4716	22091364	101.0
ERR4677214	PRJEB40481	F36-819	Saccharum hybrid cultivar F36-819	Saccharum hybrid cultivar (non-R570)	1	Stem	Illumina HiSeq 2500	ISR		PASS	86.43908972626457	8806615	108328	76375	127407	5.8283	20427668	101.0
ERR4677212	PRJEB40481	F36-819	Saccharum hybrid cultivar F36-819	Saccharum hybrid cultivar (non-R570)	1	Stem	Illumina HiSeq 2500	ISR		PASS	86.39346925266914	8812660	108477	76425	127628	5.8567	20453152	101.0
ERR4677211	PRJEB40481	SP80-3280	Saccharum hybrid cultivar SP80-3280	Saccharum hybrid cultivar (non-R570)	1	Stem	Illumina HiSeq 2500	ISR		PASS	87.91924554253626	9363106	112033	76690	131396	5.2707	21342308	101.0
ERR4677210	PRJEB40481	SP80-3280	Saccharum hybrid cultivar SP80-3280	Saccharum hybrid cultivar (non-R570)	1	Stem	Illumina HiSeq 2500	ISR		PASS	87.91967713276289	9364600	112009	76551	131389	5.2627	21345534	101.0
ERR4677209	PRJEB40481	SP80-3280	Saccharum hybrid cultivar SP80-3280	Saccharum hybrid cultivar (non-R570)	1	Stem	Illumina HiSeq 2500	ISR		PASS	87.90979963107127	9379333	112165	76570	131455	5.2621	21382108	101.0
ERR4677208	PRJEB40481	R570	Saccharum hybrid cultivar R570	R570 (reference genotype)	0	Stem	Illumina HiSeq 2500	ISR		PASS	88.26348464884344	9499339	118830	87601	141562	5.3546	21584482	101.0
ERR4677074	PRJEB40481	F36-819	Saccharum hybrid cultivar F36-819	Saccharum hybrid cultivar (non-R570)	1	Stem	Illumina HiSeq 2500	ISR		PASS	84.66927214474873	8941341	108036	74367	127769	6.4597	21190742	101.0
ERR4677073	PRJEB40481	SP80-3280	Saccharum hybrid cultivar SP80-3280	Saccharum hybrid cultivar (non-R570)	1	Stem	Illumina HiSeq 2500	ISR		PASS	85.09938238577529	10188818	111474	72011	131304	6.5395	24009296	101.0
ERR4677072	PRJEB40481	SP80-3280	Saccharum hybrid cultivar SP80-3280	Saccharum hybrid cultivar (non-R570)	1	Stem	Illumina HiSeq 2500	ISR		PASS	85.08951988160072	10216554	111455	72101	131447	6.5497	24071096	101.0
ERR4677071	PRJEB40481	SP80-3280	Saccharum hybrid cultivar SP80-3280	Saccharum hybrid cultivar (non-R570)	1	Stem	Illumina HiSeq 2500	ISR		PASS	85.07249155005199	10251550	111559	72137	131682	6.5584	24162574	101.0
ERR4677095	PRJEB40481	SP80-3280	Saccharum hybrid cultivar SP80-3280	Saccharum hybrid cultivar (non-R570)	1	Stem	Illumina HiSeq 2500	ISR		PASS	85.87986388359322	9866224	107652	76680	127907	5.824	23071698	101.0
ERR4677094	PRJEB40481	IN84-58	Saccharum spontaneum	Saccharum spontaneum	3	Stem	Illumina HiSeq 2500	ISR		PASS	85.34275875085117	10680607	98280	65976	115005	5.3391	25086764	101.0
ERR4677093	PRJEB40481	IN84-58	Saccharum spontaneum	Saccharum spontaneum	3	Stem	Illumina HiSeq 2500	ISR		PASS	85.34891526571225	10710490	98282	66050	115004	5.3313	25148554	101.0
ERR4677092	PRJEB40481	IN84-58	Saccharum spontaneum	Saccharum spontaneum	3	Stem	Illumina HiSeq 2500	ISR		PASS	85.35176957506067	10759293	98214	66034	115116	5.3217	25266968	101.0
ERR4677091	PRJEB40481	IN84-58	Saccharum spontaneum	Saccharum spontaneum	3	Stem	Illumina HiSeq 2500	ISR		PASS	84.98356622624979	9603058	100112	66468	116073	5.9402	22720008	101.0
ERR4677090	PRJEB40481	IN84-58	Saccharum spontaneum	Saccharum spontaneum	3	Stem	Illumina HiSeq 2500	ISR		PASS	84.97488230088831	9634470	100363	66386	116348	5.9398	22784660	101.0
ERR4677089	PRJEB40481	IN84-58	Saccharum spontaneum	Saccharum spontaneum	3	Stem	Illumina HiSeq 2500	ISR		PASS	84.98642874886583	9668272	100352	66527	116303	5.9297	22881016	101.0
ERR4677088	PRJEB40481	SP80-3280	Saccharum hybrid cultivar SP80-3280	Saccharum hybrid cultivar (non-R570)	1	Stem	Illumina HiSeq 2500	ISR		PASS	85.69301498464377	11493831	113256	77120	134673	5.9864	26920962	101.0
ERR4677087	PRJEB40481	SP80-3280	Saccharum hybrid cultivar SP80-3280	Saccharum hybrid cultivar (non-R570)	1	Stem	Illumina HiSeq 2500	ISR		PASS	85.70356230220682	11533874	113368	77136	134720	5.9872	27003906	101.0
ERR4677086	PRJEB40481	SP80-3280	Saccharum hybrid cultivar SP80-3280	Saccharum hybrid cultivar (non-R570)	1	Stem	Illumina HiSeq 2500	ISR		PASS	85.70090477632772	11561400	113422	77148	134933	5.9781	27076318	101.0
ERR4677085	PRJEB40481	F36-819	Saccharum hybrid cultivar F36-819	Saccharum hybrid cultivar (non-R570)	1	Stem	Illumina HiSeq 2500	ISR		PASS	84.49467876090988	9514950	106347	74212	126544	6.5141	22598764	101.0
ERR4677084	PRJEB40481	F36-819	Saccharum hybrid cultivar F36-819	Saccharum hybrid cultivar (non-R570)	1	Stem	Illumina HiSeq 2500	ISR		PASS	84.47960854962119	9538536	106373	74077	126654	6.5302	22651570	101.0
ERR4677179	PRJEB40481	F36-819	Saccharum hybrid cultivar F36-819	Saccharum hybrid cultivar (non-R570)	1	Stem	Illumina HiSeq 2500	ISR		PASS	86.93834772442665	10409457	113975	77701	134635	5.6375	24039212	101.0
ERR4677178	PRJEB40481	R570	Saccharum hybrid cultivar R570	R570 (reference genotype)	0	Stem	Illumina HiSeq 2500	ISR		PASS	84.89304067903389	10497207	115734	81359	138981	6.8896	24791030	101.0
ERR4677177	PRJEB40481	R570	Saccharum hybrid cultivar R570	R570 (reference genotype)	0	Stem	Illumina HiSeq 2500	ISR		PASS	84.88582664205964	10495697	115650	81194	138880	6.8867	24789536	101.0
ERR4677176	PRJEB40481	R570	Saccharum hybrid cultivar R570	R570 (reference genotype)	0	Stem	Illumina HiSeq 2500	ISR		PASS	84.87762362645456	10515656	115820	81318	139031	6.8808	24840072	101.0
ERR4677207	PRJEB40481	R570	Saccharum hybrid cultivar R570	R570 (reference genotype)	0	Stem	Illumina HiSeq 2500	ISR		PASS	88.23934217349544	9500062	118615	87597	141169	5.3533	21591884	101.0
ERR4677206	PRJEB40481	R570	Saccharum hybrid cultivar R570	R570 (reference genotype)	0	Stem	Illumina HiSeq 2500	ISR		PASS	88.2455421069431	9524284	118716	87643	141497	5.3522	21646962	101.0
ERR4677205	PRJEB40481	R570	Saccharum hybrid cultivar R570	R570 (reference genotype)	0	Stem	Illumina HiSeq 2500	ISR		PASS	86.65125960790462	10878187	114319	81053	133337	5.4454	25178034	101.0
ERR4677204	PRJEB40481	R570	Saccharum hybrid cultivar R570	R570 (reference genotype)	0	Stem	Illumina HiSeq 2500	ISR		PASS	86.65108943288706	10874288	114350	81165	133418	5.4464	25168082	101.0
ERR4677203	PRJEB40481	R570	Saccharum hybrid cultivar R570	R570 (reference genotype)	0	Stem	Illumina HiSeq 2500	ISR		PASS	86.63916458165431	10902896	114487	80909	133499	5.4543	25239812	101.0
ERR4677202	PRJEB40481	SP80-3280	Saccharum hybrid cultivar SP80-3280	Saccharum hybrid cultivar (non-R570)	1	Stem	Illumina HiSeq 2500	ISR		PASS	85.72145298734249	9446787	109495	77484	129930	6.0565	22089172	101.0
ERR4677201	PRJEB40481	SP80-3280	Saccharum hybrid cultivar SP80-3280	Saccharum hybrid cultivar (non-R570)	1	Stem	Illumina HiSeq 2500	ISR		PASS	85.70793701180179	9450050	109581	77530	130047	6.0525	22099582	101.0
ERR4677200	PRJEB40481	SP80-3280	Saccharum hybrid cultivar SP80-3280	Saccharum hybrid cultivar (non-R570)	1	Stem	Illumina HiSeq 2500	ISR		PASS	85.70552349319789	9471050	109457	77461	129752	6.0429	22150388	101.0
ERR4677199	PRJEB40481	F36-819	Saccharum hybrid cultivar F36-819	Saccharum hybrid cultivar (non-R570)	1	Stem	Illumina HiSeq 2500	ISR		PASS	86.15359046784691	9476092	107199	73689	126521	6.1392	22031312	101.0
ERR4677198	PRJEB40481	F36-819	Saccharum hybrid cultivar F36-819	Saccharum hybrid cultivar (non-R570)	1	Stem	Illumina HiSeq 2500	ISR		PASS	86.15869514874274	9479831	106963	73496	126394	6.1276	22038700	101.0
ERR4677197	PRJEB40481	F36-819	Saccharum hybrid cultivar F36-819	Saccharum hybrid cultivar (non-R570)	1	Stem	Illumina HiSeq 2500	ISR		PASS	86.15853068159412	9494876	107160	73571	126599	6.1178	22073414	101.0
ERR4677196	PRJEB40481	IN84-58	Saccharum spontaneum	Saccharum spontaneum	3	Stem	Illumina HiSeq 2500	ISR		PASS	85.71136035822695	9953446	99068	63420	114946	5.6143	23276506	101.0
ERR4677163	PRJEB40481	F36-819	Saccharum hybrid cultivar F36-819	Saccharum hybrid cultivar (non-R570)	1	Stem	Illumina HiSeq 2500	ISR		PASS	86.71013414883278	9223285	107743	75389	126926	5.5839	21349610	101.0
ERR4677162	PRJEB40481	F36-819	Saccharum hybrid cultivar F36-819	Saccharum hybrid cultivar (non-R570)	1	Stem	Illumina HiSeq 2500	ISR		PASS	86.69336981038143	9225859	107804	75463	127124	5.5728	21358838	101.0
ERR4677161	PRJEB40481	F36-819	Saccharum hybrid cultivar F36-819	Saccharum hybrid cultivar (non-R570)	1	Stem	Illumina HiSeq 2500	ISR		PASS	86.69427772570083	9232801	107781	75426	127000	5.5715	21378380	101.0
ERR4677160	PRJEB40481	F36-819	Saccharum hybrid cultivar F36-819	Saccharum hybrid cultivar (non-R570)	1	Stem	Illumina HiSeq 2500	ISR		PASS	86.64832420835337	10397980	109165	75998	130000	5.6813	24049512	101.0
ERR4677191	PRJEB40481	IN84-58	Saccharum spontaneum	Saccharum spontaneum	3	Stem	Illumina HiSeq 2500	ISR		PASS	85.70116991267982	9460577	100189	69080	116825	5.4608	22125666	101.0
ERR4677190	PRJEB40481	F36-819	Saccharum hybrid cultivar F36-819	Saccharum hybrid cultivar (non-R570)	1	Stem	Illumina HiSeq 2500	ISR		PASS	87.16592171666429	9499968	110719	75547	130455	5.4886	21838074	101.0
ERR4677189	PRJEB40481	F36-819	Saccharum hybrid cultivar F36-819	Saccharum hybrid cultivar (non-R570)	1	Stem	Illumina HiSeq 2500	ISR		PASS	87.17184899362286	9503801	110891	75548	130563	5.5013	21844314	101.0
ERR4677188	PRJEB40481	F36-819	Saccharum hybrid cultivar F36-819	Saccharum hybrid cultivar (non-R570)	1	Stem	Illumina HiSeq 2500	ISR		PASS	87.16326148565794	9526357	110898	75807	130596	5.4748	21898826	101.0
ERR4677187	PRJEB40481	IN84-58	Saccharum spontaneum	Saccharum spontaneum	3	Stem	Illumina HiSeq 2500	ISR		PASS	87.61212412812867	10554071	98137	65068	114361	4.798	24170552	101.0
ERR4677186	PRJEB40481	IN84-58	Saccharum spontaneum	Saccharum spontaneum	3	Stem	Illumina HiSeq 2500	ISR		PASS	87.60688794725368	10560730	98227	65128	114436	4.7975	24187592	101.0
ERR4677185	PRJEB40481	IN84-58	Saccharum spontaneum	Saccharum spontaneum	3	Stem	Illumina HiSeq 2500	ISR		PASS	87.59971953485521	10560748	98199	64987	114545	4.7959	24190312	101.0
ERR4677184	PRJEB40481	SP80-3280	Saccharum hybrid cultivar SP80-3280	Saccharum hybrid cultivar (non-R570)	1	Stem	Illumina HiSeq 2500	ISR		PASS	87.57792105753617	10784262	110576	76904	130679	5.1573	24670800	101.0
ERR4677183	PRJEB40481	SP80-3280	Saccharum hybrid cultivar SP80-3280	Saccharum hybrid cultivar (non-R570)	1	Stem	Illumina HiSeq 2500	ISR		PASS	87.55371275224874	10770462	110495	76814	130528	5.1625	24645354	101.0
ERR4677182	PRJEB40481	SP80-3280	Saccharum hybrid cultivar SP80-3280	Saccharum hybrid cultivar (non-R570)	1	Stem	Illumina HiSeq 2500	ISR		PASS	87.54662389753064	10789379	110657	76770	130849	5.1638	24691620	101.0
ERR4677181	PRJEB40481	F36-819	Saccharum hybrid cultivar F36-819	Saccharum hybrid cultivar (non-R570)	1	Stem	Illumina HiSeq 2500	ISR		PASS	86.9323434072677	10335242	113970	77772	134647	5.6369	23865828	101.0
ERR4677180	PRJEB40481	F36-819	Saccharum hybrid cultivar F36-819	Saccharum hybrid cultivar (non-R570)	1	Stem	Illumina HiSeq 2500	ISR		PASS	86.91040816201601	10364147	114008	77684	134675	5.6504	23927830	101.0
ERR4677147	PRJEB40481	F36-819	Saccharum hybrid cultivar F36-819	Saccharum hybrid cultivar (non-R570)	1	Stem	Illumina HiSeq 2500	ISR		PASS	84.58035352430075	10098846	107872	75360	128595	6.3865	23979212	101.0
ERR4677146	PRJEB40481	F36-819	Saccharum hybrid cultivar F36-819	Saccharum hybrid cultivar (non-R570)	1	Stem	Illumina HiSeq 2500	ISR		PASS	84.57721654963004	10103212	108121	75412	128922	6.3755	23993154	101.0
ERR4677145	PRJEB40481	SP80-3280	Saccharum hybrid cultivar SP80-3280	Saccharum hybrid cultivar (non-R570)	1	Stem	Illumina HiSeq 2500	ISR		PASS	86.9949642117916	8545939	106701	75963	125042	5.5023	19717648	101.0
ERR4677144	PRJEB40481	SP80-3280	Saccharum hybrid cultivar SP80-3280	Saccharum hybrid cultivar (non-R570)	1	Stem	Illumina HiSeq 2500	ISR		PASS	86.97436803984753	8590327	106812	76051	125209	5.5189	19816812	101.0
ERR4677175	PRJEB40481	R570	Saccharum hybrid cultivar R570	R570 (reference genotype)	0	Stem	Illumina HiSeq 2500	ISR		PASS	87.38669990685244	9176078	116867	84095	138791	5.9854	21048974	101.0
ERR4677174	PRJEB40481	R570	Saccharum hybrid cultivar R570	R570 (reference genotype)	0	Stem	Illumina HiSeq 2500	ISR		PASS	87.37907896785342	9170859	116671	84051	138585	5.9867	21037712	101.0
ERR4677173	PRJEB40481	R570	Saccharum hybrid cultivar R570	R570 (reference genotype)	0	Stem	Illumina HiSeq 2500	ISR		PASS	87.35983461494273	9192733	116711	83919	138453	5.9856	21092898	101.0
ERR4677172	PRJEB40481	SP80-3280	Saccharum hybrid cultivar SP80-3280	Saccharum hybrid cultivar (non-R570)	1	Stem	Illumina HiSeq 2500	ISR		PASS	87.13652574189862	9395529	109790	76038	128890	5.4493	21632480	101.0
ERR4677171	PRJEB40481	SP80-3280	Saccharum hybrid cultivar SP80-3280	Saccharum hybrid cultivar (non-R570)	1	Stem	Illumina HiSeq 2500	ISR		PASS	87.11259298816665	9389450	109768	76093	128910	5.4655	21624002	101.0
ERR4677170	PRJEB40481	SP80-3280	Saccharum hybrid cultivar SP80-3280	Saccharum hybrid cultivar (non-R570)	1	Stem	Illumina HiSeq 2500	ISR		PASS	87.12044989422849	9408742	109775	75993	128802	5.4451	21667742	101.0
ERR4677169	PRJEB40481	SP80-3280	Saccharum hybrid cultivar SP80-3280	Saccharum hybrid cultivar (non-R570)	1	Stem	Illumina HiSeq 2500	ISR		PASS	87.36042263363906	9650636	109505	77314	128999	5.3023	22168060	101.0
ERR4677168	PRJEB40481	SP80-3280	Saccharum hybrid cultivar SP80-3280	Saccharum hybrid cultivar (non-R570)	1	Stem	Illumina HiSeq 2500	ISR		PASS	87.34503380231425	9677193	109554	77262	129014	5.2936	22224970	101.0
ERR4677167	PRJEB40481	SP80-3280	Saccharum hybrid cultivar SP80-3280	Saccharum hybrid cultivar (non-R570)	1	Stem	Illumina HiSeq 2500	ISR		PASS	87.34784877641853	9726376	109531	77374	129208	5.2927	22345456	101.0
ERR4677166	PRJEB40481	SP80-3280	Saccharum hybrid cultivar SP80-3280	Saccharum hybrid cultivar (non-R570)	1	Stem	Illumina HiSeq 2500	ISR		PASS	86.24640763287147	9141437	111027	77396	130746	5.8726	21283834	101.0
ERR4677165	PRJEB40481	SP80-3280	Saccharum hybrid cultivar SP80-3280	Saccharum hybrid cultivar (non-R570)	1	Stem	Illumina HiSeq 2500	ISR		PASS	86.238564251057	9132507	111223	77349	130884	5.8613	21265356	101.0
ERR4677164	PRJEB40481	SP80-3280	Saccharum hybrid cultivar SP80-3280	Saccharum hybrid cultivar (non-R570)	1	Stem	Illumina HiSeq 2500	ISR		PASS	86.22180475047449	9147129	111037	77400	130875	5.8566	21306844	101.0
ERR4677131	PRJEB40481	F36-819	Saccharum hybrid cultivar F36-819	Saccharum hybrid cultivar (non-R570)	1	Stem	Illumina HiSeq 2500	ISR		PASS	86.49042511732104	9170175	108379	77228	127814	5.6008	21247028	101.0
ERR4677130	PRJEB40481	R570	Saccharum hybrid cultivar R570	R570 (reference genotype)	0	Stem	Illumina HiSeq 2500	ISR		PASS	87.48641800411615	9999394	117812	86167	140621	5.6479	22922256	101.0
ERR4677129	PRJEB40481	R570	Saccharum hybrid cultivar R570	R570 (reference genotype)	0	Stem	Illumina HiSeq 2500	ISR		PASS	87.47352931027478	10013178	117685	85990	140429	5.6417	22950208	101.0
ERR4677128	PRJEB40481	R570	Saccharum hybrid cultivar R570	R570 (reference genotype)	0	Stem	Illumina HiSeq 2500	ISR		PASS	87.46329456747408	10044876	117780	86130	140660	5.638	23033544	101.0
ERR4677159	PRJEB40481	F36-819	Saccharum hybrid cultivar F36-819	Saccharum hybrid cultivar (non-R570)	1	Stem	Illumina HiSeq 2500	ISR		PASS	86.63565019065435	10389452	109068	75859	130080	5.6752	24031612	101.0
ERR4677158	PRJEB40481	F36-819	Saccharum hybrid cultivar F36-819	Saccharum hybrid cultivar (non-R570)	1	Stem	Illumina HiSeq 2500	ISR		PASS	86.63550122587726	10417796	109272	75933	130319	5.6735	24098792	101.0
ERR4677157	PRJEB40481	IN84-58	Saccharum spontaneum	Saccharum spontaneum	3	Stem	Illumina HiSeq 2500	ISR		PASS	86.44921736998825	8992815	99236	68496	115022	5.1758	20900276	101.0
ERR4677156	PRJEB40481	IN84-58	Saccharum spontaneum	Saccharum spontaneum	3	Stem	Illumina HiSeq 2500	ISR		PASS	86.43244093357188	9002058	99175	68469	114881	5.1833	20926028	101.0
ERR4677155	PRJEB40481	IN84-58	Saccharum spontaneum	Saccharum spontaneum	3	Stem	Illumina HiSeq 2500	ISR		PASS	86.43660636892207	9006563	99419	68579	115176	5.1825	20937126	101.0
ERR4677154	PRJEB40481	R570	Saccharum hybrid cultivar R570	R570 (reference genotype)	0	Stem	Illumina HiSeq 2500	ISR		PASS	87.62144179558872	11116301	118108	79877	140503	5.629	25436118	101.0
ERR4677153	PRJEB40481	R570	Saccharum hybrid cultivar R570	R570 (reference genotype)	0	Stem	Illumina HiSeq 2500	ISR		PASS	87.62867032445169	11122963	118151	79916	140432	5.6136	25449662	101.0
ERR4677152	PRJEB40481	R570	Saccharum hybrid cultivar R570	R570 (reference genotype)	0	Stem	Illumina HiSeq 2500	ISR		PASS	87.60470706690113	11150858	118228	80061	140623	5.6289	25522684	101.0
ERR4677151	PRJEB40481	IN84-58	Saccharum spontaneum	Saccharum spontaneum	3	Stem	Illumina HiSeq 2500	ISR		PASS	88.43695611844491	9920328	100431	66105	115802	4.4981	22492758	101.0
ERR4677150	PRJEB40481	IN84-58	Saccharum spontaneum	Saccharum spontaneum	3	Stem	Illumina HiSeq 2500	ISR		PASS	88.40894884953472	9920621	100243	66047	115596	4.4944	22500804	101.0
ERR4677149	PRJEB40481	IN84-58	Saccharum spontaneum	Saccharum spontaneum	3	Stem	Illumina HiSeq 2500	ISR		PASS	88.42080510055568	9934226	100539	66055	115846	4.4898	22530426	101.0
ERR4677148	PRJEB40481	F36-819	Saccharum hybrid cultivar F36-819	Saccharum hybrid cultivar (non-R570)	1	Stem	Illumina HiSeq 2500	ISR		PASS	84.6022654771818	10097777	107822	75277	128480	6.3726	23970464	101.0
ERR4677115	PRJEB40481	R570	Saccharum hybrid cultivar R570	R570 (reference genotype)	0	Stem	Illumina HiSeq 2500	ISR		PASS	86.67406094618656	9246134	117891	85614	141738	5.9537	21366798	101.0
ERR4677114	PRJEB40481	R570	Saccharum hybrid cultivar R570	R570 (reference genotype)	0	Stem	Illumina HiSeq 2500	ISR		PASS	86.66649902645597	9271160	117683	85527	141565	5.9589	21422040	101.0
ERR4677113	PRJEB40481	R570	Saccharum hybrid cultivar R570	R570 (reference genotype)	0	Stem	Illumina HiSeq 2500	ISR		PASS	86.66094757019081	9308937	117836	85806	141925	5.9618	21511500	101.0
ERR4677112	PRJEB40481	F36-819	Saccharum hybrid cultivar F36-819	Saccharum hybrid cultivar (non-R570)	1	Stem	Illumina HiSeq 2500	ISR		PASS	86.63072652629172	9139980	107823	77011	127270	5.4098	21140324	101.0
ERR4677143	PRJEB40481	SP80-3280	Saccharum hybrid cultivar SP80-3280	Saccharum hybrid cultivar (non-R570)	1	Stem	Illumina HiSeq 2500	ISR		PASS	86.98109658600492	8615141	106948	76012	125266	5.5044	19880372	101.0
ERR4677142	PRJEB40481	R570	Saccharum hybrid cultivar R570	R570 (reference genotype)	0	Stem	Illumina HiSeq 2500	ISR		PASS	88.07091560885755	9908517	116920	86378	139681	5.2074	22545096	101.0
ERR4677141	PRJEB40481	R570	Saccharum hybrid cultivar R570	R570 (reference genotype)	0	Stem	Illumina HiSeq 2500	ISR		PASS	88.05870371718112	9909592	116985	86322	139731	5.2072	22549708	101.0
ERR4677140	PRJEB40481	R570	Saccharum hybrid cultivar R570	R570 (reference genotype)	0	Stem	Illumina HiSeq 2500	ISR		PASS	88.06559337651791	9929002	116948	86244	139874	5.2085	22592566	101.0
ERR4677139	PRJEB40481	IN84-58	Saccharum spontaneum	Saccharum spontaneum	3	Stem	Illumina HiSeq 2500	ISR		PASS	85.20623146493641	10177823	102009	65179	118455	5.9543	23941588	101.0
ERR4677138	PRJEB40481	IN84-58	Saccharum spontaneum	Saccharum spontaneum	3	Stem	Illumina HiSeq 2500	ISR		PASS	85.21121945089997	10205948	102183	65208	118549	5.9494	23999522	101.0
ERR4677137	PRJEB40481	IN84-58	Saccharum spontaneum	Saccharum spontaneum	3	Stem	Illumina HiSeq 2500	ISR		PASS	85.20645146910987	10245585	102378	65327	118797	5.9412	24097652	101.0
ERR4677136	PRJEB40481	IN84-58	Saccharum spontaneum	Saccharum spontaneum	3	Stem	Illumina HiSeq 2500	ISR		PASS	86.79770952888921	10145740	99905	68450	116442	5.0158	23443108	101.0
ERR4677135	PRJEB40481	IN84-58	Saccharum spontaneum	Saccharum spontaneum	3	Stem	Illumina HiSeq 2500	ISR		PASS	86.80581606227118	10177067	99772	68270	116337	5.011	23504858	101.0
ERR4677134	PRJEB40481	IN84-58	Saccharum spontaneum	Saccharum spontaneum	3	Stem	Illumina HiSeq 2500	ISR		PASS	86.79188390322776	10209581	99746	68321	116289	5.0162	23593596	101.0
ERR4677133	PRJEB40481	F36-819	Saccharum hybrid cultivar F36-819	Saccharum hybrid cultivar (non-R570)	1	Stem	Illumina HiSeq 2500	ISR		PASS	86.49665687489102	9116867	108272	77280	127587	5.6028	21122974	101.0
ERR4677132	PRJEB40481	F36-819	Saccharum hybrid cultivar F36-819	Saccharum hybrid cultivar (non-R570)	1	Stem	Illumina HiSeq 2500	ISR		PASS	86.50482153906042	9137878	108389	77311	127740	5.6101	21163978	101.0
ERR4677099	PRJEB40481	R570	Saccharum hybrid cultivar R570	R570 (reference genotype)	0	Stem	Illumina HiSeq 2500	ISR		PASS	87.58613421746165	9740595	118396	85347	140537	5.6177	22324780	101.0
ERR4677098	PRJEB40481	R570	Saccharum hybrid cultivar R570	R570 (reference genotype)	0	Stem	Illumina HiSeq 2500	ISR		PASS	87.57080034676149	9777300	118336	85223	140456	5.615	22421740	101.0
ERR4677097	PRJEB40481	SP80-3280	Saccharum hybrid cultivar SP80-3280	Saccharum hybrid cultivar (non-R570)	1	Stem	Illumina HiSeq 2500	ISR		PASS	85.86913448581357	9792304	107620	76604	127743	5.8459	22899180	101.0
ERR4677096	PRJEB40481	SP80-3280	Saccharum hybrid cultivar SP80-3280	Saccharum hybrid cultivar (non-R570)	1	Stem	Illumina HiSeq 2500	ISR		PASS	85.87324504999874	9827323	107655	76613	127813	5.8349	22971016	101.0
ERR4677127	PRJEB40481	SP80-3280	Saccharum hybrid cultivar SP80-3280	Saccharum hybrid cultivar (non-R570)	1	Stem	Illumina HiSeq 2500	ISR		PASS	85.71495644729235	9182837	111015	74932	130461	6.124	21498450	101.0
ERR4677126	PRJEB40481	SP80-3280	Saccharum hybrid cultivar SP80-3280	Saccharum hybrid cultivar (non-R570)	1	Stem	Illumina HiSeq 2500	ISR		PASS	85.69228352403498	9185966	110963	74671	130406	6.144	21511998	101.0
ERR4677125	PRJEB40481	SP80-3280	Saccharum hybrid cultivar SP80-3280	Saccharum hybrid cultivar (non-R570)	1	Stem	Illumina HiSeq 2500	ISR		PASS	85.69146889145077	9189482	111239	74808	130698	6.1396	21522612	101.0
ERR4677124	PRJEB40481	IN84-58	Saccharum spontaneum	Saccharum spontaneum	3	Stem	Illumina HiSeq 2500	ISR		PASS	84.5798455893755	10788885	101604	70456	119699	5.802	25552790	101.0
ERR4677123	PRJEB40481	IN84-58	Saccharum spontaneum	Saccharum spontaneum	3	Stem	Illumina HiSeq 2500	ISR		PASS	84.57320007435176	10801454	101618	70510	119798	5.7954	25583762	101.0
ERR4677122	PRJEB40481	IN84-58	Saccharum spontaneum	Saccharum spontaneum	3	Stem	Illumina HiSeq 2500	ISR		PASS	84.55932087607935	10818829	101673	70562	119812	5.7987	25629686	101.0
ERR4677121	PRJEB40481	R570	Saccharum hybrid cultivar R570	R570 (reference genotype)	0	Stem	Illumina HiSeq 2500	ISR		PASS	88.0206480629308	10120468	116337	84286	138741	5.2312	23065606	101.0
ERR4677120	PRJEB40481	R570	Saccharum hybrid cultivar R570	R570 (reference genotype)	0	Stem	Illumina HiSeq 2500	ISR		PASS	88.00264161892115	10148748	116551	84156	139266	5.2333	23126764	101.0
ERR4677119	PRJEB40481	R570	Saccharum hybrid cultivar R570	R570 (reference genotype)	0	Stem	Illumina HiSeq 2500	ISR		PASS	88.00696576296787	10200362	116430	84293	138994	5.2176	23250594	101.0
ERR4677118	PRJEB40481	IN84-58	Saccharum spontaneum	Saccharum spontaneum	3	Stem	Illumina HiSeq 2500	ISR		PASS	85.51924242641438	10201528	101274	65753	117645	5.7057	23909250	101.0
ERR4677117	PRJEB40481	IN84-58	Saccharum spontaneum	Saccharum spontaneum	3	Stem	Illumina HiSeq 2500	ISR		PASS	85.50817170081515	10227924	101421	66048	117859	5.7027	23967458	101.0
ERR4677116	PRJEB40481	IN84-58	Saccharum spontaneum	Saccharum spontaneum	3	Stem	Illumina HiSeq 2500	ISR		PASS	85.51515459058079	10262914	101505	66079	118118	5.6997	24052660	101.0
ERR4677083	PRJEB40481	F36-819	Saccharum hybrid cultivar F36-819	Saccharum hybrid cultivar (non-R570)	1	Stem	Illumina HiSeq 2500	ISR		PASS	84.48712106497076	9577945	106448	74207	126709	6.5181	22746456	101.0
ERR4677082	PRJEB40481	IN84-58	Saccharum spontaneum	Saccharum spontaneum	3	Stem	Illumina HiSeq 2500	ISR		PASS	83.97312038101208	10090913	102678	67310	119957	6.2055	24123298	101.0
ERR4677081	PRJEB40481	IN84-58	Saccharum spontaneum	Saccharum spontaneum	3	Stem	Illumina HiSeq 2500	ISR		PASS	83.95643555909146	10115989	102660	67392	119947	6.2045	24178444	101.0
ERR4677080	PRJEB40481	IN84-58	Saccharum spontaneum	Saccharum spontaneum	3	Stem	Illumina HiSeq 2500	ISR		PASS	83.95429612806309	10149637	102992	67440	120231	6.2028	24270328	101.0
ERR4677111	PRJEB40481	F36-819	Saccharum hybrid cultivar F36-819	Saccharum hybrid cultivar (non-R570)	1	Stem	Illumina HiSeq 2500	ISR		PASS	86.6310560209977	9154522	107986	77086	127632	5.414	21168832	101.0
ERR4677110	PRJEB40481	F36-819	Saccharum hybrid cultivar F36-819	Saccharum hybrid cultivar (non-R570)	1	Stem	Illumina HiSeq 2500	ISR		PASS	86.61556615982157	9202968	108076	77106	127639	5.3972	21286984	101.0
ERR4677109	PRJEB40481	R570	Saccharum hybrid cultivar R570	R570 (reference genotype)	0	Stem	Illumina HiSeq 2500	ISR		PASS	86.97471410614305	9578300	116438	87374	139452	5.7915	22100788	101.0
ERR4677108	PRJEB40481	R570	Saccharum hybrid cultivar R570	R570 (reference genotype)	0	Stem	Illumina HiSeq 2500	ISR		PASS	86.98847899107474	9608516	116645	87456	139524	5.7878	22158584	101.0
ERR4677107	PRJEB40481	R570	Saccharum hybrid cultivar R570	R570 (reference genotype)	0	Stem	Illumina HiSeq 2500	ISR		PASS	86.96497759910253	9649620	116624	87462	139565	5.7981	22269720	101.0
ERR4677106	PRJEB40481	F36-819	Saccharum hybrid cultivar F36-819	Saccharum hybrid cultivar (non-R570)	1	Stem	Illumina HiSeq 2500	ISR		PASS	86.94479306521966	11734797	115903	76260	137315	5.8002	27063372	101.0
ERR4677105	PRJEB40481	F36-819	Saccharum hybrid cultivar F36-819	Saccharum hybrid cultivar (non-R570)	1	Stem	Illumina HiSeq 2500	ISR		PASS	86.95709677314541	11775497	115871	76247	137182	5.7945	27144902	101.0
ERR4677104	PRJEB40481	F36-819	Saccharum hybrid cultivar F36-819	Saccharum hybrid cultivar (non-R570)	1	Stem	Illumina HiSeq 2500	ISR		PASS	86.94433526866966	11815037	116120	76355	137497	5.8059	27247810	101.0
ERR4677103	PRJEB40481	R570	Saccharum hybrid cultivar R570	R570 (reference genotype)	0	Stem	Illumina HiSeq 2500	ISR		PASS	85.95132999375124	8616112	117767	84325	138978	6.3126	20110336	101.0
ERR4677102	PRJEB40481	R570	Saccharum hybrid cultivar R570	R570 (reference genotype)	0	Stem	Illumina HiSeq 2500	ISR		PASS	85.97838188880253	8645122	117783	84383	139073	6.3036	20165976	101.0
ERR4677101	PRJEB40481	R570	Saccharum hybrid cultivar R570	R570 (reference genotype)	0	Stem	Illumina HiSeq 2500	ISR		PASS	85.95464473706778	8669780	117888	84408	139235	6.3121	20234678	101.0
ERR4677100	PRJEB40481	R570	Saccharum hybrid cultivar R570	R570 (reference genotype)	0	Stem	Illumina HiSeq 2500	ISR		PASS	87.62305146528945	9715148	118091	85259	140203	5.5919	22265974	101.0
ERR4677213	PRJEB40481	F36-819	Saccharum hybrid cultivar F36-819	Saccharum hybrid cultivar (non-R570)	1	Stem	Illumina HiSeq 2500	ISR		PASS	86.42245057907422	8804931	108634	76314	127688	5.8475	20427154	101.0
SRR7982790	PRJNA480179	KQ228	Saccharum hybrid cultivar	Saccharum hybrid cultivar (non-R570)	1	Leaf	Illumina HiSeq 4000	ISR		PASS	35.53265182530142	9815447	101981	51091	120279	19.7752	55264452	101.0
SRR7982791	PRJNA480179	KQ228	Saccharum hybrid cultivar	Saccharum hybrid cultivar (non-R570)	1	Leaf	Illumina HiSeq 4000	ISR		PASS	51.16061622074132	15225757	109643	60388	134138	16.5703	59539422	101.0
SRR7982792	PRJNA480179	KQ228	Saccharum hybrid cultivar	Saccharum hybrid cultivar (non-R570)	1	Leaf	Illumina HiSeq 4000	ISR		PASS	31.79414791345086	9674275	102984	50817	122023	21.9799	60871766	101.0
SRR7982793	PRJNA480179	KQ228	Saccharum hybrid cultivar	Saccharum hybrid cultivar (non-R570)	1	Leaf	Illumina HiSeq 4000	ISR		PASS	35.24532664621189	10442589	100207	47717	118025	20.3724	59272218	101.0
SRR7982794	PRJNA480179	KQ228	Saccharum hybrid cultivar	Saccharum hybrid cultivar (non-R570)	1	Stem Internode	Illumina HiSeq 4000	ISR		PASS	52.18134033524537	22463050	118806	64095	146357	15.9382	86137634	101.0
SRR7982795	PRJNA480179	KQ228	Saccharum hybrid cultivar	Saccharum hybrid cultivar (non-R570)	1	Stem Internode	Illumina HiSeq 4000	ISR		PASS	58.34318140279679	22137728	122700	69267	152064	14.8076	75910888	101.0
SRR7982796	PRJNA480179	KQ228	Saccharum hybrid cultivar	Saccharum hybrid cultivar (non-R570)	1	Leaf	Illumina HiSeq 4000	ISR		PASS	33.160158697964945	10193902	104256	53983	124426	21.5292	61496976	101.0
SRR7982797	PRJNA480179	KQ228	Saccharum hybrid cultivar	Saccharum hybrid cultivar (non-R570)	1	Leaf	Illumina HiSeq 4000	ISR		PASS	37.89116009806354	11273431	108685	59758	130806	19.6284	59522912	101.0
SRR7982798	PRJNA480179	KQ228	Saccharum hybrid cultivar	Saccharum hybrid cultivar (non-R570)	1	Stem Internode	Illumina HiSeq 4000	ISR		PASS	40.89016142718363	15089399	108028	62213	122036	19.5698	73869680	101.0
SRR7982799	PRJNA480179	KQ228	Saccharum hybrid cultivar	Saccharum hybrid cultivar (non-R570)	1	Stem Internode	Illumina HiSeq 4000	ISR	low_mapping_rate(<30%)	FLAG	28.073438662354732	10918687	108666	48768	127842	21.0647	77812890	101.0
SRR7982800	PRJNA480179	KQ228	Saccharum hybrid cultivar	Saccharum hybrid cultivar (non-R570)	1	Stem Internode	Illumina HiSeq 4000	ISR		PASS	48.37591812897547	15270456	111846	63645	136019	16.8632	63157376	101.0
SRR7982801	PRJNA480179	KQ228	Saccharum hybrid cultivar	Saccharum hybrid cultivar (non-R570)	1	Stem Internode	Illumina HiSeq 4000	ISR		PASS	33.02258445582877	10926769	107253	52550	126832	20.4795	66200120	101.0
SRR7982802	PRJNA480179	KQ228	Saccharum hybrid cultivar	Saccharum hybrid cultivar (non-R570)	1	Stem Internode	Illumina HiSeq 4000	ISR		PASS	52.84493874047753	20032796	113524	65339	140113	15.8804	75846232	101.0
SRR7982803	PRJNA480179	KQ228	Saccharum hybrid cultivar	Saccharum hybrid cultivar (non-R570)	1	Stem Internode	Illumina HiSeq 4000	ISR	low_mapping_rate(<30%)	FLAG	29.141524316844354	10936854	104275	50513	124158	21.8282	75087382	101.0
SRR7982804	PRJNA480179	KQ228	Saccharum hybrid cultivar	Saccharum hybrid cultivar (non-R570)	1	Stem Internode	Illumina HiSeq 4000	ISR	low_mapping_rate(<30%)	FLAG	29.994399958423053	10786656	102437	50643	121565	21.1451	71963772	101.0
SRR7651122	PRJNA480179	Q200	Saccharum hybrid cultivar	Saccharum hybrid cultivar (non-R570)	1	Leaf	Illumina HiSeq 2500	ISF		PASS	30.81609915101959	15874650	76143	52096	83738	13.8624	103032274	101.0
SRR7651123	PRJNA480179	Q200	Saccharum hybrid cultivar	Saccharum hybrid cultivar (non-R570)	1	Leaf	Illumina HiSeq 2500	ISF		PASS	31.6415727050973	15854141	77340	48534	85525	14.6607	100214410	101.0
SRR7651124	PRJNA480179	Q200	Saccharum hybrid cultivar	Saccharum hybrid cultivar (non-R570)	1	Leaf	Illumina HiSeq 2500	ISF		PASS	36.445272581028284	18686515	68587	46833	75783	13.3572	102547734	101.0
SRR7651125	PRJNA480179	KQ228	Saccharum hybrid cultivar	Saccharum hybrid cultivar (non-R570)	1	Leaf	Illumina HiSeq 2500	ISR		PASS	40.9597281336929	14032954	96307	50901	111970	13.0405	68529778	101.0
SRR7651126	PRJNA480179	Q208	Saccharum hybrid cultivar	Saccharum hybrid cultivar (non-R570)	1	Leaf	Illumina HiSeq 2500	ISR		PASS	33.475015703147825	18595161	74132	46184	81495	13.2867	115462838	101.0
SRR7651127	PRJNA480179	Q208	Saccharum hybrid cultivar	Saccharum hybrid cultivar (non-R570)	1	Leaf	Illumina HiSeq 2500	ISF		PASS	32.074263296099645	11707338	67994	45923	73856	16.1576	73002864	101.0
SRR7651128	PRJNA480179	Q208	Saccharum hybrid cultivar	Saccharum hybrid cultivar (non-R570)	1	Leaf	Illumina HiSeq 2500	ISF		PASS	37.50163676322651	19114396	92516	51884	105437	14.2942	101940696	101.0
SRR7651131	PRJNA480179	Q208	Saccharum hybrid cultivar	Saccharum hybrid cultivar (non-R570)	1	Leaf	Illumina HiSeq 2500	ISR	low_mapping_rate(<30%)	FLAG	28.604918985008542	13202417	73349	46368	80319	14.1455	96100524	101.0
SRR7651133	PRJNA480179	Q200	Saccharum hybrid cultivar	Saccharum hybrid cultivar (non-R570)	1	Leaf	Illumina HiSeq 2500	ISF	low_mapping_rate(<30%)	FLAG	6.734141528758358	1451151	35694	27271	36759	26.4473	46142684	101.0
SRR7651134	PRJNA480179	Q200	Saccharum hybrid cultivar	Saccharum hybrid cultivar (non-R570)	1	Leaf	Illumina HiSeq 2500	ISR	low_mapping_rate(<30%)	FLAG	6.628702225198722	2073398	69781	58775	73365	25.9452	67043414	101.0
SRR7651135	PRJNA480179	Q200	Saccharum hybrid cultivar	Saccharum hybrid cultivar (non-R570)	1	Leaf	Illumina HiSeq 2500	ISF	low_mapping_rate(<30%)	FLAG	17.857430320632282	5761694	50958	34618	54047	23.0216	66972866	101.0
SRR7651136	PRJNA480179	Q200	Saccharum hybrid cultivar	Saccharum hybrid cultivar (non-R570)	1	Leaf	Illumina HiSeq 2500	ISR	low_mapping_rate(<30%)	FLAG	16.098121919870586	3619900	43723	30718	45936	23.3207	47301722	101.0
SRR7651137	PRJNA480179	KQ228	Saccharum hybrid cultivar	Saccharum hybrid cultivar (non-R570)	1	Leaf	Illumina HiSeq 2500	ISR		PASS	31.192407054230486	10631868	85989	58695	94436	16.0379	74699634	101.0
SRR7982805	PRJNA480179	KQ228	Saccharum hybrid cultivar	Saccharum hybrid cultivar (non-R570)	1	Stem Internode	Illumina HiSeq 4000	ISR		PASS	31.075836079510598	11851377	103547	53991	123601	20.6293	76298148	101.0
SRR7982806	PRJNA480179	KQ228	Saccharum hybrid cultivar	Saccharum hybrid cultivar (non-R570)	1	Stem Internode	Illumina HiSeq 4000	ISR		PASS	37.2527338453488	14710893	113784	57774	137107	19.2925	79012292	101.0
SRR7982807	PRJNA480179	KQ228	Saccharum hybrid cultivar	Saccharum hybrid cultivar (non-R570)	1	Stem Internode	Illumina HiSeq 4000	ISR		PASS	45.97536737013573	16722459	115454	64096	139799	16.9696	72774500	101.0
SRR7982808	PRJNA480179	KQ228	Saccharum hybrid cultivar	Saccharum hybrid cultivar (non-R570)	1	Stem Internode	Illumina HiSeq 4000	ISR		PASS	61.30936071618189	17676992	113590	69115	139934	13.9556	57699742	101.0
SRR7982809	PRJNA480179	KQ228	Saccharum hybrid cultivar	Saccharum hybrid cultivar (non-R570)	1	Stem Internode	Illumina HiSeq 4000	ISR		PASS	56.33360436581282	25415674	118040	64974	147795	16.2573	90276164	101.0
SRR7982810	PRJNA480179	KQ228	Saccharum hybrid cultivar	Saccharum hybrid cultivar (non-R570)	1	Stem Internode	Illumina HiSeq 4000	ISR		PASS	48.4459615622083	24061507	114182	64710	138448	16.1093	99386560	101.0
SRR7982811	PRJNA480179	KQ228	Saccharum hybrid cultivar	Saccharum hybrid cultivar (non-R570)	1	Stem Internode	Illumina HiSeq 4000	ISR		PASS	54.885892294457015	21717184	115084	67147	142362	15.5638	79178554	101.0
SRR7982812	PRJNA480179	KQ228	Saccharum hybrid cultivar	Saccharum hybrid cultivar (non-R570)	1	Stem Internode	Illumina HiSeq 4000	ISR		PASS	52.466418733375164	35719917	122027	66601	153479	15.9114	136220042	101.0
SRR7982813	PRJNA480179	KQ228	Saccharum hybrid cultivar	Saccharum hybrid cultivar (non-R570)	1	Stem Internode	Illumina HiSeq 4000	ISR		PASS	44.181614182127056	12379140	102832	42794	122006	24.9554	56062404	101.0
SRR7982814	PRJNA480179	KQ228	Saccharum hybrid cultivar	Saccharum hybrid cultivar (non-R570)	1	Stem Internode	Illumina HiSeq 4000	ISR		PASS	49.65477654067734	19645961	113225	55544	138646	19.7909	79170710	101.0
SRR7982815	PRJNA480179	KQ228	Saccharum hybrid cultivar	Saccharum hybrid cultivar (non-R570)	1	Stem Internode	Illumina HiSeq 4000	ISR		PASS	59.63338222722329	21602829	118155	68504	146331	14.3178	72480602	101.0
SRR7982816	PRJNA480179	KQ228	Saccharum hybrid cultivar	Saccharum hybrid cultivar (non-R570)	1	Stem Internode	Illumina HiSeq 4000	ISR		PASS	64.25916938991288	16715784	116510	69874	142559	13.4387	52044092	101.0
SRR7982817	PRJNA480179	KQ228	Saccharum hybrid cultivar	Saccharum hybrid cultivar (non-R570)	1	Stem Internode	Illumina HiSeq 4000	ISR		PASS	58.54624250480024	15329802	113714	70315	138722	14.8909	52394156	101.0
SRR7982818	PRJNA480179	KQ228	Saccharum hybrid cultivar	Saccharum hybrid cultivar (non-R570)	1	Stem Internode	Illumina HiSeq 4000	ISR		PASS	55.061057862033365	17647705	114221	66991	140507	14.8981	64121076	101.0
SRR7982819	PRJNA480179	KQ228	Saccharum hybrid cultivar	Saccharum hybrid cultivar (non-R570)	1	Stem Internode	Illumina HiSeq 4000	ISR		PASS	42.30953358195203	14981032	109269	59382	131797	16.7182	70843058	101.0
SRR7982820	PRJNA480179	KQ228	Saccharum hybrid cultivar	Saccharum hybrid cultivar (non-R570)	1	Stem Internode	Illumina HiSeq 4000	ISR		PASS	53.05646828858731	46246808	128567	67867	164259	15.8622	174399032	101.0
SRR7982821	PRJNA480179	KQ228	Saccharum hybrid cultivar	Saccharum hybrid cultivar (non-R570)	1	Stem Internode	Illumina HiSeq 4000	ISR		PASS	34.02387971836332	13353020	109934	54759	132314	20.8015	78511944	101.0
SRR7982822	PRJNA480179	KQ228	Saccharum hybrid cultivar	Saccharum hybrid cultivar (non-R570)	1	Stem Internode	Illumina HiSeq 4000	ISR		PASS	35.486010565177175	17492748	111266	55720	135593	20.3038	98625076	101.0
SRR7982823	PRJNA480179	KQ228	Saccharum hybrid cultivar	Saccharum hybrid cultivar (non-R570)	1	Stem Internode	Illumina HiSeq 4000	ISR		PASS	52.02892089232456	23267220	116155	66065	144146	16.3523	89480078	101.0
SRR7982824	PRJNA480179	KQ228	Saccharum hybrid cultivar	Saccharum hybrid cultivar (non-R570)	1	Leaf	Illumina HiSeq 4000	ISR		PASS	49.32781658801274	14478387	111079	61263	135504	16.711	58724154	101.0
SRR7982825	PRJNA480179	KQ228	Saccharum hybrid cultivar	Saccharum hybrid cultivar (non-R570)	1	Leaf	Illumina HiSeq 4000	ISR		PASS	32.86099614775364	9710264	103507	52838	122746	21.094	59116656	101.0
SRR7982826	PRJNA480179	KQ228	Saccharum hybrid cultivar	Saccharum hybrid cultivar (non-R570)	1	Stem Internode	Illumina HiSeq 4000	ISR		PASS	53.0257245733348	18807243	117587	69978	143326	15.3385	70979844	101.0
SRR7982827	PRJNA480179	KQ228	Saccharum hybrid cultivar	Saccharum hybrid cultivar (non-R570)	1	Stem Internode	Illumina HiSeq 4000	ISR		PASS	49.89889803431419	18491106	114595	64742	141401	16.9531	74142354	101.0
SRR7982828	PRJNA480179	KQ228	Saccharum hybrid cultivar	Saccharum hybrid cultivar (non-R570)	1	Stem Internode	Illumina HiSeq 4000	ISR		PASS	31.97075719220003	13418732	106231	53139	127934	21.1024	83980992	101.0
SRR7982829	PRJNA480179	KQ228	Saccharum hybrid cultivar	Saccharum hybrid cultivar (non-R570)	1	Stem Internode	Illumina HiSeq 4000	ISR		PASS	30.35891883606368	13428401	108154	51617	129521	20.4722	88494894	101.0
SRR7982830	PRJNA480179	KQ228	Saccharum hybrid cultivar	Saccharum hybrid cultivar (non-R570)	1	Leaf	Illumina HiSeq 4000	ISR		PASS	38.7199932599263	11324038	102340	53946	122509	15.9375	58513766	101.0
SRR7982831	PRJNA480179	KQ228	Saccharum hybrid cultivar	Saccharum hybrid cultivar (non-R570)	1	Leaf	Illumina HiSeq 4000	ISR	low_mapping_rate(<30%)	FLAG	27.52303425605843	8653905	93108	40694	108337	20.7782	62902724	101.0
SRR7982832	PRJNA480179	KQ228	Saccharum hybrid cultivar	Saccharum hybrid cultivar (non-R570)	1	Leaf	Illumina HiSeq 4000	ISR	low_mapping_rate(<30%)	FLAG	26.230210441646673	10450583	93455	35500	108607	21.2846	79708926	101.0
SRR7982833	PRJNA480179	KQ228	Saccharum hybrid cultivar	Saccharum hybrid cultivar (non-R570)	1	Leaf	Illumina HiSeq 4000	ISR		PASS	33.62375462275109	9914923	94899	42934	110755	19.598	58992672	101.0
SRR7982834	PRJNA480179	KQ228	Saccharum hybrid cultivar	Saccharum hybrid cultivar (non-R570)	1	Stem Internode	Illumina HiSeq 4000	ISR		PASS	55.47416442785753	23206647	117310	68122	142672	14.7528	83709570	101.0
SRR7982835	PRJNA480179	KQ228	Saccharum hybrid cultivar	Saccharum hybrid cultivar (non-R570)	1	Stem Internode	Illumina HiSeq 4000	ISR		PASS	59.33287104510215	25000956	117831	68722	146798	14.4072	84312462	101.0
SRR7982836	PRJNA480179	KQ228	Saccharum hybrid cultivar	Saccharum hybrid cultivar (non-R570)	1	Stem Internode	Illumina HiSeq 4000	ISR	low_mapping_rate(<30%)	FLAG	26.04156359800291	11385594	103335	45868	122654	22.3618	87478896	101.0
SRR7982837	PRJNA480179	KQ228	Saccharum hybrid cultivar	Saccharum hybrid cultivar (non-R570)	1	Stem Internode	Illumina HiSeq 4000	ISR		PASS	51.3438949604176	17870562	112032	64094	137653	15.9643	69629158	101.0
SRR7651058	PRJNA480179	Q200	Saccharum hybrid cultivar	Saccharum hybrid cultivar (non-R570)	1	Leaf	Illumina HiSeq 2500	ISR	low_mapping_rate(<30%)	FLAG	11.22329818220319	5442204	52898	34846	55361	21.5422	98766078	97.1822
SRR7651059	PRJNA480179	KQ228	Saccharum hybrid cultivar	Saccharum hybrid cultivar (non-R570)	1	Leaf	Illumina HiSeq 2500	ISF		PASS	32.59071803289967	15594289	88927	58598	98487	15.6124	104176352	101.0
SRR7651060	PRJNA480179	KQ228	Saccharum hybrid cultivar	Saccharum hybrid cultivar (non-R570)	1	Leaf	Illumina HiSeq 2500	ISF		PASS	32.49856239225544	12291448	81056	56509	89209	16.361	82416130	101.0
SRR7651061	PRJNA480179	Q200	Saccharum hybrid cultivar	Saccharum hybrid cultivar (non-R570)	1	Leaf	Illumina HiSeq 2500	ISF		PASS	45.25866156697382	22864278	116039	60296	142488	14.8129	101045644	101.0
SRR7651062	PRJNA480179	Q200	Saccharum hybrid cultivar	Saccharum hybrid cultivar (non-R570)	1	Leaf	Illumina HiSeq 2500	ISR		PASS	42.36388387403662	15747655	105467	51520	125499	13.8232	74350104	101.0
SRR7651063	PRJNA480179	Q200	Saccharum hybrid cultivar	Saccharum hybrid cultivar (non-R570)	1	Leaf	Illumina HiSeq 2500	ISF		PASS	40.00607299769292	15348952	101773	49059	120516	14.3553	76737788	101.0
SRR7651064	PRJNA480179	Q200	Saccharum hybrid cultivar	Saccharum hybrid cultivar (non-R570)	1	Leaf	Illumina HiSeq 2500	ISR		PASS	36.40225805125858	21124760	71159	46959	79071	13.3875	116065668	101.0
SRR7651065	PRJNA480179	Q200	Saccharum hybrid cultivar	Saccharum hybrid cultivar (non-R570)	1	Leaf	Illumina HiSeq 2500	ISF		PASS	37.832588047583755	18665212	82957	53711	93285	12.9534	98677938	101.0
SRR7651066	PRJNA480179	Q200	Saccharum hybrid cultivar	Saccharum hybrid cultivar (non-R570)	1	Leaf	Illumina HiSeq 2500	ISR		PASS	42.08488296224168	16292221	78395	59297	86836	15.471	77428448	101.0
SRR7651067	PRJNA480179	Q200	Saccharum hybrid cultivar	Saccharum hybrid cultivar (non-R570)	1	Leaf	Illumina HiSeq 2500	ISR		PASS	32.729558519140525	8821358	74976	57733	81697	17.0151	53908688	101.0
SRR7651068	PRJNA480179	Q200	Saccharum hybrid cultivar	Saccharum hybrid cultivar (non-R570)	1	Leaf	Illumina HiSeq 2500	ISR		PASS	40.30544446212447	11776001	75566	57998	83116	14.7738	58440586	101.0
SRR7651069	PRJNA480179	Q200	Saccharum hybrid cultivar	Saccharum hybrid cultivar (non-R570)	1	Leaf	Illumina HiSeq 2500	ISF		PASS	40.45995346858488	16894408	90313	57718	102766	12.7581	83518698	101.0
SRR7651070	PRJNA480179	Q200	Saccharum hybrid cultivar	Saccharum hybrid cultivar (non-R570)	1	Leaf	Illumina HiSeq 2500	ISF		PASS	38.62924609520489	11134908	62591	47530	67818	13.5031	57653578	101.0
SRR7651071	PRJNA480179	Q200	Saccharum hybrid cultivar	Saccharum hybrid cultivar (non-R570)	1	Leaf	Illumina HiSeq 2500	ISR		PASS	35.51918896233332	19056881	92835	53224	105151	13.9515	107307398	101.0
SRR7651072	PRJNA480179	Q208	Saccharum hybrid cultivar	Saccharum hybrid cultivar (non-R570)	1	Leaf	Illumina HiSeq 2500	ISR		PASS	30.32415684926836	17369093	68176	46720	74137	15.8122	114558762	101.0
SRR7651073	PRJNA480179	Q208	Saccharum hybrid cultivar	Saccharum hybrid cultivar (non-R570)	1	Leaf	Illumina HiSeq 2500	ISR	low_mapping_rate(<30%)	FLAG	27.1358560675613	11555829	104801	67338	116546	19.1135	85172660	101.0
SRR7651074	PRJNA480179	Q208	Saccharum hybrid cultivar	Saccharum hybrid cultivar (non-R570)	1	Leaf	Illumina HiSeq 2500	ISR		PASS	33.15392646758541	16522368	67664	44256	74537	13.9715	99672436	101.0
SRR7651075	PRJNA480179	Q208	Saccharum hybrid cultivar	Saccharum hybrid cultivar (non-R570)	1	Leaf	Illumina HiSeq 2500	ISF		PASS	32.0520991901996	12303005	88501	48973	97981	16.0258	76770324	101.0
SRR7651076	PRJNA480179	Q208	Saccharum hybrid cultivar	Saccharum hybrid cultivar (non-R570)	1	Leaf	Illumina HiSeq 2500	ISR		PASS	32.75300842247608	16511763	86757	53953	96812	16.1962	100828118	101.0
SRR7651077	PRJNA480179	Q208	Saccharum hybrid cultivar	Saccharum hybrid cultivar (non-R570)	1	Leaf	Illumina HiSeq 2500	ISR	low_mapping_rate(<30%)	FLAG	24.299717310680013	9336017	64397	45985	69554	17.5184	76842348	101.0
SRR7651078	PRJNA480179	Q208	Saccharum hybrid cultivar	Saccharum hybrid cultivar (non-R570)	1	Leaf	Illumina HiSeq 2500	ISR		PASS	34.36557126282459	16401006	102015	47011	118219	14.1927	95452600	101.0
SRR7651079	PRJNA480179	Q208	Saccharum hybrid cultivar	Saccharum hybrid cultivar (non-R570)	1	Leaf	Illumina HiSeq 2500	ISF		PASS	33.27650725500666	18147674	90269	46202	101755	15.249	109073918	101.0
SRR7651080	PRJNA480179	KQ228	Saccharum hybrid cultivar	Saccharum hybrid cultivar (non-R570)	1	Leaf	Illumina HiSeq 2500	ISR	low_mapping_rate(<30%)	FLAG	27.68549671110097	6117260	101792	58182	112989	16.7351	52027652	101.0
SRR7651081	PRJNA480179	KQ228	Saccharum hybrid cultivar	Saccharum hybrid cultivar (non-R570)	1	Leaf	Illumina HiSeq 2500	ISF	low_mapping_rate(<30%)	FLAG	14.729363475479811	1318277	89387	75889	94942	19.7451	37664146	101.0
SRR7651082	PRJNA480179	KQ228	Saccharum hybrid cultivar	Saccharum hybrid cultivar (non-R570)	1	Leaf	Illumina HiSeq 2500	ISR	low_mapping_rate(<30%)	FLAG	26.975877418519772	7061019	111501	54673	125124	16.7532	53399202	96.2879
SRR7651083	PRJNA480179	KQ228	Saccharum hybrid cultivar	Saccharum hybrid cultivar (non-R570)	1	Leaf	Illumina HiSeq 2500	ISR	low_mapping_rate(<30%)	FLAG	20.387511382987856	4920017	66213	47448	70778	18.3126	54923158	101.0
SRR7651084	PRJNA480179	KQ228	Saccharum hybrid cultivar	Saccharum hybrid cultivar (non-R570)	1	Leaf	Illumina HiSeq 2500	ISR	low_mapping_rate(<30%)	FLAG	28.943371178907253	7350972	109450	58331	122764	16.9482	61058770	101.0
SRR7651085	PRJNA480179	KQ228	Saccharum hybrid cultivar	Saccharum hybrid cultivar (non-R570)	1	Leaf	Illumina HiSeq 2500	ISR	low_mapping_rate(<30%)	FLAG	22.120590982816005	2889400	91027	59640	98825	17.7952	31209038	101.0
SRR7651086	PRJNA480179	Q200	Saccharum hybrid cultivar	Saccharum hybrid cultivar (non-R570)	1	Leaf	Illumina HiSeq 2500	ISR		PASS	40.66927303149013	13946495	72503	54838	79506	14.3985	68599786	101.0
SRR7651087	PRJNA480179	Q200	Saccharum hybrid cultivar	Saccharum hybrid cultivar (non-R570)	1	Leaf	Illumina HiSeq 2500	ISR	low_mapping_rate(<30%)	FLAG	29.314954030221823	9308324	62630	43087	67713	15.311	63509240	101.0
SRR7651088	PRJNA480179	KQ228	Saccharum hybrid cultivar	Saccharum hybrid cultivar (non-R570)	1	Leaf	Illumina HiSeq 2500	ISF		PASS	41.40301126246222	13176587	96830	51600	112836	13.8824	63657018	101.0
SRR7651089	PRJNA480179	Q200	Saccharum hybrid cultivar	Saccharum hybrid cultivar (non-R570)	1	Leaf	Illumina HiSeq 2500	ISR		PASS	46.26537757246419	16997952	111078	60604	133482	13.7672	73486604	101.0
SRR7651090	PRJNA480179	KQ228	Saccharum hybrid cultivar	Saccharum hybrid cultivar (non-R570)	1	Leaf	Illumina HiSeq 2500	ISR		PASS	42.1233793170706	16400370	103958	48997	123763	14.3073	77876244	101.0
SRR7651091	PRJNA480179	Q200	Saccharum hybrid cultivar	Saccharum hybrid cultivar (non-R570)	1	Leaf	Illumina HiSeq 2500	ISF		PASS	41.35775420550965	18427490	107575	54609	129595	14.3545	89119892	101.0
SRR7651092	PRJNA480179	KQ228	Saccharum hybrid cultivar	Saccharum hybrid cultivar (non-R570)	1	Leaf	Illumina HiSeq 2500	ISR	low_mapping_rate(<30%)	FLAG	26.317048190073823	5630813	99184	57781	109656	16.756	49431568	101.0
SRR7651093	PRJNA480179	Q200	Saccharum hybrid cultivar	Saccharum hybrid cultivar (non-R570)	1	Leaf	Illumina HiSeq 2500	ISF		PASS	38.497006363056215	16516177	102374	48241	121557	14.2992	85810856	101.0
SRR7651094	PRJNA480179	Q200	Saccharum hybrid cultivar	Saccharum hybrid cultivar (non-R570)	1	Leaf	Illumina HiSeq 2500	ISR		PASS	52.065597565333896	18012762	109094	63382	131673	15.1277	69199494	101.0
SRR7651095	PRJNA480179	KQ228	Saccharum hybrid cultivar	Saccharum hybrid cultivar (non-R570)	1	Leaf	Illumina HiSeq 2500	ISR	low_mapping_rate(<30%)	FLAG	25.764060432702728	7389005	109395	56100	121865	17.018	66409356	101.0
SRR7651096	PRJNA480179	Q200	Saccharum hybrid cultivar	Saccharum hybrid cultivar (non-R570)	1	Leaf	Illumina HiSeq 2500	ISR		PASS	45.904504457026704	19093358	78749	57302	87761	12.7094	83194554	101.0
SRR7651097	PRJNA480179	Q200	Saccharum hybrid cultivar	Saccharum hybrid cultivar (non-R570)	1	Leaf	Illumina HiSeq 2500	ISR		PASS	45.781619507282244	23659501	90409	62249	103014	13.8032	103364544	101.0
SRR7651098	PRJNA480179	KQ228	Saccharum hybrid cultivar	Saccharum hybrid cultivar (non-R570)	1	Leaf	Illumina HiSeq 2500	ISF		PASS	42.25538913235174	13973790	99535	48257	117219	14.1354	66147752	101.0
SRR7651099	PRJNA480179	KQ228	Saccharum hybrid cultivar	Saccharum hybrid cultivar (non-R570)	1	Leaf	Illumina HiSeq 2500	ISR	low_mapping_rate(<30%)	FLAG	26.122458108231704	6786065	78748	58308	85466	18.096	59443080	101.0
SRR7651100	PRJNA480179	Q200	Saccharum hybrid cultivar	Saccharum hybrid cultivar (non-R570)	1	Leaf	Illumina HiSeq 2500	ISF		PASS	41.3122857687259	16269882	103569	53421	122720	14.1111	78771020	101.0
SRR7651101	PRJNA480179	Q208	Saccharum hybrid cultivar	Saccharum hybrid cultivar (non-R570)	1	Leaf	Illumina HiSeq 2500	ISR		PASS	38.15004753336382	18208075	89307	57239	99991	15.3017	99918530	101.0
SRR7651102	PRJNA480179	Q208	Saccharum hybrid cultivar	Saccharum hybrid cultivar (non-R570)	1	Leaf	Illumina HiSeq 2500	ISF		PASS	41.32911044099151	22282077	81368	55006	91333	14.0845	107829516	101.0
SRR7651103	PRJNA480179	Q208	Saccharum hybrid cultivar	Saccharum hybrid cultivar (non-R570)	1	Leaf	Illumina HiSeq 2500	ISR		PASS	39.20760140362519	15012253	81255	57580	90048	15.8552	82323858	101.0
SRR7651104	PRJNA480179	Q208	Saccharum hybrid cultivar	Saccharum hybrid cultivar (non-R570)	1	Leaf	Illumina HiSeq 2500	ISR		PASS	35.58079349183333	16626280	76369	54316	83957	16.3786	101101088	101.0
SRR7651105	PRJNA480179	Q208	Saccharum hybrid cultivar	Saccharum hybrid cultivar (non-R570)	1	Leaf	Illumina HiSeq 2500	ISR		PASS	32.776011899615014	17080215	72072	45653	79073	12.9932	109775972	101.0
SRR7651106	PRJNA480179	Q208	Saccharum hybrid cultivar	Saccharum hybrid cultivar (non-R570)	1	Leaf	Illumina HiSeq 2500	ISR		PASS	32.2069301272956	15489362	82266	45210	91389	13.9482	100505770	101.0
SRR7651107	PRJNA480179	Q208	Saccharum hybrid cultivar	Saccharum hybrid cultivar (non-R570)	1	Leaf	Illumina HiSeq 2500	ISR		PASS	43.48756817848357	19075827	87743	58067	98906	14.1396	92276338	101.0
SRR7651108	PRJNA480179	Q208	Saccharum hybrid cultivar	Saccharum hybrid cultivar (non-R570)	1	Leaf	Illumina HiSeq 2500	ISR		PASS	34.67663648995678	16842640	76547	44846	85330	13.4379	97142526	101.0
SRR7651109	PRJNA480179	KQ228	Saccharum hybrid cultivar	Saccharum hybrid cultivar (non-R570)	1	Leaf	Illumina HiSeq 2500	ISR		PASS	35.8633515366246	9187567	67097	51653	72766	16.0609	51243806	101.0
SRR7651110	PRJNA480179	KQ228	Saccharum hybrid cultivar	Saccharum hybrid cultivar (non-R570)	1	Leaf	Illumina HiSeq 2500	ISF		PASS	30.12141801966535	7897140	57628	42683	61777	13.7409	52443010	101.0
SRR7651111	PRJNA480179	KQ228	Saccharum hybrid cultivar	Saccharum hybrid cultivar (non-R570)	1	Leaf	Illumina HiSeq 2500	ISF		PASS	32.6034556367845	6973797	63473	49007	68545	15.4098	42790448	101.0
SRR7651112	PRJNA480179	KQ228	Saccharum hybrid cultivar	Saccharum hybrid cultivar (non-R570)	1	Leaf	Illumina HiSeq 2500	ISF		PASS	30.992718211825892	13441280	88411	54632	97632	15.5137	92425902	101.0
SRR7651113	PRJNA480179	KQ228	Saccharum hybrid cultivar	Saccharum hybrid cultivar (non-R570)	1	Leaf	Illumina HiSeq 2500	ISR		PASS	41.48433141008049	12319996	98715	66138	111694	15.5269	63859918	101.0
SRR7651114	PRJNA480179	KQ228	Saccharum hybrid cultivar	Saccharum hybrid cultivar (non-R570)	1	Leaf	Illumina HiSeq 2500	ISR	low_mapping_rate(<30%)	FLAG	29.51198357215228	7099038	64607	48751	69668	15.8907	48119488	101.0
SRR7651115	PRJNA480179	KQ228	Saccharum hybrid cultivar	Saccharum hybrid cultivar (non-R570)	1	Leaf	Illumina HiSeq 2500	ISR		PASS	32.09804548683403	11128939	107460	50389	122891	14.0619	76161544	101.0
SRR7651116	PRJNA480179	KQ228	Saccharum hybrid cultivar	Saccharum hybrid cultivar (non-R570)	1	Leaf	Illumina HiSeq 2500	ISF	low_mapping_rate(<30%)	FLAG	24.505538649031585	5735562	108190	65055	120610	18.2856	59512016	101.0
SRR7651117	PRJNA480179	Q200	Saccharum hybrid cultivar	Saccharum hybrid cultivar (non-R570)	1	Leaf	Illumina HiSeq 2500	ISF	low_mapping_rate(<30%)	FLAG	25.44835352609065	8643319	63681	45120	68726	17.4965	67931518	101.0
SRR7651118	PRJNA480179	Q200	Saccharum hybrid cultivar	Saccharum hybrid cultivar (non-R570)	1	Leaf	Illumina HiSeq 2500	ISR		PASS	31.71282210188541	14618691	64636	45551	70303	13.3662	92203844	101.0
SRR7651119	PRJNA480179	Q200	Saccharum hybrid cultivar	Saccharum hybrid cultivar (non-R570)	1	Leaf	Illumina HiSeq 2500	ISR	low_mapping_rate(<30%)	FLAG	13.54812108333573	3355151	64709	47938	68494	20.4217	53425184	101.0
SRR7651120	PRJNA480179	Q200	Saccharum hybrid cultivar	Saccharum hybrid cultivar (non-R570)	1	Leaf	Illumina HiSeq 2500	ISR	low_mapping_rate(<30%)	FLAG	21.976896441540575	6157035	57397	44596	60974	18.4252	56040304	101.0
SRR7651121	PRJNA480179	Q200	Saccharum hybrid cultivar	Saccharum hybrid cultivar (non-R570)	1	Leaf	Illumina HiSeq 2500	ISR		PASS	33.72952979083985	10825017	63518	48258	69153	13.0436	64190426	101.0
SRR7651138	PRJNA480179	KQ228	Saccharum hybrid cultivar	Saccharum hybrid cultivar (non-R570)	1	Leaf	Illumina HiSeq 2500	ISF		PASS	39.670203300574684	11531274	93953	49586	108937	13.4979	58142386	101.0
SRR21866302	PRJNA884509	LA-Purple	Saccharum officinarum	Saccharum officinarum	2	Leaf	Illumina HiSeq 2500	IU		PASS	84.34619507422788	10903560	100943	63514	120973	7.01	25912254	150.0
SRR21866303	PRJNA884509	LA-Purple	Saccharum officinarum	Saccharum officinarum	2	Leaf	Illumina HiSeq 2500	IU		PASS	83.72870448913756	11421204	99142	59702	119052	7.722	27307076	150.0
SRR21866235	PRJNA884509	LA-Purple	Saccharum officinarum	Saccharum officinarum	2	Leaf	Illumina HiSeq 2500	IU		PASS	79.33784731506897	12268650	103088	60705	124653	10.6576	30928784	101.0
SRR21866304	PRJNA884509	LA-Purple	Saccharum officinarum	Saccharum officinarum	2	Leaf	Illumina HiSeq 2500	IU		PASS	84.50304749802008	13190248	105863	64421	127688	6.8402	31279958	150.0
SRR21866305	PRJNA884509	LA-Purple	Saccharum officinarum	Saccharum officinarum	2	Leaf	Illumina HiSeq 2500	IU		PASS	84.41794628653875	10658073	102041	64277	122135	7.087	25314110	150.0
SRR21866306	PRJNA884509	LA-Purple	Saccharum officinarum	Saccharum officinarum	2	Leaf	Illumina HiSeq 2500	IU		PASS	83.45494747856362	11839251	102105	61715	122160	7.7837	28436634	150.0
SRR21866290	PRJNA884509	LA-Purple	Saccharum officinarum	Saccharum officinarum	2	Leaf	Illumina HiSeq 2500	IU		PASS	81.86242918430825	16758283	103237	60394	127282	8.6722	41063916	150.0
SRR21866291	PRJNA884509	LA-Purple	Saccharum officinarum	Saccharum officinarum	2	Leaf	Illumina HiSeq 2500	IU		PASS	80.38209500918468	10978642	98426	61602	120847	9.6137	27394964	150.0
SRR21866292	PRJNA884509	LA-Purple	Saccharum officinarum	Saccharum officinarum	2	Leaf	Illumina HiSeq 2500	IU		PASS	80.33062327391218	12393370	98787	61525	121617	9.5656	30879584	150.0
SRR21866293	PRJNA884509	LA-Purple	Saccharum officinarum	Saccharum officinarum	2	Leaf	Illumina HiSeq 2500	IU		PASS	81.56888179806407	11893535	97509	59339	120307	9.4459	29192574	150.0
SRR21866294	PRJNA884509	LA-Purple	Saccharum officinarum	Saccharum officinarum	2	Leaf	Illumina HiSeq 2500	IU		PASS	81.66654759941088	13100420	99909	61557	123396	9.0128	32163682	150.0
SRR21866295	PRJNA884509	LA-Purple	Saccharum officinarum	Saccharum officinarum	2	Leaf	Illumina HiSeq 2500	IU		PASS	80.7037982433792	15790945	101398	62047	126188	9.2355	39171572	150.0
SRR21866276	PRJNA884509	LA-Purple	Saccharum officinarum	Saccharum officinarum	2	Leaf	Illumina HiSeq 2500	IU		PASS	81.96919959349053	11510506	98836	62101	121683	8.9691	28180784	150.0
SRR21866277	PRJNA884509	LA-Purple	Saccharum officinarum	Saccharum officinarum	2	Leaf	Illumina HiSeq 2500	IU		PASS	79.33409525631421	18579105	102774	61181	127943	8.6727	46919674	150.0
SRR21866278	PRJNA884509	LA-Purple	Saccharum officinarum	Saccharum officinarum	2	Leaf	Illumina HiSeq 2500	IU		PASS	82.938023940532	10865679	96964	60205	118071	8.552	26270142	150.0
SRR21866279	PRJNA884509	LA-Purple	Saccharum officinarum	Saccharum officinarum	2	Leaf	Illumina HiSeq 2500	IU		PASS	81.22336365968602	20430414	104931	62084	132456	9.43	50424606	150.0
SRR21866281	PRJNA884509	LA-Purple	Saccharum officinarum	Saccharum officinarum	2	Leaf	Illumina HiSeq 2500	IU		PASS	81.65465791778117	18944925	104264	59958	129614	9.0674	46495556	150.0
SRR21866282	PRJNA884509	LA-Purple	Saccharum officinarum	Saccharum officinarum	2	Leaf	Illumina HiSeq 2500	IU		PASS	81.46883737327421	14373881	102848	61639	126331	8.8786	35333322	150.0
SRR21866236	PRJNA884509	LA-Purple	Saccharum officinarum	Saccharum officinarum	2	Leaf	Illumina HiSeq 2500	IU		PASS	81.2670992419041	12223577	108378	65340	131119	9.2352	30083904	101.0
SRR21866237	PRJNA884509	LA-Purple	Saccharum officinarum	Saccharum officinarum	2	Leaf	Illumina HiSeq 2500	IU		PASS	76.71423087467562	10585552	98687	58253	119058	11.8243	27598556	101.0
SRR21866238	PRJNA884509	LA-Purple	Saccharum officinarum	Saccharum officinarum	2	Leaf	Illumina HiSeq 2500	IU		PASS	72.73945629228842	10622780	99190	56544	119538	13.486	29208764	101.0
SRR21866311	PRJNA884509	LA-Purple	Saccharum officinarum	Saccharum officinarum	2	Leaf	Illumina HiSeq 2500	IU		PASS	78.19980817580218	15795347	86248	55667	102950	10.6206	40614460	101.0
SRR21866321	PRJNA884509	LA-Purple	Saccharum officinarum	Saccharum officinarum	2	Leaf	Illumina HiSeq 2500	IU		PASS	87.0894845573285	12643809	101552	56729	121438	6.6279	29037250	101.0
SRR21866325	PRJNA884509	LA-Purple	Saccharum officinarum	Saccharum officinarum	2	Leaf	Illumina HiSeq 2500	IU		PASS	55.055424683185464	7436225	89488	49438	104206	30.1877	27014190	151.0
SRR21866367	PRJNA884509	LA-Purple	Saccharum officinarum	Saccharum officinarum	2	Leaf	Illumina HiSeq 2500	IU		PASS	81.00768762302715	11960811	98541	62051	121377	9.1993	29561048	150.0
SRR21866389	PRJNA884509	LA-Purple	Saccharum officinarum	Saccharum officinarum	2	Leaf	Illumina HiSeq 2500	IU		PASS	80.96015123859618	23760237	106415	61630	134666	9.3621	58806132	150.0
SRR21866430	PRJNA884509	LA-Purple	Saccharum officinarum	Saccharum officinarum	2	Leaf	Illumina HiSeq 2500	IU		PASS	81.81048965522163	11463204	92977	53535	111098	7.8841	28063340	150.0
SRR21866434	PRJNA884509	LA-Purple	Saccharum officinarum	Saccharum officinarum	2	Leaf	Illumina HiSeq 2500	IU		PASS	84.03885254942489	12091716	91241	51443	108168	7.2077	28857320	150.0
SRR21866440	PRJNA884509	LA-Purple	Saccharum officinarum	Saccharum officinarum	2	Leaf	Illumina HiSeq 2500	IU		PASS	82.98236571920118	14884966	96922	53878	117498	7.4345	35968356	150.0
SRR21866445	PRJNA884509	LA-Purple	Saccharum officinarum	Saccharum officinarum	2	Leaf	Illumina HiSeq 2500	IU		PASS	83.06067113547903	14904710	97675	53829	117939	7.3538	36018986	150.0
SRR21866454	PRJNA884509	LA-Purple	Saccharum officinarum	Saccharum officinarum	2	Leaf	Illumina HiSeq 2500	IU		PASS	83.7116955501584	15326257	97397	53373	116348	7.2873	36669128	150.0
SRR21866455	PRJNA884509	LA-Purple	Saccharum officinarum	Saccharum officinarum	2	Leaf	Illumina HiSeq 2500	IU		PASS	83.42525284856322	16063288	101640	56392	122698	7.0472	38573732	150.0
SRR21866456	PRJNA884509	LA-Purple	Saccharum officinarum	Saccharum officinarum	2	Leaf	Illumina HiSeq 2500	IU		PASS	82.79791644595119	11722943	97385	57439	116189	7.1476	28364804	150.0
SRR21866460	PRJNA884509	LA-Purple	Saccharum officinarum	Saccharum officinarum	2	Leaf	Illumina HiSeq 2500	IU		PASS	82.00732732182217	13903364	101733	58355	122847	7.8612	33983156	150.0
SRR21866446	PRJNA884509	LA-Purple	Saccharum officinarum	Saccharum officinarum	2	Leaf	Illumina HiSeq 2500	IU		PASS	83.08998760070232	14844465	98178	54736	119098	7.2879	35804368	150.0
SRR21866447	PRJNA884509	LA-Purple	Saccharum officinarum	Saccharum officinarum	2	Leaf	Illumina HiSeq 2500	IU		PASS	83.30020731584071	13896772	94022	50682	112433	7.4565	33461974	150.0
SRR21866448	PRJNA884509	LA-Purple	Saccharum officinarum	Saccharum officinarum	2	Leaf	Illumina HiSeq 2500	IU		PASS	83.79884325342914	13535790	96295	54150	115595	7.1839	32378560	150.0
SRR21866449	PRJNA884509	LA-Purple	Saccharum officinarum	Saccharum officinarum	2	Leaf	Illumina HiSeq 2500	IU		PASS	83.26459835970775	13700576	97332	54798	116987	7.1516	32977272	150.0
SRR21866451	PRJNA884509	LA-Purple	Saccharum officinarum	Saccharum officinarum	2	Leaf	Illumina HiSeq 2500	IU		PASS	83.9505523940194	13544316	94034	52083	111686	6.9879	32325028	150.0
SRR21866452	PRJNA884509	LA-Purple	Saccharum officinarum	Saccharum officinarum	2	Leaf	Illumina HiSeq 2500	IU		PASS	83.13963319553625	11986921	95733	54730	113821	6.8294	28878004	150.0
SRR21866453	PRJNA884509	LA-Purple	Saccharum officinarum	Saccharum officinarum	2	Leaf	Illumina HiSeq 2500	IU		PASS	83.34064205409643	13259677	97468	56254	117086	6.9346	31880188	150.0
SRR21866457	PRJNA884509	LA-Purple	Saccharum officinarum	Saccharum officinarum	2	Leaf	Illumina HiSeq 2500	IU		PASS	83.49155228833965	13607176	98104	54104	117367	7.5446	32662988	150.0
SRR21866458	PRJNA884509	LA-Purple	Saccharum officinarum	Saccharum officinarum	2	Leaf	Illumina HiSeq 2500	IU		PASS	84.39031471287686	15359401	102450	58215	123212	7.3811	36454992	150.0
SRR21866459	PRJNA884509	LA-Purple	Saccharum officinarum	Saccharum officinarum	2	Leaf	Illumina HiSeq 2500	IU		PASS	84.25955223559066	13533107	100556	59239	120999	7.318	32155038	150.0
SRR21866272	PRJNA884509	LA-Purple	Saccharum officinarum	Saccharum officinarum	2	Leaf	Illumina HiSeq 2500	IU		PASS	81.89204283140997	11944870	98416	60966	120722	9.1203	29200274	150.0
SRR21866273	PRJNA884509	LA-Purple	Saccharum officinarum	Saccharum officinarum	2	Leaf	Illumina HiSeq 2500	IU		PASS	80.88136486003181	12971928	98983	61557	123058	9.5049	32112744	150.0
SRR21866280	PRJNA884509	LA-Purple	Saccharum officinarum	Saccharum officinarum	2	Leaf	Illumina HiSeq 2500	IU		PASS	83.34395529901909	12981832	99168	61345	121794	8.1999	31212368	150.0
SRR21866284	PRJNA884509	LA-Purple	Saccharum officinarum	Saccharum officinarum	2	Leaf	Illumina HiSeq 2500	IU		PASS	80.33290594513953	10726387	95902	58934	117952	10.3231	26753838	150.0
SRR21866287	PRJNA884509	LA-Purple	Saccharum officinarum	Saccharum officinarum	2	Leaf	Illumina HiSeq 2500	IU		PASS	80.58759841810677	11187251	97589	61145	119196	9.209	27829866	150.0
SRR21866307	PRJNA884509	LA-Purple	Saccharum officinarum	Saccharum officinarum	2	Leaf	Illumina HiSeq 2500	IU		PASS	84.5787902124265	12117347	104127	64339	125573	7.0099	28708838	150.0
SRR21866437	PRJNA884509	LA-Purple	Saccharum officinarum	Saccharum officinarum	2	Leaf	Illumina HiSeq 2500	IU		PASS	81.91992407747628	15665262	95850	51517	115821	7.7427	38347584	150.0
SRR21866438	PRJNA884509	LA-Purple	Saccharum officinarum	Saccharum officinarum	2	Leaf	Illumina HiSeq 2500	IU		PASS	82.54666615551551	12381030	93285	52199	112120	7.7087	30074096	150.0
SRR21866441	PRJNA884509	LA-Purple	Saccharum officinarum	Saccharum officinarum	2	Leaf	Illumina HiSeq 2500	IU		PASS	83.60484397990521	16306257	95745	51877	115928	7.4235	39063920	150.0
SRR21866442	PRJNA884509	LA-Purple	Saccharum officinarum	Saccharum officinarum	2	Leaf	Illumina HiSeq 2500	IU		PASS	82.95417246120202	14253896	96564	53877	116824	7.5715	34427910	150.0
SRR21866443	PRJNA884509	LA-Purple	Saccharum officinarum	Saccharum officinarum	2	Leaf	Illumina HiSeq 2500	IU		PASS	83.12611903230321	16608030	98842	54149	120148	7.3549	40028918	150.0
SRR21866444	PRJNA884509	LA-Purple	Saccharum officinarum	Saccharum officinarum	2	Leaf	Illumina HiSeq 2500	IU		PASS	82.75454172711123	13706384	95934	53037	115321	7.5687	33191556	150.0
SRR21866394	PRJNA884509	LA-Purple	Saccharum officinarum	Saccharum officinarum	2	Leaf	Illumina HiSeq 2500	IU		PASS	82.9444691597568	12070396	97174	56211	116918	8.3875	29184330	150.0
SRR21866429	PRJNA884509	LA-Purple	Saccharum officinarum	Saccharum officinarum	2	Leaf	Illumina HiSeq 2500	IU		PASS	82.53607150108975	15873003	96879	52522	117447	7.9841	38515540	150.0
SRR21866431	PRJNA884509	LA-Purple	Saccharum officinarum	Saccharum officinarum	2	Leaf	Illumina HiSeq 2500	IU		PASS	81.31534993347049	13765530	95471	53384	115152	8.1378	33908474	150.0
SRR21866432	PRJNA884509	LA-Purple	Saccharum officinarum	Saccharum officinarum	2	Leaf	Illumina HiSeq 2500	IU		PASS	83.34838615920168	13105296	93139	51859	111444	7.9059	31485908	150.0
SRR21866433	PRJNA884509	LA-Purple	Saccharum officinarum	Saccharum officinarum	2	Leaf	Illumina HiSeq 2500	IU		PASS	82.05047331300717	14279129	97160	54067	117296	8.6972	34848914	150.0
SRR21866435	PRJNA884509	LA-Purple	Saccharum officinarum	Saccharum officinarum	2	Leaf	Illumina HiSeq 2500	IU		PASS	82.21707871920603	13232801	94071	52445	113233	7.8457	32259410	150.0
SRR21866436	PRJNA884509	LA-Purple	Saccharum officinarum	Saccharum officinarum	2	Leaf	Illumina HiSeq 2500	IU		PASS	81.98243853467861	12759063	94295	53639	113310	7.6936	31194656	150.0
SRR21866376	PRJNA884509	LA-Purple	Saccharum officinarum	Saccharum officinarum	2	Leaf	Illumina HiSeq 2500	IU		PASS	82.33768138612128	15875502	102249	61914	125902	8.267	38622890	150.0
SRR21866377	PRJNA884509	LA-Purple	Saccharum officinarum	Saccharum officinarum	2	Leaf	Illumina HiSeq 2500	IU		PASS	82.45875318151981	11417220	98255	62541	120665	8.6662	27716216	150.0
SRR21866378	PRJNA884509	LA-Purple	Saccharum officinarum	Saccharum officinarum	2	Leaf	Illumina HiSeq 2500	IU		PASS	83.43457628196465	14694848	103279	63594	127472	7.9779	35484132	150.0
SRR21866379	PRJNA884509	LA-Purple	Saccharum officinarum	Saccharum officinarum	2	Leaf	Illumina HiSeq 2500	IU		PASS	82.32387675942799	14052014	101335	61463	124821	8.5932	34252688	150.0
SRR21866380	PRJNA884509	LA-Purple	Saccharum officinarum	Saccharum officinarum	2	Leaf	Illumina HiSeq 2500	IU		PASS	82.49141098636252	14265978	99903	61371	122456	8.174	34645174	150.0
SRR21866381	PRJNA884509	LA-Purple	Saccharum officinarum	Saccharum officinarum	2	Leaf	Illumina HiSeq 2500	IU		PASS	82.3311236240413	11064250	97936	60632	118681	8.7466	26972374	150.0
SRR21866382	PRJNA884509	LA-Purple	Saccharum officinarum	Saccharum officinarum	2	Leaf	Illumina HiSeq 2500	IU		PASS	82.0815588788932	11111979	96632	59581	117373	8.5743	27148578	150.0
SRR21866383	PRJNA884509	LA-Purple	Saccharum officinarum	Saccharum officinarum	2	Leaf	Illumina HiSeq 2500	IU		PASS	82.06600761923956	13470724	99214	59653	121383	8.6193	32910456	150.0
SRR21866385	PRJNA884509	LA-Purple	Saccharum officinarum	Saccharum officinarum	2	Leaf	Illumina HiSeq 2500	IU		PASS	82.50207179275712	13829041	100351	59780	123007	8.4752	33657500	150.0
SRR21866386	PRJNA884509	LA-Purple	Saccharum officinarum	Saccharum officinarum	2	Leaf	Illumina HiSeq 2500	IU		PASS	80.19978508523707	13166191	99465	61133	122503	9.4131	32922742	150.0
SRR21866387	PRJNA884509	LA-Purple	Saccharum officinarum	Saccharum officinarum	2	Leaf	Illumina HiSeq 2500	IU		PASS	82.24070121414985	11151858	97907	59753	119038	8.5488	27223618	150.0
SRR21866388	PRJNA884509	LA-Purple	Saccharum officinarum	Saccharum officinarum	2	Leaf	Illumina HiSeq 2500	IU		PASS	79.95936140000592	14588364	98703	59065	121886	9.9833	36554134	150.0
SRR21866390	PRJNA884509	LA-Purple	Saccharum officinarum	Saccharum officinarum	2	Leaf	Illumina HiSeq 2500	IU		PASS	78.98971970317929	11253866	96160	61427	118030	10.0957	28559358	150.0
SRR21866391	PRJNA884509	LA-Purple	Saccharum officinarum	Saccharum officinarum	2	Leaf	Illumina HiSeq 2500	IU		PASS	79.48341752581169	15962615	102144	62261	126990	9.7443	40228210	150.0
SRR21866392	PRJNA884509	LA-Purple	Saccharum officinarum	Saccharum officinarum	2	Leaf	Illumina HiSeq 2500	IU		PASS	83.68807907144475	12350598	96247	55775	115590	7.9293	29545620	150.0
SRR21866393	PRJNA884509	LA-Purple	Saccharum officinarum	Saccharum officinarum	2	Leaf	Illumina HiSeq 2500	IU		PASS	83.33682452244055	12185948	96534	56145	115716	8.0272	29297800	150.0
SRR21866327	PRJNA884509	LA-Purple	Saccharum officinarum	Saccharum officinarum	2	Leaf	Illumina HiSeq 2500	IU		PASS	46.70279518562796	4010426	74247	38313	83559	38.782	17174514	151.0
SRR21866328	PRJNA884509	LA-Purple	Saccharum officinarum	Saccharum officinarum	2	Leaf	Illumina HiSeq 2500	IU		PASS	48.60052570570202	4269441	79375	43084	91383	37.0243	17569842	151.0
SRR21866329	PRJNA884509	LA-Purple	Saccharum officinarum	Saccharum officinarum	2	Leaf	Illumina HiSeq 2500	IU		PASS	79.57795066771247	8800368	95645	58384	114630	11.4252	22118742	101.0
SRR21866360	PRJNA884509	LA-Purple	Saccharum officinarum	Saccharum officinarum	2	Leaf	Illumina HiSeq 2500	IU		PASS	83.06345241715285	4239439	80106	55800	93188	8.4228	10243936	150.0
SRR21866323	PRJNA884509	LA-Purple	Saccharum officinarum	Saccharum officinarum	2	Leaf	Illumina HiSeq 2500	IU		PASS	81.00533794904797	13382853	103376	57204	124290	9.5568	33042914	101.0
SRR21866324	PRJNA884509	LA-Purple	Saccharum officinarum	Saccharum officinarum	2	Leaf	Illumina HiSeq 2500	IU		PASS	55.01440341484124	4854252	85954	48721	98870	32.2937	17647614	151.0
SRR21866326	PRJNA884509	LA-Purple	Saccharum officinarum	Saccharum officinarum	2	Leaf	Illumina HiSeq 2500	IU		PASS	48.374907414332625	6015144	89647	48338	102433	36.8059	24869428	151.0
SRR21866362	PRJNA884509	LA-Purple	Saccharum officinarum	Saccharum officinarum	2	Leaf	Illumina HiSeq 2500	IU		PASS	83.07329602340403	11864519	94011	56803	114363	8.3274	28670914	150.0
SRR21866363	PRJNA884509	LA-Purple	Saccharum officinarum	Saccharum officinarum	2	Leaf	Illumina HiSeq 2500	IU		PASS	81.37950173651716	10723805	96047	60812	116985	8.7959	26438256	150.0
SRR21866364	PRJNA884509	LA-Purple	Saccharum officinarum	Saccharum officinarum	2	Leaf	Illumina HiSeq 2500	IU		PASS	80.7695814434557	9912900	95167	60879	115261	8.754	24606612	150.0
SRR21866365	PRJNA884509	LA-Purple	Saccharum officinarum	Saccharum officinarum	2	Leaf	Illumina HiSeq 2500	IU		PASS	80.42038665742332	15458804	101521	62098	126731	9.4181	38520710	150.0
SRR21866366	PRJNA884509	LA-Purple	Saccharum officinarum	Saccharum officinarum	2	Leaf	Illumina HiSeq 2500	IU		PASS	82.52893057659108	11665858	97991	60893	120374	8.6118	28301982	150.0
SRR21866368	PRJNA884509	LA-Purple	Saccharum officinarum	Saccharum officinarum	2	Leaf	Illumina HiSeq 2500	IU		PASS	81.20279981700395	10026765	97171	62603	117742	8.488	24783102	150.0
SRR21866369	PRJNA884509	LA-Purple	Saccharum officinarum	Saccharum officinarum	2	Leaf	Illumina HiSeq 2500	IU		PASS	83.0232296327231	12898254	102311	62621	125690	8.0548	31228942	150.0
SRR21866370	PRJNA884509	LA-Purple	Saccharum officinarum	Saccharum officinarum	2	Leaf	Illumina HiSeq 2500	IU		PASS	81.47810544091995	16280766	104392	63672	129878	8.6822	40045684	150.0
SRR21866371	PRJNA884509	LA-Purple	Saccharum officinarum	Saccharum officinarum	2	Leaf	Illumina HiSeq 2500	IU		PASS	81.50559816885658	16556581	103725	63786	129243	8.6261	40687070	150.0
SRR21866372	PRJNA884509	LA-Purple	Saccharum officinarum	Saccharum officinarum	2	Leaf	Illumina HiSeq 2500	IU		PASS	81.53537184196514	9820121	99001	63151	119558	7.8611	24198670	150.0
SRR21866374	PRJNA884509	LA-Purple	Saccharum officinarum	Saccharum officinarum	2	Leaf	Illumina HiSeq 2500	IU		PASS	80.8304259588635	14746108	102750	63716	126983	8.9376	36580328	150.0
SRR21866375	PRJNA884509	LA-Purple	Saccharum officinarum	Saccharum officinarum	2	Leaf	Illumina HiSeq 2500	IU		PASS	82.8229732032756	11794784	99944	63245	122207	8.0575	28543636	150.0
SRR21866309	PRJNA884509	LA-Purple	Saccharum officinarum	Saccharum officinarum	2	Leaf	Illumina HiSeq 2500	IU		PASS	83.87528111320674	10781540	100848	62816	120677	7.1365	25755936	150.0
SRR21866310	PRJNA884509	LA-Purple	Saccharum officinarum	Saccharum officinarum	2	Leaf	Illumina HiSeq 2500	IU		PASS	83.39863183180117	19892883	108279	61463	133515	7.9608	47846968	150.0
SRR21866312	PRJNA884509	LA-Purple	Saccharum officinarum	Saccharum officinarum	2	Leaf	Illumina HiSeq 2500	IU		PASS	78.71393467097002	13555577	85669	59733	99654	9.9449	34934022	101.0
SRR21866313	PRJNA884509	LA-Purple	Saccharum officinarum	Saccharum officinarum	2	Leaf	Illumina HiSeq 2500	IU		PASS	74.77913007641034	15930987	91320	56909	109272	12.6643	42796938	101.0
SRR21866314	PRJNA884509	LA-Purple	Saccharum officinarum	Saccharum officinarum	2	Leaf	Illumina HiSeq 2500	IU		PASS	84.08677295732839	18308372	83386	57709	98341	7.6103	43618374	101.0
SRR21866315	PRJNA884509	LA-Purple	Saccharum officinarum	Saccharum officinarum	2	Leaf	Illumina HiSeq 2500	IU		PASS	80.21212759436716	16132754	87411	58285	103722	9.3437	40602044	101.0
SRR21866316	PRJNA884509	LA-Purple	Saccharum officinarum	Saccharum officinarum	2	Leaf	Illumina HiSeq 2500	IU		PASS	74.85802014024796	14309005	87933	55242	104669	13.034	38268444	101.0
SRR21866317	PRJNA884509	LA-Purple	Saccharum officinarum	Saccharum officinarum	2	Leaf	Illumina HiSeq 2500	IU		PASS	80.33660457367863	7956939	101867	63294	120621	9.453	19809820	101.0
SRR21866318	PRJNA884509	LA-Purple	Saccharum officinarum	Saccharum officinarum	2	Leaf	Illumina HiSeq 2500	IU		PASS	77.83268713780839	7428203	103953	66094	123447	10.8894	19088452	101.0
SRR21866320	PRJNA884509	LA-Purple	Saccharum officinarum	Saccharum officinarum	2	Leaf	Illumina HiSeq 2500	IU		PASS	85.22872119911811	10131254	105809	65278	126832	6.3499	23775252	101.0
SRR21866322	PRJNA884509	LA-Purple	Saccharum officinarum	Saccharum officinarum	2	Leaf	Illumina HiSeq 2500	IU		PASS	84.78335270753229	11757111	102512	61224	123331	6.9865	27735492	101.0
SRR21866283	PRJNA884509	LA-Purple	Saccharum officinarum	Saccharum officinarum	2	Leaf	Illumina HiSeq 2500	IU		PASS	67.3566321157393	12792088	98676	59687	121722	7.9643	41160352	150.0
SRR21866285	PRJNA884509	LA-Purple	Saccharum officinarum	Saccharum officinarum	2	Leaf	Illumina HiSeq 2500	IU		PASS	80.60769654997328	15532609	101864	61142	125661	9.2408	38603690	150.0
SRR21866288	PRJNA884509	LA-Purple	Saccharum officinarum	Saccharum officinarum	2	Leaf	Illumina HiSeq 2500	IU		PASS	81.2177878655757	12253404	99447	60934	122390	9.2645	30258668	150.0
SRR21866289	PRJNA884509	LA-Purple	Saccharum officinarum	Saccharum officinarum	2	Leaf	Illumina HiSeq 2500	IU		PASS	80.03181651815801	9719572	94535	59922	115646	9.6884	24309130	150.0
SRR21866266	PRJNA884509	LA-Purple	Saccharum officinarum	Saccharum officinarum	2	Leaf	Illumina HiSeq 2500	IU		PASS	81.08630195876333	11386861	96508	60105	117443	9.3832	28120508	150.0
SRR21866267	PRJNA884509	LA-Purple	Saccharum officinarum	Saccharum officinarum	2	Leaf	Illumina HiSeq 2500	IU		PASS	79.76828537411409	15865210	100428	59938	124502	9.8858	39862732	150.0
SRR21866268	PRJNA884509	LA-Purple	Saccharum officinarum	Saccharum officinarum	2	Leaf	Illumina HiSeq 2500	IU		PASS	80.48019930110691	18557266	103226	61355	129661	9.4854	46202874	150.0
SRR21866269	PRJNA884509	LA-Purple	Saccharum officinarum	Saccharum officinarum	2	Leaf	Illumina HiSeq 2500	IU		PASS	82.37590682997569	13233827	97557	56975	119569	9.0889	32181250	150.0
SRR21866270	PRJNA884509	LA-Purple	Saccharum officinarum	Saccharum officinarum	2	Leaf	Illumina HiSeq 2500	IU		PASS	78.70196712910078	17067684	103151	61440	129941	9.5844	43490120	150.0
SRR21866271	PRJNA884509	LA-Purple	Saccharum officinarum	Saccharum officinarum	2	Leaf	Illumina HiSeq 2500	IU		PASS	81.382981922589	14884324	101178	61768	125381	8.9588	36644572	150.0
SRR21866274	PRJNA884509	LA-Purple	Saccharum officinarum	Saccharum officinarum	2	Leaf	Illumina HiSeq 2500	IU		PASS	84.68733796985947	12501472	97218	57822	118641	7.5438	29620178	150.0
SRR21866296	PRJNA884509	LA-Purple	Saccharum officinarum	Saccharum officinarum	2	Leaf	Illumina HiSeq 2500	IU		PASS	81.01031684718356	18705125	102634	61388	128945	9.0688	46262690	150.0
SRR21866298	PRJNA884509	LA-Purple	Saccharum officinarum	Saccharum officinarum	2	Leaf	Illumina HiSeq 2500	IU		PASS	84.8626062376834	14052780	103767	61111	125372	7.1582	33168080	150.0
SRR21866299	PRJNA884509	LA-Purple	Saccharum officinarum	Saccharum officinarum	2	Leaf	Illumina HiSeq 2500	IU		PASS	84.84271409535047	15864555	105370	62212	127845	6.6505	37447292	150.0
SRR21866300	PRJNA884509	LA-Purple	Saccharum officinarum	Saccharum officinarum	2	Leaf	Illumina HiSeq 2500	IU		PASS	84.02823529411765	17097120	106600	59930	129790	7.7463	40756870	150.0
SRR21866301	PRJNA884509	LA-Purple	Saccharum officinarum	Saccharum officinarum	2	Leaf	Illumina HiSeq 2500	IU		PASS	84.65056852810571	10896156	101549	62483	121428	7.0517	25796092	150.0
SRR7502915	PRJNA479814	KQ228	Saccharum hybrid cultivar	Saccharum hybrid cultivar (non-R570)	1	Root	Illumina HiSeq 2000	ISR		PASS	30.917964243953715	1963283	74567	44737	80327	26.9579	13020662	126.0
SRR7502899	PRJNA479814	KQ228	Saccharum hybrid cultivar	Saccharum hybrid cultivar (non-R570)	1	Leaf	Illumina HiSeq 2000	ISR	low_mapping_rate(<30%)	FLAG	20.52489385734771	1051744	44687	28012	47215	24.2091	10335106	126.0
SRR7502900	PRJNA479814	KQ228	Saccharum hybrid cultivar	Saccharum hybrid cultivar (non-R570)	1	Leaf	Illumina HiSeq 2000	ISR	low_mapping_rate(<30%)	FLAG	20.491324087318862	1037862	44400	28683	46916	24.2201	10222896	126.0
SRR7502901	PRJNA479814	KQ228	Saccharum hybrid cultivar	Saccharum hybrid cultivar (non-R570)	1	Leaf	Illumina HiSeq 2000	IU		PASS	35.48125986862419	5877740	71079	18260	78515	25.6697	33421970	126.0
SRR7502902	PRJNA479814	KQ228	Saccharum hybrid cultivar	Saccharum hybrid cultivar (non-R570)	1	Leaf	Illumina HiSeq 2000	IU		PASS	35.44851300167513	5791309	70746	18365	78252	25.6871	32944378	126.0
SRR7502907	PRJNA479814	KQ228	Saccharum hybrid cultivar	Saccharum hybrid cultivar (non-R570)	1	Root	Illumina HiSeq 2000	ISR		PASS	30.902979262322027	1960875	74780	44801	80596	26.9695	12858014	126.0
SRR7502908	PRJNA479814	KQ228	Saccharum hybrid cultivar	Saccharum hybrid cultivar (non-R570)	1	Root	Illumina HiSeq 2000	ISR		PASS	30.924333787324066	1954040	74571	44977	80366	27.0183	12765196	126.0
SRR7502903	PRJNA479814	KQ228	Saccharum hybrid cultivar	Saccharum hybrid cultivar (non-R570)	1	Root	Illumina HiSeq 2000	ISR	low_mapping_rate(<30%)	FLAG	21.623547082841192	1607757	70853	41516	75914	27.6435	14984250	126.0
SRR7502906	PRJNA479814	KQ228	Saccharum hybrid cultivar	Saccharum hybrid cultivar (non-R570)	1	Leaf	Illumina HiSeq 2000	ISR	low_mapping_rate(<30%)	FLAG	20.552235088431278	1068559	44662	28486	47177	24.218	10486014	126.0
SRR7502931	PRJNA479814	Q208	Saccharum hybrid cultivar	Saccharum hybrid cultivar (non-R570)	1	Stem Internode	Illumina HiSeq 2000	ISR		PASS	41.233324242652344	1090099	66283	54912	70875	22.3413	5375456	126.0
SRR7502975	PRJNA479814	KQ228	Saccharum hybrid cultivar	Saccharum hybrid cultivar (non-R570)	1	Stem Internode	Illumina HiSeq 2000	ISR		PASS	48.31254254370955	1541574	65174	47666	69828	19.4289	6445688	126.0
SRR7502974	PRJNA479814	KQ228	Saccharum hybrid cultivar	Saccharum hybrid cultivar (non-R570)	1	Stem Internode	Illumina HiSeq 2000	ISR	low_mapping_rate(<30%)	FLAG	26.439890347565303	1073197	38827	22999	39878	38.486	8190356	126.0
SRR7502978	PRJNA479814	KQ228	Saccharum hybrid cultivar	Saccharum hybrid cultivar (non-R570)	1	Leaf	Illumina HiSeq 2000	ISR		PASS	30.991483991878088	2685550	48415	17652	51481	29.6626	17440766	126.0
SRR7502977	PRJNA479814	KQ228	Saccharum hybrid cultivar	Saccharum hybrid cultivar (non-R570)	1	Leaf	Illumina HiSeq 2000	ISR		PASS	31.023502881757626	2720652	48473	17662	51621	29.6478	17653656	126.0
SRR7502976	PRJNA479814	KQ228	Saccharum hybrid cultivar	Saccharum hybrid cultivar (non-R570)	1	Stem Internode	Illumina HiSeq 2000	ISR		PASS	48.347483704147784	1520144	64955	47755	69624	19.4543	6349208	126.0
SRR7502972	PRJNA479814	KQ228	Saccharum hybrid cultivar	Saccharum hybrid cultivar (non-R570)	1	Stem Internode	Illumina HiSeq 2000	ISR		PASS	51.135369402724116	1433081	68686	55114	73988	17.3798	5651654	126.0
SRR7502973	PRJNA479814	KQ228	Saccharum hybrid cultivar	Saccharum hybrid cultivar (non-R570)	1	Stem Internode	Illumina HiSeq 2000	ISR		PASS	48.253003259376115	1504864	64844	47825	69372	19.4822	6300200	126.0
SRR7502917	PRJNA479814	KQ228	Saccharum hybrid cultivar	Saccharum hybrid cultivar (non-R570)	1	Root	Illumina HiSeq 2000	ISR		PASS	33.262676970953706	1696487	73940	48244	79575	23.1157	10270050	126.0
SRR7502918	PRJNA479814	KQ228	Saccharum hybrid cultivar	Saccharum hybrid cultivar (non-R570)	1	Root	Illumina HiSeq 2000	ISR		PASS	33.23454837854472	1707399	74036	48067	79629	23.1112	10366290	126.0
SRR7502916	PRJNA479814	KQ228	Saccharum hybrid cultivar	Saccharum hybrid cultivar (non-R570)	1	Root	Illumina HiSeq 2000	ISR		PASS	33.25340361354757	1683547	73859	48051	79523	23.1292	10195864	126.0
SRR7502935	PRJNA479814	Q208	Saccharum hybrid cultivar	Saccharum hybrid cultivar (non-R570)	1	Stem Internode	Illumina HiSeq 2000	ISR		PASS	32.719031770728044	1102154	49028	33068	51396	30.1305	6784978	126.0
SRR7502936	PRJNA479814	Q208	Saccharum hybrid cultivar	Saccharum hybrid cultivar (non-R570)	1	Stem Internode	Illumina HiSeq 2000	ISR		PASS	32.72235718916926	1114853	49267	33243	51617	30.1488	6863414	126.0
SRR7502937	PRJNA479814	Q208	Saccharum hybrid cultivar	Saccharum hybrid cultivar (non-R570)	1	Stem Internode	Illumina HiSeq 2000	ISR		PASS	41.17844170875065	1093699	66359	55238	70893	22.3125	5504748	126.0
SRR7502938	PRJNA479814	Q208	Saccharum hybrid cultivar	Saccharum hybrid cultivar (non-R570)	1	Stem Internode	Illumina HiSeq 2000	ISR		PASS	32.6900416067822	1091088	48983	33075	51272	30.1681	6726310	126.0
SRR7502939	PRJNA479814	Q208	Saccharum hybrid cultivar	Saccharum hybrid cultivar (non-R570)	1	Leaf	Illumina HiSeq 2000	ISR		PASS	41.044776882385534	2408739	64397	38378	69577	21.5604	11854754	126.0
SRR7502940	PRJNA479814	Q208	Saccharum hybrid cultivar	Saccharum hybrid cultivar (non-R570)	1	Leaf	Illumina HiSeq 2000	ISR	low_mapping_rate(<30%)	FLAG	29.593848784838922	2140959	62769	38093	67642	23.2649	14609328	126.0
SRR7502941	PRJNA479814	Q208	Saccharum hybrid cultivar	Saccharum hybrid cultivar (non-R570)	1	Leaf	Illumina HiSeq 2000	ISR	low_mapping_rate(<30%)	FLAG	29.596787821880906	2115666	62591	38296	67489	23.306	14426910	126.0
SRR7502942	PRJNA479814	Q208	Saccharum hybrid cultivar	Saccharum hybrid cultivar (non-R570)	1	Leaf	Illumina HiSeq 2000	ISR	low_mapping_rate(<30%)	FLAG	29.556053035832715	2091021	62392	38046	67184	23.3177	14286756	126.0
SRR7502943	PRJNA479814	Q208	Saccharum hybrid cultivar	Saccharum hybrid cultivar (non-R570)	1	Leaf	Illumina HiSeq 2000	ISR	low_mapping_rate(<30%)	FLAG	23.142007904594493	1184065	53265	36038	56557	27.4793	10306212	126.0
SRR7502944	PRJNA479814	Q208	Saccharum hybrid cultivar	Saccharum hybrid cultivar (non-R570)	1	Leaf	Illumina HiSeq 2000	ISR	low_mapping_rate(<30%)	FLAG	23.13623053031138	1167109	52822	35981	56049	27.5313	10157754	126.0
SRR7502945	PRJNA479814	Q208	Saccharum hybrid cultivar	Saccharum hybrid cultivar (non-R570)	1	Leaf	Illumina HiSeq 2000	ISR	low_mapping_rate(<30%)	FLAG	23.074511411819092	1152561	52632	35721	55848	27.5273	10062878	126.0
SRR7502947	PRJNA479814	Q208	Saccharum hybrid cultivar	Saccharum hybrid cultivar (non-R570)	1	Leaf	Illumina HiSeq 2000	ISR		PASS	41.0239539450223	2472181	64825	38488	70069	21.589	12162910	126.0
SRR7502985	PRJNA479814	KQ228	Saccharum hybrid cultivar	Saccharum hybrid cultivar (non-R570)	1	Stem Internode	Illumina HiSeq 2000	ISR		PASS	32.918271364909	1061925	59077	47030	63303	25.0126	6514696	126.0
SRR7502999	PRJNA479814	KQ228	Saccharum hybrid cultivar	Saccharum hybrid cultivar (non-R570)	1	Leaf	Illumina HiSeq 2000	IU		PASS	37.70416812679706	2744713	57370	22319	61875	24.8175	14664828	126.0
SRR7503000	PRJNA479814	KQ228	Saccharum hybrid cultivar	Saccharum hybrid cultivar (non-R570)	1	Leaf	Illumina HiSeq 2000	IU		PASS	37.67251598362497	2775361	57414	22316	61962	24.8022	14843248	126.0
SRR7503001	PRJNA479814	KQ228	Saccharum hybrid cultivar	Saccharum hybrid cultivar (non-R570)	1	Leaf	Illumina HiSeq 2000	ISR	low_mapping_rate(<30%)	FLAG	25.700666456335398	2601047	33550	6987	34821	36.0325	20372234	126.0
SRR7502970	PRJNA479814	KQ228	Saccharum hybrid cultivar	Saccharum hybrid cultivar (non-R570)	1	Stem Internode	Illumina HiSeq 2000	ISR		PASS	51.11450331380376	1396323	67917	54835	73192	17.3779	5512330	126.0
SRR7502971	PRJNA479814	KQ228	Saccharum hybrid cultivar	Saccharum hybrid cultivar (non-R570)	1	Leaf	Illumina HiSeq 2000	ISR		PASS	31.032892028465465	2663258	48286	17579	51402	29.6704	17280010	126.0
SRR7502968	PRJNA479814	KQ228	Saccharum hybrid cultivar	Saccharum hybrid cultivar (non-R570)	1	Stem Internode	Illumina HiSeq 2000	ISR	low_mapping_rate(<30%)	FLAG	28.444612440460887	1030201	56078	42353	59608	23.3783	7327638	126.0
SRR7502969	PRJNA479814	KQ228	Saccharum hybrid cultivar	Saccharum hybrid cultivar (non-R570)	1	Stem Internode	Illumina HiSeq 2000	ISR		PASS	51.04796314198212	1407814	67997	54825	73144	17.433	5561842	126.0
SRR7502992	PRJNA479814	Q208	Saccharum hybrid cultivar	Saccharum hybrid cultivar (non-R570)	1	Root	Illumina HiSeq 2000	ISR	low_mapping_rate(<30%)	FLAG	24.239382991452597	1306630	67646	45910	72309	28.6166	12721594	126.0
SRR7502987	PRJNA479814	KQ228	Saccharum hybrid cultivar	Saccharum hybrid cultivar (non-R570)	1	Stem Internode	Illumina HiSeq 2000	ISR		PASS	32.85711114432735	1110089	59743	46960	64237	25.0455	6820226	126.0
SRR7502986	PRJNA479814	KQ228	Saccharum hybrid cultivar	Saccharum hybrid cultivar (non-R570)	1	Stem Internode	Illumina HiSeq 2000	ISR		PASS	32.89104154898858	1078987	59162	46800	63418	25.0261	6621682	126.0
SRR7502960	PRJNA479814	KQ228	Saccharum hybrid cultivar	Saccharum hybrid cultivar (non-R570)	1	Stem Internode	Illumina HiSeq 2000	ISR	low_mapping_rate(<30%)	FLAG	26.360134601148623	1064345	38831	22429	39892	38.5722	8135548	126.0
SRR7502952	PRJNA479814	Q208	Saccharum hybrid cultivar	Saccharum hybrid cultivar (non-R570)	1	Leaf	Illumina HiSeq 2000	IU		PASS	33.85287396171164	4233939	76024	27749	84162	27.2683	25291022	126.0
SRR7502959	PRJNA479814	KQ228	Saccharum hybrid cultivar	Saccharum hybrid cultivar (non-R570)	1	Stem Internode	Illumina HiSeq 2000	ISR	low_mapping_rate(<30%)	FLAG	26.319334109294886	1055539	38604	22357	39677	38.5527	8081592	126.0
SRR7502957	PRJNA479814	Q208	Saccharum hybrid cultivar	Saccharum hybrid cultivar (non-R570)	1	Leaf	Illumina HiSeq 2000	IU		PASS	35.196411149644334	3109025	62366	20264	66872	33.5837	17805806	126.0
SRR7502956	PRJNA479814	Q208	Saccharum hybrid cultivar	Saccharum hybrid cultivar (non-R570)	1	Leaf	Illumina HiSeq 2000	IU		PASS	35.17781814240019	3066716	62114	19866	66559	33.6129	17576396	126.0
SRR7502932	PRJNA479814	Q208	Saccharum hybrid cultivar	Saccharum hybrid cultivar (non-R570)	1	Stem Internode	Illumina HiSeq 2000	ISR		PASS	41.22134186982033	1095310	66251	55031	70853	22.3149	5424508	126.0
SRR7503004	PRJNA479814	KQ228	Saccharum hybrid cultivar	Saccharum hybrid cultivar (non-R570)	1	Leaf	Illumina HiSeq 2000	ISR	low_mapping_rate(<30%)	FLAG	25.699904334211425	2569029	33546	6906	34751	36.0366	20116726	126.0
SRR7503003	PRJNA479814	KQ228	Saccharum hybrid cultivar	Saccharum hybrid cultivar (non-R570)	1	Leaf	Illumina HiSeq 2000	ISR	low_mapping_rate(<30%)	FLAG	25.669290988557442	2540759	33390	6902	34651	36.0882	19925498	126.0
SRR7503002	PRJNA479814	KQ228	Saccharum hybrid cultivar	Saccharum hybrid cultivar (non-R570)	1	Leaf	Illumina HiSeq 2000	IU		PASS	37.70028881193286	2714883	56952	22183	61380	24.7983	14513530	126.0
SRR7502998	PRJNA479814	KQ228	Saccharum hybrid cultivar	Saccharum hybrid cultivar (non-R570)	1	Leaf	Illumina HiSeq 2000	ISR		PASS	34.34431265924139	3392830	67735	36328	74904	19.6792	19950346	126.0
SRR7502997	PRJNA479814	KQ228	Saccharum hybrid cultivar	Saccharum hybrid cultivar (non-R570)	1	Leaf	Illumina HiSeq 2000	ISR		PASS	34.34598263865837	3352352	67342	36345	74410	19.6631	19722136	126.0
SRR7502995	PRJNA479814	Q208	Saccharum hybrid cultivar	Saccharum hybrid cultivar (non-R570)	1	Root	Illumina HiSeq 2000	ISR	low_mapping_rate(<30%)	FLAG	18.624341316222832	1244634	62023	37106	66211	31.8126	13477208	126.0
SRR7502994	PRJNA479814	Q208	Saccharum hybrid cultivar	Saccharum hybrid cultivar (non-R570)	1	Root	Illumina HiSeq 2000	ISR	low_mapping_rate(<30%)	FLAG	24.394995569791327	1408841	69025	46154	74000	28.5661	12444696	126.0
SRR7503005	PRJNA479814	KQ228	Saccharum hybrid cultivar	Saccharum hybrid cultivar (non-R570)	1	Leaf	Illumina HiSeq 2000	ISR		PASS	34.28989283856874	3438383	67975	36428	75195	19.654	20255070	126.0
SRR7502955	PRJNA479814	Q208	Saccharum hybrid cultivar	Saccharum hybrid cultivar (non-R570)	1	Leaf	Illumina HiSeq 2000	IU		PASS	35.14459753145411	3033242	62068	20223	66499	33.6271	17413604	126.0
SRR7502954	PRJNA479814	Q208	Saccharum hybrid cultivar	Saccharum hybrid cultivar (non-R570)	1	Leaf	Illumina HiSeq 2000	IU		PASS	33.86517362719813	4360092	76783	27867	84908	27.2309	26013230	126.0
SRR7502953	PRJNA479814	Q208	Saccharum hybrid cultivar	Saccharum hybrid cultivar (non-R570)	1	Leaf	Illumina HiSeq 2000	IU		PASS	33.86597888079606	4288794	76555	27684	84647	27.2715	25592462	126.0
SRR7502948	PRJNA479814	Q208	Saccharum hybrid cultivar	Saccharum hybrid cultivar (non-R570)	1	Leaf	Illumina HiSeq 2000	ISR		PASS	41.05115903838222	2435344	64616	38471	69854	21.5735	11974934	126.0
SRR7502951	PRJNA479814	Q208	Saccharum hybrid cultivar	Saccharum hybrid cultivar (non-R570)	1	Leaf	Illumina HiSeq 2000	IU	low_mapping_rate(<30%)	FLAG	28.300141002681777	3018825	59432	12642	63677	33.3966	21519804	126.0
SRR7502950	PRJNA479814	Q208	Saccharum hybrid cultivar	Saccharum hybrid cultivar (non-R570)	1	Leaf	Illumina HiSeq 2000	IU	low_mapping_rate(<30%)	FLAG	28.27678173899123	2986879	59243	12482	63443	33.3996	21310068	126.0
SRR7502949	PRJNA479814	Q208	Saccharum hybrid cultivar	Saccharum hybrid cultivar (non-R570)	1	Leaf	Illumina HiSeq 2000	IU	low_mapping_rate(<30%)	FLAG	28.277506898476357	2960776	59051	12666	63178	33.4242	21139636	126.0
SRR7503006	PRJNA479814	KQ228	Saccharum hybrid cultivar	Saccharum hybrid cultivar (non-R570)	1	Leaf	Illumina HiSeq 2000	IU		PASS	35.469662626364006	5739217	70438	18302	77742	25.6958	32639732	126.0
SRR10485061	PRJNA590281	F172	Saccharum spontaneum	Saccharum spontaneum	3	Leaf	Illumina HiSeq 2500	IU		PASS	79.80229239435785	27964360	130481	79265	165887	7.7583	70256218	148.7184
SRR10485073	PRJNA590281	F172	Saccharum spontaneum	Saccharum spontaneum	3	Leaf	Illumina HiSeq 2500	IU		PASS	78.1625979680276	23462715	128171	80260	161387	8.444	60190050	149.0061
SRR10485072	PRJNA590281	F172	Saccharum spontaneum	Saccharum spontaneum	3	Leaf	Illumina HiSeq 2500	IU		PASS	77.02149092640725	26208685	128703	79330	162900	8.8846	68238248	148.8924
SRR10485071	PRJNA590281	F172	Saccharum spontaneum	Saccharum spontaneum	3	Leaf	Illumina HiSeq 2500	IU		PASS	78.06600887933593	36323982	131333	79082	168589	8.1047	93285650	148.6856
SRR10485074	PRJNA590281	GZ18	Saccharum spontaneum	Saccharum spontaneum	3	Leaf	Illumina HiSeq 2500	IU		PASS	78.4881777636033	25358338	128505	78664	162277	8.5572	64782590	148.7486
SRR10485075	PRJNA590281	GZ18	Saccharum spontaneum	Saccharum spontaneum	3	Leaf	Illumina HiSeq 2500	IU		PASS	76.71826662789447	21718125	126327	75934	157154	9.4688	56753354	148.9348
SRR10485062	PRJNA590281	F172	Saccharum spontaneum	Saccharum spontaneum	3	Leaf	Illumina HiSeq 2500	IU		PASS	80.14649569832409	25351546	128946	78610	163438	8.1683	63403218	148.9082
SRR10485060	PRJNA590281	GT31	Saccharum spontaneum	Saccharum spontaneum	3	Leaf	Illumina HiSeq 2500	IU		PASS	73.48201669747996	26869784	122296	70455	152574	11.4682	73306016	148.7338
SRR10485048	PRJNA590281	GT31	Saccharum spontaneum	Saccharum spontaneum	3	Leaf	Illumina HiSeq 2500	IU		PASS	79.36216347319781	29180635	131831	79496	167387	8.2939	73707934	149.1087
SRR10485047	PRJNA590281	GZ18	Saccharum spontaneum	Saccharum spontaneum	3	Leaf	Illumina HiSeq 2500	IU		PASS	78.27134751946525	27967723	129947	79716	164468	8.8703	71629830	149.0836
SRR10485055	PRJNA590281	GZ18	Saccharum spontaneum	Saccharum spontaneum	3	Leaf	Illumina HiSeq 2500	IU		PASS	76.40110213610234	25881386	125484	72919	156380	9.6874	67901490	148.8088
SRR10485054	PRJNA590281	F172	Saccharum spontaneum	Saccharum spontaneum	3	Leaf	Illumina HiSeq 2500	IU		PASS	75.63158703740754	30668753	131098	80294	166144	9.6981	81300444	148.6296
SRR10485053	PRJNA590281	F172	Saccharum spontaneum	Saccharum spontaneum	3	Leaf	Illumina HiSeq 2500	IU		PASS	75.56749112920326	26416644	121527	72358	152970	10.4154	70065060	148.7166
SRR10485052	PRJNA590281	F172	Saccharum spontaneum	Saccharum spontaneum	3	Leaf	Illumina HiSeq 2500	IU		PASS	74.23389524053272	29489331	122961	71408	154873	11.4613	79615914	148.6553
SRR10485051	PRJNA590281	F172	Saccharum spontaneum	Saccharum spontaneum	3	Leaf	Illumina HiSeq 2500	IU		PASS	70.25964222372978	21772861	121562	72249	150967	13.9198	62120698	148.7691
SRR10485050	PRJNA590281	GT31	Saccharum spontaneum	Saccharum spontaneum	3	Leaf	Illumina HiSeq 2500	IU		PASS	78.29077630408194	22814849	128343	78328	161079	8.847	58414394	148.9724
SRR10485049	PRJNA590281	GT31	Saccharum spontaneum	Saccharum spontaneum	3	Leaf	Illumina HiSeq 2500	IU		PASS	80.93261476082462	30965512	129462	77248	164526	7.2487	76676566	148.9828
SRR10485059	PRJNA590281	GT31	Saccharum spontaneum	Saccharum spontaneum	3	Leaf	Illumina HiSeq 2500	IU		PASS	73.96097535944254	22715411	121604	70633	151096	11.2507	61561848	148.768
SRR10485058	PRJNA590281	GT31	Saccharum spontaneum	Saccharum spontaneum	3	Leaf	Illumina HiSeq 2500	IU		PASS	72.9837853435842	27406566	123831	70312	154454	11.4032	75307250	148.755
SRR10485057	PRJNA590281	GZ18	Saccharum spontaneum	Saccharum spontaneum	3	Leaf	Illumina HiSeq 2500	IU		PASS	79.00835408146078	25250366	125132	73069	156198	8.7079	64042150	148.9911
SRR10485056	PRJNA590281	GZ18	Saccharum spontaneum	Saccharum spontaneum	3	Leaf	Illumina HiSeq 2500	IU		PASS	75.31331234829031	26081525	125985	73639	157686	10.6615	69512112	149.037
SRR10485015	PRJNA590281	GT31	Saccharum spontaneum	Saccharum spontaneum	3	Leaf	Illumina HiSeq 2500	IU		PASS	78.85812420940293	20637869	127312	78481	158422	8.0473	52459444	148.7182
SRR10485031	PRJNA590281	GZ18	Saccharum spontaneum	Saccharum spontaneum	3	Leaf	Illumina HiSeq 2500	IU		PASS	80.25025396156383	26629579	127287	76485	160145	7.2647	66520184	148.9556
SRR10485046	PRJNA590281	GT31	Saccharum spontaneum	Saccharum spontaneum	3	Leaf	Illumina HiSeq 2500	IU		PASS	80.68063652190088	32237783	132711	76645	167497	7.1699	80072594	148.7781
SRR10485045	PRJNA590281	GT31	Saccharum spontaneum	Saccharum spontaneum	3	Leaf	Illumina HiSeq 2500	IU		PASS	70.47599472308671	24056522	128839	75997	160786	13.6945	68456264	148.9683
SRR10485038	PRJNA590281	F172	Saccharum spontaneum	Saccharum spontaneum	3	Leaf	Illumina HiSeq 2500	IU		PASS	71.45194604199517	21711707	120187	70363	148119	12.382	60905852	148.4992
SRR10485037	PRJNA590281	F172	Saccharum spontaneum	Saccharum spontaneum	3	Leaf	Illumina HiSeq 2500	IU		PASS	73.465128550301	23834335	122152	71228	151762	11.5062	65042710	148.9111
SRR10485044	PRJNA590281	GT31	Saccharum spontaneum	Saccharum spontaneum	3	Leaf	Illumina HiSeq 2500	IU		PASS	74.99123922849226	28290436	123292	69315	153291	9.9581	75641932	148.7758
SRR10485043	PRJNA590281	GT31	Saccharum spontaneum	Saccharum spontaneum	3	Leaf	Illumina HiSeq 2500	IU		PASS	73.35069338657242	24557196	122796	69975	151902	10.7626	67118780	148.7906
SRR10485042	PRJNA590281	GZ18	Saccharum spontaneum	Saccharum spontaneum	3	Leaf	Illumina HiSeq 2500	IU		PASS	73.56886204758469	24785009	124649	73497	154825	9.6004	67559980	148.7855
SRR10485041	PRJNA590281	GZ18	Saccharum spontaneum	Saccharum spontaneum	3	Leaf	Illumina HiSeq 2500	IU		PASS	72.83622920346352	26736530	122134	70212	151581	10.9788	73590178	148.7679
SRR10485040	PRJNA590281	GZ18	Saccharum spontaneum	Saccharum spontaneum	3	Leaf	Illumina HiSeq 2500	IU		PASS	71.04587479043522	23176424	119782	70358	147910	12.2573	65405732	148.6479
SRR10485039	PRJNA590281	F172	Saccharum spontaneum	Saccharum spontaneum	3	Leaf	Illumina HiSeq 2500	IU		PASS	71.07657779917714	23982231	121006	69268	149287	11.8904	67644068	148.5425
SRR10485030	PRJNA590281	GZ18	Saccharum spontaneum	Saccharum spontaneum	3	Leaf	Illumina HiSeq 2500	IU		PASS	79.5424162402212	31834714	127287	74319	161325	8.6508	80236292	148.9563
SRR10485029	PRJNA590281	F172	Saccharum spontaneum	Saccharum spontaneum	3	Leaf	Illumina HiSeq 2500	IU		PASS	77.9779835098376	22632875	126030	75015	156289	9.3415	58177990	148.4948
SRR10485028	PRJNA590281	F172	Saccharum spontaneum	Saccharum spontaneum	3	Leaf	Illumina HiSeq 2500	IU		PASS	79.34894413417982	24256658	128261	77794	161334	8.365	61306748	149.0188
SRR10485027	PRJNA590281	F172	Saccharum spontaneum	Saccharum spontaneum	3	Leaf	Illumina HiSeq 2500	IU		PASS	79.42695204984919	32793074	133048	80367	169922	8.3474	82791272	148.8369
SRR10485026	PRJNA590281	GT31	Saccharum spontaneum	Saccharum spontaneum	3	Leaf	Illumina HiSeq 2500	IU		PASS	74.90770776182917	28119131	125453	71946	157576	9.7799	75246374	148.7293
SRR10485025	PRJNA590281	GT31	Saccharum spontaneum	Saccharum spontaneum	3	Leaf	Illumina HiSeq 2500	IU		PASS	74.63366913386594	24212490	123812	71310	154664	10.3158	65056160	148.9709
SRR10485024	PRJNA590281	GT31	Saccharum spontaneum	Saccharum spontaneum	3	Leaf	Illumina HiSeq 2500	IU		PASS	76.96578934448948	23892099	125688	73003	157368	9.4913	62244118	148.7069
SRR10485023	PRJNA590281	GZ18	Saccharum spontaneum	Saccharum spontaneum	3	Leaf	Illumina HiSeq 2500	IU		PASS	76.77608541174945	33266978	132928	81372	169094	8.6625	86856478	148.8079
SRR10485022	PRJNA590281	GZ18	Saccharum spontaneum	Saccharum spontaneum	3	Leaf	Illumina HiSeq 2500	IU		PASS	70.29357704275219	25070503	121368	70875	151099	12.7647	71468040	148.8105
SRR10485021	PRJNA590281	GZ18	Saccharum spontaneum	Saccharum spontaneum	3	Leaf	Illumina HiSeq 2500	IU		PASS	71.31939324574002	22012178	122215	72187	151675	12.6581	61868796	148.9788
SRR10485036	PRJNA590281	GT31	Saccharum spontaneum	Saccharum spontaneum	3	Leaf	Illumina HiSeq 2500	IU		PASS	79.09994027244862	30495714	129663	74262	162373	8.0053	77276706	148.7763
SRR10485035	PRJNA590281	GT31	Saccharum spontaneum	Saccharum spontaneum	3	Leaf	Illumina HiSeq 2500	IU		PASS	79.37360854950005	32625482	132378	77882	167810	7.7765	82388190	148.944
SRR10485034	PRJNA590281	GT31	Saccharum spontaneum	Saccharum spontaneum	3	Leaf	Illumina HiSeq 2500	IU		PASS	79.16862948685781	34238628	132993	79505	168409	7.6919	86690894	148.8066
SRR10485033	PRJNA590281	GT31	Saccharum spontaneum	Saccharum spontaneum	3	Leaf	Illumina HiSeq 2500	IU		PASS	78.97434614917253	27283588	129243	77111	162570	8.2146	69290072	148.9308
SRR10485032	PRJNA590281	GZ18	Saccharum spontaneum	Saccharum spontaneum	3	Leaf	Illumina HiSeq 2500	IU		PASS	75.63516371259371	23835071	127136	75621	158001	10.0554	63170096	148.7035
SRR10484999	PRJNA590281	F172	Saccharum spontaneum	Saccharum spontaneum	3	Leaf	Illumina HiSeq 2500	IU		PASS	83.68706346558595	34167966	131841	75731	168685	6.5445	81811628	149.7495
SRR10484998	PRJNA590281	GT31	Saccharum spontaneum	Saccharum spontaneum	3	Leaf	Illumina HiSeq 2500	IU		PASS	74.30721368190312	34209237	126408	71053	159288	10.1281	92300282	148.739
SRR10485016	PRJNA590281	GT31	Saccharum spontaneum	Saccharum spontaneum	3	Leaf	Illumina HiSeq 2500	IU		PASS	79.35402366300404	32105996	131197	77864	167163	7.8081	81113620	148.3564
SRR10485017	PRJNA590281	F172	Saccharum spontaneum	Saccharum spontaneum	3	Leaf	Illumina HiSeq 2500	IU		PASS	74.13459457308531	31131473	123310	71881	155654	10.4914	84168040	148.7504
SRR10485018	PRJNA590281	F172	Saccharum spontaneum	Saccharum spontaneum	3	Leaf	Illumina HiSeq 2500	IU		PASS	75.35434394029276	25573758	126587	75080	159251	10.3684	68029774	148.5449
SRR10485019	PRJNA590281	F172	Saccharum spontaneum	Saccharum spontaneum	3	Leaf	Illumina HiSeq 2500	IU		PASS	73.57901503874692	21568912	117907	70393	146608	11.1295	58736196	148.9742
SRR10485020	PRJNA590281	GZ18	Saccharum spontaneum	Saccharum spontaneum	3	Leaf	Illumina HiSeq 2500	IU		PASS	72.177208865001	21378781	119189	70140	147361	12.0379	59361416	148.9493
SRR10485014	PRJNA590281	GZ18	Saccharum spontaneum	Saccharum spontaneum	3	Leaf	Illumina HiSeq 2500	IU		PASS	79.38055163240124	32204997	131135	79720	166872	8.724	81322252	148.9817
SRR10485013	PRJNA590281	GZ18	Saccharum spontaneum	Saccharum spontaneum	3	Leaf	Illumina HiSeq 2500	IU		PASS	77.94757952508846	23400151	127711	78198	160072	9.0193	60202844	149.1172
SRR10485007	PRJNA590281	GT31	Saccharum spontaneum	Saccharum spontaneum	3	Leaf	Illumina HiSeq 2500	IU		PASS	83.65206570791948	29468764	129080	72786	163535	6.4228	70659318	149.6515
SRR10485008	PRJNA590281	GT31	Saccharum spontaneum	Saccharum spontaneum	3	Leaf	Illumina HiSeq 2500	IU		PASS	82.02612982961082	37709287	131631	71832	167427	7.1643	92108064	149.5538
SRR10485009	PRJNA590281	F172	Saccharum spontaneum	Saccharum spontaneum	3	Leaf	Illumina HiSeq 2500	IU		PASS	78.54229285498919	22196524	127426	79712	160463	9.231	56657928	149.1213
SRR10485010	PRJNA590281	F172	Saccharum spontaneum	Saccharum spontaneum	3	Leaf	Illumina HiSeq 2500	IU		PASS	78.24843571038078	30937800	129480	77389	164851	9.2358	79265500	149.002
SRR10485069	PRJNA590281	GT31	Saccharum spontaneum	Saccharum spontaneum	3	Leaf	Illumina HiSeq 2500	IU		PASS	75.1556252608678	31307306	128970	76670	163796	10.758	83499036	148.8278
SRR10485004	PRJNA590281	GZ18	Saccharum spontaneum	Saccharum spontaneum	3	Leaf	Illumina HiSeq 2500	IU		PASS	82.91594266089791	35401237	131391	73784	167214	6.6022	85557126	149.5594
SRR10485012	PRJNA590281	F172	Saccharum spontaneum	Saccharum spontaneum	3	Leaf	Illumina HiSeq 2500	IU		PASS	79.24452370726384	29229696	127330	76420	161617	8.7095	73939928	148.9335
SRR10485011	PRJNA590281	F172	Saccharum spontaneum	Saccharum spontaneum	3	Leaf	Illumina HiSeq 2500	IU		PASS	77.23118612265837	29497680	129821	79538	163911	9.2004	76552340	148.9499
SRR10485006	PRJNA590281	GT31	Saccharum spontaneum	Saccharum spontaneum	3	Leaf	Illumina HiSeq 2500	IU		PASS	81.25765431203995	37727031	132449	74181	168598	7.3533	93018764	148.9158
SRR10485005	PRJNA590281	GZ18	Saccharum spontaneum	Saccharum spontaneum	3	Leaf	Illumina HiSeq 2500	IU		PASS	82.8619466607595	32618307	129547	73620	163930	6.9836	78861012	149.5675
SRR10485003	PRJNA590281	GZ18	Saccharum spontaneum	Saccharum spontaneum	3	Leaf	Illumina HiSeq 2500	IU		PASS	83.53006749680924	29133571	129648	75163	164432	6.5043	69880766	149.419
SRR10485002	PRJNA590281	F172	Saccharum spontaneum	Saccharum spontaneum	3	Leaf	Illumina HiSeq 2500	IU		PASS	82.5226331500737	35559643	131889	74956	168761	6.9996	86348498	149.7427
SRR10485001	PRJNA590281	F172	Saccharum spontaneum	Saccharum spontaneum	3	Leaf	Illumina HiSeq 2500	IU		PASS	83.90033225968183	33348053	132149	76196	169167	6.5093	79659698	149.7119
SRR10485000	PRJNA590281	F172	Saccharum spontaneum	Saccharum spontaneum	3	Leaf	Illumina HiSeq 2500	IU		PASS	78.78798169430033	34522838	131166	78218	166643	7.9625	87834332	148.868
SRR10485070	PRJNA590281	GT31	Saccharum spontaneum	Saccharum spontaneum	3	Leaf	Illumina HiSeq 2500	IU		PASS	78.7060507811091	28104917	128546	75676	162416	8.0408	71604184	148.8193
SRR10485067	PRJNA590281	GZ18	Saccharum spontaneum	Saccharum spontaneum	3	Leaf	Illumina HiSeq 2500	IU		PASS	78.21484227910207	24971429	126601	74715	159147	9.1264	64022380	148.8928
SRR10485066	PRJNA590281	GZ18	Saccharum spontaneum	Saccharum spontaneum	3	Leaf	Illumina HiSeq 2500	IU		PASS	81.05239350051691	25859416	126957	76396	160268	7.4135	63956662	148.9954
SRR10485065	PRJNA590281	GZ18	Saccharum spontaneum	Saccharum spontaneum	3	Leaf	Illumina HiSeq 2500	IU		PASS	76.06577801389615	35462386	132715	80389	168938	8.7903	93439562	148.7777
SRR10485064	PRJNA590281	GZ18	Saccharum spontaneum	Saccharum spontaneum	3	Leaf	Illumina HiSeq 2500	IU		PASS	79.56955787619066	26013039	126586	76423	159729	8.1969	65529114	148.9915
SRR10485063	PRJNA590281	F172	Saccharum spontaneum	Saccharum spontaneum	3	Leaf	Illumina HiSeq 2500	IU		PASS	79.3848749003706	27259584	126756	77171	161565	8.709	68837022	148.9289
SRR10485076	PRJNA590281	GZ18	Saccharum spontaneum	Saccharum spontaneum	3	Leaf	Illumina HiSeq 2500	IU		PASS	78.02498438595977	34107734	134986	79780	170606	8.0194	87638632	148.7422
SRR10485077	PRJNA590281	GZ18	Saccharum spontaneum	Saccharum spontaneum	3	Leaf	Illumina HiSeq 2500	IU		PASS	79.18041007884325	23401345	127751	77925	159883	7.9902	59243910	148.7673
SRR10485078	PRJNA590281	GT31	Saccharum spontaneum	Saccharum spontaneum	3	Leaf	Illumina HiSeq 2500	IU		PASS	80.25057042665095	29730997	130765	78179	165628	7.7556	74258144	148.6107
SRR10485068	PRJNA590281	GT31	Saccharum spontaneum	Saccharum spontaneum	3	Leaf	Illumina HiSeq 2500	IU		PASS	76.89766747013906	24674456	128148	76281	161489	9.6005	64343612	148.8862
SRR5259012	PRJNA356226	KQB07-24619	Saccharum hybrid cultivar	Saccharum hybrid cultivar (non-R570)	1	Stem Internode	Illumina HiSeq 4000	ISR		PASS	54.42071740171961	1983264	69976	54044	76598	16.2083	7299762	151.0
SRR5259011	PRJNA356226	KQB07-24739	Saccharum hybrid cultivar	Saccharum hybrid cultivar (non-R570)	1	Stem Internode	Illumina HiSeq 4000	ISR	low_mapping_rate(<30%)	FLAG	11.63952842679674	1335423	53236	23006	56433	34.7316	22986342	151.0
SRR5259010	PRJNA356226	KQB07-24739	Saccharum hybrid cultivar	Saccharum hybrid cultivar (non-R570)	1	Stem Internode	Illumina HiSeq 4000	ISR	low_mapping_rate(<30%)	FLAG	11.66192582738154	1341909	53587	22610	56741	34.722	23055408	151.0
SRR5259009	PRJNA356226	QBYN04-26041	Saccharum hybrid cultivar	Saccharum hybrid cultivar (non-R570)	1	Stem Internode	Illumina HiSeq 4000	ISR	low_mapping_rate(<30%)	FLAG	11.561074428328961	1466806	54361	21776	57745	34.27	25411310	151.0
SRR5259008	PRJNA356226	QBYN04-26041	Saccharum hybrid cultivar	Saccharum hybrid cultivar (non-R570)	1	Stem Internode	Illumina HiSeq 4000	ISR	low_mapping_rate(<30%)	FLAG	11.56961709401441	1474174	54339	21941	57779	34.3045	25523060	151.0
SRR5259007	PRJNA356226	KQB09-23137	Saccharum hybrid cultivar	Saccharum hybrid cultivar (non-R570)	1	Stem Internode	Illumina HiSeq 4000	ISR	low_mapping_rate(<30%)	FLAG	16.607729099638703	2753792	72030	34624	79265	33.2805	33213316	151.0
SRR5259025	PRJNA356226	QC02-402	Saccharum hybrid cultivar	Saccharum hybrid cultivar (non-R570)	1	Stem Internode	Illumina HiSeq 4000	ISR	low_mapping_rate(<30%)	FLAG	22.559731798618508	2318072	67846	38126	74373	29.5504	20585096	151.0
SRR5259024	PRJNA356226	QC02-402	Saccharum hybrid cultivar	Saccharum hybrid cultivar (non-R570)	1	Stem Internode	Illumina HiSeq 4000	ISR	low_mapping_rate(<30%)	FLAG	22.57116109877765	2320637	67763	38067	74206	29.5528	20599232	151.0
SRR5259023	PRJNA356226	QN05-803	Saccharum hybrid cultivar	Saccharum hybrid cultivar (non-R570)	1	Stem Internode	Illumina HiSeq 4000	IU	low_mapping_rate(<30%)	FLAG	22.85133907572541	4590914	58378	6677	62623	35.1439	40231874	151.0
SRR5258952	PRJNA356226	QS99-2014	Saccharum hybrid cultivar	Saccharum hybrid cultivar (non-R570)	1	Stem Internode	Illumina HiSeq 4000	ISR		PASS	63.4010382286598	2058309	72562	57625	79980	12.0969	6507246	151.0
SRR5258951	PRJNA356226	QA96-1749	Saccharum hybrid cultivar	Saccharum hybrid cultivar (non-R570)	1	Stem Internode	Illumina HiSeq 4000	ISR		PASS	41.54699718634266	2609038	76614	53531	85225	22.2183	12585540	151.0
SRR5258950	PRJNA356226	QA96-1749	Saccharum hybrid cultivar	Saccharum hybrid cultivar (non-R570)	1	Stem Internode	Illumina HiSeq 4000	ISR		PASS	41.52176011451121	2615361	76775	53316	85460	22.2372	12624996	151.0
SRR5258949	PRJNA356226	Q241	Saccharum hybrid cultivar	Saccharum hybrid cultivar (non-R570)	1	Stem Internode	Illumina HiSeq 4000	ISR		PASS	30.707389087573556	2194744	71939	47520	79317	26.1607	14311242	151.0
SRR5258948	PRJNA356226	Q241	Saccharum hybrid cultivar	Saccharum hybrid cultivar (non-R570)	1	Stem Internode	Illumina HiSeq 4000	ISR		PASS	30.724214962555074	2204279	71914	47589	79258	26.1912	14366916	151.0
SRR5258947	PRJNA356226	Q200	Saccharum hybrid cultivar	Saccharum hybrid cultivar (non-R570)	1	Stem Internode	Illumina HiSeq 4000	ISR		PASS	65.28683166636007	5980153	92202	62099	107361	11.801	18348898	151.0
SRR5258946	PRJNA356226	Q200	Saccharum hybrid cultivar	Saccharum hybrid cultivar (non-R570)	1	Stem Internode	Illumina HiSeq 4000	ISR		PASS	65.30473772344546	6022143	92591	62077	107767	11.8065	18475064	151.0
SRR5258958	PRJNA356226	QN05-1460	Saccharum hybrid cultivar	Saccharum hybrid cultivar (non-R570)	1	Stem Internode	Illumina HiSeq 4000	ISR		PASS	63.20067077728747	3564533	85880	64198	97654	13.28	11297270	151.0
SRR5258957	PRJNA356226	QN05-1743	Saccharum hybrid cultivar	Saccharum hybrid cultivar (non-R570)	1	Stem Internode	Illumina HiSeq 4000	ISR		PASS	40.09928712514525	2488336	73352	50456	81113	22.7076	12432812	151.0
SRR5258956	PRJNA356226	QN05-1743	Saccharum hybrid cultivar	Saccharum hybrid cultivar (non-R570)	1	Stem Internode	Illumina HiSeq 4000	ISR		PASS	40.024437178803915	2479050	73087	50434	80985	22.7225	12408562	151.0
SRR5258955	PRJNA356226	QN05-1509	Saccharum hybrid cultivar	Saccharum hybrid cultivar (non-R570)	1	Stem Internode	Illumina HiSeq 4000	ISR		PASS	64.71309761520362	1388072	65187	55295	70503	11.8088	4296850	151.0
SRR5258954	PRJNA356226	QN05-1509	Saccharum hybrid cultivar	Saccharum hybrid cultivar (non-R570)	1	Stem Internode	Illumina HiSeq 4000	ISR		PASS	64.74249770978659	1384484	64964	55298	70330	11.7516	4283506	151.0
SRR5258953	PRJNA356226	QS99-2014	Saccharum hybrid cultivar	Saccharum hybrid cultivar (non-R570)	1	Stem Internode	Illumina HiSeq 4000	ISR		PASS	63.35332343433942	2044579	72185	57592	79547	12.0668	6468236	151.0
SRR5258974	PRJNA356226	KQ08-2850	Saccharum hybrid cultivar	Saccharum hybrid cultivar (non-R570)	1	Stem Internode	Illumina HiSeq 4000	ISR		PASS	65.16167384855628	6169072	90858	60572	106203	11.2551	18981524	151.0
SRR5258973	PRJNA356226	KQB07-24619	Saccharum hybrid cultivar	Saccharum hybrid cultivar (non-R570)	1	Stem Internode	Illumina HiSeq 4000	ISR	low_mapping_rate(<30%)	FLAG	26.11984838279902	3187776	77795	44808	86896	28.1062	24477534	151.0
SRR5258972	PRJNA356226	KQB07-24619	Saccharum hybrid cultivar	Saccharum hybrid cultivar (non-R570)	1	Stem Internode	Illumina HiSeq 4000	ISR	low_mapping_rate(<30%)	FLAG	26.142049329065802	3200689	77767	44947	86852	28.114	24559880	151.0
SRR5258971	PRJNA356226	KQB07-24739	Saccharum hybrid cultivar	Saccharum hybrid cultivar (non-R570)	1	Stem Internode	Illumina HiSeq 4000	ISR	low_mapping_rate(<30%)	FLAG	22.17846823723047	1594902	64588	40350	69606	29.3915	14407260	151.0
SRR5258970	PRJNA356226	KQB07-24739	Saccharum hybrid cultivar	Saccharum hybrid cultivar (non-R570)	1	Stem Internode	Illumina HiSeq 4000	ISR	low_mapping_rate(<30%)	FLAG	22.206670666561244	1603734	64702	40304	69753	29.4467	14470854	151.0
SRR5258969	PRJNA356226	QBYN04-26041	Saccharum hybrid cultivar	Saccharum hybrid cultivar (non-R570)	1	Stem Internode	Illumina HiSeq 4000	ISR		PASS	66.98476043998751	2592262	74197	56118	82503	11.2778	7748512	151.0
SRR5258968	PRJNA356226	QBYN04-26041	Saccharum hybrid cultivar	Saccharum hybrid cultivar (non-R570)	1	Stem Internode	Illumina HiSeq 4000	ISR		PASS	66.96848271303841	2605005	74283	56257	82426	11.284	7789044	151.0
SRR5258967	PRJNA356226	KQB09-23137	Saccharum hybrid cultivar	Saccharum hybrid cultivar (non-R570)	1	Stem Internode	Illumina HiSeq 4000	ISR	low_mapping_rate(<30%)	FLAG	12.379700160078617	1997953	67124	27066	72718	34.1559	32326000	151.0
SRR5258966	PRJNA356226	KQB09-23137	Saccharum hybrid cultivar	Saccharum hybrid cultivar (non-R570)	1	Stem Internode	Illumina HiSeq 4000	ISR	low_mapping_rate(<30%)	FLAG	12.398634043981632	2009660	67102	27360	72813	34.1851	32469122	151.0
SRR5258965	PRJNA356226	KQB09-20620	Saccharum hybrid cultivar	Saccharum hybrid cultivar (non-R570)	1	Stem Internode	Illumina HiSeq 4000	ISR		PASS	57.98699846047125	3597801	82822	59790	93851	13.834	12424016	151.0
SRR5258964	PRJNA356226	KQB09-20620	Saccharum hybrid cultivar	Saccharum hybrid cultivar (non-R570)	1	Stem Internode	Illumina HiSeq 4000	ISR		PASS	58.01273645004481	3609817	82671	59744	93772	13.8103	12461102	151.0
SRR5258963	PRJNA356226	QA02-1009	Saccharum hybrid cultivar	Saccharum hybrid cultivar (non-R570)	1	Stem Internode	Illumina HiSeq 4000	ISR		PASS	56.483190383561656	6034498	93604	62418	109033	14.537	21406922	151.0
SRR5258962	PRJNA356226	QA02-1009	Saccharum hybrid cultivar	Saccharum hybrid cultivar (non-R570)	1	Stem Internode	Illumina HiSeq 4000	ISR		PASS	56.48834033123923	6012158	93581	62204	109067	14.5303	21323926	151.0
SRR5258961	PRJNA356226	KQB09-20432	Saccharum hybrid cultivar	Saccharum hybrid cultivar (non-R570)	1	Stem Internode	Illumina HiSeq 4000	ISR		PASS	63.81938179282412	1040568	55954	48616	59431	11.9378	3267438	151.0
SRR5258960	PRJNA356226	KQB09-20432	Saccharum hybrid cultivar	Saccharum hybrid cultivar (non-R570)	1	Stem Internode	Illumina HiSeq 4000	ISR		PASS	63.93162739471716	1041381	56135	48705	59617	11.9181	3264216	151.0
SRR5258959	PRJNA356226	QN05-1460	Saccharum hybrid cultivar	Saccharum hybrid cultivar (non-R570)	1	Stem Internode	Illumina HiSeq 4000	ISR		PASS	63.200648288617465	3585235	86109	64424	98093	13.2234	11363924	151.0
SRR5258990	PRJNA356226	QA96-1749	Saccharum hybrid cultivar	Saccharum hybrid cultivar (non-R570)	1	Stem Internode	Illumina HiSeq 4000	ISR		PASS	50.73247424307675	3005165	76419	53790	85569	18.0438	11866300	151.0
SRR5258989	PRJNA356226	Q241	Saccharum hybrid cultivar	Saccharum hybrid cultivar (non-R570)	1	Stem Internode	Illumina HiSeq 4000	ISR	low_mapping_rate(<30%)	FLAG	14.702379414060331	1951307	62073	28143	67156	33.4431	26577650	151.0
SRR5258988	PRJNA356226	Q241	Saccharum hybrid cultivar	Saccharum hybrid cultivar (non-R570)	1	Stem Internode	Illumina HiSeq 4000	ISR	low_mapping_rate(<30%)	FLAG	14.744320349252153	1961563	62043	28086	67147	33.4472	26643630	151.0
SRR5258987	PRJNA356226	Q200	Saccharum hybrid cultivar	Saccharum hybrid cultivar (non-R570)	1	Stem Internode	Illumina HiSeq 4000	ISR	low_mapping_rate(<30%)	FLAG	13.82553151639313	1253409	54766	26905	58075	33.2198	18156250	151.0
SRR5258986	PRJNA356226	Q200	Saccharum hybrid cultivar	Saccharum hybrid cultivar (non-R570)	1	Stem Internode	Illumina HiSeq 4000	ISR	low_mapping_rate(<30%)	FLAG	13.81978796954479	1256664	54975	27078	58405	33.2346	18212866	151.0
SRR5258985	PRJNA356226	QC02-402	Saccharum hybrid cultivar	Saccharum hybrid cultivar (non-R570)	1	Stem Internode	Illumina HiSeq 4000	ISR		PASS	61.53304087759987	2961888	77881	58113	87202	13.635	9639970	151.0
SRR5258984	PRJNA356226	QC02-402	Saccharum hybrid cultivar	Saccharum hybrid cultivar (non-R570)	1	Stem Internode	Illumina HiSeq 4000	ISR		PASS	61.556967962712896	2947568	77865	58024	87157	13.6281	9589272	151.0
SRR5258983	PRJNA356226	QN05-803	Saccharum hybrid cultivar	Saccharum hybrid cultivar (non-R570)	1	Stem Internode	Illumina HiSeq 4000	ISR		PASS	61.107526361918616	2325904	75179	59390	83514	12.4822	7629394	151.0
SRR5258982	PRJNA356226	QN05-803	Saccharum hybrid cultivar	Saccharum hybrid cultivar (non-R570)	1	Stem Internode	Illumina HiSeq 4000	ISR		PASS	61.13745155844615	2334072	75496	59705	83807	12.5073	7654088	151.0
SRR5258981	PRJNA356226	KQB07-23863	Saccharum hybrid cultivar	Saccharum hybrid cultivar (non-R570)	1	Stem Internode	Illumina HiSeq 4000	ISR		PASS	53.77353431729678	1163242	63695	55283	68739	16.9073	4336752	151.0
SRR5258980	PRJNA356226	KQB07-23863	Saccharum hybrid cultivar	Saccharum hybrid cultivar (non-R570)	1	Stem Internode	Illumina HiSeq 4000	ISR		PASS	53.78400918295115	1168577	64167	55598	69246	16.9517	4356540	151.0
SRR5258979	PRJNA356226	KQB08-32953	Saccharum hybrid cultivar	Saccharum hybrid cultivar (non-R570)	1	Stem Internode	Illumina HiSeq 4000	ISR	low_mapping_rate(<30%)	FLAG	23.933282243994423	3151795	78455	45576	87876	29.1546	26401066	151.0
SRR5258978	PRJNA356226	KQB08-32953	Saccharum hybrid cultivar	Saccharum hybrid cultivar (non-R570)	1	Stem Internode	Illumina HiSeq 4000	ISR	low_mapping_rate(<30%)	FLAG	23.948510390035	3159925	78170	45579	87641	29.178	26456422	151.0
SRR5258977	PRJNA356226	KQB07-23990	Saccharum hybrid cultivar	Saccharum hybrid cultivar (non-R570)	1	Stem Internode	Illumina HiSeq 4000	ISR	low_mapping_rate(<30%)	FLAG	25.643130166024797	1242533	60608	42792	64981	28.3358	9708514	151.0
SRR5258976	PRJNA356226	KQB07-23990	Saccharum hybrid cultivar	Saccharum hybrid cultivar (non-R570)	1	Stem Internode	Illumina HiSeq 4000	ISR	low_mapping_rate(<30%)	FLAG	25.71274330950319	1249339	60713	42864	65103	28.2966	9737038	151.0
SRR5258975	PRJNA356226	KQ08-2850	Saccharum hybrid cultivar	Saccharum hybrid cultivar (non-R570)	1	Stem Internode	Illumina HiSeq 4000	ISR		PASS	65.1472525861808	6133578	90799	60706	106035	11.2445	18873674	151.0
SRR5259006	PRJNA356226	KQB09-23137	Saccharum hybrid cultivar	Saccharum hybrid cultivar (non-R570)	1	Stem Internode	Illumina HiSeq 4000	ISR	low_mapping_rate(<30%)	FLAG	16.62946678072461	2774641	72017	34628	79305	33.3287	33424022	151.0
SRR5259005	PRJNA356226	KQB09-20620	Saccharum hybrid cultivar	Saccharum hybrid cultivar (non-R570)	1	Stem Internode	Illumina HiSeq 4000	IU	low_mapping_rate(<30%)	FLAG	21.1569337316866	1630578	35743	4723	36952	36.5711	15438468	151.0
SRR5259004	PRJNA356226	KQB09-20620	Saccharum hybrid cultivar	Saccharum hybrid cultivar (non-R570)	1	Stem Internode	Illumina HiSeq 4000	IU	low_mapping_rate(<30%)	FLAG	21.153599881026395	1638612	35731	4686	36917	36.6196	15519218	151.0
SRR5259019	PRJNA356226	KQB08-32953	Saccharum hybrid cultivar	Saccharum hybrid cultivar (non-R570)	1	Stem Internode	Illumina HiSeq 4000	ISR	low_mapping_rate(<30%)	FLAG	9.196553366732347	1460900	53421	17119	56831	36.1928	31811646	151.0
SRR5259018	PRJNA356226	KQB08-32953	Saccharum hybrid cultivar	Saccharum hybrid cultivar (non-R570)	1	Stem Internode	Illumina HiSeq 4000	IU	low_mapping_rate(<30%)	FLAG	22.841270385758875	3648977	54314	6824	57941	36.2289	31995292	151.0
SRR5259017	PRJNA356226	KQB07-23990	Saccharum hybrid cultivar	Saccharum hybrid cultivar (non-R570)	1	Stem Internode	Illumina HiSeq 4000	ISR		PASS	53.149243159213576	3203214	78240	55701	88120	17.1826	12072404	151.0
SRR5259016	PRJNA356226	KQB07-23990	Saccharum hybrid cultivar	Saccharum hybrid cultivar (non-R570)	1	Stem Internode	Illumina HiSeq 4000	ISR		PASS	53.12938580372576	3216631	78339	55917	88011	17.1862	12129024	151.0
SRR5259015	PRJNA356226	KQ08-2850	Saccharum hybrid cultivar	Saccharum hybrid cultivar (non-R570)	1	Stem Internode	Illumina HiSeq 4000	ISR		PASS	55.292899940046226	2639505	72780	52703	80748	15.7597	9569854	151.0
SRR5259014	PRJNA356226	KQ08-2850	Saccharum hybrid cultivar	Saccharum hybrid cultivar (non-R570)	1	Stem Internode	Illumina HiSeq 4000	ISR		PASS	55.34295555820784	2652320	72969	52793	80879	15.7373	9609204	151.0
SRR5259013	PRJNA356226	KQB07-24619	Saccharum hybrid cultivar	Saccharum hybrid cultivar (non-R570)	1	Stem Internode	Illumina HiSeq 4000	ISR		PASS	54.4051716960523	1973429	69660	53927	76234	16.226	7264976	151.0
SRR5259003	PRJNA356226	QA02-1009	Saccharum hybrid cultivar	Saccharum hybrid cultivar (non-R570)	1	Stem Internode	Illumina HiSeq 4000	IU	low_mapping_rate(<30%)	FLAG	22.758633798784743	4513835	58623	6234	62929	35.3712	39726382	151.0
SRR5259002	PRJNA356226	QA02-1009	Saccharum hybrid cultivar	Saccharum hybrid cultivar (non-R570)	1	Stem Internode	Illumina HiSeq 4000	IU	low_mapping_rate(<30%)	FLAG	22.76349531567886	4549860	58762	6294	63055	35.4247	40038372	151.0
SRR5259001	PRJNA356226	KQB09-20432	Saccharum hybrid cultivar	Saccharum hybrid cultivar (non-R570)	1	Stem Internode	Illumina HiSeq 4000	ISR	low_mapping_rate(<30%)	FLAG	12.95931081053761	1467922	56745	26493	60452	34.5343	22690730	151.0
SRR5259000	PRJNA356226	KQB09-20432	Saccharum hybrid cultivar	Saccharum hybrid cultivar (non-R570)	1	Stem Internode	Illumina HiSeq 4000	ISR	low_mapping_rate(<30%)	FLAG	12.974724143681238	1477549	56837	26571	60520	34.5428	22815170	151.0
SRR5258999	PRJNA356226	QN05-1460	Saccharum hybrid cultivar	Saccharum hybrid cultivar (non-R570)	1	Stem Internode	Illumina HiSeq 4000	IU	low_mapping_rate(<30%)	FLAG	21.421380944764685	7508257	61766	3742	66703	35.5515	70211736	151.0
SRR5258998	PRJNA356226	QN05-1460	Saccharum hybrid cultivar	Saccharum hybrid cultivar (non-R570)	1	Stem Internode	Illumina HiSeq 4000	IU	low_mapping_rate(<30%)	FLAG	21.448652511461212	7545533	61691	3849	66673	35.5826	70477932	151.0
SRR5258997	PRJNA356226	QN05-1743	Saccharum hybrid cultivar	Saccharum hybrid cultivar (non-R570)	1	Stem Internode	Illumina HiSeq 4000	ISR		PASS	57.12331559645024	3258920	79649	57482	89437	13.5489	11426002	151.0
SRR5258996	PRJNA356226	QN05-1743	Saccharum hybrid cultivar	Saccharum hybrid cultivar (non-R570)	1	Stem Internode	Illumina HiSeq 4000	ISR		PASS	57.15103673378563	3266935	79556	57526	89412	13.557	11449504	151.0
SRR5258995	PRJNA356226	QN05-1509	Saccharum hybrid cultivar	Saccharum hybrid cultivar (non-R570)	1	Stem Internode	Illumina HiSeq 4000	ISR		PASS	47.685378433619675	5701683	88757	56069	103064	18.9949	23936534	151.0
SRR5258994	PRJNA356226	QN05-1509	Saccharum hybrid cultivar	Saccharum hybrid cultivar (non-R570)	1	Stem Internode	Illumina HiSeq 4000	ISR		PASS	47.68982935371845	5727208	88826	55927	103075	19.0101	24043662	151.0
SRR5258993	PRJNA356226	QS99-2014	Saccharum hybrid cultivar	Saccharum hybrid cultivar (non-R570)	1	Stem Internode	Illumina HiSeq 4000	ISR		PASS	60.58803843824892	3771194	81063	58122	92190	13.0349	12465206	151.0
SRR5258992	PRJNA356226	QS99-2014	Saccharum hybrid cultivar	Saccharum hybrid cultivar (non-R570)	1	Stem Internode	Illumina HiSeq 4000	ISR		PASS	60.572148878488264	3784626	81297	58063	92409	13.0622	12514236	151.0
SRR5258991	PRJNA356226	QA96-1749	Saccharum hybrid cultivar	Saccharum hybrid cultivar (non-R570)	1	Stem Internode	Illumina HiSeq 4000	ISR		PASS	50.71438548018051	2995539	76374	53701	85429	18.0734	11831332	151.0
SRR5259022	PRJNA356226	QN05-803	Saccharum hybrid cultivar	Saccharum hybrid cultivar (non-R570)	1	Stem Internode	Illumina HiSeq 4000	IU	low_mapping_rate(<30%)	FLAG	22.860165906654696	4632670	58831	6651	63275	35.199	40585026	151.0
SRR5259021	PRJNA356226	KQB07-23863	Saccharum hybrid cultivar	Saccharum hybrid cultivar (non-R570)	1	Stem Internode	Illumina HiSeq 4000	ISR	low_mapping_rate(<30%)	FLAG	11.849848051780427	1502909	57183	24351	61263	34.2879	25407706	151.0
SRR5259020	PRJNA356226	KQB07-23863	Saccharum hybrid cultivar	Saccharum hybrid cultivar (non-R570)	1	Stem Internode	Illumina HiSeq 4000	ISR	low_mapping_rate(<30%)	FLAG	11.89302585453715	1514924	57662	24349	61686	34.3084	25520210	151.0
SRR35878271	PRJNA1348940	Xintaitang 22	Saccharum hybrid cultivar	Saccharum hybrid cultivar (non-R570)	1	Stem	Illumina NovaSeq 6000	IU		PASS	80.34679217437038	18230283	119282	76443	148883	10.0067	45421148	150.0
SRR35878275	PRJNA1348940	Xintaitang 22	Saccharum hybrid cultivar	Saccharum hybrid cultivar (non-R570)	1	Stem	Illumina NovaSeq 6000	IU		PASS	81.22845397500798	20393093	118826	73806	149391	9.7434	50276572	150.0
SRR35878277	PRJNA1348940	Xintaitang 22	Saccharum hybrid cultivar	Saccharum hybrid cultivar (non-R570)	1	Stem	Illumina NovaSeq 6000	IU		PASS	82.32269550478135	19811188	119945	75759	150212	8.6202	48194186	150.0
SRR35878278	PRJNA1348940	Xintaitang 22	Saccharum hybrid cultivar	Saccharum hybrid cultivar (non-R570)	1	Stem	Illumina NovaSeq 6000	IU		PASS	81.80986829280998	17652202	113444	68240	142500	8.8987	43206280	150.0
SRR35878279	PRJNA1348940	Xintaitang 22	Saccharum hybrid cultivar	Saccharum hybrid cultivar (non-R570)	1	Stem	Illumina NovaSeq 6000	IU		PASS	83.48285966854273	18962346	113854	67369	142577	8.0544	45482158	150.0
SRR35878280	PRJNA1348940	Xintaitang 22	Saccharum hybrid cultivar	Saccharum hybrid cultivar (non-R570)	1	Stem	Illumina NovaSeq 6000	IU		PASS	81.99104203818742	18350402	115259	70139	145097	8.9519	44810158	150.0
SRR35878281	PRJNA1348940	Xintaitang 22	Saccharum hybrid cultivar	Saccharum hybrid cultivar (non-R570)	1	Stem	Illumina NovaSeq 6000	IU		PASS	84.8490089237498	19982673	114011	68243	142073	7.5651	47149302	150.0
SRR35878282	PRJNA1348940	Xintaitang 22	Saccharum hybrid cultivar	Saccharum hybrid cultivar (non-R570)	1	Stem	Illumina NovaSeq 6000	IU		PASS	85.169153537621	19009141	113270	68000	141096	7.1362	44684128	150.0
SRR35878283	PRJNA1348940	Xintaitang 22	Saccharum hybrid cultivar	Saccharum hybrid cultivar (non-R570)	1	Stem	Illumina NovaSeq 6000	IU		PASS	84.5913247347786	19744835	112871	66721	140659	7.3267	46742656	150.0
SRR35878284	PRJNA1348940	Xintaitang 22	Saccharum hybrid cultivar	Saccharum hybrid cultivar (non-R570)	1	Stem	Illumina NovaSeq 6000	IU		PASS	84.60337511545742	19583194	113512	65291	140184	7.706	46353506	150.0
SRR35878285	PRJNA1348940	Xintaitang 22	Saccharum hybrid cultivar	Saccharum hybrid cultivar (non-R570)	1	Stem	Illumina NovaSeq 6000	IU		PASS	81.87112701235077	19461498	116899	70607	145158	9.4342	47588120	150.0
SRR35878286	PRJNA1348940	Xintaitang 22	Saccharum hybrid cultivar	Saccharum hybrid cultivar (non-R570)	1	Stem	Illumina NovaSeq 6000	IU		PASS	84.55074147802353	19109319	113927	66444	140408	7.9172	45255330	150.0
SRR35878287	PRJNA1348940	Xintaitang 22	Saccharum hybrid cultivar	Saccharum hybrid cultivar (non-R570)	1	Stem	Illumina NovaSeq 6000	IU		PASS	84.05944983115232	18672308	111402	65474	138194	8.0129	44486702	150.0
SRR35878288	PRJNA1348940	Xintaitang 22	Saccharum hybrid cultivar	Saccharum hybrid cultivar (non-R570)	1	Stem	Illumina NovaSeq 6000	IU		PASS	81.69759318027432	19928306	113637	65873	140926	9.7891	48830114	150.0
SRR35878290	PRJNA1348940	Xintaitang 22	Saccharum hybrid cultivar	Saccharum hybrid cultivar (non-R570)	1	Stem	Illumina NovaSeq 6000	IU		PASS	81.57340910094912	20607489	113567	65247	141209	9.4579	50575398	150.0
SRR35878291	PRJNA1348940	Xintaitang 22	Saccharum hybrid cultivar	Saccharum hybrid cultivar (non-R570)	1	Stem	Illumina NovaSeq 6000	IU		PASS	83.05447620722744	20663511	115487	69189	143875	8.709	49809080	150.0
SRR35878292	PRJNA1348940	Xintaitang 22	Saccharum hybrid cultivar	Saccharum hybrid cultivar (non-R570)	1	Stem	Illumina NovaSeq 6000	IU		PASS	84.0716555662777	22046956	115410	67297	144008	8.1286	52489718	150.0
SRR35878293	PRJNA1348940	Xintaitang 22	Saccharum hybrid cultivar	Saccharum hybrid cultivar (non-R570)	1	Stem	Illumina NovaSeq 6000	IU		PASS	84.1101781043069	19283197	111618	65933	137676	8.4952	45897316	150.0
SRR35878294	PRJNA1348940	Xintaitang 22	Saccharum hybrid cultivar	Saccharum hybrid cultivar (non-R570)	1	Stem	Illumina NovaSeq 6000	IU		PASS	81.2935264353934	18362346	114376	67342	141098	9.9998	45216726	150.0
SRR35878295	PRJNA1348940	Xintaitang 22	Saccharum hybrid cultivar	Saccharum hybrid cultivar (non-R570)	1	Stem	Illumina NovaSeq 6000	IU		PASS	80.76988939399425	18673408	114992	69458	142833	10.5947	46281064	150.0
SRR35878296	PRJNA1348940	Xintaitang 22	Saccharum hybrid cultivar	Saccharum hybrid cultivar (non-R570)	1	Stem	Illumina NovaSeq 6000	IU		PASS	82.50546795071669	15961059	109560	63744	133992	9.3214	38726628	150.0
SRR35878276	PRJNA1348940	Xintaitang 22	Saccharum hybrid cultivar	Saccharum hybrid cultivar (non-R570)	1	Stem	Illumina NovaSeq 6000	IU		PASS	78.94208321134585	19114680	117806	75677	147108	10.375	48502080	150.0
SRR35878274	PRJNA1348940	Xintaitang 22	Saccharum hybrid cultivar	Saccharum hybrid cultivar (non-R570)	1	Stem	Illumina NovaSeq 6000	IU		PASS	81.13403284876536	18055162	112335	65984	139122	9.726	44551492	150.0
SRR35878298	PRJNA1348940	Xintaitang 22	Saccharum hybrid cultivar	Saccharum hybrid cultivar (non-R570)	1	Leaf	Illumina NovaSeq 6000	IU		PASS	77.93291238352035	16855017	113642	69322	142618	10.8448	43302810	150.0
SRR35878273	PRJNA1348940	Xintaitang 22	Saccharum hybrid cultivar	Saccharum hybrid cultivar (non-R570)	1	Stem	Illumina NovaSeq 6000	IU		PASS	80.03799906177157	19757236	119041	75529	149050	10.2546	49419256	150.0
SRR35878253	PRJNA1348940	Xintaitang 22	Saccharum hybrid cultivar	Saccharum hybrid cultivar (non-R570)	1	Stem	Illumina NovaSeq 6000	IU		PASS	84.10682716012971	19391300	111886	65569	138695	7.7338	46167328	150.0
SRR35878254	PRJNA1348940	Xintaitang 22	Saccharum hybrid cultivar	Saccharum hybrid cultivar (non-R570)	1	Stem	Illumina NovaSeq 6000	IU		PASS	78.86270049262369	17185031	112183	66559	138773	11.5051	43632818	150.0
SRR35878255	PRJNA1348940	Xintaitang 22	Saccharum hybrid cultivar	Saccharum hybrid cultivar (non-R570)	1	Stem	Illumina NovaSeq 6000	IU		PASS	82.05141324071512	19821708	116939	71208	147821	8.8011	48358808	150.0
SRR35878256	PRJNA1348940	Xintaitang 22	Saccharum hybrid cultivar	Saccharum hybrid cultivar (non-R570)	1	Stem	Illumina NovaSeq 6000	IU		PASS	82.42579740281472	19978753	115089	70814	145510	8.6299	48523466	150.0
SRR35878257	PRJNA1348940	Xintaitang 22	Saccharum hybrid cultivar	Saccharum hybrid cultivar (non-R570)	1	Stem	Illumina NovaSeq 6000	IU		PASS	81.07951358699428	17740470	115016	71771	144974	9.4073	43801874	150.0
SRR35878258	PRJNA1348940	Xintaitang 22	Saccharum hybrid cultivar	Saccharum hybrid cultivar (non-R570)	1	Stem	Illumina NovaSeq 6000	IU		PASS	83.78227116508776	19203478	116238	70848	144750	8.0288	45904062	150.0
SRR35878259	PRJNA1348940	Xintaitang 22	Saccharum hybrid cultivar	Saccharum hybrid cultivar (non-R570)	1	Stem	Illumina NovaSeq 6000	IU		PASS	83.99770620077759	18486972	112921	69013	140128	8.0466	44074528	150.0
SRR35878260	PRJNA1348940	Xintaitang 22	Saccharum hybrid cultivar	Saccharum hybrid cultivar (non-R570)	1	Stem	Illumina NovaSeq 6000	IU		PASS	85.09469112076549	22553331	113653	67497	141850	7.4275	53071248	150.0
SRR35878261	PRJNA1348940	Xintaitang 22	Saccharum hybrid cultivar	Saccharum hybrid cultivar (non-R570)	1	Stem	Illumina NovaSeq 6000	IU		PASS	82.91050609510458	18568234	117213	72469	145680	8.7217	44853182	150.0
SRR35878262	PRJNA1348940	Xintaitang 22	Saccharum hybrid cultivar	Saccharum hybrid cultivar (non-R570)	1	Stem	Illumina NovaSeq 6000	IU		PASS	84.71538705118769	22721547	116948	70440	146343	7.7174	53713594	150.0
SRR35878263	PRJNA1348940	Xintaitang 22	Saccharum hybrid cultivar	Saccharum hybrid cultivar (non-R570)	1	Stem	Illumina NovaSeq 6000	IU		PASS	82.37288046592747	17569441	111024	65088	136921	9.257	42696322	150.0
SRR35878264	PRJNA1348940	Xintaitang 22	Saccharum hybrid cultivar	Saccharum hybrid cultivar (non-R570)	1	Stem	Illumina NovaSeq 6000	IU		PASS	83.5258815164749	20113277	116130	71296	144766	8.325	48224402	150.0
SRR35878265	PRJNA1348940	Xintaitang 22	Saccharum hybrid cultivar	Saccharum hybrid cultivar (non-R570)	1	Stem	Illumina NovaSeq 6000	IU		PASS	82.98613935636891	19750263	116376	68643	143750	8.9637	47639892	150.0
SRR35878266	PRJNA1348940	Xintaitang 22	Saccharum hybrid cultivar	Saccharum hybrid cultivar (non-R570)	1	Stem	Illumina NovaSeq 6000	IU		PASS	82.39646599281464	18370784	119302	74813	149137	8.8708	44633588	150.0
SRR35878267	PRJNA1348940	Xintaitang 22	Saccharum hybrid cultivar	Saccharum hybrid cultivar (non-R570)	1	Stem	Illumina NovaSeq 6000	IU		PASS	83.5367272844781	18767778	118548	73608	147619	8.0966	44978600	150.0
SRR35878268	PRJNA1348940	Xintaitang 22	Saccharum hybrid cultivar	Saccharum hybrid cultivar (non-R570)	1	Stem	Illumina NovaSeq 6000	IU		PASS	84.26754808659717	19892071	114451	66205	141197	8.1909	47264404	150.0
SRR35878269	PRJNA1348940	Xintaitang 22	Saccharum hybrid cultivar	Saccharum hybrid cultivar (non-R570)	1	Stem	Illumina NovaSeq 6000	IU		PASS	85.39045619579947	19461192	113305	63990	137963	7.6024	45631990	150.0
SRR35878270	PRJNA1348940	Xintaitang 22	Saccharum hybrid cultivar	Saccharum hybrid cultivar (non-R570)	1	Stem	Illumina NovaSeq 6000	IU		PASS	84.7868123378194	21057757	120184	72651	149464	7.682	49721160	150.0
SRR35878272	PRJNA1348940	Xintaitang 22	Saccharum hybrid cultivar	Saccharum hybrid cultivar (non-R570)	1	Stem	Illumina NovaSeq 6000	IU		PASS	79.52604775687337	17314800	118982	76431	148608	10.3173	43598316	150.0
SRR35878297	PRJNA1348940	Xintaitang 22	Saccharum hybrid cultivar	Saccharum hybrid cultivar (non-R570)	1	Stem	Illumina NovaSeq 6000	IU		PASS	81.80393769239024	18996782	114284	69013	141663	9.5834	46489438	150.0
SRR35878289	PRJNA1348940	Xintaitang 22	Saccharum hybrid cultivar	Saccharum hybrid cultivar (non-R570)	1	Stem	Illumina NovaSeq 6000	IU		PASS	83.60595214429085	19165020	111376	63377	137444	8.6141	45884552	150.0
SRR35878299	PRJNA1348940	Xintaitang 22	Saccharum hybrid cultivar	Saccharum hybrid cultivar (non-R570)	1	Leaf	Illumina NovaSeq 6000	IU		PASS	78.21628122577971	18674845	113293	67809	142331	10.8428	47803190	150.0
SRR35878323	PRJNA1348940	Xintaitang 22	Saccharum hybrid cultivar	Saccharum hybrid cultivar (non-R570)	1	Stem	Illumina NovaSeq 6000	IU		PASS	82.68215179247747	17655802	112439	67601	141101	8.8269	42751090	150.0
SRR35878317	PRJNA1348940	Xintaitang 22	Saccharum hybrid cultivar	Saccharum hybrid cultivar (non-R570)	1	Leaf	Illumina NovaSeq 6000	IU		PASS	78.84956031113076	18013734	116217	71476	145312	10.2852	45748094	150.0
SRR35878318	PRJNA1348940	Xintaitang 22	Saccharum hybrid cultivar	Saccharum hybrid cultivar (non-R570)	1	Stem	Illumina NovaSeq 6000	IU		PASS	80.67468095740654	18912463	115829	70080	144342	10.1366	46931638	150.0
SRR35878319	PRJNA1348940	Xintaitang 22	Saccharum hybrid cultivar	Saccharum hybrid cultivar (non-R570)	1	Leaf	Illumina NovaSeq 6000	IU		PASS	78.89788682401499	19366082	116542	71186	145996	9.9911	49151278	150.0
SRR35878320	PRJNA1348940	Xintaitang 22	Saccharum hybrid cultivar	Saccharum hybrid cultivar (non-R570)	1	Leaf	Illumina NovaSeq 6000	IU		PASS	80.41102857519643	19146276	115985	70383	145522	10.3688	47682788	150.0
SRR35878321	PRJNA1348940	Xintaitang 22	Saccharum hybrid cultivar	Saccharum hybrid cultivar (non-R570)	1	Stem	Illumina NovaSeq 6000	IU		PASS	82.87246535307595	18167006	112699	67472	141774	8.3718	43889280	150.0
SRR35878322	PRJNA1348940	Xintaitang 22	Saccharum hybrid cultivar	Saccharum hybrid cultivar (non-R570)	1	Stem	Illumina NovaSeq 6000	IU		PASS	83.90015629252487	18653781	112032	66534	140361	7.8708	44510004	150.0
SRR35878324	PRJNA1348940	Xintaitang 22	Saccharum hybrid cultivar	Saccharum hybrid cultivar (non-R570)	1	Stem	Illumina NovaSeq 6000	IU		PASS	84.20630318103295	19802862	112838	67541	140887	7.772	47082094	150.0
SRR35878315	PRJNA1348940	Xintaitang 22	Saccharum hybrid cultivar	Saccharum hybrid cultivar (non-R570)	1	Leaf	Illumina NovaSeq 6000	IU		PASS	77.2036277278008	18664590	115283	69252	144016	12.6833	48401102	150.0
SRR35878325	PRJNA1348940	Xintaitang 22	Saccharum hybrid cultivar	Saccharum hybrid cultivar (non-R570)	1	Stem	Illumina NovaSeq 6000	IU		PASS	85.12695753320723	20099297	113496	67067	141130	7.3029	47272676	150.0
SRR35878326	PRJNA1348940	Xintaitang 22	Saccharum hybrid cultivar	Saccharum hybrid cultivar (non-R570)	1	Stem	Illumina NovaSeq 6000	IU		PASS	84.98082239285321	17800785	110002	64787	136309	7.1152	41934884	150.0
SRR35878327	PRJNA1348940	Xintaitang 22	Saccharum hybrid cultivar	Saccharum hybrid cultivar (non-R570)	1	Stem	Illumina NovaSeq 6000	IU		PASS	84.89910284643304	18379828	112232	66695	139150	7.2132	43358624	150.0
SRR35878300	PRJNA1348940	Xintaitang 22	Saccharum hybrid cultivar	Saccharum hybrid cultivar (non-R570)	1	Leaf	Illumina NovaSeq 6000	IU		PASS	76.5498486824437	19166101	114687	70527	145174	11.5845	50127710	150.0
SRR35878329	PRJNA1348940	Xintaitang 22	Saccharum hybrid cultivar	Saccharum hybrid cultivar (non-R570)	1	Stem	Illumina NovaSeq 6000	IU		PASS	81.42714343398708	18871032	116660	71129	145920	9.6356	46405136	150.0
SRR35878330	PRJNA1348940	Xintaitang 22	Saccharum hybrid cultivar	Saccharum hybrid cultivar (non-R570)	1	Stem	Illumina NovaSeq 6000	IU		PASS	82.2303270808531	18760498	115793	69970	144181	9.0148	45671372	150.0
SRR35878316	PRJNA1348940	Xintaitang 22	Saccharum hybrid cultivar	Saccharum hybrid cultivar (non-R570)	1	Leaf	Illumina NovaSeq 6000	IU		PASS	77.21190813555346	17161260	116745	73414	146136	11.8869	44492472	150.0
SRR35878328	PRJNA1348940	Xintaitang 22	Saccharum hybrid cultivar	Saccharum hybrid cultivar (non-R570)	1	Stem	Illumina NovaSeq 6000	IU		PASS	83.90547596000621	18402493	113171	67234	139896	7.9725	43920798	150.0
SRR35878314	PRJNA1348940	Xintaitang 22	Saccharum hybrid cultivar	Saccharum hybrid cultivar (non-R570)	1	Leaf	Illumina NovaSeq 6000	IU		PASS	76.85943648152868	17501909	114631	70302	143487	12.7339	45588774	150.0
SRR35878306	PRJNA1348940	Xintaitang 22	Saccharum hybrid cultivar	Saccharum hybrid cultivar (non-R570)	1	Leaf	Illumina NovaSeq 6000	IU		PASS	78.20980828833765	19158320	118683	74871	149841	11.1145	49061546	150.0
SRR35878313	PRJNA1348940	Xintaitang 22	Saccharum hybrid cultivar	Saccharum hybrid cultivar (non-R570)	1	Leaf	Illumina NovaSeq 6000	IU		PASS	79.74423221451116	20873359	114140	67641	142842	10.4776	52398020	150.0
SRR35878301	PRJNA1348940	Xintaitang 22	Saccharum hybrid cultivar	Saccharum hybrid cultivar (non-R570)	1	Leaf	Illumina NovaSeq 6000	IU		PASS	80.41031465079158	19635094	117362	71955	147898	10.1538	48904576	150.0
SRR35878303	PRJNA1348940	Xintaitang 22	Saccharum hybrid cultivar	Saccharum hybrid cultivar (non-R570)	1	Leaf	Illumina NovaSeq 6000	IU		PASS	80.3927752911891	19644580	118007	72771	148430	9.6521	48924336	150.0
SRR35878304	PRJNA1348940	Xintaitang 22	Saccharum hybrid cultivar	Saccharum hybrid cultivar (non-R570)	1	Leaf	Illumina NovaSeq 6000	IU		PASS	79.2409125416835	21216977	119071	72319	150230	10.9944	53610460	150.0
SRR35878305	PRJNA1348940	Xintaitang 22	Saccharum hybrid cultivar	Saccharum hybrid cultivar (non-R570)	1	Leaf	Illumina NovaSeq 6000	IU		PASS	80.30717503023847	19480256	120315	74320	152149	10.1041	48580482	150.0
SRR35878302	PRJNA1348940	Xintaitang 22	Saccharum hybrid cultivar	Saccharum hybrid cultivar (non-R570)	1	Leaf	Illumina NovaSeq 6000	IU		PASS	80.77497106036516	22402498	118662	72138	149907	9.5433	55546438	150.0
SRR35878307	PRJNA1348940	Xintaitang 22	Saccharum hybrid cultivar	Saccharum hybrid cultivar (non-R570)	1	Stem	Illumina NovaSeq 6000	IU		PASS	81.78796940064288	18925813	113505	67680	140591	9.4443	46327042	150.0
SRR35878308	PRJNA1348940	Xintaitang 22	Saccharum hybrid cultivar	Saccharum hybrid cultivar (non-R570)	1	Leaf	Illumina NovaSeq 6000	IU		PASS	80.07136726313087	17348003	114419	70717	142886	10.1886	43381232	150.0
SRR35878309	PRJNA1348940	Xintaitang 22	Saccharum hybrid cultivar	Saccharum hybrid cultivar (non-R570)	1	Leaf	Illumina NovaSeq 6000	IU		PASS	79.60018720866053	19916134	114549	69112	143080	10.3735	50097084	150.0
SRR35878310	PRJNA1348940	Xintaitang 22	Saccharum hybrid cultivar	Saccharum hybrid cultivar (non-R570)	1	Leaf	Illumina NovaSeq 6000	IU		PASS	79.09327962527546	19210451	113271	67225	141102	11.1126	48619536	150.0
SRR35878311	PRJNA1348940	Xintaitang 22	Saccharum hybrid cultivar	Saccharum hybrid cultivar (non-R570)	1	Leaf	Illumina NovaSeq 6000	IU		PASS	80.71117782751153	19558408	115320	69376	144503	9.5323	48509024	150.0
SRR35878312	PRJNA1348940	Xintaitang 22	Saccharum hybrid cultivar	Saccharum hybrid cultivar (non-R570)	1	Leaf	Illumina NovaSeq 6000	IU		PASS	79.76940940364861	18412679	112249	66419	139434	10.6343	46206606	150.0
SRR31918793	PRJNA1207606	Zhongzhe No.9	Saccharum hybrid cultivar	Saccharum hybrid cultivar (non-R570)	1	Axillary Bud	Illumina HiSeq 2500	IU		PASS	86.92485272290268	21067947	128685	77172	159103	6.1089	48484882	150.0
SRR31918807	PRJNA1207606	Zhongzhe No.2	Saccharum hybrid cultivar	Saccharum hybrid cultivar (non-R570)	1	Sett Root	Illumina HiSeq 2500	IU		PASS	84.62042655166628	21602714	127120	73671	155252	7.4819	51068076	150.0
SRR31918778	PRJNA1207606	Zhongzhe No.9	Saccharum hybrid cultivar	Saccharum hybrid cultivar (non-R570)	1	Sett Root	Illumina HiSeq 2500	IU		PASS	82.84730216558681	16727292	129054	79590	157855	7.2262	40387284	150.0
SRR31918777	PRJNA1207606	Zhongzhe No.9	Saccharum hybrid cultivar	Saccharum hybrid cultivar (non-R570)	1	Sett Root	Illumina HiSeq 2500	IU		PASS	84.52830889858183	16831746	128242	78742	156921	7.4249	39831254	150.0
SRR31918805	PRJNA1207606	Zhongzhe No.9	Saccharum hybrid cultivar	Saccharum hybrid cultivar (non-R570)	1	Axillary Bud	Illumina HiSeq 2500	IU		PASS	82.99772778367573	17329240	123765	79636	152573	7.6239	41767218	150.0
SRR31918806	PRJNA1207606	Zhongzhe No.2	Saccharum hybrid cultivar	Saccharum hybrid cultivar (non-R570)	1	Axillary Bud	Illumina HiSeq 2500	IU		PASS	83.61697271842819	16860906	126037	78667	154822	7.3496	40337336	150.0
SRR31918801	PRJNA1207606	Zhongzhe No.9	Saccharum hybrid cultivar	Saccharum hybrid cultivar (non-R570)	1	Axillary Bud	Illumina HiSeq 2500	IU		PASS	86.6675969017996	20770121	120235	72153	146690	6.6292	47937244	150.0
SRR31918804	PRJNA1207606	Zhongzhe No.9	Saccharum hybrid cultivar	Saccharum hybrid cultivar (non-R570)	1	Axillary Bud	Illumina HiSeq 2500	IU		PASS	82.22734325718847	16322968	125405	82786	153803	8.1914	39711328	150.0
SRR31918826	PRJNA1207606	Zhongzhe No.2	Saccharum hybrid cultivar	Saccharum hybrid cultivar (non-R570)	1	Axillary Bud	Illumina HiSeq 2500	IU		PASS	85.50077935077395	19246570	126362	77301	155643	6.628	45030664	150.0
SRR31918770	PRJNA1207606	Zhongzhe No.2	Saccharum hybrid cultivar	Saccharum hybrid cultivar (non-R570)	1	Axillary Bud	Illumina HiSeq 2500	IU		PASS	85.49989929367712	20342095	127298	76318	156823	6.9806	47594736	150.0
SRR31918782	PRJNA1207606	Zhongzhe No.9	Saccharum hybrid cultivar	Saccharum hybrid cultivar (non-R570)	1	Sett Root	Illumina HiSeq 2500	IU		PASS	85.05530112223761	19911611	130436	80201	160666	7.1511	46828276	150.0
SRR31918783	PRJNA1207606	Zhongzhe No.9	Saccharum hybrid cultivar	Saccharum hybrid cultivar (non-R570)	1	Sett Root	Illumina HiSeq 2500	IU		PASS	81.99734478962638	19048435	124705	76266	152914	7.5688	46469604	150.0
SRR31918785	PRJNA1207606	Zhongzhe No.9	Saccharum hybrid cultivar	Saccharum hybrid cultivar (non-R570)	1	Sett Root	Illumina HiSeq 2500	IU		PASS	84.8839639035612	20656634	127612	78019	158932	7.2647	48678142	150.0
SRR31918784	PRJNA1207606	Zhongzhe No.2	Saccharum hybrid cultivar	Saccharum hybrid cultivar (non-R570)	1	Axillary Bud	Illumina HiSeq 2500	IU		PASS	81.44993307482605	19644687	124561	77560	153415	7.9074	48250072	150.0
SRR31918786	PRJNA1207606	Zhongzhe No.9	Saccharum hybrid cultivar	Saccharum hybrid cultivar (non-R570)	1	Sett Root	Illumina HiSeq 2500	IU		PASS	83.32186374809031	20698035	126376	78262	155377	7.4057	49691916	150.0
SRR31918787	PRJNA1207606	Zhongzhe No.9	Saccharum hybrid cultivar	Saccharum hybrid cultivar (non-R570)	1	Sett Root	Illumina HiSeq 2500	IU		PASS	83.48379450517317	20375580	128737	81596	158683	7.6893	48822216	150.0
SRR31918791	PRJNA1207606	Zhongzhe No.9	Saccharum hybrid cultivar	Saccharum hybrid cultivar (non-R570)	1	Axillary Bud	Illumina HiSeq 2500	IU		PASS	85.26822058768136	17362275	128683	81210	157995	6.7136	40732894	150.0
SRR31918825	PRJNA1207606	Zhongzhe No.2	Saccharum hybrid cultivar	Saccharum hybrid cultivar (non-R570)	1	Axillary Bud	Illumina HiSeq 2500	IU		PASS	84.01407056600544	17009687	128502	81207	158075	7.317	40501300	150.0
SRR31918823	PRJNA1207606	Zhongzhe No.2	Saccharum hybrid cultivar	Saccharum hybrid cultivar (non-R570)	1	Axillary Bud	Illumina HiSeq 2500	IU		PASS	84.78476877580574	17998176	127431	80556	156917	6.9116	42466682	150.0
SRR31918824	PRJNA1207606	Zhongzhe No.2	Saccharum hybrid cultivar	Saccharum hybrid cultivar (non-R570)	1	Axillary Bud	Illumina HiSeq 2500	IU		PASS	84.01707047045058	18825605	128779	79856	159669	7.3239	44823288	150.0
SRR31918818	PRJNA1207606	Zhongzhe No.2	Saccharum hybrid cultivar	Saccharum hybrid cultivar (non-R570)	1	Sett Root	Illumina HiSeq 2500	IU		PASS	84.05092669979703	18680089	126134	78919	154375	7.4202	44458186	150.0
SRR31918817	PRJNA1207606	Zhongzhe No.2	Saccharum hybrid cultivar	Saccharum hybrid cultivar (non-R570)	1	Axillary Bud	Illumina HiSeq 2500	IU		PASS	85.43846773079241	19403481	122761	71808	149923	7.2073	45431038	150.0
SRR31918816	PRJNA1207606	Zhongzhe No.2	Saccharum hybrid cultivar	Saccharum hybrid cultivar (non-R570)	1	Sett Root	Illumina HiSeq 2500	IU		PASS	82.63301237881645	18441273	124279	75850	151611	7.7935	44644434	150.0
SRR31918822	PRJNA1207606	Zhongzhe No.2	Saccharum hybrid cultivar	Saccharum hybrid cultivar (non-R570)	1	Sett Root	Illumina HiSeq 2500	IU		PASS	84.4857534108766	18593421	125542	77450	154533	7.3282	44023338	150.0
SRR31918798	PRJNA1207606	Zhongzhe No.9	Saccharum hybrid cultivar	Saccharum hybrid cultivar (non-R570)	1	Axillary Bud	Illumina HiSeq 2500	IU		PASS	86.30608894375159	18831400	125718	77369	154603	6.4778	43648202	150.0
SRR31918799	PRJNA1207606	Zhongzhe No.9	Saccharum hybrid cultivar	Saccharum hybrid cultivar (non-R570)	1	Axillary Bud	Illumina HiSeq 2500	IU		PASS	85.79438910258138	17345279	124158	77246	152605	6.5968	40442636	150.0
SRR31918800	PRJNA1207606	Zhongzhe No.9	Saccharum hybrid cultivar	Saccharum hybrid cultivar (non-R570)	1	Axillary Bud	Illumina HiSeq 2500	IU		PASS	81.83420885092734	17433779	123083	77755	150814	7.6943	42616076	150.0
SRR31918808	PRJNA1207606	Zhongzhe No.2	Saccharum hybrid cultivar	Saccharum hybrid cultivar (non-R570)	1	Sett Root	Illumina HiSeq 2500	IU		PASS	83.35004377785992	18550004	128669	77360	158062	7.5603	44519338	150.0
SRR31918809	PRJNA1207606	Zhongzhe No.2	Saccharum hybrid cultivar	Saccharum hybrid cultivar (non-R570)	1	Sett Root	Illumina HiSeq 2500	IU		PASS	83.56227685089424	21296483	131272	79613	162328	7.7525	50981116	150.0
SRR31918812	PRJNA1207606	Zhongzhe No.2	Saccharum hybrid cultivar	Saccharum hybrid cultivar (non-R570)	1	Sett Root	Illumina HiSeq 2500	IU		PASS	82.30478957497797	16883207	128424	79958	156982	7.8349	41036322	150.0
SRR31918813	PRJNA1207606	Zhongzhe No.2	Saccharum hybrid cultivar	Saccharum hybrid cultivar (non-R570)	1	Sett Root	Illumina HiSeq 2500	IU		PASS	84.93178644422278	20156832	128691	76195	157604	7.1211	47474338	150.0
SRR31918814	PRJNA1207606	Zhongzhe No.2	Saccharum hybrid cultivar	Saccharum hybrid cultivar (non-R570)	1	Sett Root	Illumina HiSeq 2500	IU		PASS	84.54581773587472	26747166	132055	79060	165354	7.4664	63283348	150.0
SRR31918815	PRJNA1207606	Zhongzhe No.2	Saccharum hybrid cultivar	Saccharum hybrid cultivar (non-R570)	1	Sett Root	Illumina HiSeq 2500	IU		PASS	85.6639438265487	17602043	127182	76674	155152	6.7509	41101892	150.0
SRR31918796	PRJNA1207606	Zhongzhe No.9	Saccharum hybrid cultivar	Saccharum hybrid cultivar (non-R570)	1	Axillary Bud	Illumina HiSeq 2500	IU		PASS	86.08006055398944	19649127	127202	77692	157804	6.6418	45662516	150.0
SRR31918797	PRJNA1207606	Zhongzhe No.9	Saccharum hybrid cultivar	Saccharum hybrid cultivar (non-R570)	1	Axillary Bud	Illumina HiSeq 2500	IU		PASS	85.88711968964911	17092692	126105	77418	153969	6.4667	39811914	150.0
SRR31918775	PRJNA1207606	Zhongzhe No.9	Saccharum hybrid cultivar	Saccharum hybrid cultivar (non-R570)	1	Sett Root	Illumina HiSeq 2500	IU		PASS	83.6598512835869	17654162	129146	77728	157257	7.0102	42211972	150.0
SRR31918774	PRJNA1207606	Zhongzhe No.9	Saccharum hybrid cultivar	Saccharum hybrid cultivar (non-R570)	1	Sett Root	Illumina HiSeq 2500	IU		PASS	84.56422971897514	19044618	129974	78427	158669	7.3481	45050680	150.0
SRR31918802	PRJNA1207606	Zhongzhe No.9	Saccharum hybrid cultivar	Saccharum hybrid cultivar (non-R570)	1	Axillary Bud	Illumina HiSeq 2500	IU		PASS	83.7307741501387	19292231	121056	76463	149486	7.8101	46088254	150.0
SRR31918803	PRJNA1207606	Zhongzhe No.9	Saccharum hybrid cultivar	Saccharum hybrid cultivar (non-R570)	1	Axillary Bud	Illumina HiSeq 2500	IU		PASS	83.81867590488137	17413459	126950	81756	156316	7.5142	41560142	150.0
SRR31918779	PRJNA1207606	Zhongzhe No.9	Saccharum hybrid cultivar	Saccharum hybrid cultivar (non-R570)	1	Sett Root	Illumina HiSeq 2500	IU		PASS	84.46329642358748	17053572	128792	79694	157311	7.4752	40388460	150.0
SRR31918821	PRJNA1207606	Zhongzhe No.2	Saccharum hybrid cultivar	Saccharum hybrid cultivar (non-R570)	1	Sett Root	Illumina HiSeq 2500	IU		PASS	84.76070081733408	18641910	126394	77057	155668	7.5008	43996532	150.0
SRR31918827	PRJNA1207606	Zhongzhe No.2	Saccharum hybrid cultivar	Saccharum hybrid cultivar (non-R570)	1	Axillary Bud	Illumina HiSeq 2500	IU		PASS	86.73848957800104	21392292	127277	75017	157073	6.3069	49337568	150.0
SRR31918811	PRJNA1207606	Zhongzhe No.2	Saccharum hybrid cultivar	Saccharum hybrid cultivar (non-R570)	1	Sett Root	Illumina HiSeq 2500	IU		PASS	81.9719371933363	16564562	127844	79338	156476	7.8451	40421870	150.0
SRR31918810	PRJNA1207606	Zhongzhe No.2	Saccharum hybrid cultivar	Saccharum hybrid cultivar (non-R570)	1	Sett Root	Illumina HiSeq 2500	IU		PASS	82.86942940032569	19919696	130050	79347	160103	7.8649	48085602	150.0
SRR31918795	PRJNA1207606	Zhongzhe No.2	Saccharum hybrid cultivar	Saccharum hybrid cultivar (non-R570)	1	Axillary Bud	Illumina HiSeq 2500	IU		PASS	82.38414424831524	18239520	126382	79722	155039	8.2731	44289892	150.0
SRR31918773	PRJNA1207606	Zhongzhe No.2	Saccharum hybrid cultivar	Saccharum hybrid cultivar (non-R570)	1	Axillary Bud	Illumina HiSeq 2500	IU		PASS	85.55330079266767	22076717	126420	76047	157897	6.8368	51619418	150.0
SRR31918828	PRJNA1207606	Zhongzhe No.2	Saccharum hybrid cultivar	Saccharum hybrid cultivar (non-R570)	1	Axillary Bud	Illumina HiSeq 2500	IU		PASS	85.28893513849391	19936779	127452	77247	157438	6.5528	46761426	150.0
SRR31918829	PRJNA1207606	Zhongzhe No.2	Saccharum hybrid cultivar	Saccharum hybrid cultivar (non-R570)	1	Axillary Bud	Illumina HiSeq 2500	IU		PASS	85.25765692254654	19940077	128303	79100	158722	6.7952	46784564	150.0
SRR31918776	PRJNA1207606	Zhongzhe No.9	Saccharum hybrid cultivar	Saccharum hybrid cultivar (non-R570)	1	Sett Root	Illumina HiSeq 2500	IU		PASS	84.77531067231793	19691482	128774	76178	157334	6.9217	46462924	150.0
SRR31918794	PRJNA1207606	Zhongzhe No.9	Saccharum hybrid cultivar	Saccharum hybrid cultivar (non-R570)	1	Axillary Bud	Illumina HiSeq 2500	IU		PASS	84.9415961659167	19725518	127856	77789	158403	7.1051	46455800	150.0
SRR31918780	PRJNA1207606	Zhongzhe No.9	Saccharum hybrid cultivar	Saccharum hybrid cultivar (non-R570)	1	Sett Root	Illumina HiSeq 2500	IU		PASS	84.96251895273488	19457868	129513	79177	159406	7.2691	45811900	150.0
SRR31918781	PRJNA1207606	Zhongzhe No.9	Saccharum hybrid cultivar	Saccharum hybrid cultivar (non-R570)	1	Sett Root	Illumina HiSeq 2500	IU		PASS	84.94457588621336	17346136	127833	79864	156616	7.0766	40848596	150.0
SRR31918819	PRJNA1207606	Zhongzhe No.2	Saccharum hybrid cultivar	Saccharum hybrid cultivar (non-R570)	1	Sett Root	Illumina HiSeq 2500	IU		PASS	84.30773975337239	18376209	126965	79088	155950	6.9442	43603244	150.0
SRR31918820	PRJNA1207606	Zhongzhe No.2	Saccharum hybrid cultivar	Saccharum hybrid cultivar (non-R570)	1	Sett Root	Illumina HiSeq 2500	IU		PASS	84.35564006236129	17983773	126478	79134	155251	7.4982	42646036	150.0
SRR31918771	PRJNA1207606	Zhongzhe No.2	Saccharum hybrid cultivar	Saccharum hybrid cultivar (non-R570)	1	Axillary Bud	Illumina HiSeq 2500	IU		PASS	84.61008139389227	19203044	125243	77224	154683	7.1107	45404578	150.0
SRR31918772	PRJNA1207606	Zhongzhe No.2	Saccharum hybrid cultivar	Saccharum hybrid cultivar (non-R570)	1	Axillary Bud	Illumina HiSeq 2500	IU		PASS	85.34794306620937	17715932	126933	76480	155843	6.9718	41523832	150.0
SRR31918790	PRJNA1207606	Zhongzhe No.9	Saccharum hybrid cultivar	Saccharum hybrid cultivar (non-R570)	1	Axillary Bud	Illumina HiSeq 2500	IU		PASS	84.41047531632486	20748121	126606	77256	155513	6.9653	49171722	150.0
SRR31918789	PRJNA1207606	Zhongzhe No.9	Saccharum hybrid cultivar	Saccharum hybrid cultivar (non-R570)	1	Sett Root	Illumina HiSeq 2500	IU		PASS	83.61425962075184	19718995	127647	79791	158505	7.3337	47174632	150.0
SRR31918788	PRJNA1207606	Zhongzhe No.9	Saccharum hybrid cultivar	Saccharum hybrid cultivar (non-R570)	1	Sett Root	Illumina HiSeq 2500	IU		PASS	82.87316842373265	18657790	125225	78911	154013	7.7762	45037062	150.0
SRR31918792	PRJNA1207606	Zhongzhe No.9	Saccharum hybrid cultivar	Saccharum hybrid cultivar (non-R570)	1	Axillary Bud	Illumina HiSeq 2500	IU		PASS	85.4057119005598	18689314	128091	79846	157621	6.8469	43774742	150.0
SRR4014662	PRJNA335885	10-9202	Saccharum officinarum x Saccharum spontaneum	Saccharum hybrid cultivar (non-R570)	1	Stem	Illumina HiSeq 2000	ISF		PASS	79.28233301167255	2923230	81174	60010	89014	9.8407	7625740	151.0
SRR4014663	PRJNA335885	LA-Purple	Saccharum officinarum	Saccharum officinarum	2	Stem	Illumina HiSeq 2000	ISF		PASS	76.3935464811402	1574814	62791	52339	68049	10.3875	4281066	151.0
SRR4014664	PRJNA335885	US56-14-4	Saccharum spontaneum	Saccharum spontaneum	3	Stem	Illumina HiSeq 2000	ISF		PASS	78.06148201543283	1408895	63717	51910	67772	8.2903	3863894	151.0
SRR4014634	PRJNA335885	US56-14-4	Saccharum spontaneum	Saccharum spontaneum	3	Leaf	Illumina HiSeq 2000	ISF		PASS	70.30426785547277	3427828	74155	51310	82022	13.8037	10073532	151.0
SRR4014633	PRJNA335885	LA-Purple	Saccharum officinarum	Saccharum officinarum	2	Leaf	Illumina HiSeq 2000	ISF		PASS	73.8639769257636	1311189	62010	52556	66701	10.5049	3715000	151.0
SRR4014632	PRJNA335885	10-9202	Saccharum officinarum x Saccharum spontaneum	Saccharum hybrid cultivar (non-R570)	1	Leaf	Illumina HiSeq 2000	ISR		PASS	82.12126743656756	9186535	90775	54655	106470	7.9313	23324706	151.0
SRR31094553	PRJNA1176579	RB937570	Saccharum hybrid cultivar	Saccharum hybrid cultivar (non-R570)	1	Leaf	Illumina HiSeq 2500	ISR		PASS	75.75407894806636	48128364	120473	62088	155636	11.7874	130021430	101.0
SRR31094546	PRJNA1176579	RB975375	Saccharum hybrid cultivar	Saccharum hybrid cultivar (non-R570)	1	Leaf Base	Illumina HiSeq 2500	ISR		PASS	82.88127876033681	32903929	119128	65193	152047	8.1118	80937282	101.0
SRR31094541	PRJNA1176579	RB975375	Saccharum hybrid cultivar	Saccharum hybrid cultivar (non-R570)	1	Leaf Apex	Illumina HiSeq 2500	ISR		PASS	84.01245878602724	26071215	117304	67612	148130	7.2247	63222000	101.0
SRR31094542	PRJNA1176579	RB975375	Saccharum hybrid cultivar	Saccharum hybrid cultivar (non-R570)	1	Leaf	Illumina HiSeq 2500	ISR		PASS	82.08585696934672	38454021	121497	68768	156658	8.3048	101425982	101.0
SRR31094543	PRJNA1176579	RB975375	Saccharum hybrid cultivar	Saccharum hybrid cultivar (non-R570)	1	Leaf Base	Illumina HiSeq 2500	ISR		PASS	84.41401746995162	21849520	119640	71794	150494	7.1297	52718776	101.0
SRR31094544	PRJNA1176579	RB975375	Saccharum hybrid cultivar	Saccharum hybrid cultivar (non-R570)	1	Leaf Base	Illumina HiSeq 2500	ISR		PASS	84.94034082550004	15617436	118970	74605	147136	7.0879	37495276	101.0
SRR31094545	PRJNA1176579	RB975375	Saccharum hybrid cultivar	Saccharum hybrid cultivar (non-R570)	1	Leaf	Illumina HiSeq 2500	ISR		PASS	84.73127994609474	23694783	117454	70521	148496	7.0711	56858196	101.0
SRR31094549	PRJNA1176579	RB975375	Saccharum hybrid cultivar	Saccharum hybrid cultivar (non-R570)	1	Leaf Apex	Illumina HiSeq 2500	ISR		PASS	82.5298308999056	16236210	113021	68496	139285	7.9005	40123752	101.0
SRR31094547	PRJNA1176579	RB975375	Saccharum hybrid cultivar	Saccharum hybrid cultivar (non-R570)	1	Leaf Base	Illumina HiSeq 2500	ISR		PASS	83.9513399210656	31204797	128629	77903	164088	7.3924	76050404	101.0
SRR31094548	PRJNA1176579	RB975375	Saccharum hybrid cultivar	Saccharum hybrid cultivar (non-R570)	1	Leaf Apex	Illumina HiSeq 2500	ISR		PASS	83.74195033963233	83500359	128124	65809	168432	7.3886	203407818	101.0
SRR31094552	PRJNA1176579	RB937570	Saccharum hybrid cultivar	Saccharum hybrid cultivar (non-R570)	1	Leaf Apex	Illumina HiSeq 2500	ISR		PASS	32.17214275400472	29644733	114330	26437	141389	34.7768	186897352	101.0
SRR31094550	PRJNA1176579	RB975375	Saccharum hybrid cultivar	Saccharum hybrid cultivar (non-R570)	1	Leaf Base	Illumina HiSeq 2500	ISR		PASS	55.89523918338969	8624788	108657	54023	128332	21.3502	31369362	101.0
SRR31094551	PRJNA1176579	RB975375	Saccharum hybrid cultivar	Saccharum hybrid cultivar (non-R570)	1	Leaf	Illumina HiSeq 2500	ISR		PASS	71.53900514439891	13229935	108063	59775	130677	13.7151	37697350	101.0
SRR31094539	PRJNA1176579	RB975375	Saccharum hybrid cultivar	Saccharum hybrid cultivar (non-R570)	1	Leaf	Illumina HiSeq 2500	ISR		PASS	82.75969888576651	11111318	105873	66665	128405	8.0198	27344196	101.0
SRR31094540	PRJNA1176579	RB975375	Saccharum hybrid cultivar	Saccharum hybrid cultivar (non-R570)	1	Leaf	Illumina HiSeq 2500	ISR		PASS	84.86987180812017	15974091	111575	69618	138203	6.5641	38388578	101.0
SRR31094529	PRJNA1176579	RB937570	Saccharum hybrid cultivar	Saccharum hybrid cultivar (non-R570)	1	Leaf Base	Illumina HiSeq 2500	ISR		PASS	73.53343764635073	35742801	123590	62479	157312	12.8773	99239438	101.0
SRR31094538	PRJNA1176579	RB975375	Saccharum hybrid cultivar	Saccharum hybrid cultivar (non-R570)	1	Leaf Base	Illumina HiSeq 2500	ISR		PASS	83.23385282742416	21675442	121966	75574	153858	7.542	53123880	101.0
SRR31094537	PRJNA1176579	RB975375	Saccharum hybrid cultivar	Saccharum hybrid cultivar (non-R570)	1	Leaf Base	Illumina HiSeq 2500	ISR		PASS	82.5426435601479	19267472	117041	72834	146779	7.9246	47524668	101.0
SRR31094525	PRJNA1176579	RB975375	Saccharum hybrid cultivar	Saccharum hybrid cultivar (non-R570)	1	Leaf Base	Illumina HiSeq 2500	ISR		PASS	77.28868558578384	12284899	107209	60244	128927	11.0211	32361382	101.0
SRR31094526	PRJNA1176579	RB975375	Saccharum hybrid cultivar	Saccharum hybrid cultivar (non-R570)	1	Leaf Base	Illumina HiSeq 2500	ISR		PASS	70.18985124446596	15170447	116613	64864	142614	15.0767	44108138	101.0
SRR31094527	PRJNA1176579	RB975375	Saccharum hybrid cultivar	Saccharum hybrid cultivar (non-R570)	1	Leaf Apex	Illumina HiSeq 2500	ISR		PASS	81.95351672193479	40094623	123904	71125	159804	8.0214	99649314	101.0
SRR31094528	PRJNA1176579	RB975375	Saccharum hybrid cultivar	Saccharum hybrid cultivar (non-R570)	1	Leaf	Illumina HiSeq 2500	ISR		PASS	83.67590689028724	13547864	105187	64170	128034	7.3233	32911416	101.0
SRR31094530	PRJNA1176579	RB937570	Saccharum hybrid cultivar	Saccharum hybrid cultivar (non-R570)	1	Leaf Base	Illumina HiSeq 2500	ISR		PASS	78.27437759070538	41277359	131100	69433	168338	10.509	108722418	101.0
SRR31094531	PRJNA1176579	RB937570	Saccharum hybrid cultivar	Saccharum hybrid cultivar (non-R570)	1	Leaf Apex	Illumina HiSeq 2500	ISR		PASS	79.95730919027797	30339749	124005	67000	156293	9.9555	78024042	101.0
SRR31094532	PRJNA1176579	RB975375	Saccharum hybrid cultivar	Saccharum hybrid cultivar (non-R570)	1	Leaf Apex	Illumina HiSeq 2500	ISR		PASS	82.13514723259715	11793463	111345	71188	135128	8.1925	29209110	101.0
SRR31094533	PRJNA1176579	RB937570	Saccharum hybrid cultivar	Saccharum hybrid cultivar (non-R570)	1	Leaf	Illumina HiSeq 2500	ISR		PASS	69.27301607888408	41084076	120493	56407	153532	15.4123	120978356	101.0
SRR31094534	PRJNA1176579	RB937570	Saccharum hybrid cultivar	Saccharum hybrid cultivar (non-R570)	1	Leaf Base	Illumina HiSeq 2500	ISR		PASS	37.399030629980786	31288918	110387	29185	132826	33.2718	170606436	101.0
SRR31094535	PRJNA1176579	RB937570	Saccharum hybrid cultivar	Saccharum hybrid cultivar (non-R570)	1	Leaf Base	Illumina HiSeq 2500	ISR		PASS	59.60242258538021	31910935	128372	60376	162576	20.2935	109256600	101.0
SRR31094555	PRJNA1176579	RB937570	Saccharum hybrid cultivar	Saccharum hybrid cultivar (non-R570)	1	Leaf Base	Illumina HiSeq 2500	ISR		PASS	77.27345313160886	41460535	131213	74311	169999	10.9987	109202004	101.0
SRR31094536	PRJNA1176579	RB975375	Saccharum hybrid cultivar	Saccharum hybrid cultivar (non-R570)	1	Leaf Apex	Illumina HiSeq 2500	ISR		PASS	76.44156251258883	16148183	109524	63290	135305	10.8936	43006392	101.0
SRR31094554	PRJNA1176579	RB937570	Saccharum hybrid cultivar	Saccharum hybrid cultivar (non-R570)	1	Leaf Base	Illumina HiSeq 2500	ISR		PASS	76.6967444801278	43237193	123191	64187	159011	11.5143	115305102	101.0
SRR31094557	PRJNA1176579	RB937570	Saccharum hybrid cultivar	Saccharum hybrid cultivar (non-R570)	1	Leaf	Illumina HiSeq 2500	ISR		PASS	84.0537629504729	43901235	122984	67948	159297	7.424	106537496	101.0
SRR31094556	PRJNA1176579	RB937570	Saccharum hybrid cultivar	Saccharum hybrid cultivar (non-R570)	1	Leaf Apex	Illumina HiSeq 2500	ISR		PASS	79.74971040997491	63717284	126141	63277	163844	9.8121	162874754	101.0
SRR31094565	PRJNA1176579	RB937570	Saccharum hybrid cultivar	Saccharum hybrid cultivar (non-R570)	1	Leaf Apex	Illumina HiSeq 2500	ISR		PASS	61.05320765673389	33179812	124484	59625	159238	20.5865	114165732	101.0
SRR31094572	PRJNA1176579	RB975375	Saccharum hybrid cultivar	Saccharum hybrid cultivar (non-R570)	1	Leaf Base	Illumina HiSeq 2500	ISR		PASS	58.78283188311809	8277421	105218	53812	122746	21.5906	28654856	101.0
SRR31094571	PRJNA1176579	RB975375	Saccharum hybrid cultivar	Saccharum hybrid cultivar (non-R570)	1	Leaf Base	Illumina HiSeq 2500	ISR		PASS	61.51037060048685	9711937	104726	55093	124842	19.0691	32134802	101.0
SRR31094570	PRJNA1176579	RB937570	Saccharum hybrid cultivar	Saccharum hybrid cultivar (non-R570)	1	Leaf	Illumina HiSeq 2500	ISR		PASS	71.45622780364461	33565797	120191	61732	152670	14.2289	95585320	101.0
SRR31094569	PRJNA1176579	RB937570	Saccharum hybrid cultivar	Saccharum hybrid cultivar (non-R570)	1	Leaf Apex	Illumina HiSeq 2500	ISR		PASS	63.92559108862387	19758752	118326	65359	148137	18.1297	62854390	101.0
SRR31094567	PRJNA1176579	RB937570	Saccharum hybrid cultivar	Saccharum hybrid cultivar (non-R570)	1	Leaf Base	Illumina HiSeq 2500	ISR		PASS	62.09646005470656	40565806	123535	55894	157210	19.6333	133117954	101.0
SRR31094566	PRJNA1176579	RB937570	Saccharum hybrid cultivar	Saccharum hybrid cultivar (non-R570)	1	Leaf	Illumina HiSeq 2500	ISR		PASS	79.96465518475809	53554088	124790	63771	160506	9.863	136491486	101.0
SRR31094568	PRJNA1176579	RB937570	Saccharum hybrid cultivar	Saccharum hybrid cultivar (non-R570)	1	Leaf Base	Illumina HiSeq 2500	ISR		PASS	55.33926757360008	7093099	107502	60659	126634	22.7605	26138662	101.0
SRR31094564	PRJNA1176579	RB937570	Saccharum hybrid cultivar	Saccharum hybrid cultivar (non-R570)	1	Leaf Base	Illumina HiSeq 2500	ISR		PASS	82.8465104930637	43217540	128921	74736	168440	7.8823	106324886	101.0
SRR31094563	PRJNA1176579	RB937570	Saccharum hybrid cultivar	Saccharum hybrid cultivar (non-R570)	1	Leaf Base	Illumina HiSeq 2500	ISR		PASS	83.89936358161478	45102515	124865	69860	162324	7.482	109494248	101.0
SRR31094562	PRJNA1176579	RB937570	Saccharum hybrid cultivar	Saccharum hybrid cultivar (non-R570)	1	Leaf	Illumina HiSeq 2500	ISR		PASS	86.61750348215325	54265393	124004	66156	160009	6.37	127593138	101.0
SRR31094561	PRJNA1176579	RB937570	Saccharum hybrid cultivar	Saccharum hybrid cultivar (non-R570)	1	Leaf Apex	Illumina HiSeq 2500	ISR		PASS	81.30740437965689	35790499	116868	61913	148606	9.0543	89839208	101.0
SRR31094560	PRJNA1176579	RB975375	Saccharum hybrid cultivar	Saccharum hybrid cultivar (non-R570)	1	Leaf Base	Illumina HiSeq 2500	ISR		PASS	77.95878104137624	21634392	123661	69513	154206	10.7265	56650762	101.0
SRR31094559	PRJNA1176579	RB937570	Saccharum hybrid cultivar	Saccharum hybrid cultivar (non-R570)	1	Leaf Base	Illumina HiSeq 2500	ISR		PASS	85.17205330912182	34416595	126512	75093	162953	6.7304	82533928	101.0
SRR31094558	PRJNA1176579	RB937570	Saccharum hybrid cultivar	Saccharum hybrid cultivar (non-R570)	1	Leaf Base	Illumina HiSeq 2500	ISR		PASS	84.83877833061015	33927556	121296	68408	155452	7.0732	81576756	101.0
SRR28212579	PRJNA1083323	ZZ9	Saccharum officinarum x Saccharum spontaneum	Saccharum hybrid cultivar (non-R570)	1	Root	Illumina NovaSeq 6000	IU		PASS	84.3208724833304	16625823	128274	79180	156535	7.5161	39436014	150.0
SRR28212578	PRJNA1083323	ZZ9	Saccharum officinarum x Saccharum spontaneum	Saccharum hybrid cultivar (non-R570)	1	Root	Illumina NovaSeq 6000	IU		PASS	82.72417405229491	16439541	128704	79069	157306	7.2507	39746746	150.0
SRR28212604	PRJNA1083323	ZZ1	Saccharum officinarum x Saccharum spontaneum	Saccharum hybrid cultivar (non-R570)	1	Leaf	Illumina NovaSeq 6000	IU		PASS	78.13129212670462	44764405	134082	81402	171640	10.4487	114593184	150.0
SRR28212603	PRJNA1083323	ZZ1	Saccharum officinarum x Saccharum spontaneum	Saccharum hybrid cultivar (non-R570)	1	Leaf	Illumina NovaSeq 6000	IU		PASS	79.39984369594704	25837045	132741	84374	167932	9.4546	65083796	150.0
SRR28212602	PRJNA1083323	ZZ9	Saccharum officinarum x Saccharum spontaneum	Saccharum hybrid cultivar (non-R570)	1	Bud	Illumina NovaSeq 6000	IU		PASS	82.82594673042752	16851787	123318	79307	151912	7.6668	40693928	150.0
SRR28212601	PRJNA1083323	ZZ9	Saccharum officinarum x Saccharum spontaneum	Saccharum hybrid cultivar (non-R570)	1	Bud	Illumina NovaSeq 6000	IU		PASS	82.04756910117752	15874064	124891	82519	153000	8.235	38696492	150.0
SRR28212600	PRJNA1083323	ZZ9	Saccharum officinarum x Saccharum spontaneum	Saccharum hybrid cultivar (non-R570)	1	Bud	Illumina NovaSeq 6000	IU		PASS	83.62947284348625	16803629	126306	81358	155287	7.5754	40187550	150.0
SRR28212565	PRJNA1083323	ZZ1	Saccharum officinarum x Saccharum spontaneum	Saccharum hybrid cultivar (non-R570)	1	Leaf	Illumina NovaSeq 6000	IU		PASS	77.84598476041307	26005861	133375	83333	168145	11.145	66816598	150.0
SRR28212581	PRJNA1083323	ZZ1	Saccharum officinarum x Saccharum spontaneum	Saccharum hybrid cultivar (non-R570)	1	Leaf	Illumina NovaSeq 6000	IU		PASS	78.973074204947	25701787	130666	83925	164952	10.2164	65093346	150.0
SRR28212580	PRJNA1083323	ZZ9	Saccharum officinarum x Saccharum spontaneum	Saccharum hybrid cultivar (non-R570)	1	Bud	Illumina NovaSeq 6000	IU		PASS	86.7615342234614	20514429	128239	76679	158347	6.1413	47291086	150.0
SRR28212577	PRJNA1083323	ZZ9	Saccharum officinarum x Saccharum spontaneum	Saccharum hybrid cultivar (non-R570)	1	Root	Illumina NovaSeq 6000	IU		PASS	84.4128976494986	16559750	127930	78278	156450	7.4479	39236560	150.0
SRR28212576	PRJNA1083323	ZZ9	Saccharum officinarum x Saccharum spontaneum	Saccharum hybrid cultivar (non-R570)	1	Bud	Illumina NovaSeq 6000	IU		PASS	85.23657065723363	18137951	127529	79342	156758	6.8909	42560726	150.0
SRR28212575	PRJNA1083323	ZZ9	Saccharum officinarum x Saccharum spontaneum	Saccharum hybrid cultivar (non-R570)	1	Bud	Illumina NovaSeq 6000	IU		PASS	85.09146961881594	16796914	128120	80786	157139	6.7612	39481288	150.0
SRR28212574	PRJNA1083323	ZZ9	Saccharum officinarum x Saccharum spontaneum	Saccharum hybrid cultivar (non-R570)	1	Bud	Illumina NovaSeq 6000	IU		PASS	84.22158908006998	19850076	125920	76880	154420	7.0282	47139606	150.0
SRR28212573	PRJNA1083323	ZZ9	Saccharum officinarum x Saccharum spontaneum	Saccharum hybrid cultivar (non-R570)	1	Root	Illumina NovaSeq 6000	IU		PASS	84.64824456892887	19283174	128389	75748	156748	6.9521	45562178	150.0
SRR28212572	PRJNA1083323	ZZ9	Saccharum officinarum x Saccharum spontaneum	Saccharum hybrid cultivar (non-R570)	1	Root	Illumina NovaSeq 6000	IU		PASS	83.52605032382961	17281838	128707	77334	156606	7.0407	41382088	150.0
SRR28212571	PRJNA1083323	ZZ9	Saccharum officinarum x Saccharum spontaneum	Saccharum hybrid cultivar (non-R570)	1	Root	Illumina NovaSeq 6000	IU		PASS	84.42067685206432	18596689	129520	78036	157990	7.3855	44058696	150.0
SRR28212570	PRJNA1083323	ZZ1	Saccharum officinarum x Saccharum spontaneum	Saccharum hybrid cultivar (non-R570)	1	Leaf	Illumina NovaSeq 6000	IU		PASS	79.56552292870882	34807990	132307	82689	168959	9.7758	87499168	150.0
SRR28212569	PRJNA1083323	ZZ1	Saccharum officinarum x Saccharum spontaneum	Saccharum hybrid cultivar (non-R570)	1	Leaf	Illumina NovaSeq 6000	IU		PASS	79.90723311967186	29314201	136256	82901	170425	7.0713	73374386	150.0
SRR28212568	PRJNA1083323	ZZ1	Saccharum officinarum x Saccharum spontaneum	Saccharum hybrid cultivar (non-R570)	1	Leaf	Illumina NovaSeq 6000	IU		PASS	78.91255239371604	32014061	136346	83913	172512	8.0283	81141364	150.0
SRR28212567	PRJNA1083323	ZZ1	Saccharum officinarum x Saccharum spontaneum	Saccharum hybrid cultivar (non-R570)	1	Leaf	Illumina NovaSeq 6000	IU		PASS	81.15765056477836	25972090	131695	81166	164521	8.591	64006598	150.0
SRR28212566	PRJNA1083323	ZZ1	Saccharum officinarum x Saccharum spontaneum	Saccharum hybrid cultivar (non-R570)	1	Leaf	Illumina NovaSeq 6000	IU		PASS	79.07339288099776	30223554	134416	84832	171126	10.595	76447916	150.0
SRR28212593	PRJNA1083323	ZZ9	Saccharum officinarum x Saccharum spontaneum	Saccharum hybrid cultivar (non-R570)	1	Root	Illumina NovaSeq 6000	IU		PASS	83.16302050971835	20059269	125858	77892	154534	7.4507	48242950	150.0
SRR28212592	PRJNA1083323	ZZ1	Saccharum officinarum x Saccharum spontaneum	Saccharum hybrid cultivar (non-R570)	1	Leaf	Illumina NovaSeq 6000	IU		PASS	80.71630158667145	27000946	131178	83789	165673	8.8015	66906352	150.0
SRR28212591	PRJNA1083323	ZZ9	Saccharum officinarum x Saccharum spontaneum	Saccharum hybrid cultivar (non-R570)	1	Root	Illumina NovaSeq 6000	IU		PASS	84.76660687060394	20305160	127279	77538	158398	7.2867	47910114	150.0
SRR28212590	PRJNA1083323	ZZ9	Saccharum officinarum x Saccharum spontaneum	Saccharum hybrid cultivar (non-R570)	1	Root	Illumina NovaSeq 6000	IU		PASS	81.85589565440816	18617900	124268	75881	152270	7.6021	45491222	150.0
SRR28212589	PRJNA1083323	ZZ9	Saccharum officinarum x Saccharum spontaneum	Saccharum hybrid cultivar (non-R570)	1	Root	Illumina NovaSeq 6000	IU		PASS	85.61990693802514	16797743	123623	76836	151794	6.6385	39239500	150.0
SRR28212588	PRJNA1083323	ZZ9	Saccharum officinarum x Saccharum spontaneum	Saccharum hybrid cultivar (non-R570)	1	Root	Illumina NovaSeq 6000	IU		PASS	86.12866533101734	18268026	125235	76936	153868	6.5183	42422094	150.0
SRR28212587	PRJNA1083323	ZZ9	Saccharum officinarum x Saccharum spontaneum	Saccharum hybrid cultivar (non-R570)	1	Root	Illumina NovaSeq 6000	IU		PASS	85.71116577214292	16577412	125574	76947	153155	6.5067	38683774	150.0
SRR28212586	PRJNA1083323	ZZ9	Saccharum officinarum x Saccharum spontaneum	Saccharum hybrid cultivar (non-R570)	1	Root	Illumina NovaSeq 6000	IU		PASS	84.92361133710405	19493584	130070	79664	160130	7.1827	45910112	150.0
SRR28212585	PRJNA1083323	ZZ9	Saccharum officinarum x Saccharum spontaneum	Saccharum hybrid cultivar (non-R570)	1	Root	Illumina NovaSeq 6000	IU		PASS	84.80102047491725	16916412	127377	79460	155957	7.112	39898260	150.0
SRR28212584	PRJNA1083323	ZZ9	Saccharum officinarum x Saccharum spontaneum	Saccharum hybrid cultivar (non-R570)	1	Root	Illumina NovaSeq 6000	IU		PASS	84.82071928647605	19005670	129087	78758	158711	7.3058	44815440	150.0
SRR28212583	PRJNA1083323	ZZ9	Saccharum officinarum x Saccharum spontaneum	Saccharum hybrid cultivar (non-R570)	1	Root	Illumina NovaSeq 6000	IU		PASS	85.92986369603213	19173906	126799	77140	157209	6.6786	44628582	150.0
SRR28212582	PRJNA1083323	ZZ9	Saccharum officinarum x Saccharum spontaneum	Saccharum hybrid cultivar (non-R570)	1	Root	Illumina NovaSeq 6000	IU		PASS	84.75693949795257	19074317	127300	77333	157528	7.1621	45011112	150.0
SRR28212599	PRJNA1083323	ZZ9	Saccharum officinarum x Saccharum spontaneum	Saccharum hybrid cultivar (non-R570)	1	Root	Illumina NovaSeq 6000	IU		PASS	83.492704414376	19330357	127300	79322	157980	7.3622	46306042	150.0
SRR28212598	PRJNA1083323	ZZ9	Saccharum officinarum x Saccharum spontaneum	Saccharum hybrid cultivar (non-R570)	1	Root	Illumina NovaSeq 6000	IU		PASS	82.72225881245184	18189187	124763	78535	153311	7.8094	43978342	150.0
SRR28212597	PRJNA1083323	ZZ9	Saccharum officinarum x Saccharum spontaneum	Saccharum hybrid cultivar (non-R570)	1	Root	Illumina NovaSeq 6000	IU		PASS	83.31932274265817	19692107	128135	81285	157805	7.7392	47270930	150.0
SRR28212596	PRJNA1083323	ZZ9	Saccharum officinarum x Saccharum spontaneum	Saccharum hybrid cultivar (non-R570)	1	Root	Illumina NovaSeq 6000	IU		PASS	83.59804981498782	18880393	120687	76083	148930	7.8357	45171618	150.0
SRR28212595	PRJNA1083323	ZZ9	Saccharum officinarum x Saccharum spontaneum	Saccharum hybrid cultivar (non-R570)	1	Root	Illumina NovaSeq 6000	IU		PASS	86.55663194003439	20315405	119811	71832	146029	6.6546	46943028	150.0
SRR28212594	PRJNA1083323	ZZ9	Saccharum officinarum x Saccharum spontaneum	Saccharum hybrid cultivar (non-R570)	1	Root	Illumina NovaSeq 6000	IU		PASS	81.66841389577458	17001505	122593	77409	150100	7.7321	41637002	150.0
SRR24724161	PRJNA974890	FN41	Saccharum officinarum	Saccharum officinarum	2	Leaf	Illumina HiSeq 2500	IU		PASS	83.02123964243592	26585068	114322	64551	142877	8.5774	64048932	150.2121
SRR24724160	PRJNA974890	FN41	Saccharum officinarum	Saccharum officinarum	2	Leaf	Illumina HiSeq 2500	IU		PASS	80.32267437824181	23891757	116813	66618	147062	10.8038	59494250	150.1498
SRR24724154	PRJNA974890	FN41	Saccharum officinarum	Saccharum officinarum	2	Root	Illumina HiSeq 2500	IU		PASS	80.45287669266158	22179525	124036	69185	153388	9.2587	55142296	150.1725
SRR24724153	PRJNA974890	FN41	Saccharum officinarum	Saccharum officinarum	2	Root	Illumina HiSeq 2500	IU		PASS	80.92288393537113	21748967	122554	69266	152720	10.6023	53758130	150.1693
SRR24724173	PRJNA974890	FN41	Saccharum officinarum	Saccharum officinarum	2	Stem	Illumina HiSeq 2500	IU		PASS	80.8211008325978	20933264	115007	68305	143306	10.0471	51803980	150.1704
SRR24724172	PRJNA974890	FN41	Saccharum officinarum	Saccharum officinarum	2	Stem	Illumina HiSeq 2500	IU		PASS	81.3883554215131	24082781	117864	68106	147657	8.957	59186368	150.1688
SRR24724171	PRJNA974890	FN41	Saccharum officinarum	Saccharum officinarum	2	Stem	Illumina HiSeq 2500	IU		PASS	82.65387564321436	22001188	120624	73360	151577	8.8122	53238858	150.1782
SRR24724170	PRJNA974890	FN41	Saccharum officinarum	Saccharum officinarum	2	Stem	Illumina HiSeq 2500	IU		PASS	79.45218047781782	27105020	126431	76189	160241	9.0458	68236560	150.1474
SRR24724169	PRJNA974890	FN41	Saccharum officinarum	Saccharum officinarum	2	Root	Illumina HiSeq 2500	IU		PASS	85.71112339813894	22782770	124474	70521	153388	7.1949	53163706	150.153
SRR24724168	PRJNA974890	FN41	Saccharum officinarum	Saccharum officinarum	2	Stem	Illumina HiSeq 2500	IU		PASS	83.06598987898624	24271388	120421	70484	150784	8.9482	58445632	150.2354
SRR24724167	PRJNA974890	FN41	Saccharum officinarum	Saccharum officinarum	2	Stem	Illumina HiSeq 2500	IU		PASS	82.4931630094124	24562171	121910	72840	154012	8.3239	59551760	150.1953
SRR24724166	PRJNA974890	FN41	Saccharum officinarum	Saccharum officinarum	2	Leaf	Illumina HiSeq 2500	IU		PASS	82.01455973718045	21527408	117742	67555	147066	9.7324	52498424	150.2035
SRR24724165	PRJNA974890	FN41	Saccharum officinarum	Saccharum officinarum	2	Leaf	Illumina HiSeq 2500	IU		PASS	80.34523451522666	23444639	117715	68326	147995	10.658	58361940	150.1382
SRR24724164	PRJNA974890	FN41	Saccharum officinarum	Saccharum officinarum	2	Leaf	Illumina HiSeq 2500	IU		PASS	78.64108322904315	22790841	114769	63169	143056	12.4626	57963818	150.1949
SRR24724163	PRJNA974890	FN41	Saccharum officinarum	Saccharum officinarum	2	Leaf	Illumina HiSeq 2500	IU		PASS	84.47053679651175	24528024	117416	68182	148413	7.4959	58079314	150.2245
SRR24724162	PRJNA974890	FN41	Saccharum officinarum	Saccharum officinarum	2	Leaf	Illumina HiSeq 2500	IU		PASS	85.578535151378	25637971	112786	62571	140532	7.3774	59918914	150.1632
SRR24724192	PRJNA974890	FN41	Saccharum officinarum	Saccharum officinarum	2	Root	Illumina HiSeq 2500	IU		PASS	80.2255620973327	23396581	126918	72440	158240	8.8911	58334154	150.0593
SRR24724159	PRJNA974890	FN41	Saccharum officinarum	Saccharum officinarum	2	Leaf	Illumina HiSeq 2500	IU		PASS	82.11463453458298	23059095	117295	67525	146105	9.6181	56167442	150.2135
SRR24724189	PRJNA974890	FN41	Saccharum officinarum	Saccharum officinarum	2	Root	Illumina HiSeq 2500	IU		PASS	79.69837933035954	20360325	117270	62101	144037	10.2569	51095052	150.1266
SRR24724184	PRJNA974890	FN41	Saccharum officinarum	Saccharum officinarum	2	Root	Illumina HiSeq 2500	IU		PASS	81.87469900679073	23214789	117977	66173	145937	9.3384	56709800	150.2109
SRR24724183	PRJNA974890	FN41	Saccharum officinarum	Saccharum officinarum	2	Root	Illumina HiSeq 2500	IU		PASS	84.29430218598124	23191158	118440	64193	144693	8.4187	55030090	150.1434
SRR24724182	PRJNA974890	FN41	Saccharum officinarum	Saccharum officinarum	2	Root	Illumina HiSeq 2500	IU		PASS	77.4363806050022	28958311	120694	61640	149950	8.7941	74801320	150.1374
SRR24724181	PRJNA974890	FN41	Saccharum officinarum	Saccharum officinarum	2	Root	Illumina HiSeq 2500	IU		PASS	79.54194417946098	24677885	126233	67378	155534	8.7792	62057812	150.2134
SRR24724180	PRJNA974890	FN41	Saccharum officinarum	Saccharum officinarum	2	Root	Illumina HiSeq 2500	IU		PASS	84.99623015795919	23624080	127359	71126	158419	7.3795	55594054	150.0016
SRR24724175	PRJNA974890	FN41	Saccharum officinarum	Saccharum officinarum	2	Stem	Illumina HiSeq 2500	IU		PASS	83.97951282883889	26772709	115691	66698	145758	8.3074	63766380	150.2268
SRR24724174	PRJNA974890	FN41	Saccharum officinarum	Saccharum officinarum	2	Stem	Illumina HiSeq 2500	IU		PASS	84.05374192648353	25781521	113989	66389	143051	8.3329	61351096	150.2364
SRR24724191	PRJNA974890	FN41	Saccharum officinarum	Saccharum officinarum	2	Root	Illumina HiSeq 2500	IU		PASS	80.10395709711999	20777833	121776	67980	149338	8.7228	51878986	149.9462
SRR24724190	PRJNA974890	FN41	Saccharum officinarum	Saccharum officinarum	2	Root	Illumina HiSeq 2500	IU		PASS	79.63313400304274	22194546	112357	59561	139221	9.8361	55743992	150.1939
ERR4882172	PRJEB41560	RB867515	Saccharum hybrid cultivar RB867515	Saccharum hybrid cultivar (non-R570)	1	Root	Illumina HiSeq 2500	ISR		PASS	81.82294436026856	15242244	122539	76412	145016	6.4186	37346438	99.2374
ERR4882173	PRJEB41560	RB855113	Saccharum hybrid cultivar	Saccharum hybrid cultivar (non-R570)	1	Root	Illumina HiSeq 2500	ISR		PASS	80.8766898417227	17458737	123768	74821	146562	7.109	43452484	99.5576
ERR4882174	PRJEB41560	SP79-1011	Saccharum hybrid cultivar	Saccharum hybrid cultivar (non-R570)	1	Root	Illumina HiSeq 2500	ISR		PASS	83.82607793394416	15236751	121332	75102	143551	6.1357	36464114	99.474
ERR4882175	PRJEB41560	RB855536	Saccharum hybrid cultivar	Saccharum hybrid cultivar (non-R570)	1	Root	Illumina HiSeq 2500	ISR		PASS	85.45481009545729	12775436	119604	75228	140769	5.1727	29979600	100.0242
ERR4882149	PRJEB41560	RB855536	Saccharum hybrid cultivar	Saccharum hybrid cultivar (non-R570)	1	Root	Illumina HiSeq 2500	ISR		PASS	85.49880006495468	18275289	127664	80491	153912	5.3078	42963884	99.315
ERR4882150	PRJEB41560	SP80-3280	Saccharum hybrid cultivar SP80-3280	Saccharum hybrid cultivar (non-R570)	1	Root	Illumina HiSeq 2500	ISR		PASS	82.9731297155396	20646442	128158	79320	154498	5.5712	49900954	99.3909
ERR4882151	PRJEB41560	RB855536	Saccharum hybrid cultivar	Saccharum hybrid cultivar (non-R570)	1	Root	Illumina HiSeq 2500	ISR		PASS	83.43019168774201	16140792	124661	79221	149014	5.4545	38798754	99.5371
ERR4882152	PRJEB41560	RB867515	Saccharum hybrid cultivar RB867515	Saccharum hybrid cultivar (non-R570)	1	Root	Illumina HiSeq 2500	ISR		PASS	69.78028129520881	17838158	118596	64223	138606	11.7174	51293336	99.2778
ERR4882153	PRJEB41560	SP79-1011	Saccharum hybrid cultivar	Saccharum hybrid cultivar (non-R570)	1	Root	Illumina HiSeq 2500	ISR		PASS	83.32571417915547	17962950	122454	73765	145149	6.9651	43267266	99.7634
ERR4882154	PRJEB41560	RB92579	Saccharum hybrid cultivar	Saccharum hybrid cultivar (non-R570)	1	Root	Illumina HiSeq 2500	ISR		PASS	85.11011448881877	16071251	123289	77745	148035	5.6779	37839260	99.4793
ERR4882155	PRJEB41560	RB855113	Saccharum hybrid cultivar	Saccharum hybrid cultivar (non-R570)	1	Root	Illumina HiSeq 2500	ISR		PASS	83.74278174760978	14340943	122058	77610	144784	6.2869	34308674	99.5969
ERR4882156	PRJEB41560	RB92579	Saccharum hybrid cultivar	Saccharum hybrid cultivar (non-R570)	1	Root	Illumina HiSeq 2500	ISR		PASS	87.99125119697521	16340652	122645	76966	145090	4.8152	37255824	99.4281
ERR4882157	PRJEB41560	SP80-3280	Saccharum hybrid cultivar SP80-3280	Saccharum hybrid cultivar (non-R570)	1	Root	Illumina HiSeq 2500	ISR		PASS	83.93916938186649	15670068	124430	78681	148217	6.1689	37430690	99.1661
ERR4882158	PRJEB41560	RB867515	Saccharum hybrid cultivar RB867515	Saccharum hybrid cultivar (non-R570)	1	Root	Illumina HiSeq 2500	ISR		PASS	81.08096315445233	13026367	118287	73616	139232	6.9447	32277700	99.635
ERR4882176	PRJEB41560	SP79-1011	Saccharum hybrid cultivar	Saccharum hybrid cultivar (non-R570)	1	Root	Illumina HiSeq 2500	ISR		PASS	82.82024529944668	20635759	120133	70771	141607	6.3502	50078344	99.0896
ERR4882177	PRJEB41560	SP80-3280	Saccharum hybrid cultivar SP80-3280	Saccharum hybrid cultivar (non-R570)	1	Root	Illumina HiSeq 2500	ISR		PASS	85.30219485513362	14591680	121853	76202	143713	5.8755	34308410	99.41
ERR4882178	PRJEB41560	RB855113	Saccharum hybrid cultivar	Saccharum hybrid cultivar (non-R570)	1	Root	Illumina HiSeq 2500	ISR		PASS	86.08048995440815	14436163	122274	75866	144583	5.9642	33614152	99.6978
ERR4882179	PRJEB41560	RB92579	Saccharum hybrid cultivar	Saccharum hybrid cultivar (non-R570)	1	Root	Illumina HiSeq 2500	ISR		PASS	74.5547258461473	12871734	119988	76192	140698	4.6017	34613144	99.724
ERR4882160	PRJEB41560	SP79-1011	Saccharum hybrid cultivar	Saccharum hybrid cultivar (non-R570)	1	Root	Illumina HiSeq 2500	ISR		PASS	84.94072372002748	15987498	121716	75321	143484	6.0707	37731742	99.3912
ERR4882161	PRJEB41560	RB867515	Saccharum hybrid cultivar RB867515	Saccharum hybrid cultivar (non-R570)	1	Root	Illumina HiSeq 2500	ISR		PASS	83.17293858624683	14371828	120449	74986	141287	5.904	34622766	99.4822
ERR4882162	PRJEB41560	RB855113	Saccharum hybrid cultivar	Saccharum hybrid cultivar (non-R570)	1	Root	Illumina HiSeq 2500	ISR		PASS	69.2794930289011	15471389	122431	77107	146078	5.1049	44817978	99.5839
ERR4882163	PRJEB41560	SP80-3280	Saccharum hybrid cultivar SP80-3280	Saccharum hybrid cultivar (non-R570)	1	Root	Illumina HiSeq 2500	ISR		PASS	85.74173900790898	16715737	123439	76675	146509	5.3891	39082410	99.4831
ERR4882164	PRJEB41560	RB855113	Saccharum hybrid cultivar	Saccharum hybrid cultivar (non-R570)	1	Root	Illumina HiSeq 2500	ISR		PASS	81.6129907891896	15105138	120767	73441	142048	7.3324	37238254	99.3328
ERR4882165	PRJEB41560	RB855536	Saccharum hybrid cultivar	Saccharum hybrid cultivar (non-R570)	1	Root	Illumina HiSeq 2500	ISR		PASS	84.17371924036249	17309588	122934	74146	145535	5.8999	41230806	99.418
ERR4882166	PRJEB41560	RB92579	Saccharum hybrid cultivar	Saccharum hybrid cultivar (non-R570)	1	Root	Illumina HiSeq 2500	ISR		PASS	82.69086476561422	17677233	122846	76267	145544	4.973	42880428	99.3892
ERR4882167	PRJEB41560	RB855536	Saccharum hybrid cultivar	Saccharum hybrid cultivar (non-R570)	1	Root	Illumina HiSeq 2500	ISR		PASS	86.08846416678169	15092117	122956	77384	145784	4.9562	35141404	99.5854
ERR4882168	PRJEB41560	RB867515	Saccharum hybrid cultivar RB867515	Saccharum hybrid cultivar (non-R570)	1	Root	Illumina HiSeq 2500	ISR		PASS	87.59166800341251	15262108	121916	76217	143416	4.928	34934656	99.5762
ERR4882169	PRJEB41560	RB92579	Saccharum hybrid cultivar	Saccharum hybrid cultivar (non-R570)	1	Root	Illumina HiSeq 2500	ISR		PASS	86.92429359679723	15505592	122077	76174	144953	4.9205	35775784	99.4561
ERR4882170	PRJEB41560	SP79-1011	Saccharum hybrid cultivar	Saccharum hybrid cultivar (non-R570)	1	Root	Illumina HiSeq 2500	ISR		PASS	85.5937199389347	13605780	121706	78417	143850	5.1867	31849326	99.2312
ERR4882171	PRJEB41560	SP80-3280	Saccharum hybrid cultivar SP80-3280	Saccharum hybrid cultivar (non-R570)	1	Root	Illumina HiSeq 2500	ISR		PASS	86.47386140759234	16944976	124592	77998	148422	5.361	39315634	99.2673
ERR4882159	PRJEB41560	SP79-1011	Saccharum hybrid cultivar	Saccharum hybrid cultivar (non-R570)	1	Root	Illumina HiSeq 2500	ISR		PASS	82.25240753966273	14983699	119981	73231	141680	6.8354	36536088	99.4397
ERR4882180	PRJEB41560	RB92579	Saccharum hybrid cultivar	Saccharum hybrid cultivar (non-R570)	1	Root	Illumina HiSeq 2500	ISR		PASS	83.49275571367355	17446000	124661	76445	148880	5.9369	41879962	99.177
ERR4882181	PRJEB41560	SP80-3280	Saccharum hybrid cultivar SP80-3280	Saccharum hybrid cultivar (non-R570)	1	Root	Illumina HiSeq 2500	ISR		PASS	83.87576123894348	16755012	124315	75182	147949	6.9534	40032766	99.5047
ERR4882182	PRJEB41560	RB855536	Saccharum hybrid cultivar	Saccharum hybrid cultivar (non-R570)	1	Root	Illumina HiSeq 2500	ISR		PASS	82.72499878649401	17775391	123438	74342	146605	6.9439	43148956	99.0787
ERR4882183	PRJEB41560	RB855113	Saccharum hybrid cultivar	Saccharum hybrid cultivar (non-R570)	1	Root	Illumina HiSeq 2500	ISR		PASS	77.0824659298459	14835027	121547	74388	144075	8.4387	38592880	99.3014
ERR4882184	PRJEB41560	RB867515	Saccharum hybrid cultivar RB867515	Saccharum hybrid cultivar (non-R570)	1	Root	Illumina HiSeq 2500	ISR		PASS	87.17424473098549	19476706	126049	77582	151206	4.5995	44835874	99.4436
SRR34982278	PRJNA1305544	Zhongzhe No.9	Saccharum hybrid cultivar	Saccharum hybrid cultivar (non-R570)	1	Leaf	Illumina HiSeq 2500	IU		PASS	84.91452684321398	27045028	121532	66840	154384	7.8166	63864728	150.0
SRR34982279	PRJNA1305544	Zhongzhe No.9	Saccharum hybrid cultivar	Saccharum hybrid cultivar (non-R570)	1	Leaf	Illumina HiSeq 2500	IU		PASS	84.52635466779603	28870099	122608	64687	154108	7.951	68502426	150.0
SRR34982280	PRJNA1305544	Zhongzhe No.9	Saccharum hybrid cultivar	Saccharum hybrid cultivar (non-R570)	1	Leaf	Illumina HiSeq 2500	IU		PASS	83.70452619638527	25696378	120272	64741	150875	8.559	61556340	150.0
SRR34982281	PRJNA1305544	Zhongzhe No.9	Saccharum hybrid cultivar	Saccharum hybrid cultivar (non-R570)	1	Leaf	Illumina HiSeq 2500	IU		PASS	84.96832016515874	25016971	116728	59590	144104	7.9847	59119872	150.0
SRR34982282	PRJNA1305544	Zhongzhe No.9	Saccharum hybrid cultivar	Saccharum hybrid cultivar (non-R570)	1	Leaf	Illumina HiSeq 2500	IU		PASS	85.24374728072452	22970220	117421	63367	145879	7.5677	54081360	150.0
SRR34982283	PRJNA1305544	Zhongzhe No.9	Saccharum hybrid cultivar	Saccharum hybrid cultivar (non-R570)	1	Leaf	Illumina HiSeq 2500	IU		PASS	84.89602701353911	25044221	118763	64244	149684	7.899	59100760	150.0
SRR34982285	PRJNA1305544	Zhongzhe No.9	Saccharum hybrid cultivar	Saccharum hybrid cultivar (non-R570)	1	Leaf	Illumina HiSeq 2500	IU		PASS	85.12016913874993	24790816	119518	65387	151003	8.0567	58346506	150.0
SRR34982289	PRJNA1305544	Zhongzhe No.9	Saccharum hybrid cultivar	Saccharum hybrid cultivar (non-R570)	1	Leaf	Illumina HiSeq 2500	IU		PASS	83.70834296376171	22338616	115019	58358	141547	8.2005	53616250	150.0
SRR34982291	PRJNA1305544	Zhongzhe No.2	Saccharum hybrid cultivar	Saccharum hybrid cultivar (non-R570)	1	Leaf	Illumina HiSeq 2500	IU		PASS	85.303771607464	19317887	116830	65042	144977	7.388	45384784	150.0
SRR34982293	PRJNA1305544	Zhongzhe No.2	Saccharum hybrid cultivar	Saccharum hybrid cultivar (non-R570)	1	Leaf	Illumina HiSeq 2500	IU		PASS	84.9507339294456	24147021	119386	64587	149372	7.7451	56959602	150.0
SRR34982294	PRJNA1305544	Zhongzhe No.2	Saccharum hybrid cultivar	Saccharum hybrid cultivar (non-R570)	1	Leaf	Illumina HiSeq 2500	IU		PASS	84.79548798960708	21495306	116528	61530	143752	7.8145	50917386	150.0
SRR34982296	PRJNA1305544	Zhongzhe No.2	Saccharum hybrid cultivar	Saccharum hybrid cultivar (non-R570)	1	Leaf	Illumina HiSeq 2500	IU		PASS	82.91447068138238	38455336	124677	65297	159187	9.4304	92961050	150.0
SRR34982297	PRJNA1305544	Zhongzhe No.2	Saccharum hybrid cultivar	Saccharum hybrid cultivar (non-R570)	1	Leaf	Illumina HiSeq 2500	IU		PASS	84.90727392180484	27701792	119218	62851	149236	7.7732	65618018	150.0
SRR34982298	PRJNA1305544	Zhongzhe No.2	Saccharum hybrid cultivar	Saccharum hybrid cultivar (non-R570)	1	Leaf	Illumina HiSeq 2500	IU		PASS	84.22673467273587	32391702	120807	61777	152288	8.0796	77113140	150.0
SRR34982299	PRJNA1305544	Zhongzhe No.2	Saccharum hybrid cultivar	Saccharum hybrid cultivar (non-R570)	1	Leaf	Illumina HiSeq 2500	IU		PASS	84.02432246539108	18838748	109753	54932	132867	8.1109	45377574	150.0
SRR34982300	PRJNA1305544	Zhongzhe No.2	Saccharum hybrid cultivar	Saccharum hybrid cultivar (non-R570)	1	Leaf	Illumina HiSeq 2500	IU		PASS	84.15112759871526	23817759	116292	61125	144583	8.0589	56734248	150.0
SRR34982301	PRJNA1305544	Zhongzhe No.2	Saccharum hybrid cultivar	Saccharum hybrid cultivar (non-R570)	1	Leaf	Illumina HiSeq 2500	IU		PASS	84.51662105713318	27361787	118890	60432	148664	7.9848	64969164	150.0
SRR34982302	PRJNA1305544	Zhongzhe No.2	Saccharum hybrid cultivar	Saccharum hybrid cultivar (non-R570)	1	Leaf	Illumina HiSeq 2500	IU		PASS	85.14408539722393	27136681	120017	60141	149297	7.6136	64075480	150.0
SRR34982303	PRJNA1305544	Zhongzhe No.2	Saccharum hybrid cultivar	Saccharum hybrid cultivar (non-R570)	1	Leaf	Illumina HiSeq 2500	IU		PASS	84.65392513148713	22286281	116733	60622	144406	8.0697	52969860	150.0
SRR34982288	PRJNA1305544	Zhongzhe No.9	Saccharum hybrid cultivar	Saccharum hybrid cultivar (non-R570)	1	Leaf	Illumina HiSeq 2500	IU		PASS	84.63373418363776	25496091	118267	62790	148178	7.8461	60352132	150.0
SRR34982290	PRJNA1305544	Zhongzhe No.9	Saccharum hybrid cultivar	Saccharum hybrid cultivar (non-R570)	1	Leaf	Illumina HiSeq 2500	IU		PASS	84.59373825673441	18929699	115673	61571	142386	7.9277	44803898	150.0
SRR34982292	PRJNA1305544	Zhongzhe No.2	Saccharum hybrid cultivar	Saccharum hybrid cultivar (non-R570)	1	Leaf	Illumina HiSeq 2500	IU		PASS	85.3199202613736	18729190	119165	66686	148032	7.6533	43989516	150.0
SRR34982286	PRJNA1305544	Zhongzhe No.9	Saccharum hybrid cultivar	Saccharum hybrid cultivar (non-R570)	1	Leaf	Illumina HiSeq 2500	IU		PASS	82.78564563572263	22197340	115520	60373	143294	9.0019	53813230	150.0
SRR34982287	PRJNA1305544	Zhongzhe No.9	Saccharum hybrid cultivar	Saccharum hybrid cultivar (non-R570)	1	Leaf	Illumina HiSeq 2500	IU		PASS	84.12993263050662	21736331	116447	60476	143840	8.3218	51768356	150.0
SRR11613524	PRJNA628577	SRA8	Saccharum hybrid cultivar	Saccharum hybrid cultivar (non-R570)	1	Stem Internode	Illumina NovaSeq 6000	ISR		PASS	57.90672649423355	23179377	106101	54415	130482	13.3065	80259254	101.0
SRR11613535	PRJNA628577	KQ228	Saccharum hybrid cultivar	Saccharum hybrid cultivar (non-R570)	1	Stem Internode	Illumina NovaSeq 6000	ISR		PASS	53.91109312660345	17927224	100932	50725	121715	15.4405	67083624	101.0
SRR11613504	PRJNA628577	KQ228	Saccharum hybrid cultivar	Saccharum hybrid cultivar (non-R570)	1	Stem Internode	Illumina NovaSeq 6000	ISR		PASS	67.89687157406156	25217150	105494	55807	130726	11.3029	74335192	101.0
SRR11613505	PRJNA628577	Q208	Saccharum hybrid cultivar	Saccharum hybrid cultivar (non-R570)	1	Stem Internode	Illumina NovaSeq 6000	ISR		PASS	61.27753128360416	23319849	108091	57637	132320	15.4048	76262734	101.0
SRR11613506	PRJNA628577	SRA8	Saccharum hybrid cultivar	Saccharum hybrid cultivar (non-R570)	1	Stem Internode	Illumina NovaSeq 6000	ISR		PASS	63.70749719223655	21598956	106741	57278	131116	11.6909	68473614	101.0
SRR11613507	PRJNA628577	KQ236	Saccharum hybrid cultivar	Saccharum hybrid cultivar (non-R570)	1	Stem Internode	Illumina NovaSeq 6000	ISR		PASS	68.62392551473727	22205605	103527	57044	127866	10.9661	65418546	101.0
SRR11613508	PRJNA628577	MQ239	Saccharum hybrid cultivar	Saccharum hybrid cultivar (non-R570)	1	Stem Internode	Illumina NovaSeq 6000	ISR		PASS	42.604778158457215	12742704	108800	59983	131052	18.8686	60431746	101.0
SRR11613509	PRJNA628577	KQ236	Saccharum hybrid cultivar	Saccharum hybrid cultivar (non-R570)	1	Stem Internode	Illumina NovaSeq 6000	ISR		PASS	65.11182672585299	21541740	102453	55422	126240	11.9235	66739958	101.0
SRR11613510	PRJNA628577	SRA5	Saccharum hybrid cultivar	Saccharum hybrid cultivar (non-R570)	1	Stem Internode	Illumina NovaSeq 6000	ISR		PASS	57.619934968742314	19867905	104162	54099	127129	14.0107	69563210	101.0
SRR11613514	PRJNA628577	SRA2	Saccharum hybrid cultivar	Saccharum hybrid cultivar (non-R570)	1	Stem Internode	Illumina NovaSeq 6000	ISR		PASS	52.92696006738347	15600475	99472	53237	120361	17.2059	59764490	101.0
SRR11613528	PRJNA628577	Q237	Saccharum hybrid cultivar	Saccharum hybrid cultivar (non-R570)	1	Stem Internode	Illumina NovaSeq 6000	ISR		PASS	59.689523498002785	20755570	104892	57546	129542	17.6961	70270996	101.0
SRR11613502	PRJNA628577	Q135	Saccharum hybrid cultivar	Saccharum hybrid cultivar (non-R570)	1	Stem Internode	Illumina NovaSeq 6000	ISR		PASS	62.24450619990548	22115760	107570	60875	133125	12.8175	71425246	101.0
SRR11613503	PRJNA628577	Q155	Saccharum hybrid cultivar	Saccharum hybrid cultivar (non-R570)	1	Stem Internode	Illumina NovaSeq 6000	ISR		PASS	65.54745063380393	23093647	108193	59244	134117	12.3524	70703414	101.0
SRR11613534	PRJNA628577	Q208	Saccharum hybrid cultivar	Saccharum hybrid cultivar (non-R570)	1	Stem Internode	Illumina NovaSeq 6000	ISR		PASS	65.91780730494405	22519428	104294	56032	127998	12.1616	68819580	101.0
SRR11613523	PRJNA628577	Q155	Saccharum hybrid cultivar	Saccharum hybrid cultivar (non-R570)	1	Stem Internode	Illumina NovaSeq 6000	ISR		PASS	66.21857529887518	22905576	106203	57796	131459	12.0469	69258394	101.0
SRR11613500	PRJNA628577	KQ228	Saccharum hybrid cultivar	Saccharum hybrid cultivar (non-R570)	1	Stem Internode	Illumina NovaSeq 6000	ISR		PASS	70.45637875446971	25041585	108843	60000	135890	10.4605	71197488	101.0
SRR11613501	PRJNA628577	Q151	Saccharum hybrid cultivar	Saccharum hybrid cultivar (non-R570)	1	Stem Internode	Illumina NovaSeq 6000	ISR		PASS	68.63137985245005	23029265	104976	60032	129973	10.3624	67175968	101.0
SRR11613520	PRJNA628577	SRA5	Saccharum hybrid cultivar	Saccharum hybrid cultivar (non-R570)	1	Stem Internode	Illumina NovaSeq 6000	ISR		PASS	65.20440978736421	24354563	107228	57697	132777	12.2772	74831050	101.0
SRR11613521	PRJNA628577	SRA8	Saccharum hybrid cultivar	Saccharum hybrid cultivar (non-R570)	1	Stem Internode	Illumina NovaSeq 6000	ISR		PASS	68.09116665506619	23234153	106948	59581	132805	10.5162	68341080	101.0
SRR11613522	PRJNA628577	SRA2	Saccharum hybrid cultivar	Saccharum hybrid cultivar (non-R570)	1	Stem Internode	Illumina NovaSeq 6000	ISR		PASS	71.72433783619545	27547789	105311	58300	131385	10.4132	76935834	101.0
SRR11613525	PRJNA628577	Q138	Saccharum hybrid cultivar	Saccharum hybrid cultivar (non-R570)	1	Stem Internode	Illumina NovaSeq 6000	ISR		PASS	55.48949589768234	20214562	104279	50390	126709	14.728	73162924	101.0
SRR11613526	PRJNA628577	Q237	Saccharum hybrid cultivar	Saccharum hybrid cultivar (non-R570)	1	Stem Internode	Illumina NovaSeq 6000	ISR		PASS	66.71865254663422	25856222	106190	57451	132226	13.7449	78148382	101.0
SRR11613527	PRJNA628577	Q237	Saccharum hybrid cultivar	Saccharum hybrid cultivar (non-R570)	1	Stem Internode	Illumina NovaSeq 6000	ISR		PASS	71.26885913149707	23683485	104613	57417	129919	11.088	67154592	101.0
SRR11613511	PRJNA628577	KQ236	Saccharum hybrid cultivar	Saccharum hybrid cultivar (non-R570)	1	Stem Internode	Illumina NovaSeq 6000	ISR		PASS	62.88456294713587	20239301	106360	56669	130170	13.0632	64931692	101.0
SRR11613512	PRJNA628577	Q151	Saccharum hybrid cultivar	Saccharum hybrid cultivar (non-R570)	1	Stem Internode	Illumina NovaSeq 6000	ISR		PASS	66.80230738398618	26166397	106280	57720	131996	10.8217	78407622	101.0
SRR11613513	PRJNA628577	SRA5	Saccharum hybrid cultivar	Saccharum hybrid cultivar (non-R570)	1	Stem Internode	Illumina NovaSeq 6000	ISR		PASS	56.19895902247477	18675625	105457	55369	128259	14.7316	67287950	101.0
SRR11613515	PRJNA628577	Q138	Saccharum hybrid cultivar	Saccharum hybrid cultivar (non-R570)	1	Stem Internode	Illumina NovaSeq 6000	ISR		PASS	56.4798129064291	17522566	102105	54500	124945	15.2753	62599904	101.0
SRR11613516	PRJNA628577	MQ239	Saccharum hybrid cultivar	Saccharum hybrid cultivar (non-R570)	1	Stem Internode	Illumina NovaSeq 6000	ISR		PASS	50.974466839685775	15248423	110859	57850	134886	18.3358	59872388	101.0
SRR11613517	PRJNA628577	MQ239	Saccharum hybrid cultivar	Saccharum hybrid cultivar (non-R570)	1	Stem Internode	Illumina NovaSeq 6000	ISR		PASS	63.14905719971868	22622433	112841	60509	140374	13.4697	71848986	101.0
SRR11613518	PRJNA628577	Q138	Saccharum hybrid cultivar	Saccharum hybrid cultivar (non-R570)	1	Stem Internode	Illumina NovaSeq 6000	ISR		PASS	69.22922465220861	23858449	106495	57337	130958	11.0947	69021870	101.0
SRR11613519	PRJNA628577	SRA2	Saccharum hybrid cultivar	Saccharum hybrid cultivar (non-R570)	1	Stem Internode	Illumina NovaSeq 6000	ISR		PASS	62.7929275072837	25001173	106586	55605	131349	14.2248	80012780	101.0
SRR11613529	PRJNA628577	Q135	Saccharum hybrid cultivar	Saccharum hybrid cultivar (non-R570)	1	Stem Internode	Illumina NovaSeq 6000	ISR		PASS	60.81294356019394	18629577	102840	57438	126020	13.1307	61969682	101.0
SRR11613530	PRJNA628577	Q135	Saccharum hybrid cultivar	Saccharum hybrid cultivar (non-R570)	1	Stem Internode	Illumina NovaSeq 6000	ISR		PASS	62.18275894562253	19288886	104401	59846	128712	12.6734	62697412	101.0
SRR11613531	PRJNA628577	Q155	Saccharum hybrid cultivar	Saccharum hybrid cultivar (non-R570)	1	Stem Internode	Illumina NovaSeq 6000	ISR		PASS	49.899504622442706	16215354	101158	49714	122578	16.89	65646298	101.0
SRR11613532	PRJNA628577	Q151	Saccharum hybrid cultivar	Saccharum hybrid cultivar (non-R570)	1	Stem Internode	Illumina NovaSeq 6000	ISR		PASS	62.14132115905369	20173602	102555	57378	126851	12.365	65499846	101.0
SRR11613533	PRJNA628577	Q208	Saccharum hybrid cultivar	Saccharum hybrid cultivar (non-R570)	1	Stem Internode	Illumina NovaSeq 6000	ISR		PASS	59.511447356658664	21835607	110461	57615	135432	15.4871	73492050	101.0
SRR16938724	PRJNA780178	GT86-887	Saccharum hybrid cultivar	Saccharum hybrid cultivar (non-R570)	1	Leaf	Illumina NovaSeq 6000	IU		PASS	84.06244755298047	24377692	116188	64331	144228	7.7978	58258220	150.0
SRR16938725	PRJNA780178	GT86-887	Saccharum hybrid cultivar	Saccharum hybrid cultivar (non-R570)	1	Stem	Illumina NovaSeq 6000	IU		PASS	82.5856733708616	22910863	111087	63884	139619	8.6463	55922384	150.0
SRR16938698	PRJNA780178	GT86-887	Saccharum hybrid cultivar	Saccharum hybrid cultivar (non-R570)	1	Leaf	Illumina NovaSeq 6000	IU		PASS	80.09395001759039	20947356	116496	68251	144491	9.5713	52625076	150.0
SRR16938699	PRJNA780178	GT86-887	Saccharum hybrid cultivar	Saccharum hybrid cultivar (non-R570)	1	Leaf	Illumina NovaSeq 6000	IU		PASS	80.34127593457728	22564425	118907	69045	147536	9.6278	56389678	150.0
SRR16938700	PRJNA780178	GT86-887	Saccharum hybrid cultivar	Saccharum hybrid cultivar (non-R570)	1	Leaf	Illumina NovaSeq 6000	IU		PASS	79.91546414481735	21791881	118430	69991	146901	9.6372	54655216	150.0
SRR16938701	PRJNA780178	GT86-887	Saccharum hybrid cultivar	Saccharum hybrid cultivar (non-R570)	1	Stem	Illumina NovaSeq 6000	IU		PASS	82.3260493300886	23781488	113729	65844	141583	8.2326	57898268	150.0
SRR16938702	PRJNA780178	GT86-887	Saccharum hybrid cultivar	Saccharum hybrid cultivar (non-R570)	1	Stem	Illumina NovaSeq 6000	IU		PASS	82.51194068388588	25162282	114782	64483	143192	8.1222	61171902	150.0
SRR16938703	PRJNA780178	GT86-887	Saccharum hybrid cultivar	Saccharum hybrid cultivar (non-R570)	1	Stem	Illumina NovaSeq 6000	IU		PASS	83.10120669916651	25685983	113467	64966	141380	7.829	62104162	150.0
SRR16938710	PRJNA780178	GT86-887	Saccharum hybrid cultivar	Saccharum hybrid cultivar (non-R570)	1	Leaf	Illumina NovaSeq 6000	IU		PASS	81.42402686831129	24540144	116966	65661	146822	9.0973	60719982	150.0
SRR16938711	PRJNA780178	GT86-887	Saccharum hybrid cultivar	Saccharum hybrid cultivar (non-R570)	1	Leaf	Illumina NovaSeq 6000	IU		PASS	80.50352089350538	24304979	117714	66943	147459	9.5977	60505868	150.0
SRR16938712	PRJNA780178	GT86-887	Saccharum hybrid cultivar	Saccharum hybrid cultivar (non-R570)	1	Leaf	Illumina NovaSeq 6000	IU		PASS	80.16604167285101	24035086	116811	65466	145886	9.7454	60076338	150.0
SRR16938713	PRJNA780178	GT86-887	Saccharum hybrid cultivar	Saccharum hybrid cultivar (non-R570)	1	Stem	Illumina NovaSeq 6000	IU		PASS	82.16237633975084	23195410	115751	66667	146047	8.3052	56606882	150.0
SRR16938714	PRJNA780178	GT86-887	Saccharum hybrid cultivar	Saccharum hybrid cultivar (non-R570)	1	Stem	Illumina NovaSeq 6000	IU		PASS	82.15241339552405	29029583	117952	67040	150689	8.5785	70839310	150.0
SRR16938715	PRJNA780178	GT86-887	Saccharum hybrid cultivar	Saccharum hybrid cultivar (non-R570)	1	Stem	Illumina NovaSeq 6000	IU		PASS	80.06182684551018	27364335	115180	69405	146135	9.4619	68536560	150.0
SRR16938722	PRJNA780178	GT86-887	Saccharum hybrid cultivar	Saccharum hybrid cultivar (non-R570)	1	Leaf	Illumina NovaSeq 6000	IU		PASS	79.45599959768063	23509786	115163	66282	144512	10.1714	59409338	150.0
SRR16938723	PRJNA780178	GT86-887	Saccharum hybrid cultivar	Saccharum hybrid cultivar (non-R570)	1	Leaf	Illumina NovaSeq 6000	IU		PASS	81.22074476584784	21652908	119392	67910	149315	9.0972	53513736	150.0
SRR16938726	PRJNA780178	GT86-887	Saccharum hybrid cultivar	Saccharum hybrid cultivar (non-R570)	1	Stem	Illumina NovaSeq 6000	IU		PASS	80.42883595545048	24202211	115292	68769	145531	9.5223	60492746	150.0
SRR16938727	PRJNA780178	GT86-887	Saccharum hybrid cultivar	Saccharum hybrid cultivar (non-R570)	1	Stem	Illumina NovaSeq 6000	IU		PASS	81.66946058544752	24825529	116601	68905	147589	8.8959	60971576	150.0
SRR31818536	PRJNA1200917	LA-Purple	Saccharum officinarum	Saccharum officinarum	2	Leaf	Illumina HiSeq 2500	IU		PASS	79.59322232501701	12145207	97277	51833	115392	10.7943	30519040	101.0
SRR31818535	PRJNA1200917	LA-Purple	Saccharum officinarum	Saccharum officinarum	2	Leaf	Illumina HiSeq 2500	IU		PASS	75.11406732900768	10298711	103660	51862	121974	14.6897	27422368	101.0
SRR31818564	PRJNA1200917	LA-Purple	Saccharum officinarum	Saccharum officinarum	2	Leaf	Illumina HiSeq 2500	IU		PASS	79.84308276747151	7866911	104366	67442	123538	9.6462	19706916	101.0
SRR31818534	PRJNA1200917	LA-Purple	Saccharum officinarum	Saccharum officinarum	2	Leaf	Illumina HiSeq 2500	IU		PASS	80.43677108385701	8796439	104422	66302	124476	9.3774	21872784	101.0
SRR31818532	PRJNA1200917	LA-Purple	Saccharum officinarum	Saccharum officinarum	2	Leaf	Illumina HiSeq 2500	IU		PASS	79.29912833193495	11227192	106739	58970	127317	10.599	28317334	101.0
SRR31818533	PRJNA1200917	LA-Purple	Saccharum officinarum	Saccharum officinarum	2	Leaf	Illumina HiSeq 2500	IU		PASS	69.06975576788746	9741684	97662	50902	115334	17.2361	28209234	101.0
SRR31818531	PRJNA1200917	LA-Purple	Saccharum officinarum	Saccharum officinarum	2	Leaf	Illumina HiSeq 2500	IU		PASS	67.81168149933492	8300141	93877	50235	110580	18.1944	24480852	101.0
SRR31818554	PRJNA1200917	LA-Purple	Saccharum officinarum	Saccharum officinarum	2	Leaf Roll	Illumina HiSeq 2500	IU		PASS	72.73945629228842	10622780	99189	56590	119535	13.486	29208764	101.0
SRR31818553	PRJNA1200917	LA-Purple	Saccharum officinarum	Saccharum officinarum	2	Leaf	Illumina HiSeq 2500	IU		PASS	76.71423087467562	10585552	98683	58193	119043	11.8243	27598556	101.0
SRR31818563	PRJNA1200917	LA-Purple	Saccharum officinarum	Saccharum officinarum	2	Leaf	Illumina HiSeq 2500	IU		PASS	75.05963013551106	10998357	96982	53261	115646	13.891	29306942	101.0
SRR31818542	PRJNA1200917	LA-Purple	Saccharum officinarum	Saccharum officinarum	2	Leaf	Illumina HiSeq 2500	IU		PASS	84.78335270753229	11757111	102507	61221	123334	6.9865	27735492	101.0
SRR31818539	PRJNA1200917	LA-Purple	Saccharum officinarum	Saccharum officinarum	2	Stem	Illumina HiSeq 2500	IU		PASS	85.22872119911811	10131254	105815	65280	126855	6.3499	23775252	101.0
SRR31818540	PRJNA1200917	LA-Purple	Saccharum officinarum	Saccharum officinarum	2	Leaf	Illumina HiSeq 2500	IU		PASS	87.0894845573285	12643809	101554	56735	121457	6.6279	29037250	101.0
SRR31818541	PRJNA1200917	LA-Purple	Saccharum officinarum	Saccharum officinarum	2	Leaf	Illumina HiSeq 2500	IU		PASS	81.78988783955732	12378839	110840	64856	132578	9.1152	30271020	101.0
SRR31818544	PRJNA1200917	LA-Purple	Saccharum officinarum	Saccharum officinarum	2	Stem	Illumina HiSeq 2500	IU		PASS	55.01440341484124	4854252	85961	48717	98874	32.2937	17647614	151.0
SRR31818543	PRJNA1200917	LA-Purple	Saccharum officinarum	Saccharum officinarum	2	Leaf	Illumina HiSeq 2500	IU		PASS	81.00533794904797	13382853	103376	57207	124300	9.5568	33042914	101.0
SRR31818556	PRJNA1200917	LA-Purple	Saccharum officinarum	Saccharum officinarum	2	Leaf	Illumina HiSeq 2500	IU		PASS	83.23364360123756	12348987	110635	69852	133225	7.6973	29674522	101.0
SRR31818555	PRJNA1200917	LA-Purple	Saccharum officinarum	Saccharum officinarum	2	Leaf	Illumina HiSeq 2500	IU		PASS	83.31771877943592	10832769	113444	69335	135878	8.2703	26004806	101.0
SRR31818547	PRJNA1200917	LA-Purple	Saccharum officinarum	Saccharum officinarum	2	Leaf	Illumina HiSeq 2500	IU		PASS	46.70279518562796	4010426	74249	38334	83560	38.782	17174514	151.0
SRR31818546	PRJNA1200917	LA-Purple	Saccharum officinarum	Saccharum officinarum	2	Stem	Illumina HiSeq 2500	IU		PASS	48.374907414332625	6015144	89641	48332	102422	36.8059	24869428	151.0
SRR31818549	PRJNA1200917	LA-Purple	Saccharum officinarum	Saccharum officinarum	2	Stem	Illumina HiSeq 2500	IU		PASS	79.57795066771247	8800368	95645	58386	114617	11.4252	22118742	101.0
SRR31818548	PRJNA1200917	LA-Purple	Saccharum officinarum	Saccharum officinarum	2	Leaf Roll	Illumina HiSeq 2500	IU		PASS	48.60052570570202	4269441	79381	43088	91383	37.0243	17569842	151.0
SRR31818550	PRJNA1200917	LA-Purple	Saccharum officinarum	Saccharum officinarum	2	Stem	Illumina HiSeq 2500	IU		PASS	79.33784731506897	12268650	103087	60696	124654	10.6576	30928784	101.0
SRR31818551	PRJNA1200917	LA-Purple	Saccharum officinarum	Saccharum officinarum	2	Stem	Illumina HiSeq 2500	IU		PASS	81.2670992419041	12223577	108380	65332	131115	9.2352	30083904	101.0
SRR31818552	PRJNA1200917	LA-Purple	Saccharum officinarum	Saccharum officinarum	2	Leaf	Illumina HiSeq 2500	IU		PASS	64.38902749581776	8976540	100684	47760	117948	21.1816	27883082	101.0
SRR31818545	PRJNA1200917	LA-Purple	Saccharum officinarum	Saccharum officinarum	2	Stem	Illumina HiSeq 2500	IU		PASS	55.055424683185464	7436225	89487	49430	104206	30.1877	27014190	151.0
SRR31818562	PRJNA1200917	LA-Purple	Saccharum officinarum	Saccharum officinarum	2	Leaf	Illumina HiSeq 2500	IU		PASS	76.95939810468154	13979894	108224	66131	128836	10.5824	36332196	101.0
SRR31818561	PRJNA1200917	LA-Purple	Saccharum officinarum	Saccharum officinarum	2	Leaf	Illumina HiSeq 2500	IU		PASS	78.81881184890604	11627653	114055	64715	134831	11.7121	29506218	101.0
SRR31818557	PRJNA1200917	LA-Purple	Saccharum officinarum	Saccharum officinarum	2	Leaf	Illumina HiSeq 2500	IU		PASS	75.85963741783578	11429258	98819	55739	119104	12.6204	30134036	101.0
SRR31818558	PRJNA1200917	LA-Purple	Saccharum officinarum	Saccharum officinarum	2	Leaf	Illumina HiSeq 2500	IU		PASS	84.20930502471398	10513221	114261	65035	135016	8.5255	24970328	101.0
SRR31818537	PRJNA1200917	LA-Purple	Saccharum officinarum	Saccharum officinarum	2	Stem	Illumina HiSeq 2500	IU		PASS	80.33660457367863	7956939	101855	63291	120598	9.453	19809820	101.0
SRR31818538	PRJNA1200917	LA-Purple	Saccharum officinarum	Saccharum officinarum	2	Stem	Illumina HiSeq 2500	IU		PASS	77.83268713780839	7428203	103958	66098	123450	10.8894	19088452	101.0
SRR31818560	PRJNA1200917	LA-Purple	Saccharum officinarum	Saccharum officinarum	2	Leaf	Illumina HiSeq 2500	IU		PASS	78.55733225382046	12295404	100663	55625	120971	11.4491	31304132	101.0
SRR31818559	PRJNA1200917	LA-Purple	Saccharum officinarum	Saccharum officinarum	2	Leaf	Illumina HiSeq 2500	IU		PASS	82.45751252778271	11915179	111011	67579	133311	8.4959	28901434	101.0
SRR31699310	PRJNA1196418	CP88-1762	Saccharum hybrid cultivar CP88-1762	Saccharum hybrid cultivar (non-R570)	1	Leaf	Illumina NovaSeq 6000	ISR		PASS	53.297680689111345	41052166	122343	49617	155648	21.5727	154056106	150.0
SRR31699295	PRJNA1196418	CP88-1762	Saccharum hybrid cultivar CP88-1762	Saccharum hybrid cultivar (non-R570)	1	Leaf	Illumina NovaSeq 6000	ISR		PASS	51.392309253885	32629507	123730	56546	157600	21.0676	126988344	150.0
SRR31699294	PRJNA1196418	CP88-1762	Saccharum hybrid cultivar CP88-1762	Saccharum hybrid cultivar (non-R570)	1	Leaf	Illumina NovaSeq 6000	ISR		PASS	46.810629262174935	28714814	122902	57117	156665	23.7246	122692600	150.0
SRR31699311	PRJNA1196418	CP88-1762	Saccharum hybrid cultivar CP88-1762	Saccharum hybrid cultivar (non-R570)	1	Leaf	Illumina NovaSeq 6000	ISR		PASS	52.31291553729675	48518156	124397	47901	158288	22.5351	185517052	150.0
SRR31699303	PRJNA1196418	CP88-1762	Saccharum hybrid cultivar CP88-1762	Saccharum hybrid cultivar (non-R570)	1	Leaf	Illumina NovaSeq 6000	ISR		PASS	47.9363201858235	37709403	119819	44177	151898	23.7142	157340802	150.0
SRR31699304	PRJNA1196418	CP88-1762	Saccharum hybrid cultivar CP88-1762	Saccharum hybrid cultivar (non-R570)	1	Leaf	Illumina NovaSeq 6000	ISR		PASS	48.96420992400595	32240367	119414	48738	151100	23.4526	131695124	150.0
SRR31699305	PRJNA1196418	CP88-1762	Saccharum hybrid cultivar CP88-1762	Saccharum hybrid cultivar (non-R570)	1	Leaf	Illumina NovaSeq 6000	ISR		PASS	50.40694148188432	31809372	122612	55904	156248	22.596	126215168	150.0
SRR31699306	PRJNA1196418	CP88-1762	Saccharum hybrid cultivar CP88-1762	Saccharum hybrid cultivar (non-R570)	1	Leaf	Illumina NovaSeq 6000	ISR		PASS	46.9615528770153	28709263	121293	55213	153085	21.5026	122270740	150.0
SRR31699307	PRJNA1196418	CP88-1762	Saccharum hybrid cultivar CP88-1762	Saccharum hybrid cultivar (non-R570)	1	Leaf	Illumina NovaSeq 6000	ISR		PASS	48.1705052530158	29697261	124188	57710	157487	21.1789	123305708	150.0
SRR31699308	PRJNA1196418	CP88-1762	Saccharum hybrid cultivar CP88-1762	Saccharum hybrid cultivar (non-R570)	1	Leaf	Illumina NovaSeq 6000	ISR		PASS	46.89580250716608	32688268	122976	58204	157110	21.5419	139412852	150.0
SRR31699309	PRJNA1196418	CP88-1762	Saccharum hybrid cultivar CP88-1762	Saccharum hybrid cultivar (non-R570)	1	Leaf	Illumina NovaSeq 6000	ISR		PASS	47.70341042628114	31829542	123326	58654	157507	21.69	133455360	150.0
SRR31699301	PRJNA1196418	CP88-1762	Saccharum hybrid cultivar CP88-1762	Saccharum hybrid cultivar (non-R570)	1	Leaf	Illumina NovaSeq 6000	ISR		PASS	50.90923428969876	39741300	124229	53294	158927	22.7171	156133510	150.0
SRR31699302	PRJNA1196418	CP88-1762	Saccharum hybrid cultivar CP88-1762	Saccharum hybrid cultivar (non-R570)	1	Leaf	Illumina NovaSeq 6000	ISR		PASS	50.83436790521977	34297916	121655	52349	154747	22.4525	134945884	150.0
SRR31699291	PRJNA1196418	CP88-1762	Saccharum hybrid cultivar CP88-1762	Saccharum hybrid cultivar (non-R570)	1	Leaf	Illumina NovaSeq 6000	ISR		PASS	44.25387885863088	33303484	123249	51999	156342	22.3444	150517284	150.0
SRR31699292	PRJNA1196418	CP88-1762	Saccharum hybrid cultivar CP88-1762	Saccharum hybrid cultivar (non-R570)	1	Leaf	Illumina NovaSeq 6000	ISR		PASS	46.64198613263565	27776327	121333	56764	153750	21.6781	119109528	150.0
SRR31699293	PRJNA1196418	CP88-1762	Saccharum hybrid cultivar CP88-1762	Saccharum hybrid cultivar (non-R570)	1	Leaf	Illumina NovaSeq 6000	ISR		PASS	46.71327695781812	28911339	121130	56192	153988	23.0118	123786002	150.0
SRR31699282	PRJNA1196418	CP88-1762	Saccharum hybrid cultivar CP88-1762	Saccharum hybrid cultivar (non-R570)	1	Leaf	Illumina NovaSeq 6000	ISR		PASS	49.42114343051885	30787738	124642	61362	159955	21.3105	124599228	150.0
SRR31699283	PRJNA1196418	CP88-1762	Saccharum hybrid cultivar CP88-1762	Saccharum hybrid cultivar (non-R570)	1	Leaf	Illumina NovaSeq 6000	ISR		PASS	50.808801817817006	37206967	122994	53609	156651	20.6936	146464292	150.0
SRR31699284	PRJNA1196418	CP88-1762	Saccharum hybrid cultivar CP88-1762	Saccharum hybrid cultivar (non-R570)	1	Leaf	Illumina NovaSeq 6000	ISR		PASS	52.749098934732785	31126739	120196	56492	152760	20.6659	118022162	150.0
SRR31699296	PRJNA1196418	CP88-1762	Saccharum hybrid cultivar CP88-1762	Saccharum hybrid cultivar (non-R570)	1	Leaf	Illumina NovaSeq 6000	ISR		PASS	49.943221051906264	34544408	122274	53291	155991	21.8288	138340152	150.0
SRR31699297	PRJNA1196418	CP88-1762	Saccharum hybrid cultivar CP88-1762	Saccharum hybrid cultivar (non-R570)	1	Leaf	Illumina NovaSeq 6000	ISR		PASS	49.6594977393097	30293478	121567	54533	154157	21.0998	122012012	150.0
SRR31699298	PRJNA1196418	CP88-1762	Saccharum hybrid cultivar CP88-1762	Saccharum hybrid cultivar (non-R570)	1	Leaf	Illumina NovaSeq 6000	ISR		PASS	48.45492272454639	31196322	121896	51759	153790	23.1369	128769404	150.0
SRR31699299	PRJNA1196418	CP88-1762	Saccharum hybrid cultivar CP88-1762	Saccharum hybrid cultivar (non-R570)	1	Leaf	Illumina NovaSeq 6000	ISR		PASS	52.37829526049407	38335040	121714	49720	154899	21.5509	146382980	150.0
SRR31699300	PRJNA1196418	CP88-1762	Saccharum hybrid cultivar CP88-1762	Saccharum hybrid cultivar (non-R570)	1	Leaf	Illumina NovaSeq 6000	ISR		PASS	49.21060133760714	35832161	122913	52537	156426	23.5342	145634640	150.0
SRR31699285	PRJNA1196418	CP88-1762	Saccharum hybrid cultivar CP88-1762	Saccharum hybrid cultivar (non-R570)	1	Leaf	Illumina NovaSeq 6000	ISR		PASS	51.300050048129755	39777731	125028	57167	159840	20.0184	155087392	150.0
SRR31699286	PRJNA1196418	CP88-1762	Saccharum hybrid cultivar CP88-1762	Saccharum hybrid cultivar (non-R570)	1	Leaf	Illumina NovaSeq 6000	ISR		PASS	46.339202347453416	28410729	117982	46225	146532	22.8684	122626738	150.0
SRR31699287	PRJNA1196418	CP88-1762	Saccharum hybrid cultivar CP88-1762	Saccharum hybrid cultivar (non-R570)	1	Leaf	Illumina NovaSeq 6000	ISR		PASS	50.77562908952956	36852029	121588	50157	153938	21.6302	145162246	150.0
SRR31699288	PRJNA1196418	CP88-1762	Saccharum hybrid cultivar CP88-1762	Saccharum hybrid cultivar (non-R570)	1	Leaf	Illumina NovaSeq 6000	ISR		PASS	49.596392461703886	38547818	123703	50784	156624	22.0761	155452992	150.0
SRR31699289	PRJNA1196418	CP88-1762	Saccharum hybrid cultivar CP88-1762	Saccharum hybrid cultivar (non-R570)	1	Leaf	Illumina NovaSeq 6000	ISR		PASS	44.16837461842304	27969784	118838	50236	149859	22.4811	126657618	150.0
SRR31699290	PRJNA1196418	CP88-1762	Saccharum hybrid cultivar CP88-1762	Saccharum hybrid cultivar (non-R570)	1	Leaf	Illumina NovaSeq 6000	ISR		PASS	43.29805124992637	32408093	120042	45723	151851	23.5009	149705116	150.0
SRR22730652	PRJNA910309	Fuguo 1	Saccharum officinarum	Saccharum officinarum	2	Leaf	Illumina NovaSeq 6000	ISR		PASS	65.24311861026841	15557602	99565	57636	120805	19.198	47862654	139.1104
SRR22730649	PRJNA910309	Fuguo 1	Saccharum officinarum	Saccharum officinarum	2	Leaf	Illumina NovaSeq 6000	ISR		PASS	79.6363057192298	20015062	99126	55434	120562	11.026	50380446	139.1175
SRR22730648	PRJNA910309	Fuguo 1	Saccharum officinarum	Saccharum officinarum	2	Leaf	Illumina NovaSeq 6000	ISR		PASS	75.11857182255316	16211982	91455	49765	109212	13.4085	43253424	139.0173
SRR22730647	PRJNA910309	Fuguo 1	Saccharum officinarum	Saccharum officinarum	2	Leaf	Illumina NovaSeq 6000	ISR		PASS	81.39494711863249	17443896	100471	57614	122335	9.5882	42943642	139.2768
SRR22730664	PRJNA910309	Fuguo 1	Saccharum officinarum	Saccharum officinarum	2	Leaf	Illumina NovaSeq 6000	ISR	low_mapping_rate(<30%)	FLAG	22.625108865602005	5527134	69824	24254	76817	43.2784	49300316	138.3419
SRR22730653	PRJNA910309	Fuguo 1	Saccharum officinarum	Saccharum officinarum	2	Leaf	Illumina NovaSeq 6000	ISR		PASS	81.23174562583297	21981550	105478	61132	129736	9.6869	54231490	139.7303
SRR22730670	PRJNA910309	Fuguo 1	Saccharum officinarum	Saccharum officinarum	2	Leaf	Illumina NovaSeq 6000	ISR		PASS	77.46256267211825	20305889	97758	56068	119626	11.9431	52517722	139.1185
SRR22730671	PRJNA910309	Fuguo 1	Saccharum officinarum	Saccharum officinarum	2	Leaf	Illumina NovaSeq 6000	ISR		PASS	68.80102507322732	15436639	92715	51621	111567	16.6327	44972862	139.0045
SRR22730672	PRJNA910309	Fuguo 1	Saccharum officinarum	Saccharum officinarum	2	Leaf	Illumina NovaSeq 6000	ISR		PASS	73.73595461714702	17455573	93749	54938	114353	13.4215	47498424	139.2185
SRR22730673	PRJNA910309	Fuguo 1	Saccharum officinarum	Saccharum officinarum	2	Leaf	Illumina NovaSeq 6000	ISR		PASS	78.65883862633274	20843480	102455	58138	124892	11.187	53109396	139.5863
SRR22730676	PRJNA910309	Fuguo 1	Saccharum officinarum	Saccharum officinarum	2	Leaf	Illumina NovaSeq 6000	ISR		PASS	79.68319622653435	20852502	101207	56698	123891	10.5734	52449696	139.2356
SRR22730651	PRJNA910309	Fuguo 1	Saccharum officinarum	Saccharum officinarum	2	Leaf	Illumina NovaSeq 6000	ISR		PASS	78.72065240569205	16930150	101825	60217	123871	11.0345	43102346	139.2207
SRR22730650	PRJNA910309	Fuguo 1	Saccharum officinarum	Saccharum officinarum	2	Leaf	Illumina NovaSeq 6000	ISR		PASS	81.01158903881873	21550101	97675	52784	118711	10.2693	53318322	139.1641
SRR22730674	PRJNA910309	Fuguo 1	Saccharum officinarum	Saccharum officinarum	2	Leaf	Illumina NovaSeq 6000	ISR		PASS	77.12825539549497	16706456	98559	58144	119575	11.7951	43436972	139.2909
SRR22730675	PRJNA910309	Fuguo 1	Saccharum officinarum	Saccharum officinarum	2	Leaf	Illumina NovaSeq 6000	ISR		PASS	80.68368694674723	17226774	100064	59913	122771	9.6326	42788946	139.2872
SRR22681476	PRJNA910660	ZZ1	Saccharum hybrid cultivar	Saccharum hybrid cultivar (non-R570)	1	Root	Illumina NovaSeq 6000	IU		PASS	82.3172483177107	21590861	128665	76883	158764	7.7818	52464598	150.0
SRR22681469	PRJNA910660	NJ	Saccharum officinarum	Saccharum officinarum	2	Root	Illumina NovaSeq 6000	IU		PASS	79.71464643589974	28430243	117105	67078	146451	7.9867	71340352	150.0
SRR22681472	PRJNA910660	NJ	Saccharum officinarum	Saccharum officinarum	2	Leaf	Illumina NovaSeq 6000	IU		PASS	78.30565706029147	24833564	103474	58308	128798	10.2591	63437340	150.0
SRR22681471	PRJNA910660	NJ	Saccharum officinarum	Saccharum officinarum	2	Root	Illumina NovaSeq 6000	IU		PASS	80.9737200496942	28207563	119558	68392	148898	8.1034	69681800	150.0
SRR22681478	PRJNA910660	ZZ1	Saccharum hybrid cultivar	Saccharum hybrid cultivar (non-R570)	1	Root	Illumina NovaSeq 6000	IU		PASS	83.10748618722835	24411009	132194	79208	164495	8.2849	58753298	150.0
SRR22681477	PRJNA910660	ZZ1	Saccharum hybrid cultivar	Saccharum hybrid cultivar (non-R570)	1	Leaf	Illumina NovaSeq 6000	IU		PASS	83.37530713431308	25874065	119458	69606	149824	8.4798	62073904	150.0
SRR22681470	PRJNA910660	NJ	Saccharum officinarum	Saccharum officinarum	2	Leaf	Illumina NovaSeq 6000	IU		PASS	77.59024506793047	23959780	104606	60797	130227	10.2066	61771060	150.0
SRR22681479	PRJNA910660	ZZ1	Saccharum hybrid cultivar	Saccharum hybrid cultivar (non-R570)	1	Leaf	Illumina NovaSeq 6000	IU		PASS	83.96485071208915	30494645	121390	68006	152616	7.7423	72646974	150.0
SRR22681491	PRJNA910660	Y83	Saccharum spontaneum	Saccharum spontaneum	3	Root	Illumina NovaSeq 6000	IU		PASS	84.3813776820472	30803616	119188	66365	145363	6.7262	73021960	150.0
SRR22681480	PRJNA910660	ZZ1	Saccharum hybrid cultivar	Saccharum hybrid cultivar (non-R570)	1	Root	Illumina NovaSeq 6000	IU		PASS	82.71042057653594	28724851	133407	79341	167738	8.5172	69469658	150.0
SRR22681496	PRJNA910660	NJ	Saccharum officinarum	Saccharum officinarum	2	Leaf	Illumina NovaSeq 6000	IU		PASS	78.34744567645816	23115136	103075	60302	127756	11.4736	59014734	150.0
SRR22681495	PRJNA910660	NJ	Saccharum officinarum	Saccharum officinarum	2	Root	Illumina NovaSeq 6000	IU		PASS	78.9496863404926	20911405	111700	65008	136426	8.2051	52980072	150.0
SRR22681494	PRJNA910660	Y83	Saccharum spontaneum	Saccharum spontaneum	3	Leaf	Illumina NovaSeq 6000	IU		PASS	82.5083699332389	23209484	101035	54890	122756	8.1352	56265654	150.0
SRR22681493	PRJNA910660	Y83	Saccharum spontaneum	Saccharum spontaneum	3	Root	Illumina NovaSeq 6000	IU		PASS	75.87961942028474	29354417	120402	69573	147499	7.2189	77387000	150.0
SRR22681492	PRJNA910660	Y83	Saccharum spontaneum	Saccharum spontaneum	3	Leaf	Illumina NovaSeq 6000	IU		PASS	82.1424329939896	26033996	106518	58341	130186	7.617	63394370	150.0
SRR22681490	PRJNA910660	Y83	Saccharum spontaneum	Saccharum spontaneum	3	Leaf	Illumina NovaSeq 6000	IU		PASS	83.48688062435484	26763305	101272	55463	122749	7.114	64120642	150.0
SRR22681481	PRJNA910660	ZZ1	Saccharum hybrid cultivar	Saccharum hybrid cultivar (non-R570)	1	Leaf	Illumina NovaSeq 6000	IU		PASS	82.10917177987729	25659732	115621	67682	145107	8.6448	62509820	150.0
SRR22681489	PRJNA910660	Y83	Saccharum spontaneum	Saccharum spontaneum	3	Root	Illumina NovaSeq 6000	IU		PASS	83.90242093893961	36004889	120991	67291	148771	6.955	85841022	150.0
SRR22796767	PRJNA912140	S-115	Saccharum officinarum	Saccharum officinarum	2	Leaf	Illumina NovaSeq 6000	IU		PASS	80.85146787978017	30598673	129600	73748	168120	9.5349	75697880	150.0
SRR22796742	PRJNA912140	S-115	Saccharum officinarum	Saccharum officinarum	2	Leaf	Illumina NovaSeq 6000	IU		PASS	81.89198186415602	39942643	129498	70220	170029	9.2085	97557720	150.0
SRR22796743	PRJNA912140	S-115	Saccharum officinarum	Saccharum officinarum	2	Leaf	Illumina NovaSeq 6000	IU		PASS	78.22952461691939	30281729	124744	67026	160632	11.6771	77424122	150.0
SRR22796745	PRJNA912140	S-115	Saccharum officinarum	Saccharum officinarum	2	Leaf	Illumina NovaSeq 6000	IU		PASS	71.59373730065829	33777999	127403	65945	164770	15.8227	94367058	150.0
SRR22796744	PRJNA912140	S-115	Saccharum officinarum	Saccharum officinarum	2	Leaf	Illumina NovaSeq 6000	IU		PASS	78.49934754070745	36104734	128054	68538	166508	11.4632	91994398	150.0
SRR22796751	PRJNA912140	S-115	Saccharum officinarum	Saccharum officinarum	2	Leaf	Illumina NovaSeq 6000	IU		PASS	78.51721663187674	32828031	125601	71273	162940	9.0912	83628010	150.0
SRR22796746	PRJNA912140	S-115	Saccharum officinarum	Saccharum officinarum	2	Leaf	Illumina NovaSeq 6000	IU		PASS	51.7008148093002	23695048	117892	53270	147844	30.2891	91667608	150.0
SRR22796762	PRJNA912140	S-115	Saccharum officinarum	Saccharum officinarum	2	Leaf	Illumina NovaSeq 6000	IU		PASS	81.43611237964808	29733854	115166	60188	145822	8.9956	73025968	150.0
SRR22796748	PRJNA912140	S-115	Saccharum officinarum	Saccharum officinarum	2	Leaf	Illumina NovaSeq 6000	IU		PASS	75.58287498418721	35950510	122438	61444	157430	13.5796	95135828	150.0
SRR22796747	PRJNA912140	S-115	Saccharum officinarum	Saccharum officinarum	2	Leaf	Illumina NovaSeq 6000	IU		PASS	56.22016573295361	19763989	117346	54385	145822	28.0729	70313528	150.0
SRR22796759	PRJNA912140	S-115	Saccharum officinarum	Saccharum officinarum	2	Leaf	Illumina NovaSeq 6000	IU		PASS	37.74004533122886	17753908	110854	41341	135230	41.5075	94089274	150.0
SRR22796749	PRJNA912140	S-115	Saccharum officinarum	Saccharum officinarum	2	Leaf	Illumina NovaSeq 6000	IU		PASS	81.75156703867191	34739385	128025	68227	165547	8.8293	84990740	150.0
SRR22796750	PRJNA912140	S-115	Saccharum officinarum	Saccharum officinarum	2	Leaf	Illumina NovaSeq 6000	IU		PASS	78.77854570405124	33434969	125827	72288	163715	9.217	84886800	150.0
SRR22796761	PRJNA912140	S-115	Saccharum officinarum	Saccharum officinarum	2	Leaf	Illumina NovaSeq 6000	IU		PASS	43.06703891878508	18722862	111418	48737	137175	37.2962	86949016	150.0
SRR22796760	PRJNA912140	S-115	Saccharum officinarum	Saccharum officinarum	2	Leaf	Illumina NovaSeq 6000	IU		PASS	81.06221034358514	35562581	123002	64209	158328	9.8021	87748666	150.0
SRR22796758	PRJNA912140	S-115	Saccharum officinarum	Saccharum officinarum	2	Leaf	Illumina NovaSeq 6000	IU		PASS	61.90872691147137	27712222	114609	52724	143722	24.4436	89527900	150.0
SRR22796752	PRJNA912140	S-115	Saccharum officinarum	Saccharum officinarum	2	Leaf	Illumina NovaSeq 6000	IU		PASS	82.48027065142583	33568760	125033	67387	161225	8.0298	81405078	150.0
SRR22796753	PRJNA912140	S-115	Saccharum officinarum	Saccharum officinarum	2	Leaf	Illumina NovaSeq 6000	IU		PASS	81.92368951132568	35503724	124405	69733	160858	8.4294	86682830	150.0
SRR22796755	PRJNA912140	S-115	Saccharum officinarum	Saccharum officinarum	2	Leaf	Illumina NovaSeq 6000	IU		PASS	81.98034091244092	31312606	119604	64011	152746	8.777	76397224	150.0
SRR22796754	PRJNA912140	S-115	Saccharum officinarum	Saccharum officinarum	2	Leaf	Illumina NovaSeq 6000	IU		PASS	82.3923917124273	35866279	123740	68685	159760	7.9652	87069618	150.0
SRR22796756	PRJNA912140	S-115	Saccharum officinarum	Saccharum officinarum	2	Leaf	Illumina NovaSeq 6000	IU		PASS	81.54516986661213	30512769	118947	63990	152157	8.8904	74838996	150.0
SRR22796765	PRJNA912140	S-115	Saccharum officinarum	Saccharum officinarum	2	Leaf	Illumina NovaSeq 6000	IU		PASS	81.1944839750001	37242428	131443	72015	172694	9.1154	91744574	150.0
SRR22796764	PRJNA912140	S-115	Saccharum officinarum	Saccharum officinarum	2	Leaf	Illumina NovaSeq 6000	IU		PASS	71.13376817531322	26249229	117768	59576	149010	16.8055	73804516	150.0
SRR22796763	PRJNA912140	S-115	Saccharum officinarum	Saccharum officinarum	2	Leaf	Illumina NovaSeq 6000	IU		PASS	81.98653618395257	28970068	114510	59718	145648	8.7119	70676110	150.0
SRR22796766	PRJNA912140	S-115	Saccharum officinarum	Saccharum officinarum	2	Leaf	Illumina NovaSeq 6000	IU		PASS	74.70202597025532	27355170	129324	74213	168010	12.6453	73244776	150.0
SRR22796768	PRJNA912140	S-115	Saccharum officinarum	Saccharum officinarum	2	Leaf	Illumina NovaSeq 6000	IU		PASS	81.30360189981575	28154830	126652	71924	163888	9.6698	69264258	150.0
SRR22796769	PRJNA912140	S-115	Saccharum officinarum	Saccharum officinarum	2	Leaf	Illumina NovaSeq 6000	IU		PASS	80.96478324849727	30893351	125509	70308	162980	9.5716	76319562	150.0
SRR22796771	PRJNA912140	S-115	Saccharum officinarum	Saccharum officinarum	2	Leaf	Illumina NovaSeq 6000	IU	low_mapping_rate(<30%)	FLAG	27.04241725486009	10181823	107931	39624	128142	45.0991	75305088	150.0
SRR22796770	PRJNA912140	S-115	Saccharum officinarum	Saccharum officinarum	2	Leaf	Illumina NovaSeq 6000	IU		PASS	43.584450635631896	15063514	112813	55743	137421	24.3657	69128388	150.0
SRR22796757	PRJNA912140	S-115	Saccharum officinarum	Saccharum officinarum	2	Leaf	Illumina NovaSeq 6000	IU		PASS	73.95514650828511	25427345	119746	61794	151592	14.1829	68766198	150.0
SRR27946060	PRJNA1075467	CTC4	Saccharum officinarum	Saccharum officinarum	2	Axillary Bud	Illumina NovaSeq 6000	ISR		PASS	59.26701924612466	12291591	109405	52827	125160	16.0524	42419252	100.0
SRR27946040	PRJNA1075467	CTC4	Saccharum officinarum	Saccharum officinarum	2	Axillary Bud	Illumina NovaSeq 6000	ISR		PASS	67.24702544964484	10726222	76931	37065	82851	12.4685	33047972	100.0
SRR27946062	PRJNA1075467	Vertix2	Saccharum hybrid cultivar	Saccharum hybrid cultivar (non-R570)	1	Axillary Bud	Illumina NovaSeq 6000	IU		PASS	53.801850961701206	10330983	112959	45447	128892	19.2856	39344662	100.0
SRR27946063	PRJNA1075467	Vertix2	Saccharum hybrid cultivar	Saccharum hybrid cultivar (non-R570)	1	Axillary Bud	Illumina NovaSeq 6000	ISR		PASS	66.25135529370661	10156136	107389	58112	120952	12.1294	30703882	100.0
SRR27946064	PRJNA1075467	Vertix2	Saccharum hybrid cultivar	Saccharum hybrid cultivar (non-R570)	1	Axillary Bud	Illumina NovaSeq 6000	ISR		PASS	75.81319828189321	11837773	109177	66735	124160	7.6382	32053814	100.0
SRR27946042	PRJNA1075467	CTC4	Saccharum officinarum	Saccharum officinarum	2	Axillary Bud	Illumina NovaSeq 6000	ISR		PASS	72.6037381667576	14927929	79362	40319	86069	10.6879	42166166	100.0
SRR27946047	PRJNA1075467	CTC4	Saccharum officinarum	Saccharum officinarum	2	Axillary Bud	Illumina NovaSeq 6000	ISR		PASS	44.23573215930318	7671550	23726	16335	24451	20.9027	34917290	100.0
SRR27946059	PRJNA1075467	CTC4	Saccharum officinarum	Saccharum officinarum	2	Axillary Bud	Illumina NovaSeq 6000	ISR		PASS	70.71791632743431	9708367	92516	53778	102165	10.2407	27520094	100.0
SRR27946052	PRJNA1075467	Vertix2	Saccharum hybrid cultivar	Saccharum hybrid cultivar (non-R570)	1	Axillary Bud	Illumina NovaSeq 6000	ISR		PASS	60.028759886298	8616958	50463	30058	52463	12.6432	28798752	100.0
SRR27946053	PRJNA1075467	Vertix2	Saccharum hybrid cultivar	Saccharum hybrid cultivar (non-R570)	1	Axillary Bud	Illumina NovaSeq 6000	ISR		PASS	71.2798431997064	13075099	62360	37035	65651	9.3964	36854054	100.0
SRR27946054	PRJNA1075467	Vertix2	Saccharum hybrid cultivar	Saccharum hybrid cultivar (non-R570)	1	Axillary Bud	Illumina NovaSeq 6000	ISR		PASS	70.10032259212142	12157466	50304	31040	52471	9.7946	34923348	100.0
SRR27946055	PRJNA1075467	Vertix2	Saccharum hybrid cultivar	Saccharum hybrid cultivar (non-R570)	1	Axillary Bud	Illumina NovaSeq 6000	ISR		PASS	66.93738764680663	14188044	67541	41519	71331	11.1625	42575646	100.0
SRR27946056	PRJNA1075467	CTC4	Saccharum officinarum	Saccharum officinarum	2	Axillary Bud	Illumina NovaSeq 6000	ISR		PASS	71.94982794712817	13252682	106634	60530	121447	8.925	37012390	100.0
SRR27946057	PRJNA1075467	CTC4	Saccharum officinarum	Saccharum officinarum	2	Axillary Bud	Illumina NovaSeq 6000	ISR		PASS	70.85874195573754	15543777	102786	57966	116919	10.3373	43950698	100.0
SRR27946065	PRJNA1075467	Vertix2	Saccharum hybrid cultivar	Saccharum hybrid cultivar (non-R570)	1	Axillary Bud	Illumina NovaSeq 6000	ISR		PASS	62.347533056470574	12323157	114101	58207	131104	13.8176	40600434	100.0
SRR27946041	PRJNA1075467	CTC4	Saccharum officinarum	Saccharum officinarum	2	Axillary Bud	Illumina NovaSeq 6000	ISR		PASS	71.54200099180771	11226770	71210	33085	75980	10.8071	32849278	100.0
SRR27946048	PRJNA1075467	CTC4	Saccharum officinarum	Saccharum officinarum	2	Axillary Bud	Illumina NovaSeq 6000	ISR		PASS	43.427610196095166	6328429	31836	19166	32879	21.5035	30585424	100.0
SRR27946046	PRJNA1075467	Vertix2	Saccharum hybrid cultivar	Saccharum hybrid cultivar (non-R570)	1	Axillary Bud	Illumina NovaSeq 6000	ISR		PASS	67.52499856912726	16434432	93834	44650	104243	12.1316	48736942	100.0
SRR27946045	PRJNA1075467	Vertix2	Saccharum hybrid cultivar	Saccharum hybrid cultivar (non-R570)	1	Axillary Bud	Illumina NovaSeq 6000	ISR		PASS	72.72565876144095	15902162	67415	40146	72109	10.0968	45393748	100.0
SRR27946044	PRJNA1075467	CTC4	Saccharum officinarum	Saccharum officinarum	2	Axillary Bud	Illumina NovaSeq 6000	ISR		PASS	69.40749915713354	13974281	85442	39898	93365	11.4894	40392702	100.0
SRR27946050	PRJNA1075467	CTC4	Saccharum officinarum	Saccharum officinarum	2	Axillary Bud	Illumina NovaSeq 6000	ISR		PASS	57.870196335352816	11294918	34376	23033	35743	16.4371	40687616	100.0
SRR27946051	PRJNA1075467	Vertix2	Saccharum hybrid cultivar	Saccharum hybrid cultivar (non-R570)	1	Axillary Bud	Illumina NovaSeq 6000	ISR		PASS	65.95703897709649	15002689	49226	31230	51421	11.5994	47570024	100.0
SRR27946043	PRJNA1075467	CTC4	Saccharum officinarum	Saccharum officinarum	2	Axillary Bud	Illumina NovaSeq 6000	ISR		PASS	58.70590903501277	12111457	82726	33778	89753	17.798	42073418	100.0
SRR27946067	PRJNA1075467	Vertix2	Saccharum hybrid cultivar	Saccharum hybrid cultivar (non-R570)	1	Axillary Bud	Illumina NovaSeq 6000	ISR		PASS	63.00456670220622	16285542	52105	32645	54679	13.9751	51863674	100.0
SRR27946066	PRJNA1075467	Vertix2	Saccharum hybrid cultivar	Saccharum hybrid cultivar (non-R570)	1	Axillary Bud	Illumina NovaSeq 6000	ISR		PASS	58.217893001567475	8621206	62926	31695	66138	14.3615	29732234	100.0
SRR27946049	PRJNA1075467	CTC4	Saccharum officinarum	Saccharum officinarum	2	Axillary Bud	Illumina NovaSeq 6000	ISR		PASS	52.10809331117231	8208058	21674	15997	22335	18.6662	31705278	100.0
SRR27946061	PRJNA1075467	Vertix2	Saccharum hybrid cultivar	Saccharum hybrid cultivar (non-R570)	1	Axillary Bud	Illumina NovaSeq 6000	ISR		PASS	73.12610942116137	13225594	111971	66708	128263	8.4824	37113956	100.0
SRR27946058	PRJNA1075467	CTC4	Saccharum officinarum	Saccharum officinarum	2	Axillary Bud	Illumina NovaSeq 6000	ISR		PASS	60.73576473095399	12192245	114310	57517	130798	15.077	40309954	100.0
SRR29673374	PRJNA1127307	NCo310 Transgenic 2	Saccharum hybrid cultivar	Saccharum hybrid cultivar (non-R570)	1	Leaf	Illumina MiSeq	ISR		PASS	78.8844351826705	10581398	108257	72694	129763	9.6101	26848958	125.0
SRR29673375	PRJNA1127307	NCo310 Transgenic 2	Saccharum hybrid cultivar	Saccharum hybrid cultivar (non-R570)	1	Leaf	Illumina MiSeq	ISR		PASS	81.87323599284882	10996450	107771	67898	127063	7.5627	26880650	125.0
SRR29673376	PRJNA1127307	NCo310 Transgenic 2	Saccharum hybrid cultivar	Saccharum hybrid cultivar (non-R570)	1	Leaf	Illumina MiSeq	ISR		PASS	81.24951505276226	11225381	108589	69440	128766	7.8096	27648498	125.0
SRR29673377	PRJNA1127307	NCo310 Transgenic 1	Saccharum hybrid cultivar	Saccharum hybrid cultivar (non-R570)	1	Leaf	Illumina MiSeq	ISR		PASS	82.2538309098035	11899818	106999	67250	126996	7.5026	28968874	125.0
SRR29673378	PRJNA1127307	NCo310 Transgenic 1	Saccharum hybrid cultivar	Saccharum hybrid cultivar (non-R570)	1	Leaf	Illumina MiSeq	ISR		PASS	78.24012010609428	11062761	109355	71180	130213	8.1676	28304010	125.0
SRR29673355	PRJNA1127307	NCo310 Transgenic 2	Saccharum hybrid cultivar	Saccharum hybrid cultivar (non-R570)	1	Leaf	Illumina MiSeq	ISR		PASS	80.5644023133146	11988916	110885	70715	132488	8.0814	29784698	125.0
SRR29673357	PRJNA1127307	NCo310 Transgenic 1	Saccharum hybrid cultivar	Saccharum hybrid cultivar (non-R570)	1	Leaf	Illumina MiSeq	ISR		PASS	77.61412475946307	10879636	108583	70788	129589	9.9175	28053366	125.0
SRR29673358	PRJNA1127307	NCo310 Transgenic 1	Saccharum hybrid cultivar	Saccharum hybrid cultivar (non-R570)	1	Leaf	Illumina MiSeq	ISR		PASS	73.67202932110347	9326347	108712	73058	128451	10.2781	25342710	125.0
SRR29673359	PRJNA1127307	NCo310 Transgenic 1	Saccharum hybrid cultivar	Saccharum hybrid cultivar (non-R570)	1	Leaf	Illumina MiSeq	ISR		PASS	76.23677749027303	9897801	108478	71956	128184	10.1941	25987964	125.0
SRR29673360	PRJNA1127307	NCo310 Transgenic 1	Saccharum hybrid cultivar	Saccharum hybrid cultivar (non-R570)	1	Leaf	Illumina MiSeq	ISR		PASS	78.53960332301652	10309223	108365	72578	128980	9.645	26273608	125.0
SRR29673361	PRJNA1127307	NCo310 Transgenic 1	Saccharum hybrid cultivar	Saccharum hybrid cultivar (non-R570)	1	Leaf	Illumina MiSeq	ISR		PASS	82.20475013890615	10470433	106493	65527	124374	7.0354	25503906	125.0
SRR29673363	PRJNA1127307	Saccharum sp. hybrid cultivar NCo310 - Wild type	Saccharum hybrid cultivar	Saccharum hybrid cultivar (non-R570)	1	Leaf	Illumina MiSeq	ISR		PASS	80.20065488147381	11678594	111620	73222	133625	9.1839	29171920	125.0
SRR29673364	PRJNA1127307	Saccharum sp. hybrid cultivar NCo310 - Wild type	Saccharum hybrid cultivar	Saccharum hybrid cultivar (non-R570)	1	Leaf	Illumina MiSeq	ISR		PASS	77.10116533373875	11983912	112712	73042	135533	10.3589	31111798	125.0
SRR29673362	PRJNA1127307	Saccharum sp. hybrid cultivar NCo310 - Wild type	Saccharum hybrid cultivar	Saccharum hybrid cultivar (non-R570)	1	Leaf	Illumina MiSeq	ISR		PASS	76.60641664182106	9727803	105223	71620	125997	10.8714	25412736	125.0
SRR29673373	PRJNA1127307	NCo310 Transgenic 2	Saccharum hybrid cultivar	Saccharum hybrid cultivar (non-R570)	1	Leaf	Illumina MiSeq	ISR		PASS	77.93974737612182	10905165	110258	72957	131446	9.5677	27997390	125.0
SRR29673356	PRJNA1127307	NCo310 Transgenic 2	Saccharum hybrid cultivar	Saccharum hybrid cultivar (non-R570)	1	Leaf	Illumina MiSeq	ISR		PASS	78.65021819298723	12467830	109834	68953	130977	8.1904	31725228	125.0
SRR29673371	PRJNA1127307	NCo310 Transgenic 2	Saccharum hybrid cultivar	Saccharum hybrid cultivar (non-R570)	1	Leaf	Illumina MiSeq	ISR		PASS	76.29950196559683	10392408	108270	70421	128537	11.1255	27259544	125.0
SRR29673372	PRJNA1127307	NCo310 Transgenic 2	Saccharum hybrid cultivar	Saccharum hybrid cultivar (non-R570)	1	Leaf	Illumina MiSeq	ISR		PASS	77.62415337332915	11863762	112185	73473	134612	9.6519	30587322	125.0
SRR29673366	PRJNA1127307	NCo310 Transgenic 1	Saccharum hybrid cultivar	Saccharum hybrid cultivar (non-R570)	1	Leaf	Illumina MiSeq	ISR		PASS	80.6880171130651	10459745	106664	68778	125914	7.8321	25946214	125.0
SRR29673367	PRJNA1127307	Saccharum sp. hybrid cultivar NCo310 - Wild type	Saccharum hybrid cultivar	Saccharum hybrid cultivar (non-R570)	1	Leaf	Illumina MiSeq	ISR		PASS	78.86056316716441	10689282	108360	69883	129125	9.1197	27133324	125.0
SRR29673368	PRJNA1127307	Saccharum sp. hybrid cultivar NCo310 - Wild type	Saccharum hybrid cultivar	Saccharum hybrid cultivar (non-R570)	1	Leaf	Illumina MiSeq	ISR		PASS	78.94789876160497	12339930	109906	70811	132744	9.034	31282560	125.0
SRR29673370	PRJNA1127307	Saccharum sp. hybrid cultivar NCo310 - Wild type	Saccharum hybrid cultivar	Saccharum hybrid cultivar (non-R570)	1	Leaf	Illumina MiSeq	ISR		PASS	80.04473019905856	7597147	98719	67898	116871	8.9886	19000890	125.0
SRR29673365	PRJNA1127307	Saccharum sp. hybrid cultivar NCo310 - Wild type	Saccharum hybrid cultivar	Saccharum hybrid cultivar (non-R570)	1	Leaf	Illumina MiSeq	ISR		PASS	76.30757896574632	9746603	102039	62900	121034	11.2473	25574564	125.0
SRR29673369	PRJNA1127307	Saccharum sp. hybrid cultivar NCo310 - Wild type	Saccharum hybrid cultivar	Saccharum hybrid cultivar (non-R570)	1	Leaf	Illumina MiSeq	ISR		PASS	78.86444338957006	13417274	113134	72467	136758	8.9937	34048662	125.0
SRR30346586	PRJNA1135804	LA-Purple	Saccharum officinarum	Saccharum officinarum	2	Leaf	Illumina NovaSeq 6000	IU		PASS	86.05864549529201	23225410	119018	69082	147391	6.8687	53997560	150.0
SRR30346596	PRJNA1135804	LA-Purple	Saccharum officinarum	Saccharum officinarum	2	Leaf	Illumina NovaSeq 6000	IU		PASS	82.808064720578	24994301	120891	74787	150693	8.827	60376682	150.0
SRR30346589	PRJNA1135804	LA-Purple	Saccharum officinarum	Saccharum officinarum	2	Leaf	Illumina NovaSeq 6000	IU		PASS	86.80314037976935	25539371	116410	65897	144584	6.3902	58860660	150.0
SRR30346588	PRJNA1135804	LA-Purple	Saccharum officinarum	Saccharum officinarum	2	Leaf	Illumina NovaSeq 6000	IU		PASS	86.33378590536948	24339391	119457	67180	148998	6.8538	56403008	150.0
SRR30346609	PRJNA1135804	SES-208	Saccharum spontaneum	Saccharum spontaneum	3	Leaf	Illumina NovaSeq 6000	IU		PASS	86.2331565675872	22659941	100698	54661	120738	6.2411	52575154	150.0
SRR30346597	PRJNA1135804	SES-208	Saccharum spontaneum	Saccharum spontaneum	3	Leaf	Illumina NovaSeq 6000	IU		PASS	86.72460461669809	24056127	98074	50537	117164	6.0845	55493260	150.0
SRR30346598	PRJNA1135804	LA-Purple	Saccharum officinarum	Saccharum officinarum	2	Leaf	Illumina NovaSeq 6000	IU		PASS	82.25824072839376	22053167	118926	74102	147943	9.4941	53628820	150.0
SRR30346599	PRJNA1135804	LA-Purple	Saccharum officinarum	Saccharum officinarum	2	Leaf	Illumina NovaSeq 6000	IU		PASS	80.29074039942911	21746792	118289	74860	147244	10.2945	54180278	150.0
SRR30346600	PRJNA1135804	SES-208	Saccharum spontaneum	Saccharum spontaneum	3	Leaf	Illumina NovaSeq 6000	IU		PASS	75.98401987632398	22119262	79196	51039	90562	8.8948	58239854	150.0
SRR30346601	PRJNA1135804	SES-208	Saccharum spontaneum	Saccharum spontaneum	3	Leaf	Illumina NovaSeq 6000	IU		PASS	81.03972698457706	22007128	99384	60084	118851	9.3799	54323410	150.0
SRR30346602	PRJNA1135804	SES-208	Saccharum spontaneum	Saccharum spontaneum	3	Leaf	Illumina NovaSeq 6000	IU		PASS	81.27343721633567	26009982	108379	57715	131976	9.3684	64028116	150.0
SRR30346603	PRJNA1135804	SES-208	Saccharum spontaneum	Saccharum spontaneum	3	Leaf	Illumina NovaSeq 6000	IU		PASS	85.69553933314083	24513329	105208	62153	125640	6.8674	57221232	150.0
SRR30346604	PRJNA1135804	SES-208	Saccharum spontaneum	Saccharum spontaneum	3	Leaf	Illumina NovaSeq 6000	IU		PASS	85.28284233171041	23915679	104951	61527	126148	7.3963	56097798	150.0
SRR30346593	PRJNA1135804	LA-Purple	Saccharum officinarum	Saccharum officinarum	2	Leaf	Illumina NovaSeq 6000	IU		PASS	82.6451541346056	21646051	120821	73915	149445	8.9448	52397994	150.0
SRR30346592	PRJNA1135804	SES-208	Saccharum spontaneum	Saccharum spontaneum	3	Leaf	Illumina NovaSeq 6000	IU		PASS	84.1678125280956	22852072	102209	57680	123469	6.5224	54316462	150.0
SRR30346590	PRJNA1135804	SES-208	Saccharum spontaneum	Saccharum spontaneum	3	Leaf	Illumina NovaSeq 6000	IU		PASS	83.2058948618802	25609102	103104	57404	125024	7.1374	61578756	150.0
SRR30346591	PRJNA1135804	SES-208	Saccharum spontaneum	Saccharum spontaneum	3	Leaf	Illumina NovaSeq 6000	IU		PASS	84.38915176184965	24658392	101619	56835	123034	6.6036	58460796	150.0
SRR30346587	PRJNA1135804	LA-Purple	Saccharum officinarum	Saccharum officinarum	2	Leaf	Illumina NovaSeq 6000	IU		PASS	86.57889451447153	24920340	119750	68281	149341	6.6053	57591868	150.0
SRR30346595	PRJNA1135804	LA-Purple	Saccharum officinarum	Saccharum officinarum	2	Leaf	Illumina NovaSeq 6000	IU		PASS	80.41226760290873	23677237	123026	77838	153740	10.0096	58900094	150.0
SRR30346594	PRJNA1135804	LA-Purple	Saccharum officinarum	Saccharum officinarum	2	Leaf	Illumina NovaSeq 6000	IU		PASS	81.2092948874364	22231993	121381	76288	151384	9.6659	54761578	150.0
SRR30346608	PRJNA1135804	SES-208	Saccharum spontaneum	Saccharum spontaneum	3	Leaf	Illumina NovaSeq 6000	IU		PASS	87.52738460389267	23435129	99097	49641	117579	6.1159	53567296	150.0
SRR30346607	PRJNA1135804	LA-Purple	Saccharum officinarum	Saccharum officinarum	2	Leaf	Illumina NovaSeq 6000	IU		PASS	85.44328734450902	23939038	116845	67412	145616	7.2822	56059594	150.0
SRR30346606	PRJNA1135804	LA-Purple	Saccharum officinarum	Saccharum officinarum	2	Leaf	Illumina NovaSeq 6000	IU		PASS	86.71683067914914	25024978	101890	65794	120648	6.6037	57786324	150.0
SRR30346605	PRJNA1135804	SES-208	Saccharum spontaneum	Saccharum spontaneum	3	Leaf	Illumina NovaSeq 6000	IU		PASS	86.45501031196945	25700991	102219	57599	122604	6.8409	59466420	150.0
SRR34710418	PRJNA1293820	GL05-136	Saccharum hybrid cultivar	Saccharum hybrid cultivar (non-R570)	1	Root	Illumina NovaSeq 6000	IU		PASS	86.37857344661182	22285177	126059	71224	154207	7.3432	51654720	150.0
SRR34710438	PRJNA1293820	GL05-136	Saccharum hybrid cultivar	Saccharum hybrid cultivar (non-R570)	1	Root	Illumina NovaSeq 6000	IU		PASS	86.63216181203815	23263363	126672	70770	155060	7.2493	53759552	150.0
SRR34710439	PRJNA1293820	GL05-136	Saccharum hybrid cultivar	Saccharum hybrid cultivar (non-R570)	1	Root	Illumina NovaSeq 6000	IU		PASS	86.40203068048228	21651986	126012	71142	153909	7.3547	50173110	150.0
SRR34710419	PRJNA1293820	GL05-136	Saccharum hybrid cultivar	Saccharum hybrid cultivar (non-R570)	1	Root	Illumina NovaSeq 6000	IU		PASS	85.93958358372107	24025820	127183	70643	155777	7.702	56009426	150.0
SRR34710420	PRJNA1293820	GL05-136	Saccharum hybrid cultivar	Saccharum hybrid cultivar (non-R570)	1	Root	Illumina NovaSeq 6000	IU		PASS	86.09335551296226	25090927	127677	70428	156508	7.6404	58389302	150.0
SRR34710421	PRJNA1293820	GL05-136	Saccharum hybrid cultivar	Saccharum hybrid cultivar (non-R570)	1	Root	Illumina NovaSeq 6000	IU		PASS	86.1069763072453	25334677	127900	70429	157219	7.6806	58946508	150.0
SRR34710431	PRJNA1293820	GL05-136	Saccharum hybrid cultivar	Saccharum hybrid cultivar (non-R570)	1	Root	Illumina NovaSeq 6000	IU		PASS	78.9131457209385	22746936	126382	70826	155435	8.6019	57760634	150.0
SRR34710430	PRJNA1293820	GL05-136	Saccharum hybrid cultivar	Saccharum hybrid cultivar (non-R570)	1	Root	Illumina NovaSeq 6000	IU		PASS	79.07977477948144	23045511	126416	70427	155311	8.5684	58407962	150.0
SRR34710428	PRJNA1293820	GL05-136	Saccharum hybrid cultivar	Saccharum hybrid cultivar (non-R570)	1	Root	Illumina NovaSeq 6000	IU		PASS	79.48711847922773	22282891	126305	71021	155228	8.521	56178076	150.0
SRR34710427	PRJNA1293820	GL05-136	Saccharum hybrid cultivar	Saccharum hybrid cultivar (non-R570)	1	Root	Illumina NovaSeq 6000	IU		PASS	83.04131307832566	24777392	128347	71495	158164	8.4902	59790488	150.0
SRR34710426	PRJNA1293820	GL05-136	Saccharum hybrid cultivar	Saccharum hybrid cultivar (non-R570)	1	Root	Illumina NovaSeq 6000	IU		PASS	83.41846546324496	23961754	127768	71550	157284	8.3474	57567080	150.0
SRR34710425	PRJNA1293820	GL05-136	Saccharum hybrid cultivar	Saccharum hybrid cultivar (non-R570)	1	Root	Illumina NovaSeq 6000	IU		PASS	83.11029963793233	23575041	128083	71667	157492	8.4305	56844028	150.0
SRR10810317	PRJNA555450	B42	Saccharum officinarum	Saccharum officinarum	2	Leaf	Illumina NovaSeq 6000	IU		PASS	84.8214692397804	19069142	125999	73531	157414	8.4754	45039128	150.0
SRR10810321	PRJNA555450	B22	Saccharum officinarum	Saccharum officinarum	2	Leaf	Illumina NovaSeq 6000	IU		PASS	83.9497063196131	22212712	125168	71025	157035	9.4561	53008506	150.0
SRR10810320	PRJNA555450	B42	Saccharum officinarum	Saccharum officinarum	2	Leaf	Illumina NovaSeq 6000	IU		PASS	84.43416453922733	15357997	121832	71105	150341	8.634	36446110	150.0
SRR10810322	PRJNA555450	B22	Saccharum officinarum	Saccharum officinarum	2	Leaf	Illumina NovaSeq 6000	IU		PASS	83.68400411224735	17503394	122385	71793	152236	9.4223	41917222	150.0
SRR10810324	PRJNA555450	B22	Saccharum officinarum	Saccharum officinarum	2	Leaf	Illumina NovaSeq 6000	IU		PASS	85.09317562140978	17685381	124408	73802	154395	8.4446	41635128	150.0
SRR10810325	PRJNA555450	B42	Saccharum officinarum	Saccharum officinarum	2	Leaf	Illumina NovaSeq 6000	IU		PASS	83.44328114488847	35377392	131835	72141	168447	9.3695	84973484	150.0
SRR10810328	PRJNA555450	B22	Saccharum officinarum	Saccharum officinarum	2	Leaf	Illumina NovaSeq 6000	IU		PASS	85.96106834138659	20705556	126931	72264	158664	7.8369	48239170	150.0
SRR9717305	PRJNA555450	B42	Saccharum officinarum	Saccharum officinarum	2	Leaf	Illumina NovaSeq 6000	IU		PASS	84.09241841957447	16884212	121271	69291	150563	8.7861	40227444	150.0
SRR9717306	PRJNA555450	B42	Saccharum officinarum	Saccharum officinarum	2	Leaf	Illumina NovaSeq 6000	IU		PASS	85.24729442496559	18418088	123776	69137	153911	8.3271	43265768	150.0
SRR9717310	PRJNA555450	B22	Saccharum officinarum	Saccharum officinarum	2	Leaf	Illumina NovaSeq 6000	IU		PASS	86.10536869991087	16395802	124336	74395	154722	7.691	38153044	150.0
SRR9717309	PRJNA555450	B22	Saccharum officinarum	Saccharum officinarum	2	Leaf	Illumina NovaSeq 6000	IU		PASS	85.99933268196077	14382236	123832	74896	152564	7.8068	33533702	150.0
SRR9717308	PRJNA555450	B22	Saccharum officinarum	Saccharum officinarum	2	Leaf	Illumina NovaSeq 6000	IU		PASS	84.06935208444035	25620853	131246	75101	166423	8.6639	60984882	150.0
SRR9717307	PRJNA555450	B22	Saccharum officinarum	Saccharum officinarum	2	Leaf	Illumina NovaSeq 6000	IU		PASS	84.59330681828587	15519752	119881	70468	148483	8.6061	36754644	150.0
SRR10810327	PRJNA555450	B22	Saccharum officinarum	Saccharum officinarum	2	Leaf	Illumina NovaSeq 6000	IU		PASS	85.60824109657398	16579445	124145	73599	153826	8.0268	38787888	150.0
SRR10810326	PRJNA555450	B42	Saccharum officinarum	Saccharum officinarum	2	Leaf	Illumina NovaSeq 6000	IU		PASS	84.07485091011134	16586031	121937	70465	151228	9.1811	39514296	150.0
SRR10810323	PRJNA555450	B22	Saccharum officinarum	Saccharum officinarum	2	Leaf	Illumina NovaSeq 6000	IU		PASS	85.25504886751715	16737758	124835	75463	154706	8.4285	39341042	150.0
SRR10810319	PRJNA555450	B42	Saccharum officinarum	Saccharum officinarum	2	Leaf	Illumina NovaSeq 6000	IU		PASS	83.34776239792392	17195321	122197	68555	151494	9.3829	41333480	150.0
SRR10810318	PRJNA555450	B42	Saccharum officinarum	Saccharum officinarum	2	Leaf	Illumina NovaSeq 6000	IU		PASS	85.12988494746374	16179797	124227	74469	154166	8.2994	38090510	150.0
SRR9717311	PRJNA555450	B42	Saccharum officinarum	Saccharum officinarum	2	Leaf	Illumina NovaSeq 6000	IU		PASS	85.18974853591038	16216482	124235	73108	153619	8.1186	38152190	150.0
SRR9717304	PRJNA555450	B42	Saccharum officinarum	Saccharum officinarum	2	Leaf	Illumina NovaSeq 6000	IU		PASS	83.74220955227699	15108473	122939	72927	152008	9.201	36126940	150.0
SRR9717303	PRJNA555450	B42	Saccharum officinarum	Saccharum officinarum	2	Leaf	Illumina NovaSeq 6000	IU		PASS	83.45991369375055	15348743	125177	75734	155947	9.3553	36839796	150.0
SRR9717302	PRJNA555450	B22	Saccharum officinarum	Saccharum officinarum	2	Leaf	Illumina NovaSeq 6000	IU		PASS	85.44002308575052	18818770	125220	70735	155542	8.5983	44132058	150.0
SRR9717301	PRJNA555450	B22	Saccharum officinarum	Saccharum officinarum	2	Leaf	Illumina NovaSeq 6000	IU		PASS	83.31049339164561	13457743	122657	74314	151088	9.4966	32367978	150.0
SRR9717312	PRJNA555450	B42	Saccharum officinarum	Saccharum officinarum	2	Leaf	Illumina NovaSeq 6000	IU		PASS	84.79286319182359	17218796	124603	73532	155260	8.4708	40679318	150.0
SRR11612669	PRJNA628529	SP80-3280	Saccharum hybrid cultivar SP80-3280	Saccharum hybrid cultivar (non-R570)	1	Leaf	Illumina HiSeq 4000	IU		PASS	32.8184070645791	5983238	91481	22070	103370	19.0401	36463050	90.0
SRR11612687	PRJNA628529	SP80-3280	Saccharum hybrid cultivar SP80-3280	Saccharum hybrid cultivar (non-R570)	1	Root	Illumina HiSeq 4000	IU	low_mapping_rate(<30%)	FLAG	20.456977912384865	3727925	102821	53127	115472	5.4425	36446984	90.0
SRR11612688	PRJNA628529	SP80-3280	Saccharum hybrid cultivar SP80-3280	Saccharum hybrid cultivar (non-R570)	1	Root	Illumina HiSeq 4000	IU		PASS	34.12417477206489	6223409	114212	64442	131398	6.4526	36475746	90.0
SRR11612689	PRJNA628529	SP80-3280	Saccharum hybrid cultivar SP80-3280	Saccharum hybrid cultivar (non-R570)	1	Root	Illumina HiSeq 4000	IU		PASS	34.071880156448344	6212407	114371	64498	131731	6.4505	36467160	90.0
SRR11612690	PRJNA628529	SP80-3280	Saccharum hybrid cultivar SP80-3280	Saccharum hybrid cultivar (non-R570)	1	Leaf	Illumina HiSeq 4000	IU		PASS	39.09201832771085	7137520	85030	27549	95931	15.4072	36517106	90.0
SRR11612671	PRJNA628529	SP80-3280	Saccharum hybrid cultivar SP80-3280	Saccharum hybrid cultivar (non-R570)	1	Leaf	Illumina HiSeq 4000	IU		PASS	40.83938775694809	7449429	91942	27583	104433	17.8082	36482250	90.0
SRR11612672	PRJNA628529	SP80-3280	Saccharum hybrid cultivar SP80-3280	Saccharum hybrid cultivar (non-R570)	1	Leaf	Illumina HiSeq 4000	IU		PASS	30.52932870424115	5904022	80787	15544	90056	21.9514	38678294	90.0
SRR11612684	PRJNA628529	SP80-3280	Saccharum hybrid cultivar SP80-3280	Saccharum hybrid cultivar (non-R570)	1	Leaf	Illumina HiSeq 4000	IU	low_mapping_rate(<30%)	FLAG	14.226611323368877	2763373	94512	38238	103711	5.7416	38848424	90.0
SRR11612686	PRJNA628529	SP80-3280	Saccharum hybrid cultivar SP80-3280	Saccharum hybrid cultivar (non-R570)	1	Leaf	Illumina HiSeq 4000	IU	low_mapping_rate(<30%)	FLAG	20.475196190846926	3732410	102701	53106	115207	5.4723	36458416	90.0
SRR11612683	PRJNA628529	SP80-3280	Saccharum hybrid cultivar SP80-3280	Saccharum hybrid cultivar (non-R570)	1	Leaf	Illumina HiSeq 4000	IU	low_mapping_rate(<30%)	FLAG	9.306404941691964	1696892	76130	34819	82147	4.0029	36467582	90.0
SRR11612673	PRJNA628529	SP80-3280	Saccharum hybrid cultivar SP80-3280	Saccharum hybrid cultivar (non-R570)	1	Leaf	Illumina HiSeq 4000	IU		PASS	30.5692521048505	5539128	79866	15466	88896	21.9451	36240388	90.0
SRR11612670	PRJNA628529	SP80-3280	Saccharum hybrid cultivar SP80-3280	Saccharum hybrid cultivar (non-R570)	1	Leaf	Illumina HiSeq 4000	IU		PASS	40.904698777095035	7463664	91911	27521	104404	17.8075	36493652	90.0
SRR11612675	PRJNA628529	SP80-3280	Saccharum hybrid cultivar SP80-3280	Saccharum hybrid cultivar (non-R570)	1	Leaf	Illumina HiSeq 4000	IU	low_mapping_rate(<30%)	FLAG	26.059593905782176	4748150	76609	10489	84164	24.7482	36441010	90.0
SRR11612668	PRJNA628529	SP80-3280	Saccharum hybrid cultivar SP80-3280	Saccharum hybrid cultivar (non-R570)	1	Leaf	Illumina HiSeq 4000	IU		PASS	32.91868335708319	6002556	91306	22136	102918	19.0655	36469412	90.0
SRR11612681	PRJNA628529	SP80-3280	Saccharum hybrid cultivar SP80-3280	Saccharum hybrid cultivar (non-R570)	1	Leaf	Illumina HiSeq 4000	IU		PASS	34.85877758067586	6361729	93846	24505	106845	19.6876	36500496	90.0
SRR11612680	PRJNA628529	SP80-3280	Saccharum hybrid cultivar SP80-3280	Saccharum hybrid cultivar (non-R570)	1	Leaf	Illumina HiSeq 4000	IU	low_mapping_rate(<30%)	FLAG	22.7268835360171	4138093	98176	49592	111362	6.393	36416536	90.0
SRR11612679	PRJNA628529	SP80-3280	Saccharum hybrid cultivar SP80-3280	Saccharum hybrid cultivar (non-R570)	1	Leaf	Illumina HiSeq 4000	IU	low_mapping_rate(<30%)	FLAG	22.753740792238027	4145474	97791	49790	110801	6.3984	36438480	90.0
SRR11612678	PRJNA628529	SP80-3280	Saccharum hybrid cultivar SP80-3280	Saccharum hybrid cultivar (non-R570)	1	Leaf	Illumina HiSeq 4000	IU	low_mapping_rate(<30%)	FLAG	11.751056212264626	2143803	83421	41442	90757	4.2805	36487942	90.0
SRR11612677	PRJNA628529	SP80-3280	Saccharum hybrid cultivar SP80-3280	Saccharum hybrid cultivar (non-R570)	1	Leaf	Illumina HiSeq 4000	IU	low_mapping_rate(<30%)	FLAG	11.800610097676016	2153518	83249	41412	90551	4.3057	36499374	90.0
SRR11612676	PRJNA628529	SP80-3280	Saccharum hybrid cultivar SP80-3280	Saccharum hybrid cultivar (non-R570)	1	Leaf	Illumina HiSeq 4000	IU		PASS	34.898279554544565	6371567	93827	24702	106532	19.7163	36515522	90.0
SRR11612674	PRJNA628529	SP80-3280	Saccharum hybrid cultivar SP80-3280	Saccharum hybrid cultivar (non-R570)	1	Leaf	Illumina HiSeq 4000	IU	low_mapping_rate(<30%)	FLAG	26.060717081770076	5066040	77646	10664	85513	24.7937	38879066	90.0
SRR11612682	PRJNA628529	SP80-3280	Saccharum hybrid cultivar SP80-3280	Saccharum hybrid cultivar (non-R570)	1	Leaf	Illumina HiSeq 4000	IU	low_mapping_rate(<30%)	FLAG	9.327918499651682	1701460	75496	34665	81402	4.0225	36481368	90.0
SRR11612691	PRJNA628529	SP80-3280	Saccharum hybrid cultivar SP80-3280	Saccharum hybrid cultivar (non-R570)	1	Leaf	Illumina HiSeq 4000	IU		PASS	38.929574029282996	7105355	85165	27394	96107	15.3585	36504238	90.0
SRR11612685	PRJNA628529	SP80-3280	Saccharum hybrid cultivar SP80-3280	Saccharum hybrid cultivar (non-R570)	1	Leaf	Illumina HiSeq 4000	IU	low_mapping_rate(<30%)	FLAG	14.198943592826943	2584959	93265	38064	102143	5.7414	36411066	90.0
SRR19571079	PRJNA770031	Bethuadahari	Tripidium arundinaceum	Tripidium arundinaceum (outgroup)	4	Leaf	Illumina HiSeq 2500	ISR		PASS	44.42561098826223	20686736	88038	48552	103114	9.8935	93438400	100.0
SRR19571080	PRJNA770031	Bethuadahari	Tripidium arundinaceum	Tripidium arundinaceum (outgroup)	4	Leaf	Illumina HiSeq 2500	ISR		PASS	42.398160682147214	17020692	85367	48672	99247	9.6474	80783536	100.0
SRR19571081	PRJNA770031	Bethuadahari	Tripidium arundinaceum	Tripidium arundinaceum (outgroup)	4	Leaf	Illumina HiSeq 2500	ISR		PASS	41.54716358335264	18115081	86304	48281	100655	10.1204	87861078	100.0
SRR19571075	PRJNA770031	Co 86032	Saccharum hybrid cultivar	Saccharum hybrid cultivar (non-R570)	1	Leaf	Illumina HiSeq 2500	ISR		PASS	44.31594067214218	17199598	114246	65274	140691	16.7186	77835106	100.0
SRR19571076	PRJNA770031	Co 86032	Saccharum hybrid cultivar	Saccharum hybrid cultivar (non-R570)	1	Leaf	Illumina HiSeq 2500	ISR		PASS	48.85154955653555	17280349	111628	61930	136288	11.0876	71001950	100.0
SRR19571078	PRJNA770031	Co 86032	Saccharum hybrid cultivar	Saccharum hybrid cultivar (non-R570)	1	Leaf	Illumina HiSeq 2500	ISR		PASS	45.22905055255457	17386090	111468	61186	135561	12.1234	77163550	100.0
SRR19571077	PRJNA770031	Co 86032	Saccharum hybrid cultivar	Saccharum hybrid cultivar (non-R570)	1	Leaf	Illumina HiSeq 2500	ISR	low_mapping_rate(<30%)	FLAG	22.143199595625557	11482336	112388	38897	132562	24.5504	103913488	100.0
SRR19571097	PRJNA770031	Bethuadahari	Tripidium arundinaceum	Tripidium arundinaceum (outgroup)	4	Leaf	Illumina HiSeq 2500	ISR		PASS	42.50929680230781	16761854	81583	44043	94222	9.1787	78913362	100.0
SRR19571098	PRJNA770031	Bethuadahari	Tripidium arundinaceum	Tripidium arundinaceum (outgroup)	4	Leaf	Illumina HiSeq 2500	ISR	low_mapping_rate(<30%)	FLAG	27.031551762271476	19248140	115313	66427	142292	6.264	143851408	100.0
SRR19571089	PRJNA770031	Bethuadahari	Tripidium arundinaceum	Tripidium arundinaceum (outgroup)	4	Leaf	Illumina HiSeq 2500	ISR		PASS	37.1906329546824	15692251	85279	44082	98316	11.2753	84592406	100.0
SRR19571090	PRJNA770031	Bethuadahari	Tripidium arundinaceum	Tripidium arundinaceum (outgroup)	4	Leaf	Illumina HiSeq 2500	ISR		PASS	41.992193830707066	19225617	85646	44222	99467	11.1199	91698824	100.0
SRR19571091	PRJNA770031	Bethuadahari	Tripidium arundinaceum	Tripidium arundinaceum (outgroup)	4	Leaf	Illumina HiSeq 2500	ISR		PASS	43.774038902383005	19811434	84824	42526	98465	12.6585	91003876	100.0
SRR19571092	PRJNA770031	Bethuadahari	Tripidium arundinaceum	Tripidium arundinaceum (outgroup)	4	Leaf	Illumina HiSeq 2500	ISR		PASS	42.41385840683511	19892293	84899	42301	98165	10.5168	95325252	100.0
SRR19571093	PRJNA770031	Bethuadahari	Tripidium arundinaceum	Tripidium arundinaceum (outgroup)	4	Leaf	Illumina HiSeq 2500	ISR		PASS	36.70312700102312	18290593	88425	42070	101360	10.7744	100138766	100.0
SRR19571094	PRJNA770031	Bethuadahari	Tripidium arundinaceum	Tripidium arundinaceum (outgroup)	4	Leaf	Illumina HiSeq 2500	ISR		PASS	40.19317963425632	21750298	87452	42145	101052	10.1204	108684150	100.0
SRR19571082	PRJNA770031	Co 86032	Saccharum hybrid cultivar	Saccharum hybrid cultivar (non-R570)	1	Leaf	Illumina HiSeq 2500	ISR		PASS	43.48396254254405	19192984	114410	60871	140446	15.167	88318288	100.0
SRR19571083	PRJNA770031	Co 86032	Saccharum hybrid cultivar	Saccharum hybrid cultivar (non-R570)	1	Leaf	Illumina HiSeq 2500	ISR		PASS	43.95257867249374	21847027	116877	63098	145194	14.8923	99476182	100.0
SRR19571084	PRJNA770031	Co 86032	Saccharum hybrid cultivar	Saccharum hybrid cultivar (non-R570)	1	Leaf	Illumina HiSeq 2500	ISR		PASS	45.295088541684024	18616444	114805	65334	140900	15.4474	82298520	100.0
SRR19571085	PRJNA770031	Co 86032	Saccharum hybrid cultivar	Saccharum hybrid cultivar (non-R570)	1	Leaf	Illumina HiSeq 2500	ISR		PASS	41.39399027430181	13346252	105563	55180	125202	13.7436	65437372	100.0
SRR19571086	PRJNA770031	Bethuadahari	Tripidium arundinaceum	Tripidium arundinaceum (outgroup)	4	Leaf	Illumina HiSeq 2500	ISR		PASS	43.617166746085616	23266092	85496	44236	99753	9.0343	107354602	100.0
SRR19571095	PRJNA770031	Co 86032	Saccharum hybrid cultivar	Saccharum hybrid cultivar (non-R570)	1	Leaf	Illumina HiSeq 2500	ISR		PASS	41.07187439738513	19269005	82733	43028	95878	9.5309	93997774	100.0
SRR19571096	PRJNA770031	Co 86032	Saccharum hybrid cultivar	Saccharum hybrid cultivar (non-R570)	1	Leaf	Illumina HiSeq 2500	ISR		PASS	50.70706013046421	20581443	113457	62764	139475	10.7363	81400578	100.0
SRR19571087	PRJNA770031	Co 86032	Saccharum hybrid cultivar	Saccharum hybrid cultivar (non-R570)	1	Leaf	Illumina HiSeq 2500	ISR		PASS	41.04269893655442	18374678	114082	54862	137825	13.2468	90015076	100.0
SRR19571088	PRJNA770031	Co 86032	Saccharum hybrid cultivar	Saccharum hybrid cultivar (non-R570)	1	Leaf	Illumina HiSeq 2500	ISR		PASS	42.52044717770721	14188921	106050	54591	126513	13.1375	66902604	100.0
SRR12523016	PRJNA658777	SP80-3280	Saccharum hybrid cultivar	Saccharum hybrid cultivar (non-R570)	1	Meristem	NextSeq 500	ISR		PASS	80.80192182784972	15340118	117570	64767	142350	8.1931	38094260	149.2754
SRR12523015	PRJNA658777	SP80-3280	Saccharum hybrid cultivar	Saccharum hybrid cultivar (non-R570)	1	Meristem	NextSeq 500	ISR		PASS	82.85659854026102	16087612	118127	65558	143244	7.343	38943522	150.0981
SRR12523025	PRJNA658777	SP80-3280	Saccharum hybrid cultivar	Saccharum hybrid cultivar (non-R570)	1	Meristem	NextSeq 500	ISR		PASS	79.89463434996199	12908024	116115	66058	139954	8.5935	32428466	149.44
SRR12523024	PRJNA658777	SP80-3280	Saccharum hybrid cultivar	Saccharum hybrid cultivar (non-R570)	1	Meristem	NextSeq 500	ISR		PASS	77.76152397878477	13707282	118014	65895	142448	9.9826	35373162	149.8435
SRR12523023	PRJNA658777	SP80-3280	Saccharum hybrid cultivar	Saccharum hybrid cultivar (non-R570)	1	Meristem	NextSeq 500	ISR		PASS	77.58606164946846	18005080	124907	72887	154749	9.4653	46611412	148.7624
SRR12523029	PRJNA658777	SP80-3280	Saccharum hybrid cultivar	Saccharum hybrid cultivar (non-R570)	1	Meristem	NextSeq 500	ISR		PASS	76.59786731326413	10901122	110875	63028	131557	10.8843	28586548	149.5369
SRR12523030	PRJNA658777	SP80-3280	Saccharum hybrid cultivar	Saccharum hybrid cultivar (non-R570)	1	Meristem	NextSeq 500	ISR		PASS	75.95064674845257	12455701	114430	63065	136642	10.5143	32946254	149.6831
SRR12523031	PRJNA658777	SP80-3280	Saccharum hybrid cultivar	Saccharum hybrid cultivar (non-R570)	1	Meristem	NextSeq 500	ISR		PASS	79.12803256453539	13150336	114431	63399	136740	9.1904	33385738	149.8887
SRR12523032	PRJNA658777	SP80-3280	Saccharum hybrid cultivar	Saccharum hybrid cultivar (non-R570)	1	Meristem	NextSeq 500	ISR		PASS	79.1207691011358	15568426	118840	66037	144238	9.6825	39479740	149.8729
SRR12523027	PRJNA658777	SP80-3280	Saccharum hybrid cultivar	Saccharum hybrid cultivar (non-R570)	1	Meristem	NextSeq 500	ISR		PASS	75.64926556857029	12303707	116474	69196	142063	11.1792	32627468	149.5538
SRR12523028	PRJNA658777	SP80-3280	Saccharum hybrid cultivar	Saccharum hybrid cultivar (non-R570)	1	Meristem	NextSeq 500	ISR		PASS	76.9991509686251	11528587	113271	65355	135207	10.4209	30061904	149.312
SRR12523034	PRJNA658777	SP80-3280	Saccharum hybrid cultivar	Saccharum hybrid cultivar (non-R570)	1	Meristem	NextSeq 500	ISR		PASS	78.42987710772408	21153210	126470	73033	158264	9.3123	54110596	149.9942
SRR12523018	PRJNA658777	SP80-3280	Saccharum hybrid cultivar	Saccharum hybrid cultivar (non-R570)	1	Meristem	NextSeq 500	ISR		PASS	82.12331719412643	17932326	118861	64674	145016	7.6717	43817088	149.6726
SRR12523022	PRJNA658777	SP80-3280	Saccharum hybrid cultivar	Saccharum hybrid cultivar (non-R570)	1	Meristem	NextSeq 500	ISR		PASS	81.61427726852676	14218921	118501	66697	143585	7.4391	35071684	150.0135
SRR12523021	PRJNA658777	SP80-3280	Saccharum hybrid cultivar	Saccharum hybrid cultivar (non-R570)	1	Meristem	NextSeq 500	ISR		PASS	80.07616664758274	19133758	121672	68294	151386	8.3445	48068134	150.1874
SRR12523020	PRJNA658777	SP80-3280	Saccharum hybrid cultivar	Saccharum hybrid cultivar (non-R570)	1	Meristem	NextSeq 500	ISR		PASS	79.07168792664856	18420508	121090	68429	149886	9.0375	46717548	149.6782
SRR12523019	PRJNA658777	SP80-3280	Saccharum hybrid cultivar	Saccharum hybrid cultivar (non-R570)	1	Meristem	NextSeq 500	ISR		PASS	81.99894496494234	15951568	116795	62893	140964	7.8631	39037410	149.8715
SRR12523026	PRJNA658777	SP80-3280	Saccharum hybrid cultivar	Saccharum hybrid cultivar (non-R570)	1	Meristem	NextSeq 500	ISR		PASS	75.73506677003674	10731019	115478	71009	140504	9.7889	28419754	149.718
SRR12523033	PRJNA658777	SP80-3280	Saccharum hybrid cultivar	Saccharum hybrid cultivar (non-R570)	1	Meristem	NextSeq 500	ISR		PASS	81.31283337124458	14402473	116881	65618	141211	7.6881	35537118	149.8307
SRR12523017	PRJNA658777	SP80-3280	Saccharum hybrid cultivar	Saccharum hybrid cultivar (non-R570)	1	Meristem	NextSeq 500	ISR		PASS	82.57078677817725	20761829	121437	64582	149129	7.3518	50447866	149.8439
SRR12523035	PRJNA658777	SP80-3280	Saccharum hybrid cultivar	Saccharum hybrid cultivar (non-R570)	1	Meristem	NextSeq 500	ISR		PASS	79.21596076944935	25214674	128091	72428	161493	8.7749	63901036	150.014
SRR31646427	PRJNA1194315	Yunzhe05-51	Saccharum officinarum	Saccharum officinarum	2	Leaf	Illumina NovaSeq 6000	IU		PASS	76.33988044249212	14921961	111094	69716	138334	8.7518	39095300	150.1311
SRR31646426	PRJNA1194315	Yunzhe05-51	Saccharum officinarum	Saccharum officinarum	2	Leaf	Illumina NovaSeq 6000	IU		PASS	73.23128599989694	16625838	112332	71975	141372	8.1024	45410352	150.0097
SRR31646431	PRJNA1194315	Yunzhe05-51	Saccharum officinarum	Saccharum officinarum	2	Leaf	Illumina NovaSeq 6000	IU		PASS	73.72471642814868	16009679	111918	70039	140025	8.7367	43432664	150.0089
SRR31646428	PRJNA1194315	Yunzhe05-51	Saccharum officinarum	Saccharum officinarum	2	Leaf	Illumina NovaSeq 6000	IU		PASS	71.02800696909932	15998349	106304	67280	133298	8.6091	45050180	150.0725
SRR31646429	PRJNA1194315	Yunzhe05-51	Saccharum officinarum	Saccharum officinarum	2	Leaf	Illumina NovaSeq 6000	IU		PASS	78.07295500799746	15499976	108189	69138	135759	8.3953	39707972	150.0943
SRR31646430	PRJNA1194315	Yunzhe05-51	Saccharum officinarum	Saccharum officinarum	2	Leaf	Illumina NovaSeq 6000	IU		PASS	78.53750438748273	15269004	104422	63448	129040	8.0536	38885292	150.0638
SRR31646423	PRJNA1194315	Yunzhe05-51	Saccharum officinarum	Saccharum officinarum	2	Leaf	Illumina NovaSeq 6000	IU		PASS	77.3065336376435	17320014	111999	69527	140133	8.8617	44812558	149.8434
SRR31646424	PRJNA1194315	Yunzhe05-51	Saccharum officinarum	Saccharum officinarum	2	Leaf	Illumina NovaSeq 6000	IU		PASS	76.11048568309876	15565943	109449	69221	136500	8.7306	40905368	150.0498
SRR31646425	PRJNA1194315	Yunzhe05-51	Saccharum officinarum	Saccharum officinarum	2	Leaf	Illumina NovaSeq 6000	IU		PASS	73.2488168061338	16531524	110257	70281	138527	8.393	45141788	149.9911
SRR31646422	PRJNA1194315	Yunzhe05-51	Saccharum officinarum	Saccharum officinarum	2	Leaf	Illumina NovaSeq 6000	IU		PASS	74.30976692960017	16798914	110793	70530	139228	7.4174	45215278	149.9581
SRR31646415	PRJNA1194315	Yunzhe05-51	Saccharum officinarum	Saccharum officinarum	2	Leaf	Illumina NovaSeq 6000	IU		PASS	71.27535585220858	16306202	115555	72832	144214	7.4335	45759426	149.9355
SRR31646421	PRJNA1194315	Yunzhe05-51	Saccharum officinarum	Saccharum officinarum	2	Leaf	Illumina NovaSeq 6000	IU		PASS	75.24014185207568	16830207	109432	68046	137001	7.9119	44739188	150.0751
SRR31646412	PRJNA1194315	Yunzhe05-51	Saccharum officinarum	Saccharum officinarum	2	Leaf	Illumina NovaSeq 6000	IU		PASS	75.22615698616524	17177744	109962	69241	137916	8.891	45671874	149.7694
SRR31646413	PRJNA1194315	Yunzhe05-51	Saccharum officinarum	Saccharum officinarum	2	Leaf	Illumina NovaSeq 6000	IU		PASS	77.72239942343381	17049784	113749	70875	142617	7.9039	43877474	150.0414
SRR31646414	PRJNA1194315	Yunzhe05-51	Saccharum officinarum	Saccharum officinarum	2	Leaf	Illumina NovaSeq 6000	IU		PASS	75.31282648273721	14477292	114223	72568	142460	7.7667	38447384	150.0405
SRR31646419	PRJNA1194315	Yunzhe05-51	Saccharum officinarum	Saccharum officinarum	2	Leaf	Illumina NovaSeq 6000	IU		PASS	78.98382104488353	15774986	113012	71900	141398	9.0263	39946846	149.9689
SRR31646416	PRJNA1194315	Yunzhe05-51	Saccharum officinarum	Saccharum officinarum	2	Leaf	Illumina NovaSeq 6000	IU		PASS	75.06737750206798	16010901	114146	71351	143257	8.1641	42661528	150.0858
SRR31646417	PRJNA1194315	Yunzhe05-51	Saccharum officinarum	Saccharum officinarum	2	Leaf	Illumina NovaSeq 6000	IU		PASS	69.75214174418792	15828495	110644	70926	139008	8.5178	45388550	150.0171
SRR31646418	PRJNA1194315	Yunzhe05-51	Saccharum officinarum	Saccharum officinarum	2	Leaf	Illumina NovaSeq 6000	IU		PASS	74.59054312835259	16117171	113538	71222	141917	7.6608	43218720	150.1017
SRR31646420	PRJNA1194315	Yunzhe05-51	Saccharum officinarum	Saccharum officinarum	2	Leaf	Illumina NovaSeq 6000	IU		PASS	74.46915539890502	15446387	107590	67885	134467	7.646	41487494	150.1283
SRR26965781	PRJNA1045373	Guitang 42	Saccharum hybrid cultivar	Saccharum hybrid cultivar (non-R570)	1	Bud	Illumina NovaSeq 6000	IU		PASS	72.793823998075	19494312	122492	78804	153833	11.6665	53582178	150.0
SRR26965782	PRJNA1045373	Guitang 42	Saccharum hybrid cultivar	Saccharum hybrid cultivar (non-R570)	1	Bud	Illumina NovaSeq 6000	IU		PASS	71.73472431945433	22278040	118974	75382	150113	11.3352	62140206	150.0
SRR26965778	PRJNA1045373	Guitang 44	Saccharum hybrid cultivar	Saccharum hybrid cultivar (non-R570)	1	Bud	Illumina NovaSeq 6000	IU		PASS	74.3757491724676	23413288	127487	81025	160820	11.3947	62987424	150.0
SRR26965779	PRJNA1045373	Guitang 42	Saccharum hybrid cultivar	Saccharum hybrid cultivar (non-R570)	1	Bud	Illumina NovaSeq 6000	IU		PASS	73.26688908066478	21076960	124451	78706	157296	11.5014	57563160	150.0
SRR26965780	PRJNA1045373	Guitang 42	Saccharum hybrid cultivar	Saccharum hybrid cultivar (non-R570)	1	Bud	Illumina NovaSeq 6000	IU		PASS	73.53990383183326	19528784	122232	78730	153687	11.5555	53133994	150.0
SRR26965783	PRJNA1045373	Guitang 42	Saccharum hybrid cultivar	Saccharum hybrid cultivar (non-R570)	1	Bud	Illumina NovaSeq 6000	IU		PASS	71.11697780840166	21579580	118721	75577	149576	11.572	60712482	150.0
SRR26965784	PRJNA1045373	Guitang 42	Saccharum hybrid cultivar	Saccharum hybrid cultivar (non-R570)	1	Bud	Illumina NovaSeq 6000	IU		PASS	70.95784103488884	17782697	117667	75927	147707	11.3998	50142812	150.0
SRR26965785	PRJNA1045373	Guitang 42	Saccharum hybrid cultivar	Saccharum hybrid cultivar (non-R570)	1	Bud	Illumina NovaSeq 6000	IU		PASS	73.83538375145503	23285812	122587	77548	155575	11.2915	63103914	150.0
SRR26965786	PRJNA1045373	Guitang 44	Saccharum hybrid cultivar	Saccharum hybrid cultivar (non-R570)	1	Bud	Illumina NovaSeq 6000	IU		PASS	77.89271099916806	29381108	134180	83914	171510	9.5014	75475764	150.0
SRR26965787	PRJNA1045373	Guitang 44	Saccharum hybrid cultivar	Saccharum hybrid cultivar (non-R570)	1	Bud	Illumina NovaSeq 6000	IU		PASS	78.4701261486681	27296571	133239	83627	169336	9.2714	69602898	150.0
SRR26965789	PRJNA1045373	Guitang 44	Saccharum hybrid cultivar	Saccharum hybrid cultivar (non-R570)	1	Bud	Illumina NovaSeq 6000	IU		PASS	75.6547794900899	21395531	126064	80242	158496	11.35	56587256	150.0
SRR26965788	PRJNA1045373	Guitang 44	Saccharum hybrid cultivar	Saccharum hybrid cultivar (non-R570)	1	Bud	Illumina NovaSeq 6000	IU		PASS	77.33729854604793	26362835	133182	83895	169129	9.3499	68203508	150.0
SRR26965791	PRJNA1045373	Guitang 44	Saccharum hybrid cultivar	Saccharum hybrid cultivar (non-R570)	1	Bud	Illumina NovaSeq 6000	IU		PASS	74.7137516156455	23136402	127131	80615	160488	11.4608	61960184	150.0
SRR26965792	PRJNA1045373	Guitang 44	Saccharum hybrid cultivar	Saccharum hybrid cultivar (non-R570)	1	Bud	Illumina NovaSeq 6000	IU		PASS	75.78023919117179	24891179	127869	80522	161524	11.0029	65721150	150.0
SRR26965793	PRJNA1045373	Guitang 44	Saccharum hybrid cultivar	Saccharum hybrid cultivar (non-R570)	1	Bud	Illumina NovaSeq 6000	IU		PASS	76.42206750129807	25143373	127956	80281	161268	10.7567	65831240	150.0
SRR26965790	PRJNA1045373	Guitang 44	Saccharum hybrid cultivar	Saccharum hybrid cultivar (non-R570)	1	Bud	Illumina NovaSeq 6000	IU		PASS	75.54727419462056	20524966	125211	80154	157383	11.4163	54361726	150.0
SRR26965795	PRJNA1045373	Guitang 42	Saccharum hybrid cultivar	Saccharum hybrid cultivar (non-R570)	1	Bud	Illumina NovaSeq 6000	IU		PASS	73.0866692352791	20799695	121336	77791	153286	11.3171	56942080	150.0
SRR26965794	PRJNA1045373	Guitang 42	Saccharum hybrid cultivar	Saccharum hybrid cultivar (non-R570)	1	Bud	Illumina NovaSeq 6000	IU		PASS	73.95612427639318	18619679	120251	77491	150679	11.1896	50377604	150.0
SRR29443918	PRJNA1125051	IACSP95-5000	Saccharum officinarum x Saccharum spontaneum	Saccharum hybrid cultivar (non-R570)	1	Leaf	Illumina NovaSeq 6000	ISR		PASS	79.46198963914	32662916	117041	72146	147970	6.5621	83514906	151.0
SRR29443920	PRJNA1125051	IACSP95-5000	Saccharum officinarum x Saccharum spontaneum	Saccharum hybrid cultivar (non-R570)	1	Leaf	Illumina NovaSeq 6000	ISR		PASS	72.49482718625339	32917102	116635	70573	146928	5.9838	91682220	151.0
SRR29443923	PRJNA1125051	SP71-6163	Saccharum officinarum x Saccharum spontaneum	Saccharum hybrid cultivar (non-R570)	1	Leaf	Illumina NovaSeq 6000	ISR		PASS	82.43178297849197	38724057	117721	66502	148941	7.1075	94341624	151.0
SRR29443924	PRJNA1125051	SP71-6163	Saccharum officinarum x Saccharum spontaneum	Saccharum hybrid cultivar (non-R570)	1	Leaf	Illumina NovaSeq 6000	ISR		PASS	83.87242814075253	46850875	122025	70141	156026	6.0264	112226124	151.0
SRR29443925	PRJNA1125051	SP71-6163	Saccharum officinarum x Saccharum spontaneum	Saccharum hybrid cultivar (non-R570)	1	Leaf	Illumina NovaSeq 6000	ISR		PASS	82.4622256643909	44548395	123161	70102	156597	5.4671	108667526	151.0
SRR29443926	PRJNA1125051	SP71-6163	Saccharum officinarum x Saccharum spontaneum	Saccharum hybrid cultivar (non-R570)	1	Leaf	Illumina NovaSeq 6000	ISR		PASS	83.83885243861003	32079712	118118	71228	149147	6.2882	77061686	151.0
SRR29443927	PRJNA1125051	SP71-6163	Saccharum officinarum x Saccharum spontaneum	Saccharum hybrid cultivar (non-R570)	1	Leaf	Illumina NovaSeq 6000	ISR		PASS	80.28870288848177	40506761	118245	71361	151056	6.6259	101821522	151.0
SRR29443928	PRJNA1125051	SP71-6163	Saccharum officinarum x Saccharum spontaneum	Saccharum hybrid cultivar (non-R570)	1	Leaf	Illumina NovaSeq 6000	ISR		PASS	82.54369506130315	73158226	128232	70770	165486	5.7287	178317622	151.0
SRR29443929	PRJNA1125051	IACSP95-5000	Saccharum officinarum x Saccharum spontaneum	Saccharum hybrid cultivar (non-R570)	1	Leaf	Illumina NovaSeq 6000	ISR		PASS	80.72270490904073	45143087	119069	71089	152423	6.6992	112721132	151.0
SRR29443930	PRJNA1125051	IACSP95-5000	Saccharum officinarum x Saccharum spontaneum	Saccharum hybrid cultivar (non-R570)	1	Leaf	Illumina NovaSeq 6000	ISR		PASS	76.17007218215367	38872170	118362	69414	150380	5.2954	102238318	151.0
SRR29443913	PRJNA1125051	SP71-6163	Saccharum officinarum x Saccharum spontaneum	Saccharum hybrid cultivar (non-R570)	1	Leaf	Illumina NovaSeq 6000	ISR		PASS	82.20944771193778	100110527	132024	71800	172764	5.8865	244900868	151.0
SRR29443914	PRJNA1125051	IACSP95-5000	Saccharum officinarum x Saccharum spontaneum	Saccharum hybrid cultivar (non-R570)	1	Leaf	Illumina NovaSeq 6000	ISR		PASS	78.09796472077572	21795744	110315	68156	136178	5.6115	58255202	151.0
SRR29443915	PRJNA1125051	IACSP95-5000	Saccharum officinarum x Saccharum spontaneum	Saccharum hybrid cultivar (non-R570)	1	Leaf	Illumina NovaSeq 6000	ISR		PASS	66.21766295543495	29082685	114488	70395	144011	4.8717	89075086	151.0
SRR29443916	PRJNA1125051	IACSP95-5000	Saccharum officinarum x Saccharum spontaneum	Saccharum hybrid cultivar (non-R570)	1	Leaf	Illumina NovaSeq 6000	ISR		PASS	83.580310080354	35565473	116891	67488	147984	6.064	85781894	151.0
SRR29443917	PRJNA1125051	IACSP95-5000	Saccharum officinarum x Saccharum spontaneum	Saccharum hybrid cultivar (non-R570)	1	Leaf	Illumina NovaSeq 6000	ISR		PASS	81.0885369674664	34721938	118099	71914	149816	6.6924	86603656	151.0
SRR29443919	PRJNA1125051	IACSP95-5000	Saccharum officinarum x Saccharum spontaneum	Saccharum hybrid cultivar (non-R570)	1	Leaf	Illumina NovaSeq 6000	ISR		PASS	81.75196985821167	28400479	115921	70143	145381	6.1205	70772948	151.0
SRR29443922	PRJNA1125051	SP71-6163	Saccharum officinarum x Saccharum spontaneum	Saccharum hybrid cultivar (non-R570)	1	Leaf	Illumina NovaSeq 6000	ISR		PASS	82.18800798742105	50743352	121254	68041	154882	6.3245	123904130	151.0
SRR29443921	PRJNA1125051	SP71-6163	Saccharum officinarum x Saccharum spontaneum	Saccharum hybrid cultivar (non-R570)	1	Leaf	Illumina NovaSeq 6000	ISR		PASS	84.93137384896525	42364977	118551	65846	151277	5.6179	100109796	151.0
SRR12772617	PRJNA667204	B42	Saccharum officinarum	Saccharum officinarum	2	Bud	Illumina NovaSeq 6000	IU		PASS	84.79286319182359	17218796	124606	73550	155278	8.4708	40679318	150.0
SRR12772616	PRJNA667204	B42	Saccharum officinarum	Saccharum officinarum	2	Bud	Illumina NovaSeq 6000	IU		PASS	84.07485091011134	16586031	121937	70460	151230	9.1811	39514296	150.0
SRR12772615	PRJNA667204	B42	Saccharum officinarum	Saccharum officinarum	2	Bud	Illumina NovaSeq 6000	IU		PASS	83.44328114488847	35377392	131835	72134	168452	9.3695	84973484	150.0
SRR12772614	PRJNA667204	B42	Saccharum officinarum	Saccharum officinarum	2	Bud	Illumina NovaSeq 6000	IU		PASS	83.74220955227699	15108473	122936	72933	151985	9.201	36126940	150.0
SRR12772618	PRJNA667204	B42	Saccharum officinarum	Saccharum officinarum	2	Bud	Illumina NovaSeq 6000	IU		PASS	84.8214692397804	19069142	125989	73567	157399	8.4754	45039128	150.0
SRR12772619	PRJNA667204	B42	Saccharum officinarum	Saccharum officinarum	2	Bud	Illumina NovaSeq 6000	IU		PASS	85.12988494746374	16179797	124226	74463	154166	8.2994	38090510	150.0
SRR12772620	PRJNA667204	B42	Saccharum officinarum	Saccharum officinarum	2	Bud	Illumina NovaSeq 6000	IU		PASS	85.24729442496559	18418088	123772	69135	153907	8.3271	43265768	150.0
SRR12772621	PRJNA667204	B42	Saccharum officinarum	Saccharum officinarum	2	Bud	Illumina NovaSeq 6000	IU		PASS	83.34776239792392	17195321	122196	68573	151494	9.3829	41333480	150.0
SRR12772606	PRJNA667204	B42	Saccharum officinarum	Saccharum officinarum	2	Bud	Illumina NovaSeq 6000	IU		PASS	84.43416453922733	15357997	121834	71099	150333	8.634	36446110	150.0
SRR12772607	PRJNA667204	B22	Saccharum officinarum	Saccharum officinarum	2	Bud	Illumina NovaSeq 6000	IU		PASS	85.44002308575052	18818770	125219	70720	155544	8.5983	44132058	150.0
SRR12772608	PRJNA667204	B22	Saccharum officinarum	Saccharum officinarum	2	Bud	Illumina NovaSeq 6000	IU		PASS	83.9497063196131	22212712	125167	71037	157040	9.4561	53008506	150.0
SRR12772609	PRJNA667204	B22	Saccharum officinarum	Saccharum officinarum	2	Bud	Illumina NovaSeq 6000	IU		PASS	83.68400411224735	17503394	122383	71797	152231	9.4223	41917222	150.0
SRR12772610	PRJNA667204	B22	Saccharum officinarum	Saccharum officinarum	2	Bud	Illumina NovaSeq 6000	IU		PASS	86.10536869991087	16395802	124330	74359	154700	7.691	38153044	150.0
SRR12772611	PRJNA667204	B22	Saccharum officinarum	Saccharum officinarum	2	Bud	Illumina NovaSeq 6000	IU		PASS	85.25504886751715	16737758	124836	75463	154693	8.4285	39341042	150.0
SRR12772612	PRJNA667204	B22	Saccharum officinarum	Saccharum officinarum	2	Bud	Illumina NovaSeq 6000	IU		PASS	85.09317562140978	17685381	124407	73774	154390	8.4446	41635128	150.0
SRR12772613	PRJNA667204	B22	Saccharum officinarum	Saccharum officinarum	2	Bud	Illumina NovaSeq 6000	IU		PASS	84.59330681828587	15519752	119883	70547	148483	8.6061	36754644	150.0
SRR12772622	PRJNA667204	B22	Saccharum officinarum	Saccharum officinarum	2	Bud	Illumina NovaSeq 6000	IU		PASS	85.60824109657398	16579445	124135	73584	153807	8.0268	38787888	150.0
SRR12772623	PRJNA667204	B22	Saccharum officinarum	Saccharum officinarum	2	Bud	Illumina NovaSeq 6000	IU		PASS	85.96106834138659	20705556	126930	72244	158664	7.8369	48239170	150.0
SRR14171980	PRJNA719604	GGZ001	Saccharum officinarum	Saccharum officinarum	2	Root	Illumina HiSeq 2500	IU		PASS	83.93386054864173	29716691	121227	64845	153256	7.7019	70817244	150.0
SRR14171982	PRJNA719604	GGZ001	Saccharum officinarum	Saccharum officinarum	2	Root	Illumina HiSeq 2500	IU		PASS	82.91813140735317	29542809	117347	60983	148115	8.3003	71266376	150.0
SRR14171983	PRJNA719604	GGZ001	Saccharum officinarum	Saccharum officinarum	2	Root	Illumina HiSeq 2500	IU		PASS	82.4314163546458	28347334	113756	59962	143417	8.424	68783872	150.0
SRR14171984	PRJNA719604	GGZ001	Saccharum officinarum	Saccharum officinarum	2	Root	Illumina HiSeq 2500	IU		PASS	83.68233504643308	28660060	112602	58926	141756	7.9944	68503388	150.0
SRR14171985	PRJNA719604	GGZ001	Saccharum officinarum	Saccharum officinarum	2	Root	Illumina HiSeq 2500	IU		PASS	82.91513187954122	29449309	115102	59733	145347	8.2098	71041868	150.0
SRR14171986	PRJNA719604	GGZ001	Saccharum officinarum	Saccharum officinarum	2	Root	Illumina HiSeq 2500	IU		PASS	83.39325975203722	29063214	113314	58268	142355	8.4037	69709434	150.0
SRR14171987	PRJNA719604	GGZ001	Saccharum officinarum	Saccharum officinarum	2	Root	Illumina HiSeq 2500	IU		PASS	83.52462253630883	29574101	120509	63598	152118	8.4207	70822934	150.0
SRR14171988	PRJNA719604	LC05-136	Saccharum officinarum	Saccharum officinarum	2	Root	Illumina HiSeq 2500	IU		PASS	81.71809399311894	28253213	122081	65901	155306	9.135	69156836	150.0
SRR14171989	PRJNA719604	LC05-136	Saccharum officinarum	Saccharum officinarum	2	Root	Illumina HiSeq 2500	IU		PASS	83.00982100077115	28880586	123088	67983	157618	8.5682	69591050	150.0
SRR14171975	PRJNA719604	LC05-136	Saccharum officinarum	Saccharum officinarum	2	Root	Illumina HiSeq 2500	IU		PASS	83.13275960399514	29561311	127358	69888	162223	8.2537	71127270	150.0
SRR14171979	PRJNA719604	LC05-136	Saccharum officinarum	Saccharum officinarum	2	Root	Illumina HiSeq 2500	IU		PASS	82.55579926671624	29383445	123095	66476	157158	8.6881	71192450	150.0
SRR14171974	PRJNA719604	LC05-136	Saccharum officinarum	Saccharum officinarum	2	Root	Illumina HiSeq 2500	IU		PASS	80.31049291488588	28470603	125509	67977	159857	9.774	70909328	150.0
SRR14171981	PRJNA719604	GGZ001	Saccharum officinarum	Saccharum officinarum	2	Root	Illumina HiSeq 2500	IU		PASS	83.87890799318232	29867157	116552	59870	147141	7.8185	71223622	150.0
SRR14171978	PRJNA719604	LC05-136	Saccharum officinarum	Saccharum officinarum	2	Root	Illumina HiSeq 2500	IU		PASS	82.40635987472734	29129408	127739	73644	163651	7.9816	70703174	150.0
SRR14171977	PRJNA719604	LC05-136	Saccharum officinarum	Saccharum officinarum	2	Root	Illumina HiSeq 2500	IU		PASS	83.57669305992341	29603947	127157	72828	162772	7.7717	70849466	150.0
SRR14171976	PRJNA719604	LC05-136	Saccharum officinarum	Saccharum officinarum	2	Root	Illumina HiSeq 2500	IU		PASS	83.35416994032518	29525409	128573	73144	164838	8.1712	70850954	150.0
SRR14171972	PRJNA719604	GGZ001	Saccharum officinarum	Saccharum officinarum	2	Root	Illumina HiSeq 2500	IU		PASS	82.77185861655812	28367751	108774	57669	137451	8.4393	68551514	150.0
SRR14171973	PRJNA719604	LC05-136	Saccharum officinarum	Saccharum officinarum	2	Root	Illumina HiSeq 2500	IU		PASS	84.2620341817362	30051768	135413	76536	173068	7.6172	71338014	150.0
SRR18171691	PRJNA811175	RB855453	Saccharum hybrid cultivar	Saccharum hybrid cultivar (non-R570)	1	Leaf	Illumina HiSeq 2500	IU		PASS	84.99342275281377	35148118	109993	59359	135113	4.0288	86537766	50.0
SRR18171690	PRJNA811175	RB855453	Saccharum hybrid cultivar	Saccharum hybrid cultivar (non-R570)	1	Leaf	Illumina HiSeq 2500	IU		PASS	83.45546636552214	71518140	116140	63840	146430	4.4244	182281244	50.0
SRR18171689	PRJNA811175	SP81-3250	Saccharum hybrid cultivar	Saccharum hybrid cultivar (non-R570)	1	Leaf	Illumina HiSeq 2500	IU		PASS	82.55631696374593	77187025	117591	66599	149273	4.5257	197590342	50.0
SRR18218564	PRJNA811175	SP81-3250	Saccharum hybrid cultivar	Saccharum hybrid cultivar (non-R570)	1	Leaf	Illumina HiSeq 2500	IU		PASS	81.66525563602312	32987571	110674	65961	137265	4.1757	93256816	50.0
SRR18218565	PRJNA811175	SP81-3250	Saccharum hybrid cultivar	Saccharum hybrid cultivar (non-R570)	1	Leaf	Illumina HiSeq 2500	IU		PASS	84.047820768156	40100044	110236	56027	136095	4.4886	102677250	50.0
SRR18218560	PRJNA811175	SP81-3250	Saccharum hybrid cultivar	Saccharum hybrid cultivar (non-R570)	1	Leaf	Illumina HiSeq 2500	IU		PASS	81.02919260326448	73263482	121572	69140	153997	4.0559	219722260	50.0
SRR18171682	PRJNA811175	RB855453	Saccharum hybrid cultivar	Saccharum hybrid cultivar (non-R570)	1	Leaf	Illumina HiSeq 2500	IU		PASS	80.48512952411433	95382164	123607	56815	156959	5.3666	267830494	50.0
SRR18171684	PRJNA811175	RB855453	Saccharum hybrid cultivar	Saccharum hybrid cultivar (non-R570)	1	Leaf	Illumina HiSeq 2500	IU		PASS	83.38065616691722	30607784	111186	64588	136874	3.876	84359584	50.0
SRR18171685	PRJNA811175	RB855453	Saccharum hybrid cultivar	Saccharum hybrid cultivar (non-R570)	1	Leaf	Illumina HiSeq 2500	IU		PASS	82.88836474364045	33270913	108244	64857	133924	4.3605	87062920	50.0
SRR18171686	PRJNA811175	RB855453	Saccharum hybrid cultivar	Saccharum hybrid cultivar (non-R570)	1	Leaf	Illumina HiSeq 2500	IU		PASS	84.6709921278846	86781547	120008	59300	151562	4.2959	216638372	50.0
SRR18171687	PRJNA811175	RB855453	Saccharum hybrid cultivar	Saccharum hybrid cultivar (non-R570)	1	Leaf	Illumina HiSeq 2500	IU		PASS	83.69342596984988	52286025	114876	65676	143546	4.1328	134623896	50.0
SRR18171683	PRJNA811175	RB855453	Saccharum hybrid cultivar	Saccharum hybrid cultivar (non-R570)	1	Leaf	Illumina HiSeq 2500	IU		PASS	80.56176653740043	66472407	117560	54709	145310	4.839	201483198	50.0
SRR18171680	PRJNA811175	SP81-3250	Saccharum hybrid cultivar	Saccharum hybrid cultivar (non-R570)	1	Leaf	Illumina HiSeq 2500	IU		PASS	83.49781259492799	56255347	113564	59545	140886	4.0585	154175048	50.0
SRR18171681	PRJNA811175	RB855453	Saccharum hybrid cultivar	Saccharum hybrid cultivar (non-R570)	1	Leaf	Illumina HiSeq 2500	IU		PASS	83.50378327910968	19790901	104247	62736	126171	4.5884	50349424	50.0
SRR18218561	PRJNA811175	SP81-3250	Saccharum hybrid cultivar	Saccharum hybrid cultivar (non-R570)	1	Leaf	Illumina HiSeq 2500	IU		PASS	77.94382916783867	33191396	109439	53601	135282	5.7264	98982212	50.0
SRR18218562	PRJNA811175	SP81-3250	Saccharum hybrid cultivar	Saccharum hybrid cultivar (non-R570)	1	Leaf	Illumina HiSeq 2500	IU		PASS	82.25416670459265	41930292	114477	58156	141448	4.5576	112600302	50.0
SRR18218563	PRJNA811175	SP81-3250	Saccharum hybrid cultivar	Saccharum hybrid cultivar (non-R570)	1	Leaf	Illumina HiSeq 2500	IU		PASS	83.76567221901934	87007423	121790	66330	155320	4.1077	224435422	50.0
SRR1239363	PRJNA244522	RB86-7515	Saccharum hybrid cultivar	Saccharum hybrid cultivar (non-R570)	1	Pool	Illumina HiSeq 2500	ISR		PASS	59.70886032352143	73956050	136053	59197	174669	19.3769	252348802	100.0
SRR1239364	PRJNA244522	RB96-6928	Saccharum hybrid cultivar	Saccharum hybrid cultivar (non-R570)	1	Pool	Illumina HiSeq 2500	ISR		PASS	75.31522331955767	44294356	130023	65684	163945	11.5605	121483456	100.0
SRR1979666	PRJNA244522	SP80-3280	Saccharum hybrid cultivar SP80-3280	Saccharum hybrid cultivar (non-R570)	1	Leaf	Illumina HiSeq 2500	ISF		PASS	72.99241999277723	54670789	118553	48949	146740	12.9124	159571560	100.0
SRR1979667	PRJNA244522	SP80-3280	Saccharum hybrid cultivar SP80-3280	Saccharum hybrid cultivar (non-R570)	1	Leaf	Illumina HiSeq 2500	ISR		PASS	75.17403260125009	68095239	123949	53644	155722	11.1633	193375926	100.0
SRR1979668	PRJNA244522	SP80-3280	Saccharum hybrid cultivar SP80-3280	Saccharum hybrid cultivar (non-R570)	1	Leaf	Illumina HiSeq 2500	ISR		PASS	58.17050941556502	22520583	115091	49222	140157	20.7044	81780018	100.0
SRR1979669	PRJNA244522	SP80-3280	Saccharum hybrid cultivar SP80-3280	Saccharum hybrid cultivar (non-R570)	1	Leaf	Illumina HiSeq 2500	ISF		PASS	74.28764179750583	69110071	124181	55047	157514	11.1969	197180694	100.0
SRR1979661	PRJNA244522	SP80-3280	Saccharum hybrid cultivar SP80-3280	Saccharum hybrid cultivar (non-R570)	1	Leaf	Illumina HiSeq 2500	ISR		PASS	73.48404199677815	25570489	114648	59411	142458	13.0086	70157482	101.0
SRR1979656	PRJNA244522	SP80-3280	Saccharum hybrid cultivar SP80-3280	Saccharum hybrid cultivar (non-R570)	1	Leaf	Illumina HiSeq 2500	ISR		PASS	73.86342808517152	25630645	111583	54182	134841	8.1635	74779776	100.0
SRR1979665	PRJNA244522	SP80-3280	Saccharum hybrid cultivar SP80-3280	Saccharum hybrid cultivar (non-R570)	1	Leaf	Illumina HiSeq 2500	ISF		PASS	64.11833618183883	26327446	112120	48128	136990	16.8568	86775286	100.0
SRR1979664	PRJNA244522	SP80-3280	Saccharum hybrid cultivar SP80-3280	Saccharum hybrid cultivar (non-R570)	1	Leaf	Illumina HiSeq 2500	ISF		PASS	59.93432764614226	11788761	100300	45154	117515	19.7104	41585264	100.0
SRR1979662	PRJNA244522	SP80-3280	Saccharum hybrid cultivar SP80-3280	Saccharum hybrid cultivar (non-R570)	1	Leaf	Illumina HiSeq 2500	ISF		PASS	75.93576561142544	51046769	116257	48319	143211	11.2999	144873320	100.0
SRR1979657	PRJNA244522	SP80-3280	Saccharum hybrid cultivar SP80-3280	Saccharum hybrid cultivar (non-R570)	1	Leaf	Illumina HiSeq 2500	ISR		PASS	73.48810583595255	40831953	122624	56996	152696	11.0034	118354434	100.0
SRR1979658	PRJNA244522	SP80-3280	Saccharum hybrid cultivar SP80-3280	Saccharum hybrid cultivar (non-R570)	1	Leaf	Illumina HiSeq 2500	ISR		PASS	71.3586949584675	45786481	120944	53026	151160	13.8623	138004102	100.0
SRR1979659	PRJNA244522	SP80-3280	Saccharum hybrid cultivar SP80-3280	Saccharum hybrid cultivar (non-R570)	1	Leaf	Illumina HiSeq 2500	ISR		PASS	62.61839669267696	40783750	123269	53056	155809	19.3858	131754840	101.0
SRR1979663	PRJNA244522	SP80-3280	Saccharum hybrid cultivar SP80-3280	Saccharum hybrid cultivar (non-R570)	1	Leaf	Illumina HiSeq 2500	ISR		PASS	75.41125714410894	84889413	126693	53561	161167	11.1383	240695122	100.0
SRR1979660	PRJNA244522	SP80-3280	Saccharum hybrid cultivar SP80-3280	Saccharum hybrid cultivar (non-R570)	1	Leaf	Illumina HiSeq 2500	ISR		PASS	57.60301210750922	15473468	104801	44644	126390	23.1933	54157894	101.0
SRR1974519	PRJNA244522	SP80-3280	Saccharum hybrid cultivar SP80-3280	Saccharum hybrid cultivar (non-R570)	1	Pool	Illumina HiSeq 2500	ISR		PASS	47.48818897437191	22367769	133057	51899	160158	26.0466	95940268	100.0
SRR5239238	PRJNA371469	MEX 69-290	Saccharum officinarum	Saccharum officinarum	2	Root	Illumina HiSeq 2500	IU		PASS	76.41558660597514	9369581	114100	61879	136286	13.003	24906040	101.0
SRR5239237	PRJNA371469	MEX 69-290	Saccharum officinarum	Saccharum officinarum	2	Root	Illumina HiSeq 2500	IU		PASS	80.28044039775978	7419890	110242	64506	129496	10.8024	18776364	101.0
SRR5239239	PRJNA371469	MEX 69-290	Saccharum officinarum	Saccharum officinarum	2	Root	Illumina HiSeq 2500	IU		PASS	76.0353017165683	6386224	106400	62357	124865	13.1637	17047544	101.0
SRR5239243	PRJNA371469	MEX 69-290	Saccharum officinarum	Saccharum officinarum	2	Stem And Leaves	Illumina HiSeq 2500	IU		PASS	82.40509793164237	15167526	123436	70236	151891	9.5012	37903474	101.0
SRR5239246	PRJNA371469	MEX 69-290	Saccharum officinarum	Saccharum officinarum	2	Stem And Leaves	Illumina HiSeq 2500	IU		PASS	83.89790319807634	10135480	116566	71940	140992	8.5564	24524954	101.0
SRR5239245	PRJNA371469	MEX 69-290	Saccharum officinarum	Saccharum officinarum	2	Stem And Leaves	Illumina HiSeq 2500	IU		PASS	83.65522269066471	6963096	109939	69987	129873	8.767	16974462	101.0
SRR5239244	PRJNA371469	MEX 69-290	Saccharum officinarum	Saccharum officinarum	2	Stem And Leaves	Illumina HiSeq 2500	IU		PASS	80.87269476843258	7361044	109035	67211	129021	10.6086	18476498	101.0
SRR5239241	PRJNA371469	MEX 69-290	Saccharum officinarum	Saccharum officinarum	2	Root	Illumina HiSeq 2500	IU		PASS	82.35904308023798	6379445	118135	79653	140121	9.2214	15759844	101.0
SRR5239242	PRJNA371469	MEX 69-290	Saccharum officinarum	Saccharum officinarum	2	Stem And Leaves	Illumina HiSeq 2500	IU		PASS	71.84720383053099	5983461	101999	60803	119491	15.5815	17060526	101.0
SRR5239240	PRJNA371469	MEX 69-290	Saccharum officinarum	Saccharum officinarum	2	Root	Illumina HiSeq 2500	IU		PASS	80.55588706124254	15727501	130137	78948	161017	9.8937	40537002	101.0
SRR5239236	PRJNA371469	MEX 69-290	Saccharum officinarum	Saccharum officinarum	2	Root	Illumina HiSeq 2500	IU		PASS	82.59896177241835	9183023	115011	69021	137844	9.1603	22569182	101.0
SRR5239234	PRJNA371469	MEX 69-290	Saccharum officinarum	Saccharum officinarum	2	Root	Illumina HiSeq 2500	IU		PASS	82.8661283990586	8732334	111495	65224	133416	8.4446	21756570	101.0
SRR5239248	PRJNA371469	MEX 69-290	Saccharum officinarum	Saccharum officinarum	2	Stem And Leaves	Illumina HiSeq 2500	IU		PASS	83.84588457639181	14766715	124680	72998	152447	8.4968	36086744	101.0
SRR5239249	PRJNA371469	MEX 69-290	Saccharum officinarum	Saccharum officinarum	2	Stem And Leaves	Illumina HiSeq 2500	IU		PASS	85.09808010784764	19341398	130189	74417	160859	7.8054	46557628	101.0
SRR5239247	PRJNA371469	MEX 69-290	Saccharum officinarum	Saccharum officinarum	2	Stem And Leaves	Illumina HiSeq 2500	IU		PASS	82.82112890727726	6956974	105918	67020	124920	9.7055	17011136	101.0
SRR5239235	PRJNA371469	MEX 69-290	Saccharum officinarum	Saccharum officinarum	2	Root	Illumina HiSeq 2500	IU		PASS	86.01944542110557	13167215	119226	69805	146966	7.23	31520916	101.0
ERR5718909	PRJEB44302	RB835486	Saccharum hybrid cultivar	Saccharum hybrid cultivar (non-R570)	1	Stem	Illumina HiSeq 2500	ISR		PASS	85.0094277135927	16409987	113061	75541	138463	5.9328	38829088	101.0
ERR5718917	PRJEB44302	White Transparent	Saccharum officinarum	Saccharum officinarum	2	Stem	Illumina HiSeq 2500	ISR		PASS	82.23874584027283	15534455	117287	76952	144264	7.1821	37865194	101.0
ERR5718916	PRJEB44302	SES205A	Saccharum spontaneum	Saccharum spontaneum	3	Stem	Illumina HiSeq 2500	ISR		PASS	88.80506529659148	19318082	102659	63040	122148	4.2476	43589964	101.0
ERR5718915	PRJEB44302	IJ76-317	Saccharum officinarum	Saccharum officinarum	2	Stem	Illumina HiSeq 2500	ISR		PASS	83.64773707663387	16738394	104711	67577	128509	6.7442	40096612	101.0
ERR5718912	PRJEB44302	SP80-3280	Saccharum hybrid cultivar SP80-3280	Saccharum hybrid cultivar (non-R570)	1	Stem	Illumina HiSeq 2500	ISR		PASS	85.91340793368235	21596641	118072	77624	146067	5.8306	50481854	101.0
ERR5718911	PRJEB44302	Criolla Rayada	Saccharum officinarum	Saccharum officinarum	2	Stem	Illumina HiSeq 2500	ISR		PASS	82.46820991687336	17791257	102467	60904	125687	6.995	43224854	101.0
ERR5718910	PRJEB44302	Krakatau	Saccharum spontaneum	Saccharum spontaneum	3	Stem	Illumina HiSeq 2500	ISR		PASS	86.41832331562772	17401350	107082	67543	128210	5.0463	40349586	101.0
ERR5718906	PRJEB44302	RB92579	Saccharum hybrid cultivar	Saccharum hybrid cultivar (non-R570)	1	Stem	Illumina HiSeq 2000	ISR		PASS	83.63563603071728	18867926	115020	72679	142030	6.6062	45191582	101.0
ERR5718914	PRJEB44302	R570	Saccharum hybrid cultivar R570	R570 (reference genotype)	0	Stem	Illumina HiSeq 2500	ISR		PASS	86.734329067049	19680021	127662	86598	160477	5.9533	45443304	101.0
ERR5718913	PRJEB44302	IN84-58	Saccharum spontaneum	Saccharum spontaneum	3	Stem	Illumina HiSeq 2500	ISR		PASS	85.86109723699248	18603560	109535	69773	131747	5.4802	43422964	101.0
ERR5718908	PRJEB44302	F36-819	Saccharum hybrid cultivar F36-819	Saccharum hybrid cultivar (non-R570)	1	Stem	Illumina HiSeq 2500	ISR		PASS	86.6186832175942	19707132	117782	76771	145225	5.6672	45598224	101.0
ERR5718907	PRJEB44302	White Mauritius	Saccharum officinarum	Saccharum officinarum	2	Stem	Illumina HiSeq 2500	ISR		PASS	80.55328375543684	16777501	118409	76166	145643	7.6326	41749608	101.0
SRR27316579	PRJNA1055259	Xuezhe	Saccharum hybrid cultivar	Saccharum hybrid cultivar (non-R570)	1	Leaf	Illumina NovaSeq 6000	IU		PASS	73.31306112976502	15371768	103640	64085	126557	7.8266	41941044	150.0
SRR27316578	PRJNA1055259	Xuezhe	Saccharum hybrid cultivar	Saccharum hybrid cultivar (non-R570)	1	Leaf	Illumina NovaSeq 6000	IU		PASS	74.2648956098513	16546521	102853	62816	126117	8.5118	44570072	150.0
SRR27316577	PRJNA1055259	Xuezhe	Saccharum hybrid cultivar	Saccharum hybrid cultivar (non-R570)	1	Leaf	Illumina NovaSeq 6000	IU		PASS	70.53637978702221	16120866	103960	65092	127308	7.7019	45719490	150.0
SRR27316576	PRJNA1055259	Xuezhe	Saccharum hybrid cultivar	Saccharum hybrid cultivar (non-R570)	1	Leaf	Illumina NovaSeq 6000	IU		PASS	80.24423849170367	17989224	104173	63014	127842	9.4846	44841752	150.0
SRR27316581	PRJNA1055259	Xuezhe	Saccharum hybrid cultivar	Saccharum hybrid cultivar (non-R570)	1	Leaf	Illumina NovaSeq 6000	IU		PASS	46.91408084385177	10097061	97473	62403	117080	5.149	43052022	150.0
SRR27316580	PRJNA1055259	Xuezhe	Saccharum hybrid cultivar	Saccharum hybrid cultivar (non-R570)	1	Leaf	Illumina NovaSeq 6000	IU		PASS	59.337700955296256	13194724	102222	64036	124289	6.2032	44478236	150.0
SRR27316587	PRJNA1055259	Xuezhe	Saccharum hybrid cultivar	Saccharum hybrid cultivar (non-R570)	1	Leaf	Illumina NovaSeq 6000	IU		PASS	60.29541799989676	13537558	99670	64142	119508	6.3893	44914726	150.0
SRR27316586	PRJNA1055259	Xuezhe	Saccharum hybrid cultivar	Saccharum hybrid cultivar (non-R570)	1	Leaf	Illumina NovaSeq 6000	IU		PASS	52.09177529182977	10434964	100874	65902	120982	5.9218	40068588	150.0
SRR27316585	PRJNA1055259	Xuezhe	Saccharum hybrid cultivar	Saccharum hybrid cultivar (non-R570)	1	Leaf	Illumina NovaSeq 6000	IU		PASS	76.04203161634373	15227867	103503	63475	126080	8.6034	40056842	150.0
SRR27316584	PRJNA1055259	Xuezhe	Saccharum hybrid cultivar	Saccharum hybrid cultivar (non-R570)	1	Leaf	Illumina NovaSeq 6000	IU		PASS	79.81640423260082	18893361	105383	62442	129264	8.8731	47349582	150.0
SRR27316583	PRJNA1055259	Xuezhe	Saccharum hybrid cultivar	Saccharum hybrid cultivar (non-R570)	1	Leaf	Illumina NovaSeq 6000	IU		PASS	79.90378627651158	16703821	101529	59932	123357	7.8946	41815628	150.0
SRR27316582	PRJNA1055259	Xuezhe	Saccharum hybrid cultivar	Saccharum hybrid cultivar (non-R570)	1	Leaf	Illumina NovaSeq 6000	IU		PASS	56.84830221479081	13337050	101078	62937	122754	6.1775	46929116	150.0
SRR35097301	PRJNA1309697	RB966982	Saccharum hybrid cultivar	Saccharum hybrid cultivar (non-R570)	1	Root	NextSeq 2000	ISR		PASS	69.25009758058654	14794863	112344	62435	128799	7.9447	44778528	96.3386
SRR35097303	PRJNA1309697	RB966982	Saccharum hybrid cultivar	Saccharum hybrid cultivar (non-R570)	1	Root	NextSeq 2000	ISR		PASS	77.44246029674954	14986620	120663	74766	141239	5.2009	39459844	98.2832
SRR35097304	PRJNA1309697	RB966982	Saccharum hybrid cultivar	Saccharum hybrid cultivar (non-R570)	1	Root	NextSeq 2000	ISR		PASS	81.04306554142208	15457399	119327	72495	138376	5.1363	39880070	96.5669
SRR35097305	PRJNA1309697	CTC9001	Saccharum hybrid cultivar	Saccharum hybrid cultivar (non-R570)	1	Root	NextSeq 2000	ISR		PASS	58.273487490804385	8215250	112442	79039	129951	4.9814	28442404	98.926
SRR35097306	PRJNA1309697	CTC9001	Saccharum hybrid cultivar	Saccharum hybrid cultivar (non-R570)	1	Root	NextSeq 2000	ISR		PASS	53.26129302424564	7448170	110194	77824	125861	4.0094	28338692	98.4956
SRR35097307	PRJNA1309697	CTC9001	Saccharum hybrid cultivar	Saccharum hybrid cultivar (non-R570)	1	Root	NextSeq 2000	ISR		PASS	60.56403946336092	9964192	116208	79750	134882	4.6641	33690456	97.8392
SRR35097308	PRJNA1309697	CTC9001	Saccharum hybrid cultivar	Saccharum hybrid cultivar (non-R570)	1	Root	NextSeq 2000	ISR		PASS	48.274451886658554	9945211	114829	78908	133307	3.4835	41645318	98.6501
SRR35097309	PRJNA1309697	RB966982	Saccharum hybrid cultivar	Saccharum hybrid cultivar (non-R570)	1	Root	NextSeq 2000	ISR		PASS	80.9296470793081	18638296	118874	70829	138421	5.7378	46801552	98.2988
SRR35097310	PRJNA1309697	RB966982	Saccharum hybrid cultivar	Saccharum hybrid cultivar (non-R570)	1	Root	NextSeq 2000	ISR		PASS	77.36142861040608	13808335	113927	68821	131356	5.8946	36426632	98.369
SRR35097311	PRJNA1309697	CTC9001	Saccharum hybrid cultivar	Saccharum hybrid cultivar (non-R570)	1	Root	NextSeq 2000	ISR		PASS	34.714975396865974	4868014	92819	47470	101306	13.4747	28228782	98.9587
SRR35097302	PRJNA1309697	RB966982	Saccharum hybrid cultivar	Saccharum hybrid cultivar (non-R570)	1	Root	NextSeq 2000	ISR		PASS	82.27801146796895	14539600	120195	74696	140563	5.2634	36011962	98.2171
SRR35097312	PRJNA1309697	CTC9001	Saccharum hybrid cultivar	Saccharum hybrid cultivar (non-R570)	1	Root	NextSeq 2000	ISR		PASS	49.680719108393234	7690936	101975	64891	113723	3.264	31437042	98.6073
SRR6796697	PRJNA436063	FN15	Saccharum hybrid cultivar FN15	Saccharum hybrid cultivar (non-R570)	1	Leaf	Illumina HiSeq 2500	IU		PASS	84.18121930974355	22663629	117287	62488	143506	9.4731	53849520	125.0
SRR6796696	PRJNA436063	FN15	Saccharum hybrid cultivar FN15	Saccharum hybrid cultivar (non-R570)	1	Leaf	Illumina HiSeq 2500	IU		PASS	84.05218757993002	24692228	116560	57908	142195	10.0195	58759606	125.0
SRR6796690	PRJNA436063	FN15	Saccharum hybrid cultivar FN15	Saccharum hybrid cultivar (non-R570)	1	Leaf	Illumina HiSeq 2500	IU		PASS	78.07472267205166	21814731	112274	57192	135789	13.0207	55884682	125.0
SRR6796691	PRJNA436063	FN15	Saccharum hybrid cultivar FN15	Saccharum hybrid cultivar (non-R570)	1	Leaf	Illumina HiSeq 2500	IU		PASS	81.39006260770547	26834875	117589	61543	144451	11.339	65943812	125.0
SRR6796695	PRJNA436063	FN15	Saccharum hybrid cultivar FN15	Saccharum hybrid cultivar (non-R570)	1	Leaf	Illumina HiSeq 2500	IU		PASS	79.58464814838558	24021753	118593	60997	145814	12.7583	60372516	125.0
SRR6796694	PRJNA436063	FN15	Saccharum hybrid cultivar FN15	Saccharum hybrid cultivar (non-R570)	1	Leaf	Illumina HiSeq 2500	IU		PASS	70.00928298341094	19743362	107163	47972	127529	17.1788	56403128	125.0
SRR6796693	PRJNA436063	FN15	Saccharum hybrid cultivar FN15	Saccharum hybrid cultivar (non-R570)	1	Leaf	Illumina HiSeq 2500	IU		PASS	82.24453686958043	21110809	109622	54384	131457	7.764	51339626	125.0
SRR6796689	PRJNA436063	FN15	Saccharum hybrid cultivar FN15	Saccharum hybrid cultivar (non-R570)	1	Leaf	Illumina HiSeq 2500	IU		PASS	82.53883578906483	22865354	114824	60357	139602	7.8576	55406940	125.0
SRR6796688	PRJNA436063	FN15	Saccharum hybrid cultivar FN15	Saccharum hybrid cultivar (non-R570)	1	Leaf	Illumina HiSeq 2500	IU		PASS	86.13960083589262	25453606	118781	62355	145480	8.2672	59100830	125.0
SRR6796687	PRJNA436063	FN15	Saccharum hybrid cultivar FN15	Saccharum hybrid cultivar (non-R570)	1	Leaf	Illumina HiSeq 2500	IU		PASS	82.70733555502962	25916026	115880	61125	142186	7.4108	62673118	125.0
SRR6796686	PRJNA436063	FN15	Saccharum hybrid cultivar FN15	Saccharum hybrid cultivar (non-R570)	1	Leaf	Illumina HiSeq 2500	IU		PASS	82.29513634459364	20706392	115077	60606	139958	10.7356	50325390	125.0
SRR6796692	PRJNA436063	FN15	Saccharum hybrid cultivar FN15	Saccharum hybrid cultivar (non-R570)	1	Leaf	Illumina HiSeq 2500	IU		PASS	86.07238453402078	24090149	116135	60287	141565	8.4236	55980866	125.0
SRR9018388	PRJNA541294	GT86-887	Saccharum hybrid cultivar	Saccharum hybrid cultivar (non-R570)	1	Stem	Illumina HiSeq 2000	IU		PASS	83.06076874557566	24463193	124559	71200	154088	5.961	59331796	125.0
SRR9018387	PRJNA541294	GT86-887	Saccharum hybrid cultivar	Saccharum hybrid cultivar (non-R570)	1	Stem	Illumina HiSeq 2000	IU		PASS	82.35541034268728	28478029	126859	74302	159298	6.6986	70210140	125.0
SRR9018386	PRJNA541294	GT86-887	Saccharum hybrid cultivar	Saccharum hybrid cultivar (non-R570)	1	Stem	Illumina HiSeq 2000	IU		PASS	81.52123240204918	26948742	126701	74443	158466	6.6925	67177402	125.0
SRR9018385	PRJNA541294	GT86-887	Saccharum hybrid cultivar	Saccharum hybrid cultivar (non-R570)	1	Stem	Illumina HiSeq 2000	IU		PASS	81.7674250025443	26192085	125391	73963	156692	6.5437	65064832	125.0
SRR10481990	PRJNA589716	Cold-resistant clone 12-23 (Tibet)	Saccharum spontaneum	Saccharum spontaneum	3	Leaf	Illumina NovaSeq 6000	IU		PASS	72.50220618797543	24945568	93142	50685	112687	6.4358	68847254	150.0
SRR10481997	PRJNA589716	Cold-sensitive clone 15-28 (Burma)	Saccharum spontaneum	Saccharum spontaneum	3	Leaf	Illumina NovaSeq 6000	IU		PASS	68.39870658393592	21379645	100325	50097	119842	15.5692	62559886	150.0
SRR10481996	PRJNA589716	Cold-sensitive clone 15-28 (Burma)	Saccharum spontaneum	Saccharum spontaneum	3	Leaf	Illumina NovaSeq 6000	IU		PASS	84.20215012685333	16795184	94453	51672	112219	7.0231	39908536	150.0
SRR10481995	PRJNA589716	Cold-sensitive clone 15-28 (Burma)	Saccharum spontaneum	Saccharum spontaneum	3	Leaf	Illumina NovaSeq 6000	IU		PASS	84.11098194736766	21831002	100093	51175	119954	6.6984	51937868	150.0
SRR10481994	PRJNA589716	Cold-sensitive clone 15-28 (Burma)	Saccharum spontaneum	Saccharum spontaneum	3	Leaf	Illumina NovaSeq 6000	IU		PASS	83.08640469211542	19894065	96566	51501	116204	7.3466	47908104	150.0
SRR10481993	PRJNA589716	Cold-resistant clone 12-23 (Tibet)	Saccharum spontaneum	Saccharum spontaneum	3	Leaf	Illumina NovaSeq 6000	IU		PASS	66.87850786930575	19648081	95316	47973	113504	16.0052	58785590	150.0
SRR10481992	PRJNA589716	Cold-resistant clone 12-23 (Tibet)	Saccharum spontaneum	Saccharum spontaneum	3	Leaf	Illumina NovaSeq 6000	IU		PASS	49.538132109381785	13079448	89626	48059	105033	13.8127	52840572	150.0
SRR10481991	PRJNA589716	Cold-resistant clone 12-23 (Tibet)	Saccharum spontaneum	Saccharum spontaneum	3	Leaf	Illumina NovaSeq 6000	IU		PASS	58.811362367370755	17355116	90185	46263	106891	17.2653	59048158	150.0
SRR10482001	PRJNA589716	Cold-sensitive clone 15-28 (Burma)	Saccharum spontaneum	Saccharum spontaneum	3	Leaf	Illumina NovaSeq 6000	IU		PASS	71.1865660482191	22221607	103320	50811	123832	14.1439	62459440	150.0
SRR10482000	PRJNA589716	Cold-sensitive clone 15-28 (Burma)	Saccharum spontaneum	Saccharum spontaneum	3	Leaf	Illumina NovaSeq 6000	IU		PASS	76.0147787372582	21124450	103373	51429	124448	11.5228	55607786	150.0
SRR10481999	PRJNA589716	Cold-resistant clone 12-23 (Tibet)	Saccharum spontaneum	Saccharum spontaneum	3	Leaf	Illumina NovaSeq 6000	IU		PASS	82.16479757508867	20743287	91521	51060	109997	7.5525	50518090	150.0
SRR10481998	PRJNA589716	Cold-resistant clone 12-23 (Tibet)	Saccharum spontaneum	Saccharum spontaneum	3	Leaf	Illumina NovaSeq 6000	IU		PASS	83.19137314311291	28000673	97201	51076	118081	7.1344	67347000	150.0
SRR10917298	PRJNA602327	RB8677515	Saccharum hybrid cultivar RB867515	Saccharum hybrid cultivar (non-R570)	1	Leaf	Illumina HiSeq 2500	IU		PASS	76.83210638344768	24679539	126532	68778	158331	12.4061	64359188	150.0
SRR10917297	PRJNA602327	RB8677515	Saccharum hybrid cultivar RB867515	Saccharum hybrid cultivar (non-R570)	1	Leaf	Illumina HiSeq 2500	IU		PASS	72.38597876525851	32943231	129700	67270	161807	13.9876	91094240	150.0
SRR10917296	PRJNA602327	SP80-3280	Saccharum hybrid cultivar SP80-3280	Saccharum hybrid cultivar (non-R570)	1	Leaf	Illumina HiSeq 2500	IU		PASS	71.59566823702322	25833633	129531	72040	161824	14.0725	72223016	150.0
SRR10917295	PRJNA602327	SP80-3280	Saccharum hybrid cultivar SP80-3280	Saccharum hybrid cultivar (non-R570)	1	Leaf	Illumina HiSeq 2500	IU		PASS	73.16796728963858	29319832	130910	70770	165636	13.8138	80246216	150.0
SRR10917294	PRJNA602327	RB8677515	Saccharum hybrid cultivar RB867515	Saccharum hybrid cultivar (non-R570)	1	Leaf	Illumina HiSeq 2500	IU		PASS	72.42135902059756	28526698	127986	65587	159775	14.7921	78846974	150.0
SRR10917293	PRJNA602327	RB8677515	Saccharum hybrid cultivar RB867515	Saccharum hybrid cultivar (non-R570)	1	Leaf	Illumina HiSeq 2500	IU		PASS	69.63973292790809	27999819	129261	69092	162226	16.3555	80512446	150.0
SRR10917292	PRJNA602327	RB8677515	Saccharum hybrid cultivar RB867515	Saccharum hybrid cultivar (non-R570)	1	Leaf	Illumina HiSeq 2500	IU		PASS	69.28342482477628	32254640	129058	65927	162659	17.4294	93201624	150.0
SRR10917291	PRJNA602327	RB8677515	Saccharum hybrid cultivar RB867515	Saccharum hybrid cultivar (non-R570)	1	Leaf	Illumina HiSeq 2500	IU		PASS	74.03922364758	26214734	129637	69925	162857	13.8165	70922198	150.0
SRR10917290	PRJNA602327	SP80-3280	Saccharum hybrid cultivar SP80-3280	Saccharum hybrid cultivar (non-R570)	1	Leaf	Illumina HiSeq 2500	IU		PASS	74.30768336472586	31037551	128470	69036	161806	13.0391	83612118	150.0
SRR10917289	PRJNA602327	SP80-3280	Saccharum hybrid cultivar SP80-3280	Saccharum hybrid cultivar (non-R570)	1	Leaf	Illumina HiSeq 2500	IU		PASS	63.48853608803983	26441456	127108	64557	158561	20.72	83376168	150.0
SRR10917288	PRJNA602327	SP80-3280	Saccharum hybrid cultivar SP80-3280	Saccharum hybrid cultivar (non-R570)	1	Leaf	Illumina HiSeq 2500	IU		PASS	72.85372584199212	25692254	125270	65081	156321	15.5945	70617742	150.0
SRR10917287	PRJNA602327	SP80-3280	Saccharum hybrid cultivar SP80-3280	Saccharum hybrid cultivar (non-R570)	1	Leaf	Illumina HiSeq 2500	IU		PASS	71.39265483118439	29781940	129012	68329	162301	15.2555	83510362	150.0
SRR11887785	PRJNA636260	GX87-16	Saccharum spontaneum	Saccharum spontaneum	3	Leaf	Illumina NovaSeq 6000	IU		PASS	82.56593686459865	27697750	102955	53836	125313	8.3808	67108064	150.0
SRR11887784	PRJNA636260	GX87-16	Saccharum spontaneum	Saccharum spontaneum	3	Leaf	Illumina NovaSeq 6000	IU		PASS	82.77065599676816	31331409	100329	52125	121152	8.43	75717218	150.0
SRR11887783	PRJNA636260	GX87-16	Saccharum spontaneum	Saccharum spontaneum	3	Leaf	Illumina NovaSeq 6000	IU		PASS	81.72025370670156	26231734	100631	51553	121528	9.0893	64206946	150.0
SRR11887782	PRJNA636260	GX87-16	Saccharum spontaneum	Saccharum spontaneum	3	Leaf	Illumina NovaSeq 6000	IU		PASS	82.41475539669463	32314116	99311	48308	119480	8.7726	78431896	150.0
SRR11887781	PRJNA636260	GX87-16	Saccharum spontaneum	Saccharum spontaneum	3	Leaf	Illumina NovaSeq 6000	IU		PASS	82.06156924606798	31048149	97401	53562	116851	8.4375	75690066	150.0
SRR11887780	PRJNA636260	GX87-16	Saccharum spontaneum	Saccharum spontaneum	3	Leaf	Illumina NovaSeq 6000	IU		PASS	81.22255229655913	32478423	106046	55102	129915	8.9124	79995766	150.0
SRR11887779	PRJNA636260	GX87-16	Saccharum spontaneum	Saccharum spontaneum	3	Leaf	Illumina NovaSeq 6000	IU		PASS	82.29624014288349	33311654	104317	54672	126529	8.4012	80973514	150.0
SRR11887778	PRJNA636260	GX87-16	Saccharum spontaneum	Saccharum spontaneum	3	Leaf	Illumina NovaSeq 6000	IU		PASS	81.24192812643155	28577789	104640	55994	127353	9.2058	70360380	150.0
SRR11887777	PRJNA636260	GX87-16	Saccharum spontaneum	Saccharum spontaneum	3	Leaf	Illumina NovaSeq 6000	IU		PASS	82.05483983723093	36975451	103754	52177	126202	9.0885	90134554	150.0
SRR11887776	PRJNA636260	GX87-16	Saccharum spontaneum	Saccharum spontaneum	3	Leaf	Illumina NovaSeq 6000	IU		PASS	82.26784115285048	35038971	105375	54001	129108	8.941	85192364	150.0
SRR11887775	PRJNA636260	GX87-16	Saccharum spontaneum	Saccharum spontaneum	3	Leaf	Illumina NovaSeq 6000	IU		PASS	82.15318204777977	31310284	105199	53625	128856	8.744	76235106	150.0
SRR11887774	PRJNA636260	GX87-16	Saccharum spontaneum	Saccharum spontaneum	3	Leaf	Illumina NovaSeq 6000	IU		PASS	82.69286088318671	37031641	104789	53228	126757	8.5906	89586620	150.0
SRR13447982	PRJNA691914	IACSP96-7569	Saccharum hybrid cultivar	Saccharum hybrid cultivar (non-R570)	1	Leaf	Illumina HiSeq 2500	ISR		PASS	82.11787434286623	25618342	116368	69047	147298	8.2386	65716578	98.9783
SRR13447981	PRJNA691914	IACSP96-7569	Saccharum hybrid cultivar	Saccharum hybrid cultivar (non-R570)	1	Leaf	Illumina HiSeq 2500	ISR		PASS	81.96771857596082	23923209	115311	68999	145575	8.2283	61389166	99.1314
SRR13447980	PRJNA691914	IACSP96-7569	Saccharum hybrid cultivar	Saccharum hybrid cultivar (non-R570)	1	Leaf	Illumina HiSeq 2500	ISR		PASS	79.37071264592616	17126029	109929	68040	136631	10.347	43450408	102.8359
SRR13447979	PRJNA691914	IACSP96-7569	Saccharum hybrid cultivar	Saccharum hybrid cultivar (non-R570)	1	Leaf	Illumina HiSeq 2500	ISR		PASS	79.36803242558325	15983859	109122	67984	135333	10.3346	40513538	102.896
SRR13447978	PRJNA691914	IACSP96-7569	Saccharum hybrid cultivar	Saccharum hybrid cultivar (non-R570)	1	Leaf	Illumina HiSeq 2500	ISR		PASS	78.86855101829691	21552293	110484	68236	139423	9.9513	55086722	102.4586
SRR13447977	PRJNA691914	IACSP96-7569	Saccharum hybrid cultivar	Saccharum hybrid cultivar (non-R570)	1	Leaf	Illumina HiSeq 2500	ISR		PASS	78.79948857482142	20145421	109697	68200	137981	9.9236	51495078	102.5174
SRR13447976	PRJNA691914	IACSP96-7569	Saccharum hybrid cultivar	Saccharum hybrid cultivar (non-R570)	1	Leaf	Illumina HiSeq 2500	ISR		PASS	80.59751175018425	21677647	108455	65124	135349	9.2118	54869632	102.1636
SRR13447975	PRJNA691914	IACSP96-7569	Saccharum hybrid cultivar	Saccharum hybrid cultivar (non-R570)	1	Leaf	Illumina HiSeq 2500	ISR		PASS	80.592713530135	20290136	107810	64994	134158	9.1946	51273860	102.2586
SRR13447974	PRJNA691914	IACSP96-7569	Saccharum hybrid cultivar	Saccharum hybrid cultivar (non-R570)	1	Leaf	Illumina HiSeq 2500	ISR		PASS	80.1195333877756	21268174	112142	68008	140939	9.7129	53463994	102.9884
SRR13447973	PRJNA691914	IACSP96-7569	Saccharum hybrid cultivar	Saccharum hybrid cultivar (non-R570)	1	Leaf	Illumina HiSeq 2500	ISR		PASS	80.09180469108564	19893683	111342	67831	139715	9.6966	49986554	103.0338
SRR13447972	PRJNA691914	IACSP96-7569	Saccharum hybrid cultivar	Saccharum hybrid cultivar (non-R570)	1	Leaf	Illumina HiSeq 2500	ISR		PASS	80.47051283939678	18247170	105655	66008	131371	9.2113	45857214	102.5133
SRR13447971	PRJNA691914	IACSP96-7569	Saccharum hybrid cultivar	Saccharum hybrid cultivar (non-R570)	1	Leaf	Illumina HiSeq 2500	ISR		PASS	80.47351048233122	17006574	104667	66039	129891	9.2156	42691268	102.5818
SRR14169820	PRJNA719388	KK3	Saccharum hybrid cultivar	Saccharum hybrid cultivar (non-R570)	1	Stem	HiSeq X Ten	IU		PASS	57.779694115171495	31099862	122875	57237	155345	20.9823	107728236	150.0
SRR14169819	PRJNA719388	KK3	Saccharum hybrid cultivar	Saccharum hybrid cultivar (non-R570)	1	Stem	HiSeq X Ten	IU		PASS	57.81578592878748	31769350	120592	55032	151572	20.1913	109967146	150.0
SRR14169818	PRJNA719388	KK3	Saccharum hybrid cultivar	Saccharum hybrid cultivar (non-R570)	1	Stem	HiSeq X Ten	IU		PASS	62.57874736313993	34873721	122595	57783	155665	19.5396	111543650	150.0
SRR14169817	PRJNA719388	KK3	Saccharum hybrid cultivar	Saccharum hybrid cultivar (non-R570)	1	Stem	HiSeq X Ten	IU		PASS	59.62701576289695	32997866	121028	54673	152584	20.9953	110764900	150.0
SRR14169816	PRJNA719388	KK3	Saccharum hybrid cultivar	Saccharum hybrid cultivar (non-R570)	1	Leaf	HiSeq X Ten	IU		PASS	51.97920773352408	28333705	136140	70085	172608	23.6238	109098306	150.0
SRR14169815	PRJNA719388	KK3	Saccharum hybrid cultivar	Saccharum hybrid cultivar (non-R570)	1	Leaf	HiSeq X Ten	IU		PASS	49.3213043965981	26921562	135669	68409	170556	20.7255	109253848	150.0
SRR14169814	PRJNA719388	KK3	Saccharum hybrid cultivar	Saccharum hybrid cultivar (non-R570)	1	Leaf	HiSeq X Ten	IU		PASS	51.729824740799856	28198078	135749	72479	173548	23.3343	109172532	150.0
SRR14169813	PRJNA719388	KK3	Saccharum hybrid cultivar	Saccharum hybrid cultivar (non-R570)	1	Leaf	HiSeq X Ten	IU		PASS	45.91828100808207	26179452	133199	61654	167505	28.096	114171106	150.0
SRR14169824	PRJNA719388	KK3	Saccharum hybrid cultivar	Saccharum hybrid cultivar (non-R570)	1	Stem	HiSeq X Ten	IU		PASS	60.59907248037955	36213893	126014	61062	161286	19.5808	119677518	150.0
SRR14169823	PRJNA719388	KK3	Saccharum hybrid cultivar	Saccharum hybrid cultivar (non-R570)	1	Stem	HiSeq X Ten	IU		PASS	56.92713497976409	31441028	119731	56301	151238	19.666	110532970	150.0
SRR14169822	PRJNA719388	KK3	Saccharum hybrid cultivar	Saccharum hybrid cultivar (non-R570)	1	Leaf	HiSeq X Ten	IU		PASS	43.028768230739125	24688171	144288	66466	178274	27.5112	114874292	150.0
SRR14169821	PRJNA719388	KK3	Saccharum hybrid cultivar	Saccharum hybrid cultivar (non-R570)	1	Leaf	HiSeq X Ten	IU		PASS	52.03146262976935	30115860	137345	66292	174055	24.4672	115888708	150.0
SRR14753904	PRJNA735861	GT11	Saccharum hybrid cultivar	Saccharum hybrid cultivar (non-R570)	1	Leaf	Illumina HiSeq 4000	IU		PASS	77.3522945936295	21980353	119545	73295	151028	8.2277	56890428	151.0
SRR14753914	PRJNA735861	B8	Saccharum hybrid cultivar	Saccharum hybrid cultivar (non-R570)	1	Leaf	Illumina HiSeq 4000	IU		PASS	69.06022331660166	18067508	120351	77765	150664	7.9758	52363356	151.0
SRR14753913	PRJNA735861	B8	Saccharum hybrid cultivar	Saccharum hybrid cultivar (non-R570)	1	Leaf	Illumina HiSeq 4000	IU		PASS	68.63145945626576	17679547	119662	77663	149968	7.8298	51569768	151.0
SRR14753912	PRJNA735861	GT11	Saccharum hybrid cultivar	Saccharum hybrid cultivar (non-R570)	1	Leaf	Illumina HiSeq 4000	IU		PASS	77.01006610783794	20134405	117689	73190	148065	8.209	52334338	151.0
SRR14753911	PRJNA735861	GT11	Saccharum hybrid cultivar	Saccharum hybrid cultivar (non-R570)	1	Leaf	Illumina HiSeq 4000	IU		PASS	75.80976676222073	20368462	118038	73454	148555	9.9813	53781198	151.0
SRR14753910	PRJNA735861	GT11	Saccharum hybrid cultivar	Saccharum hybrid cultivar (non-R570)	1	Leaf	Illumina HiSeq 4000	IU		PASS	76.46154037649335	19411461	117550	73588	147324	9.3005	50812830	151.0
SRR14753909	PRJNA735861	GT11	Saccharum hybrid cultivar	Saccharum hybrid cultivar (non-R570)	1	Leaf	Illumina HiSeq 4000	IU		PASS	76.35933632126374	20124442	118307	73691	148424	9.4667	52748104	151.0
SRR14753908	PRJNA735861	B8	Saccharum hybrid cultivar	Saccharum hybrid cultivar (non-R570)	1	Leaf	Illumina HiSeq 4000	IU		PASS	69.74517826545608	17957660	117162	73914	146411	7.2257	51531180	151.0
SRR14753907	PRJNA735861	B8	Saccharum hybrid cultivar	Saccharum hybrid cultivar (non-R570)	1	Leaf	Illumina HiSeq 4000	IU		PASS	70.35281416317338	19017708	118839	74039	148830	7.1734	54105510	151.0
SRR14753906	PRJNA735861	B8	Saccharum hybrid cultivar	Saccharum hybrid cultivar (non-R570)	1	Leaf	Illumina HiSeq 4000	IU		PASS	70.55110252979813	19922293	119089	73799	149473	7.1674	56524866	151.0
SRR14753905	PRJNA735861	B8	Saccharum hybrid cultivar	Saccharum hybrid cultivar (non-R570)	1	Leaf	Illumina HiSeq 4000	IU		PASS	68.86555852577112	19146997	120610	77420	151710	7.9445	55654732	151.0
SRR14753915	PRJNA735861	GT11	Saccharum hybrid cultivar	Saccharum hybrid cultivar (non-R570)	1	Leaf	Illumina HiSeq 4000	IU		PASS	77.06741331911907	21375054	119137	73463	149865	8.1742	55511246	151.0
SRR18004699	PRJNA805530	165204	Saccharum officinarum	Saccharum officinarum	2	Stem	Illumina HiSeq 2500	IU		PASS	80.5455395295779	23964836	118564	73966	150351	9.0836	59514634	150.0
SRR18004698	PRJNA805530	FN41	Saccharum officinarum	Saccharum officinarum	2	Stem	Illumina HiSeq 2500	IU		PASS	83.72956663581198	21741056	117239	71132	146198	7.548	51938230	150.0
SRR18004703	PRJNA805530	165204	Saccharum officinarum	Saccharum officinarum	2	Stem	Illumina HiSeq 2500	IU		PASS	79.00790895883905	25006448	120553	75671	153034	9.7278	63308940	150.0
SRR18004702	PRJNA805530	165204	Saccharum officinarum	Saccharum officinarum	2	Stem	Illumina HiSeq 2500	IU		PASS	81.41094493796145	21868941	118697	71781	147901	8.9208	53730812	150.0
SRR18004701	PRJNA805530	FN41	Saccharum officinarum	Saccharum officinarum	2	Leaf	Illumina HiSeq 2500	IU		PASS	79.98238390035375	22521706	120143	73831	150629	9.0774	56321160	150.0
SRR18004700	PRJNA805530	FN41	Saccharum officinarum	Saccharum officinarum	2	Leaf	Illumina HiSeq 2500	IU		PASS	81.38419912254017	23796809	117649	70659	147294	8.6168	58487010	150.0
SRR18004693	PRJNA805530	165204	Saccharum officinarum	Saccharum officinarum	2	Leaf	Illumina HiSeq 2500	IU		PASS	78.95521133053323	25221219	118760	71624	149819	11.0914	63896350	150.0
SRR18004692	PRJNA805530	FN41	Saccharum officinarum	Saccharum officinarum	2	Leaf	Illumina HiSeq 2500	IU		PASS	81.57791699635568	23462371	118338	70741	148043	8.5436	57527616	150.0
SRR18004697	PRJNA805530	FN41	Saccharum officinarum	Saccharum officinarum	2	Stem	Illumina HiSeq 2500	IU		PASS	80.73983252259774	25475866	105969	69686	129764	8.2848	63112588	150.0
SRR18004696	PRJNA805530	FN41	Saccharum officinarum	Saccharum officinarum	2	Stem	Illumina HiSeq 2500	IU		PASS	80.28766909058386	23025528	110595	71176	136305	8.4172	57363598	150.0
SRR18004695	PRJNA805530	165204	Saccharum officinarum	Saccharum officinarum	2	Leaf	Illumina HiSeq 2500	IU		PASS	78.27567416562825	24394008	122316	75047	154622	10.8559	62337390	150.0
SRR18004694	PRJNA805530	165204	Saccharum officinarum	Saccharum officinarum	2	Leaf	Illumina HiSeq 2500	IU		PASS	80.86524418359924	25585253	120526	71759	150821	9.579	63286930	150.0
SRR19692954	PRJNA848385	ZZ6	Saccharum officinarum	Saccharum officinarum	2	Leaf	Illumina HiSeq 2500			PASS	78.27567416562825	24394008	122319	75045	154640	10.8559	62337390	150.0
SRR19692953	PRJNA848385	ZZ6	Saccharum officinarum	Saccharum officinarum	2	Leaf	Illumina HiSeq 2500			PASS	80.86524418359924	25585253	120522	71757	150797	9.579	63286930	150.0
SRR19692952	PRJNA848385	ZZ6	Saccharum officinarum	Saccharum officinarum	2	Stem	Illumina HiSeq 2500			PASS	80.33505570602651	24270676	118070	73589	149866	9.0156	60430336	150.0
SRR19692951	PRJNA848385	ZZ6	Saccharum officinarum	Saccharum officinarum	2	Stem	Illumina HiSeq 2500			PASS	82.3572022088496	24672751	116381	70841	145553	7.7915	59924224	150.0
SRR19692950	PRJNA848385	ZZ6	Saccharum officinarum	Saccharum officinarum	2	Leaf	Illumina HiSeq 2500			PASS	78.9552082000259	25221218	118765	71627	149849	11.0914	63896350	150.0
SRR19692949	PRJNA848385	ZZ6	Saccharum officinarum	Saccharum officinarum	2	Stem	Illumina HiSeq 2500			PASS	79.00790895883905	25006448	120548	75667	153050	9.7278	63308940	150.0
SRR19692945	PRJNA848385	ZZ6	Saccharum officinarum	Saccharum officinarum	2	Leaf	Illumina HiSeq 2500			PASS	80.09687598974236	23554814	120779	73209	151891	9.2324	58821954	150.0
SRR19692948	PRJNA848385	ZZ6	Saccharum officinarum	Saccharum officinarum	2	Stem	Illumina HiSeq 2500			PASS	81.41094493796145	21868941	118698	71786	147888	8.9208	53730812	150.0
SRR19692947	PRJNA848385	ZZ6	Saccharum officinarum	Saccharum officinarum	2	Stem	Illumina HiSeq 2500			PASS	80.5455395295779	23964836	118554	73958	150317	9.0836	59514634	150.0
SRR19692946	PRJNA848385	ZZ6	Saccharum officinarum	Saccharum officinarum	2	Leaf	Illumina HiSeq 2500			PASS	80.51026807566474	23196360	116933	70086	146066	8.9012	57630222	150.0
SRR19692944	PRJNA848385	165204	Saccharum officinarum	Saccharum officinarum	2	Leaf	Illumina HiSeq 2500			PASS	81.3956424404815	25189249	118402	70830	148817	8.6337	61899262	150.0
SRR19692943	PRJNA848385	165204	Saccharum officinarum	Saccharum officinarum	2	Stem	Illumina HiSeq 2500			PASS	79.9630402772581	24713438	115439	69510	144591	9.3273	61819404	150.0
SRR19693179	PRJNA848400	ZZ6	Saccharum officinarum	Saccharum officinarum	2	Leaf	Illumina HiSeq 2500	IU		PASS	81.38419912254017	23796809	117649	70658	147296	8.6168	58487010	150.0
SRR19693175	PRJNA848400	FN41	Saccharum officinarum	Saccharum officinarum	2	Leaf	Illumina HiSeq 2500	IU		PASS	82.45819593476494	26635155	121522	73021	153521	8.5638	64611992	150.0
SRR19693174	PRJNA848400	FN41	Saccharum officinarum	Saccharum officinarum	2	Leaf	Illumina HiSeq 2500	IU		PASS	80.15878181951383	22178557	120058	74596	151663	9.6229	55343620	150.0
SRR19693173	PRJNA848400	FN41	Saccharum officinarum	Saccharum officinarum	2	Leaf	Illumina HiSeq 2500	IU		PASS	79.84836551876798	24114410	120661	73962	152509	9.9417	60406350	150.0
SRR19693172	PRJNA848400	FN41	Saccharum officinarum	Saccharum officinarum	2	Stem	Illumina HiSeq 2500	IU		PASS	81.34295713323236	24765039	119726	72918	150928	8.7137	60897466	150.0
SRR19693183	PRJNA848400	FN41	Saccharum officinarum	Saccharum officinarum	2	Leaf	Illumina HiSeq 2500	IU		PASS	81.57791699635568	23462371	118339	70737	148046	8.5436	57527616	150.0
SRR19693182	PRJNA848400	FN41	Saccharum officinarum	Saccharum officinarum	2	Leaf	Illumina HiSeq 2500	IU		PASS	79.98238390035375	22521706	120145	73830	150643	9.0774	56321160	150.0
SRR19693178	PRJNA848400	FN41	Saccharum officinarum	Saccharum officinarum	2	Stem	Illumina HiSeq 2500	IU		PASS	83.72956663581198	21741056	117246	71143	146229	7.548	51938230	150.0
SRR19693177	PRJNA848400	FN41	Saccharum officinarum	Saccharum officinarum	2	Stem	Illumina HiSeq 2500	IU		PASS	80.73983252259774	25475866	105980	69712	129831	8.2848	63112588	150.0
SRR19693176	PRJNA848400	FN41	Saccharum officinarum	Saccharum officinarum	2	Stem	Illumina HiSeq 2500	IU		PASS	80.28766909058386	23025528	110596	71181	136311	8.4172	57363598	150.0
SRR19693181	PRJNA848400	FN41	Saccharum officinarum	Saccharum officinarum	2	Stem	Illumina HiSeq 2500	IU		PASS	79.58462180664387	24111881	117565	72753	148736	9.733	60601292	150.0
SRR19693180	PRJNA848400	FN41	Saccharum officinarum	Saccharum officinarum	2	Stem	Illumina HiSeq 2500	IU		PASS	76.32904275570988	22429119	116781	72763	147194	10.1608	58776650	150.0
ERR5924509	PRJEB44944	Yuetang 91-976	Saccharum officinarum	Saccharum officinarum	2	Flower	Illumina HiSeq 2500	IU		PASS	81.73702100207791	20743504	120233	74184	151245	8.8381	50765758	150.0
ERR5924508	PRJEB44944	Yuetang 91-976	Saccharum officinarum	Saccharum officinarum	2	Flower	Illumina HiSeq 2000	IU		PASS	80.07689154145842	16286453	117985	76226	147243	9.5808	40694370	150.0
ERR5924510	PRJEB44944	Yuetang 91-976	Saccharum officinarum	Saccharum officinarum	2	Flower	Illumina HiSeq 2500	IU		PASS	80.39717567050877	18079056	116509	76231	146361	9.3649	44982538	150.0
ERR5924507	PRJEB44944	Yuetang 91-976	Saccharum officinarum	Saccharum officinarum	2	Flower	Illumina HiSeq 2500	IU		PASS	74.42630933663257	16852216	115222	75450	143918	12.0566	45296946	150.0
ERR5924506	PRJEB44944	Yuetang 91-976	Saccharum officinarum	Saccharum officinarum	2	Flower	Illumina HiSeq 2500	IU		PASS	74.40687505101727	17665652	116034	75551	144872	12.051	47500460	150.0
ERR5924504	PRJEB44944	Yuetang 91-976	Saccharum officinarum	Saccharum officinarum	2	Flower	Illumina HiSeq 2500	IU		PASS	73.73215233965232	17593672	117162	75596	146947	12.4235	47737856	150.0
ERR5924505	PRJEB44944	Yuetang 91-976	Saccharum officinarum	Saccharum officinarum	2	Flower	Illumina HiSeq 2500	IU		PASS	74.33715107801729	15440951	115096	75538	142818	11.7709	41552588	150.0
ERR5924513	PRJEB44944	Yuetang 91-976	Saccharum officinarum	Saccharum officinarum	2	Flower	Illumina HiSeq 2500	IU		PASS	81.96808887397899	16629508	117352	74945	144851	8.6784	40587284	150.0
ERR5924512	PRJEB44944	Yuetang 91-976	Saccharum officinarum	Saccharum officinarum	2	Flower	Illumina HiSeq 2500	IU		PASS	81.28362281979574	19208354	118619	74869	147037	8.6252	47305846	150.0
ERR5924511	PRJEB44944	Yuetang 91-976	Saccharum officinarum	Saccharum officinarum	2	Flower	Illumina HiSeq 2500	IU		PASS	80.5749963105787	20092310	118309	76022	149237	9.3366	49883036	150.0
SRR8269481	PRJNA507678	CP72-2086	Saccharum hybrid cultivar CP72-2086	Saccharum hybrid cultivar (non-R570)	1	Stem	Illumina HiSeq 4000	IU		PASS	79.75770622461422	19915843	117566	69391	144717	9.6164	50097002	149.422
SRR8269482	PRJNA507678	CP72-2086	Saccharum hybrid cultivar CP72-2086	Saccharum hybrid cultivar (non-R570)	1	Stem	Illumina HiSeq 4000	IU		PASS	83.27017115344435	28407912	122327	69569	152387	7.3378	68448772	149.4943
SRR8269477	PRJNA507678	CP72-2086	Saccharum hybrid cultivar CP72-2086	Saccharum hybrid cultivar (non-R570)	1	Stem	Illumina HiSeq 4000	IU		PASS	80.48697373752802	23354778	121297	72344	150965	8.7544	58260658	149.3192
SRR8269478	PRJNA507678	GT11	Saccharum hybrid cultivar GT11	Saccharum hybrid cultivar (non-R570)	1	Stem	Illumina HiSeq 4000	IU		PASS	82.40110928646085	23229775	118589	69086	146599	8.0155	56597128	149.307
SRR8269475	PRJNA507678	GT11	Saccharum hybrid cultivar GT11	Saccharum hybrid cultivar (non-R570)	1	Stem	Illumina HiSeq 4000	IU		PASS	80.13939516037749	21062905	119911	70138	146941	8.8106	52742850	149.2228
SRR8269476	PRJNA507678	GT11	Saccharum hybrid cultivar GT11	Saccharum hybrid cultivar (non-R570)	1	Stem	Illumina HiSeq 4000	IU		PASS	79.40048390746978	21990920	121319	73245	150499	9.4324	55572596	149.4151
SRR8269484	PRJNA507678	CP72-2086	Saccharum hybrid cultivar CP72-2086	Saccharum hybrid cultivar (non-R570)	1	Stem	Illumina HiSeq 4000	IU		PASS	79.44509909159501	32508469	123656	71717	155265	9.9413	82107540	149.5636
SRR8269480	PRJNA507678	GT11	Saccharum hybrid cultivar GT11	Saccharum hybrid cultivar (non-R570)	1	Stem	Illumina HiSeq 4000	IU		PASS	81.61471918640412	20722058	118121	70325	145077	8.7001	50946420	149.4598
SRR8269479	PRJNA507678	GT11	Saccharum hybrid cultivar GT11	Saccharum hybrid cultivar (non-R570)	1	Stem	Illumina HiSeq 4000	IU		PASS	82.00526363734251	33335006	125604	69059	157713	8.2541	81543208	149.3493
SRR8269483	PRJNA507678	CP72-2086	Saccharum hybrid cultivar CP72-2086	Saccharum hybrid cultivar (non-R570)	1	Stem	Illumina HiSeq 4000	IU		PASS	80.4259988365536	24183522	123490	71771	152719	9.6285	60344186	149.1525
SRR10058138	PRJNA545885	B48	Saccharum hybrid cultivar	Saccharum hybrid cultivar (non-R570)	1	Leaf	Illumina HiSeq 2500	IU		PASS	80.99693395444373	16928002	100111	53351	119753	8.0349	41938832	149.4271
SRR10058137	PRJNA545885	B48	Saccharum hybrid cultivar	Saccharum hybrid cultivar (non-R570)	1	Leaf	Illumina HiSeq 2500	IU		PASS	76.5181173546193	15200588	98057	52467	116589	10.8122	39868614	149.5179
SRR10058136	PRJNA545885	B48	Saccharum hybrid cultivar	Saccharum hybrid cultivar (non-R570)	1	Leaf	Illumina HiSeq 2500	IU		PASS	79.32383767334534	19238780	102144	53240	122842	9.7819	48659080	149.9398
SRR10058139	PRJNA545885	B48	Saccharum hybrid cultivar	Saccharum hybrid cultivar (non-R570)	1	Leaf	Illumina HiSeq 2500	IU		PASS	77.36223950130764	15773141	97551	52722	115638	10.267	40865914	149.559
SRR10058140	PRJNA545885	B48	Saccharum hybrid cultivar	Saccharum hybrid cultivar (non-R570)	1	Leaf	Illumina HiSeq 2500	IU		PASS	83.18553857495637	29820653	99609	47876	119048	7.2537	71779850	125.9745
SRR10058141	PRJNA545885	B48	Saccharum hybrid cultivar	Saccharum hybrid cultivar (non-R570)	1	Leaf	Illumina HiSeq 2500	IU		PASS	82.51978369259146	26624556	98454	49974	117528	7.2643	64590328	125.9831
SRR10518112	PRJNA590595	Co 06022	Saccharum hybrid cultivar	Saccharum hybrid cultivar (non-R570)	1	Leaf	Illumina Genome Analyzer II	ISR		PASS	87.79603658957097	20305477	121707	70565	147691	5.706	46790118	150.0
SRR10518113	PRJNA590595	Co 8021	Saccharum hybrid cultivar	Saccharum hybrid cultivar (non-R570)	1	Leaf	Illumina Genome Analyzer II	ISR		PASS	69.29391837735123	18630647	107498	55449	126690	15.7162	54670992	150.0
SRR10518114	PRJNA590595	Co 8021	Saccharum hybrid cultivar	Saccharum hybrid cultivar (non-R570)	1	Leaf	Illumina Genome Analyzer II	ISR		PASS	71.98068397144057	21565703	119681	66938	145671	13.5093	60740304	150.0
SRR10518108	PRJNA590595	Co 06022	Saccharum hybrid cultivar	Saccharum hybrid cultivar (non-R570)	1	Leaf	Illumina Genome Analyzer II	ISR		PASS	80.24933523063028	18788179	116626	68505	142621	6.8619	47548110	150.0
SRR10518109	PRJNA590595	Co 06022	Saccharum hybrid cultivar	Saccharum hybrid cultivar (non-R570)	1	Leaf	Illumina Genome Analyzer II	ISR		PASS	78.92043623159054	21291995	116562	65721	142495	9.9904	54841882	150.0
SRR10518110	PRJNA590595	Co 06022	Saccharum hybrid cultivar	Saccharum hybrid cultivar (non-R570)	1	Leaf	Illumina Genome Analyzer II	ISR		PASS	86.60222244102918	17775495	120445	70029	142859	6.2428	41714912	150.0
SRR10518111	PRJNA590595	Co 06022	Saccharum hybrid cultivar	Saccharum hybrid cultivar (non-R570)	1	Leaf	Illumina Genome Analyzer II	ISR		PASS	55.15688306787524	17235767	120679	66240	144007	24.5282	63166528	150.0
SRR10518115	PRJNA590595	Co 8021	Saccharum hybrid cultivar	Saccharum hybrid cultivar (non-R570)	1	Leaf	Illumina Genome Analyzer II	ISR		PASS	85.90485522593968	18568386	111194	54894	127477	6.4294	45924378	150.0
SRR10518116	PRJNA590595	Co 8021	Saccharum hybrid cultivar	Saccharum hybrid cultivar (non-R570)	1	Leaf	Illumina Genome Analyzer II	ISR		PASS	85.18906724648338	22542472	124971	71022	150473	7.2376	53638310	150.0
SRR10518117	PRJNA590595	Co 8021	Saccharum hybrid cultivar	Saccharum hybrid cultivar (non-R570)	1	Leaf	Illumina Genome Analyzer II	ISR		PASS	82.59118063873181	22342420	121008	65045	144860	8.4823	54983738	150.0
SRR14307574	PRJNA723681	Yuetang 91-976	Saccharum officinarum	Saccharum officinarum	2	Flower	Illumina HiSeq 2500	IU		PASS	78.5044440838719	12777841	104799	67974	128166	10.9034	32557338	150.0
SRR14307575	PRJNA723681	Yuetang 91-976	Saccharum officinarum	Saccharum officinarum	2	Flower	Illumina HiSeq 2500	IU		PASS	78.21814606291734	19019375	110138	68095	136709	11.0919	48637576	150.0
SRR14307577	PRJNA723681	Yuetang 91-976	Saccharum officinarum	Saccharum officinarum	2	Flower	Illumina HiSeq 2500	IU		PASS	83.49283396804165	15105774	119061	77729	145112	7.8122	36187792	150.0
SRR14307576	PRJNA723681	Yuetang 91-976	Saccharum officinarum	Saccharum officinarum	2	Flower	Illumina HiSeq 2500	IU		PASS	82.9699423025558	18591411	122356	77787	150559	8.2538	44818974	150.0
SRR14307579	PRJNA723681	Yuetang 91-976	Saccharum officinarum	Saccharum officinarum	2	Flower	Illumina HiSeq 2500	IU		PASS	82.78853146991442	19424289	117243	76626	145819	8.1155	46930316	150.0
SRR14307578	PRJNA723681	Yuetang 91-976	Saccharum officinarum	Saccharum officinarum	2	Flower	Illumina HiSeq 2500	IU		PASS	82.65783687080808	14712499	109762	75860	133436	8.0478	35602578	150.0
SRR14307580	PRJNA723681	Yuetang 91-976	Saccharum officinarum	Saccharum officinarum	2	Flower	Illumina HiSeq 2500	IU		PASS	84.5439080083919	13082709	110722	75316	134463	7.3212	30952144	150.0
SRR14307581	PRJNA723681	Yuetang 91-976	Saccharum officinarum	Saccharum officinarum	2	Flower	Illumina HiSeq 2500	IU		PASS	84.73901950582531	19083306	116411	75646	143907	7.2841	45045440	150.0
SRR14307588	PRJNA723681	Yuetang 91-976	Saccharum officinarum	Saccharum officinarum	2	Flower	Illumina HiSeq 2500	IU		PASS	86.13922851478068	14416667	111633	73175	136544	6.8827	33476580	150.0
SRR14307582	PRJNA723681	Yuetang 91-976	Saccharum officinarum	Saccharum officinarum	2	Flower	Illumina HiSeq 2500	IU		PASS	86.17354392683593	15155336	112396	73299	138100	6.872	35177628	150.0
SRR16080491	PRJNA766098	GT55	Saccharum officinarum	Saccharum officinarum	2	Stem	Illumina HiSeq 2500	IU		PASS	83.94084539519125	28365455	125495	70530	154640	8.127	67596006	150.0
SRR16080493	PRJNA766098	GT55	Saccharum officinarum	Saccharum officinarum	2	Stem	Illumina HiSeq 2500	IU		PASS	84.33036075605982	31622945	127114	69964	156623	7.8433	75012924	150.0
SRR16080492	PRJNA766098	GT55	Saccharum officinarum	Saccharum officinarum	2	Stem	Illumina HiSeq 2500	IU		PASS	81.46628779838609	24601768	125346	71281	155286	9.5614	60413560	150.0
SRR16080495	PRJNA766098	GT55	Saccharum officinarum	Saccharum officinarum	2	Stem	Illumina HiSeq 2500	IU		PASS	84.3222526127281	29660123	126671	71102	157888	7.3965	70364772	150.0
SRR16080496	PRJNA766098	GT55	Saccharum officinarum	Saccharum officinarum	2	Stem	Illumina HiSeq 2500	IU		PASS	83.68213098392137	26513715	124814	68998	153951	8.2002	63383390	150.0
SRR16080498	PRJNA766098	GT55	Saccharum officinarum	Saccharum officinarum	2	Stem	Illumina HiSeq 2500	IU		PASS	83.94609341293298	29843036	127754	72160	160021	7.7949	71115996	150.0
SRR16080497	PRJNA766098	GT55	Saccharum officinarum	Saccharum officinarum	2	Stem	Illumina HiSeq 2500	IU		PASS	86.43374072945751	29753447	125665	66611	153775	6.5059	68855688	150.0
SRR16080490	PRJNA766098	GT55	Saccharum officinarum	Saccharum officinarum	2	Stem	Illumina HiSeq 2500	IU		PASS	82.46010162091937	26733969	124987	70503	155370	8.8534	64855608	150.0
SRR16080489	PRJNA766098	GT55	Saccharum officinarum	Saccharum officinarum	2	Stem	Illumina HiSeq 2500	IU		PASS	83.731345267084	29864757	126847	70805	156632	8.1197	71347726	150.0
SRR16080494	PRJNA766098	GT55	Saccharum officinarum	Saccharum officinarum	2	Stem	Illumina HiSeq 2500	IU		PASS	84.50108625778564	23604514	121634	67903	149744	7.6294	55878836	150.0
SRR17220981	PRJNA787323	GT49	Saccharum officinarum	Saccharum officinarum	2	Leaf	Illumina NovaSeq 6000	IU		PASS	85.09812473934049	27111489	116379	64265	142739	7.9364	63724280	150.0
SRR17220982	PRJNA787323	GT49	Saccharum officinarum	Saccharum officinarum	2	Leaf	Illumina NovaSeq 6000	IU		PASS	85.41686122386	27933420	121118	67947	148983	7.7084	65410980	150.0
SRR17220984	PRJNA787323	GT49	Saccharum officinarum	Saccharum officinarum	2	Leaf	Illumina NovaSeq 6000	IU		PASS	84.56089080583101	28430727	119856	67133	147241	8.2592	67249834	150.0
SRR17220983	PRJNA787323	GT49	Saccharum officinarum	Saccharum officinarum	2	Leaf	Illumina NovaSeq 6000	IU		PASS	85.07892330997709	28454537	121264	68070	149372	7.6443	66896364	150.0
SRR17220985	PRJNA787323	GT49	Saccharum officinarum	Saccharum officinarum	2	Leaf	Illumina NovaSeq 6000	IU		PASS	83.12494387238142	23501602	115997	65648	142029	8.848	56561012	150.0
SRR17220986	PRJNA787323	GT49	Saccharum officinarum	Saccharum officinarum	2	Leaf	Illumina NovaSeq 6000	IU		PASS	86.7838331153227	29166039	126490	68825	155669	7.0529	67221932	150.0
SRR17220987	PRJNA787323	GT49	Saccharum officinarum	Saccharum officinarum	2	Leaf	Illumina NovaSeq 6000	IU		PASS	89.12712466083319	29784433	118598	63931	142568	6.0367	66861626	150.0
SRR17220988	PRJNA787323	GT49	Saccharum officinarum	Saccharum officinarum	2	Leaf	Illumina NovaSeq 6000	IU		PASS	86.18373101399017	22673434	124171	69795	151932	7.5409	52637872	150.0
SRR17220989	PRJNA787323	GT49	Saccharum officinarum	Saccharum officinarum	2	Leaf	Illumina NovaSeq 6000	IU		PASS	87.28656009115369	23550236	118277	64820	143372	7.061	53965438	150.0
SRR17220990	PRJNA787323	GT49	Saccharum officinarum	Saccharum officinarum	2	Leaf	Illumina NovaSeq 6000	IU		PASS	86.72462682007942	26616330	126776	70547	155507	7.3837	61404774	150.0
SRR18083345	PRJNA808768	GX83-10	Saccharum spontaneum	Saccharum spontaneum	3	Leaf	Illumina HiSeq 2500	IU		PASS	79.02613078295508	25819389	106377	61263	130919	9.2593	65420764	150.0
SRR18083344	PRJNA808768	GX83-10	Saccharum spontaneum	Saccharum spontaneum	3	Leaf	Illumina HiSeq 2500	IU		PASS	78.92301080488161	21748586	104846	61392	129003	9.3781	55187652	150.0
SRR18083342	PRJNA808768	GX83-10	Saccharum spontaneum	Saccharum spontaneum	3	Leaf	Illumina HiSeq 2500	IU		PASS	78.49113624441895	21571135	103766	62888	127264	9.5074	55039170	150.0
SRR18083339	PRJNA808768	GX83-10	Saccharum spontaneum	Saccharum spontaneum	3	Leaf	Illumina HiSeq 2500	IU		PASS	79.21492553398743	21977282	104736	62922	129064	9.4278	55551280	150.0
SRR18083347	PRJNA808768	GX83-10	Saccharum spontaneum	Saccharum spontaneum	3	Leaf	Illumina HiSeq 2500	IU		PASS	79.09483733365954	25165167	107507	62436	132553	9.2426	63713606	150.0
SRR18083346	PRJNA808768	GX83-10	Saccharum spontaneum	Saccharum spontaneum	3	Leaf	Illumina HiSeq 2500	IU		PASS	78.95311488476115	22208698	105324	61694	129505	9.3665	56325564	150.0
SRR18083338	PRJNA808768	GX83-10	Saccharum spontaneum	Saccharum spontaneum	3	Leaf	Illumina HiSeq 2500	IU		PASS	78.49077070478897	23518243	105212	63101	129685	9.566	59991162	150.0
SRR18083341	PRJNA808768	GX83-10	Saccharum spontaneum	Saccharum spontaneum	3	Leaf	Illumina HiSeq 2500	IU		PASS	78.35934569319775	24797032	106361	63516	131673	9.7916	63372458	150.0
SRR18083343	PRJNA808768	GX83-10	Saccharum spontaneum	Saccharum spontaneum	3	Leaf	Illumina HiSeq 2500	IU		PASS	77.4003524570863	20698386	104340	61712	128301	9.7817	53549960	150.0
SRR18083340	PRJNA808768	GX83-10	Saccharum spontaneum	Saccharum spontaneum	3	Leaf	Illumina HiSeq 2500	IU		PASS	79.70030296943371	26211155	106016	62718	131548	9.1367	65855782	150.0
SRR2165174	PRJNA291816	RB925345	Saccharum hybrid cultivar	Saccharum hybrid cultivar (non-R570)	1	Bud	Illumina HiScanSQ	IU		PASS	81.13009614938416	22693115	132282	74708	162752	8.6004	56359504	100.0
SRR2165173	PRJNA291816	RB925345	Saccharum hybrid cultivar	Saccharum hybrid cultivar (non-R570)	1	Bud	Illumina HiScanSQ	IU		PASS	81.13009614938416	22693115	132284	74713	162756	8.6004	56359504	100.0
SRR2165229	PRJNA291816	RB925345	Saccharum hybrid cultivar	Saccharum hybrid cultivar (non-R570)	1	Bud	Illumina HiScanSQ	IU		PASS	85.64607360159681	23688934	135534	80121	167616	6.1636	56254256	101.0
SRR2165230	PRJNA291816	RB925345	Saccharum hybrid cultivar	Saccharum hybrid cultivar (non-R570)	1	Bud	Illumina HiScanSQ	IU		PASS	85.64607360159681	23688934	135534	80123	167581	6.1636	56254256	101.0
SRR2165226	PRJNA291816	RB925345	Saccharum hybrid cultivar	Saccharum hybrid cultivar (non-R570)	1	Bud	Illumina HiScanSQ	IU		PASS	66.3737553095362	18638466	128554	71297	156007	8.7939	57014970	101.0
SRR2165227	PRJNA291816	RB925345	Saccharum hybrid cultivar	Saccharum hybrid cultivar (non-R570)	1	Bud	Illumina HiScanSQ	IU		PASS	66.3737553095362	18638466	128558	71309	156034	8.7939	57014970	101.0
SRR2165225	PRJNA291816	RB925345	Saccharum hybrid cultivar	Saccharum hybrid cultivar (non-R570)	1	Bud	Illumina HiScanSQ	IU		PASS	66.37375887065305	18638467	128552	71303	156019	8.7939	57014970	101.0
SRR2165175	PRJNA291816	RB925345	Saccharum hybrid cultivar	Saccharum hybrid cultivar (non-R570)	1	Bud	Illumina HiScanSQ	IU		PASS	81.13009614938416	22693115	132279	74700	162724	8.6004	56359504	100.0
SRR2165228	PRJNA291816	RB925345	Saccharum hybrid cultivar	Saccharum hybrid cultivar (non-R570)	1	Bud	Illumina HiScanSQ	IU		PASS	85.64607360159681	23688934	135534	80122	167593	6.1636	56254256	101.0
SRR16912983	PRJNA778336	Co 97009	Saccharum hybrid cultivar	Saccharum hybrid cultivar (non-R570)	1	Meristem	Illumina HiSeq 4000	ISR		PASS	35.171390132847016	30828780	134525	68927	171652	27.4044	175561172	150.0
SRR16912974	PRJNA778336	Co 97009	Saccharum hybrid cultivar	Saccharum hybrid cultivar (non-R570)	1	Meristem	Illumina HiSeq 4000	ISR	low_mapping_rate(<30%)	FLAG	26.69441333617357	18264698	125374	57768	155386	33.329	136946046	150.0
SRR16912982	PRJNA778336	Co 97009	Saccharum hybrid cultivar	Saccharum hybrid cultivar (non-R570)	1	Meristem	Illumina HiSeq 4000	ISR		PASS	40.657635207682056	30173596	131537	72156	168524	20.2176	148637968	150.0
SRR16912981	PRJNA778336	Co 97009	Saccharum hybrid cultivar	Saccharum hybrid cultivar (non-R570)	1	Meristem	Illumina HiSeq 4000	ISR		PASS	42.97999145463009	26114810	132661	70449	167921	21.6975	121706716	150.0
SRR16912980	PRJNA778336	Co 97009	Saccharum hybrid cultivar	Saccharum hybrid cultivar (non-R570)	1	Meristem	Illumina HiSeq 4000	ISR		PASS	33.97889531638114	21650540	128335	72833	162066	17.0833	127818084	150.0
SRR16912979	PRJNA778336	Co 97009	Saccharum hybrid cultivar	Saccharum hybrid cultivar (non-R570)	1	Meristem	Illumina HiSeq 4000	ISR		PASS	41.28580984322654	35970794	132265	71050	171345	24.1366	174480636	150.0
SRR16912976	PRJNA778336	Co 97009	Saccharum hybrid cultivar	Saccharum hybrid cultivar (non-R570)	1	Meristem	Illumina HiSeq 4000	ISR	low_mapping_rate(<30%)	FLAG	21.488970854292194	17578989	124933	51706	153150	35.485	163784544	150.0
SRR16912977	PRJNA778336	Co 97009	Saccharum hybrid cultivar	Saccharum hybrid cultivar (non-R570)	1	Meristem	Illumina HiSeq 4000	ISR		PASS	43.29129993694518	23795005	131508	70181	167573	25.0138	110079706	150.0
SRR16912975	PRJNA778336	Co 97009	Saccharum hybrid cultivar	Saccharum hybrid cultivar (non-R570)	1	Meristem	Illumina HiSeq 4000	ISR		PASS	37.411226329628235	27743932	134112	68000	170273	25.6771	148522938	150.0
SRR13178275	PRJNA681593	Krakatau	Saccharum spontaneum	Saccharum spontaneum	3	Stem Internode	Illumina HiSeq 2500	IU		PASS	83.00536242929269	74123489	119887	60890	149074	5.7618	181098182	101.0
SRR13178281	PRJNA681593	SP80-3280	Saccharum hybrid cultivar SP80-3280	Saccharum hybrid cultivar (non-R570)	1	Stem Internode	Illumina HiSeq 2500	IU		PASS	81.08940586325811	13813663	112922	74131	136092	7.1023	34647080	101.0
SRR13178274	PRJNA681593	Krakatau	Saccharum spontaneum	Saccharum spontaneum	3	Stem Internode	Illumina HiSeq 2500	IU		PASS	82.72708301468616	64212603	113244	58852	140147	5.8387	157443158	101.0
SRR13178279	PRJNA681593	IACSP93-3046	Saccharum hybrid cultivar	Saccharum hybrid cultivar (non-R570)	1	Stem Internode	Illumina HiSeq 2500	IU		PASS	84.06400958959475	39421112	125252	73153	157590	6.133	95181138	101.0
SRR13178278	PRJNA681593	IACSP93-3046	Saccharum hybrid cultivar	Saccharum hybrid cultivar (non-R570)	1	Stem Internode	Illumina HiSeq 2500	IU		PASS	82.95861383142581	22634103	117893	73559	145130	6.5882	55371400	101.0
SRR13178280	PRJNA681593	SP80-3280	Saccharum hybrid cultivar SP80-3280	Saccharum hybrid cultivar (non-R570)	1	Stem Internode	Illumina HiSeq 2500	IU		PASS	78.87848008790883	12485774	109923	72466	131840	7.7696	32273182	101.0
SRR14597445	PRJNA730638	Zhongzhe 1	Saccharum hybrid cultivar	Saccharum hybrid cultivar (non-R570)	1	Pith	Illumina NovaSeq 6000	IU		PASS	86.12269086389253	20142207	115079	66198	141853	7.7263	46777320	150.0
SRR14597446	PRJNA730638	Zhongzhe 1	Saccharum hybrid cultivar	Saccharum hybrid cultivar (non-R570)	1	Pith	Illumina NovaSeq 6000	IU		PASS	85.15617217595498	18823903	113714	68592	140419	7.8487	44211808	150.0
SRR14597435	PRJNA730638	Zhongzhe 1	Saccharum hybrid cultivar	Saccharum hybrid cultivar (non-R570)	1	Leaf	Illumina NovaSeq 6000	IU		PASS	84.67509185640928	19823743	108879	67586	133448	7.9981	46824746	150.0
SRR14597436	PRJNA730638	Zhongzhe 1	Saccharum hybrid cultivar	Saccharum hybrid cultivar (non-R570)	1	Leaf	Illumina NovaSeq 6000	IU		PASS	85.22347262362118	19041218	113411	68757	140543	7.6111	44689284	150.0
SRR14597443	PRJNA730638	Zhongzhe 1	Saccharum hybrid cultivar	Saccharum hybrid cultivar (non-R570)	1	Stem Epidermis	Illumina NovaSeq 6000	IU		PASS	86.69066595275554	20698253	111263	61774	137907	7.1567	47753584	150.0
SRR14597444	PRJNA730638	Zhongzhe 1	Saccharum hybrid cultivar	Saccharum hybrid cultivar (non-R570)	1	Stem Epidermis	Illumina NovaSeq 6000	IU		PASS	87.76912117385945	20033495	104063	58966	126516	6.5765	45652004	150.0
SRR14597447	PRJNA730638	Zhongzhe 1	Saccharum hybrid cultivar	Saccharum hybrid cultivar (non-R570)	1	Root	Illumina NovaSeq 6000	IU		PASS	79.78135339544079	17802337	114626	66365	141780	8.1368	44633182	150.0
SRR14597448	PRJNA730638	Zhongzhe 1	Saccharum hybrid cultivar	Saccharum hybrid cultivar (non-R570)	1	Root	Illumina NovaSeq 6000	IU		PASS	82.27249815653246	18701870	123492	71629	152794	9.3197	45464856	150.0
SRR10593240	PRJNA593053	M4209	Saccharum hybrid cultivar Co 86032	Saccharum hybrid cultivar (non-R570)	1	Leaf	Illumina HiSeq 2500	ISR	low_mapping_rate(<30%)	FLAG	27.895000844603402	7247849	92831	49468	107601	15.3904	52312026	100.0
SRR10593242	PRJNA593053	M4209	Saccharum hybrid cultivar Co 86032	Saccharum hybrid cultivar (non-R570)	1	Leaf	Illumina HiSeq 2500	ISR	low_mapping_rate(<30%)	FLAG	26.776817830805143	7024406	92221	48245	106253	15.068	53080420	100.0
SRR10593241	PRJNA593053	M4209	Saccharum hybrid cultivar Co 86032	Saccharum hybrid cultivar (non-R570)	1	Leaf	Illumina HiSeq 2500	ISR	low_mapping_rate(<30%)	FLAG	27.023881358100514	7530668	88499	47307	102527	13.5559	56149668	100.0
SRR10593246	PRJNA593053	Co 86032	Saccharum hybrid cultivar Co 86032	Saccharum hybrid cultivar (non-R570)	1	Leaf	Illumina HiSeq 2500	ISR	low_mapping_rate(<30%)	FLAG	28.582395170577872	7875907	93632	48710	109300	14.7993	55624830	100.0
SRR10593245	PRJNA593053	Co 86032	Saccharum hybrid cultivar Co 86032	Saccharum hybrid cultivar (non-R570)	1	Leaf	Illumina HiSeq 2500	ISR		PASS	31.605485710386844	8004411	96292	53061	112484	13.3184	51067886	100.0
SRR10593243	PRJNA593053	M4209	Saccharum hybrid cultivar Co 86032	Saccharum hybrid cultivar (non-R570)	1	Leaf	Illumina HiSeq 2500	ISR		PASS	32.10017990773375	7483713	90619	46149	104549	16.3143	46859780	100.0
SRR10593244	PRJNA593053	Co 86032	Saccharum hybrid cultivar Co 86032	Saccharum hybrid cultivar (non-R570)	1	Leaf	Illumina HiSeq 2500	ISR		PASS	36.56676953987944	8165032	98185	56467	115373	14.49	45426616	100.0
ERR655087	PRJEB7529	Q208A	Saccharum officinarum x Saccharum spontaneum	Saccharum hybrid cultivar (non-R570)	1		Illumina HiSeq 2500	IU		PASS	55.02603994868353	22704203	133814	75219	165900	17.0117	83491694	101.0
ERR655086	PRJEB7529	Q208A	Saccharum officinarum x Saccharum spontaneum	Saccharum hybrid cultivar (non-R570)	1		Illumina HiSeq 2500	IU		PASS	53.50686071891978	19334893	131749	73801	162097	18.0399	73125170	101.0
ERR655085	PRJEB7529	Q208A	Saccharum officinarum x Saccharum spontaneum	Saccharum hybrid cultivar (non-R570)	1		Illumina HiSeq 2500	IU		PASS	54.314423935023115	18442914	129546	67352	158544	16.4879	68664318	101.0
SRR30652871	PRJNA1160407	FN15	Saccharum hybrid cultivar FN15	Saccharum hybrid cultivar (non-R570)	1	Leaf	Illumina NovaSeq X Plus	IU		PASS	77.37872889353092	22187049	112640	63300	142450	11.4188	57374154	151.0
SRR30652872	PRJNA1160407	FN15	Saccharum hybrid cultivar FN15	Saccharum hybrid cultivar (non-R570)	1	Leaf	Illumina NovaSeq X Plus	IU		PASS	58.60156910547013	18869632	110946	62367	139826	24.1922	64435858	151.0
SRR30652873	PRJNA1160407	FN15	Saccharum hybrid cultivar FN15	Saccharum hybrid cultivar (non-R570)	1	Leaf	Illumina NovaSeq X Plus	IU		PASS	68.35791339377452	21146729	112979	65011	143392	17.7422	61899202	151.0
SRR30652874	PRJNA1160407	FN15	Saccharum hybrid cultivar FN15	Saccharum hybrid cultivar (non-R570)	1	Leaf	Illumina NovaSeq X Plus	IU		PASS	63.97118135044031	20213532	111747	63526	141231	20.7182	63228670	151.0
SRR30652870	PRJNA1160407	FN15	Saccharum hybrid cultivar FN15	Saccharum hybrid cultivar (non-R570)	1	Leaf	Illumina NovaSeq X Plus	IU		PASS	67.54117038458283	19038574	107926	59682	135593	18.3367	56403182	151.0
SRR30652869	PRJNA1160407	FN15	Saccharum hybrid cultivar FN15	Saccharum hybrid cultivar (non-R570)	1	Leaf	Illumina NovaSeq X Plus	IU		PASS	74.29455471405838	21510521	111396	63417	140892	13.8109	57934628	151.0
SRR33640265	PRJNA1265644	AP85-438	Saccharum officinarum	Saccharum officinarum	2	Leaf	Illumina NovaSeq 6000	ISR		PASS	82.10782141150452	43767465	125825	68840	162973	8.4595	106619912	148.473
SRR33640263	PRJNA1265644	AP85-439	Saccharum officinarum	Saccharum officinarum	2	Leaf	Illumina NovaSeq 6000	ISR		PASS	73.50169874705331	44897663	120545	61656	152901	8.6835	122180588	147.6652
SRR33640264	PRJNA1265644	AP85-440	Saccharum officinarum	Saccharum officinarum	2	Leaf	Illumina NovaSeq 6000	ISR		PASS	82.56146552132095	43982295	124977	68341	161495	8.3121	106554660	148.2849
SRR33640266	PRJNA1265644	AP85-441	Saccharum officinarum	Saccharum officinarum	2	Leaf	Illumina NovaSeq 6000	ISR		PASS	82.34036771708784	44829235	125498	68969	162616	8.3335	108898350	148.5746
SRR33640262	PRJNA1265644	AP85-441	Saccharum officinarum	Saccharum officinarum	2	Leaf	Illumina NovaSeq 6000	ISR		PASS	69.91281811243721	41533233	119631	60712	150591	8.0529	118826288	146.9587
SRR33640261	PRJNA1265644	AP85-441	Saccharum officinarum	Saccharum officinarum	2	Leaf	Illumina NovaSeq 6000	ISR		PASS	72.88956885201698	49943020	120225	61494	150987	8.1365	137043338	144.7276
SRR2183393	PRJNA293771	ROC26	Saccharum officinarum	Saccharum officinarum	2	Leaf	Illumina HiSeq 2500	IU		PASS	85.71158648475752	33083229	125775	77313	160535	6.2875	77208082	90.0
SRR2183392	PRJNA293771	ROC26	Saccharum officinarum	Saccharum officinarum	2	Leaf	Illumina HiSeq 2500	IU		PASS	82.85528421002786	33734292	131025	75178	165246	7.4596	81439136	90.0
SRR2183395	PRJNA293771	ROC26	Saccharum officinarum	Saccharum officinarum	2	Leaf	Illumina HiSeq 2500	IU		PASS	85.53698088377898	35562318	132020	80137	167326	6.259	83161522	90.0
SRR2183396	PRJNA293771	ROC26	Saccharum officinarum	Saccharum officinarum	2	Leaf	Illumina HiSeq 2500	IU		PASS	86.06933293525589	33809875	128085	76609	161397	6.0161	78574934	90.0
SRR2183397	PRJNA293771	ROC26	Saccharum officinarum	Saccharum officinarum	2	Leaf	Illumina HiSeq 2500	IU		PASS	83.70594847696147	33834347	127821	78218	162029	6.9335	80853072	90.0
SRR2183394	PRJNA293771	ROC26	Saccharum officinarum	Saccharum officinarum	2	Leaf	Illumina HiSeq 2500	IU		PASS	86.64290995709194	33296736	129456	78658	164079	5.6742	76869838	90.0
SRR5482128	PRJNA383958	GXS87-16	Saccharum spontaneum	Saccharum spontaneum	3	Leaf	Illumina HiSeq 2000	IU		PASS	86.58437872624089	28696213	113662	58865	135452	4.9965	66288296	90.0
SRR5482129	PRJNA383958	GXS87-16	Saccharum spontaneum	Saccharum spontaneum	3	Leaf	Illumina HiSeq 2000	IU		PASS	84.24154693751797	33483550	113808	61585	139664	6.1665	79502382	90.0
SRR5482137	PRJNA383958	GXS87-16	Saccharum spontaneum	Saccharum spontaneum	3	Leaf	Illumina HiSeq 2000	IU		PASS	86.5381710354427	34876136	112392	56651	136137	5.383	80610856	90.0
SRR5482127	PRJNA383958	GXS87-16	Saccharum spontaneum	Saccharum spontaneum	3	Leaf	Illumina HiSeq 2000	IU		PASS	82.99637119375834	32935240	115561	62793	142014	6.7022	79374132	90.0
SRR5482138	PRJNA383958	GXS87-16	Saccharum spontaneum	Saccharum spontaneum	3	Leaf	Illumina HiSeq 2000	IU		PASS	86.53659691808231	35320510	112019	56680	135827	5.4411	81638976	90.0
SRR5482126	PRJNA383958	GXS87-16	Saccharum spontaneum	Saccharum spontaneum	3	Leaf	Illumina HiSeq 2000	IU		PASS	81.18336239252436	30057212	124064	72015	153160	6.6571	74053958	90.0
SRR18691860	PRJNA824938	F172	Saccharum spontaneum	Saccharum spontaneum	3	Stem Epidermis	Illumina HiSeq 2500	IU		PASS	75.53322552071059	79004015	138412	79050	184216	12.0776	210993828	150.0
SRR18691859	PRJNA824938	YT93/159	Saccharum spontaneum	Saccharum spontaneum	3	Stem Epidermis	Illumina HiSeq 2500	IU		PASS	77.39190246030269	82859135	138672	77904	184757	11.2138	215239082	150.0
SRR18691861	PRJNA824938	F134	Saccharum spontaneum	Saccharum spontaneum	3	Stem Epidermis	Illumina HiSeq 2500	IU		PASS	77.30938568094868	67992786	136708	77979	181902	11.6988	176740668	150.0
SRR18691862	PRJNA824938	ROC16	Saccharum spontaneum	Saccharum spontaneum	3	Stem Epidermis	Illumina HiSeq 2500	IU		PASS	77.33512263119042	71788817	134203	74126	178452	11.797	186529096	150.0
SRR24349465	PRJNA955119	Guire 2	Saccharum officinarum	Saccharum officinarum	2	Tiller Seedling	Illumina NovaSeq 6000	IU		PASS	74.4640180102659	97953344	142741	78135	188547	13.302	263173708	150.0
SRR24349466	PRJNA955119	Guire 2	Saccharum officinarum	Saccharum officinarum	2	Tiller Seedling	Illumina NovaSeq 6000	IU		PASS	80.93785636127622	96474060	147430	83735	196202	9.7641	238473600	150.0
SRR24349462	PRJNA955119	Guire 2	Saccharum officinarum	Saccharum officinarum	2	Tiller Seedling	Illumina NovaSeq 6000	IU		PASS	79.35661852587717	107811303	148101	83338	197341	10.6962	271800038	150.0
SRR24349461	PRJNA955119	Guire 2	Saccharum officinarum	Saccharum officinarum	2	Tiller Seedling	Illumina NovaSeq 6000	IU		PASS	83.45967784653085	98160374	148418	83307	197286	8.3596	235293356	150.0
SRR24349464	PRJNA955119	Guire 2	Saccharum officinarum	Saccharum officinarum	2	Tiller Seedling	Illumina NovaSeq 6000	IU		PASS	75.91109766898218	89070978	141405	77981	186588	12.1679	234750276	150.0
SRR24349463	PRJNA955119	Guire 2	Saccharum officinarum	Saccharum officinarum	2	Tiller Seedling	Illumina NovaSeq 6000	IU		PASS	79.85720447882002	108917123	148218	84766	198078	10.2372	272858688	150.0
SRR6220292	PRJNA415122	CP74-2005	Saccharum hybrid cultivar	Saccharum hybrid cultivar (non-R570)	1	Bud	Illumina HiSeq 2000	IU		PASS	82.92532140146007	21347497	131770	81684	163529	7.4105	51988192	100.0
SRR6220290	PRJNA415122	CP74-2005	Saccharum hybrid cultivar	Saccharum hybrid cultivar (non-R570)	1	Bud	Illumina HiSeq 2000	IU		PASS	80.42018759481226	18144685	130357	80690	160266	8.7363	45825580	100.0
SRR6220289	PRJNA415122	CP74-2005	Saccharum hybrid cultivar	Saccharum hybrid cultivar (non-R570)	1	Bud	Illumina HiSeq 2000	IU		PASS	81.89789419594842	21463873	132902	79016	163962	8.2782	52865266	100.0
SRR6220287	PRJNA415122	CP74-2005	Saccharum hybrid cultivar	Saccharum hybrid cultivar (non-R570)	1	Bud	Illumina HiSeq 2000	IU		PASS	81.11374243014967	19213327	131280	83547	162060	8.0948	48039604	100.0
SRR6220291	PRJNA415122	CP74-2005	Saccharum hybrid cultivar	Saccharum hybrid cultivar (non-R570)	1	Bud	Illumina HiSeq 2000	IU		PASS	80.05708997893008	17738773	128974	81633	157317	8.111	44677032	100.0
SRR21991494	PRJNA835339	GX83-10	Saccharum spontaneum	Saccharum spontaneum	3	Root	Illumina HiSeq 2500	IU		PASS	81.0395624865303	34199680	102578	48457	124012	7.7068	84459884	150.0
SRR21991495	PRJNA835339	GX83-10	Saccharum spontaneum	Saccharum spontaneum	3	Root	Illumina HiSeq 2500	IU		PASS	85.38585865526454	31414564	111625	58934	137844	6.7768	73632190	150.0
SRR21991496	PRJNA835339	GX83-10	Saccharum spontaneum	Saccharum spontaneum	3	Root	Illumina HiSeq 2500	IU		PASS	85.2365687982352	27899580	109078	58082	133587	7.2048	65499514	150.0
SRR21991497	PRJNA835339	GX83-10	Saccharum spontaneum	Saccharum spontaneum	3	Root	Illumina HiSeq 2500	IU		PASS	85.68521371990106	32598063	109720	53347	132730	7.1202	76135996	150.0
SRR21991498	PRJNA835339	GX83-10	Saccharum spontaneum	Saccharum spontaneum	3	Root	Illumina HiSeq 2500	IU		PASS	87.38175349525336	32190967	113091	57827	135924	5.2996	73728280	150.0
SRR23595758	PRJNA937025	Co 86032	Saccharum hybrid cultivar	Saccharum hybrid cultivar (non-R570)	1	Root	Illumina HiSeq 1500	IU		PASS	68.68361351493255	19716417	101008	71847	114837	8.8208	57688868	150.0
SRR23595759	PRJNA937025	Co 86032	Saccharum hybrid cultivar	Saccharum hybrid cultivar (non-R570)	1	Root	Illumina HiSeq 1500	IU		PASS	74.20754639004835	21457420	101479	72417	115391	9.309	58145852	150.0
SRR23595761	PRJNA937025	Co 86032	Saccharum hybrid cultivar	Saccharum hybrid cultivar (non-R570)	1	Root	Illumina HiSeq 1500	IU		PASS	80.68159181489729	19489668	119289	69425	144892	8.8585	48490158	150.0
SRR23595763	PRJNA937025	Co 86032	Saccharum hybrid cultivar	Saccharum hybrid cultivar (non-R570)	1	Root	Illumina HiSeq 1500	IU		PASS	82.20260316391865	19192515	103565	68471	121081	8.8564	46847152	150.0
SRR23595760	PRJNA937025	Co 86032	Saccharum hybrid cultivar	Saccharum hybrid cultivar (non-R570)	1	Root	Illumina HiSeq 1500	IU		PASS	82.07026358978194	24604006	130525	79211	160215	7.8482	60112076	150.0
SRR4383927	PRJNA317338	Co 94009	Saccharum hybrid cultivar	Saccharum hybrid cultivar (non-R570)	1	Root	NextSeq 500	SR		PASS	72.09309229779744	16197119	114672	62074	138754	6.9329	22467474	143.1573
SRR4383926	PRJNA317338	Co 94008	Saccharum hybrid cultivar	Saccharum hybrid cultivar (non-R570)	1	Root	NextSeq 500	SR		PASS	76.38148727428495	16581114	124229	67788	149729	5.6352	21708646	143.0822
SRR9113176	PRJNA453102	CoLk94184	Saccharum hybrid cultivar	Saccharum hybrid cultivar (non-R570)	1	Stem	Illumina HiSeq 2000	ISR		PASS	75.21345929909764	16181817	105695	53306	125453	11.1902	43737874	96.3064
SRR9113179	PRJNA453102	CoLk94184	Saccharum hybrid cultivar	Saccharum hybrid cultivar (non-R570)	1	Stem	Illumina HiSeq 2000	ISR		PASS	75.44523518133082	10029848	98315	53041	114378	11.2383	26930636	96.5932
SRR9113178	PRJNA453102	CoLk94184	Saccharum hybrid cultivar	Saccharum hybrid cultivar (non-R570)	1	Stem	Illumina HiSeq 2000	ISR		PASS	73.52380584842847	16194041	109761	56687	131052	11.0379	44810982	96.3372
SRR9113177	PRJNA453102	CoLk94184	Saccharum hybrid cultivar	Saccharum hybrid cultivar (non-R570)	1	Stem	Illumina HiSeq 2000	ISR		PASS	71.36546831597315	15454539	106337	52873	126634	13.9204	44064674	96.257
SRR8771429	PRJNA528576	MS 68/47	Saccharum hybrid cultivar	Saccharum hybrid cultivar (non-R570)	1	Stem	Illumina HiSeq 2000	IU		PASS	84.24225280071398	36668523	127578	70204	161156	5.6657	87058838	145.6066
SRR8771430	PRJNA528576	CoV 92102	Saccharum hybrid cultivar	Saccharum hybrid cultivar (non-R570)	1	Stem	Illumina HiSeq 2000	IU		PASS	81.36906846030834	43134766	124978	66849	158328	6.3712	106027108	144.8675
SRR9204454	PRJNA546134	IAC66-6	Saccharum hybrid cultivar	Saccharum hybrid cultivar (non-R570)	1	Bud	Illumina HiScanSQ	ISR		PASS	76.86862744588487	14198109	123484	77995	148059	5.2198	36944322	97.8215
SRR9204453	PRJNA546134	IAC66-6	Saccharum hybrid cultivar	Saccharum hybrid cultivar (non-R570)	1	Bud	Illumina HiScanSQ	ISR		PASS	76.10621284026996	24565348	132201	79399	163061	5.1708	64559790	98.1964
SRR9204451	PRJNA546134	SP80-3280	Saccharum hybrid cultivar	Saccharum hybrid cultivar (non-R570)	1	Bud	Illumina HiScanSQ	ISR		PASS	78.61065353713157	19411831	128097	78320	156054	4.7393	49392148	97.8148
SRR9204452	PRJNA546134	SP80-3280	Saccharum hybrid cultivar	Saccharum hybrid cultivar (non-R570)	1	Bud	Illumina HiScanSQ	ISR		PASS	79.6856814096997	24319960	129958	78407	160050	4.9137	61044148	98.1283
SRR12336840	PRJNA606674	IJ	Saccharum officinarum	Saccharum officinarum	2	Leaf And Culm	NextSeq 500	ISR		PASS	41.1453279738418	10608927	89200	38930	99103	36.0862	51690584	150.0
SRR12336841	PRJNA606674	IJ	Saccharum officinarum	Saccharum officinarum	2	Leaf And Culm	NextSeq 500	ISR		PASS	45.388315551465375	15271300	88602	37421	97807	29.4714	67450500	150.0
SRR11089984	PRJNA606674	Cultivated	Saccharum hybrid cultivar	Saccharum hybrid cultivar (non-R570)	1	Leaf	NextSeq 500	ISR		PASS	60.705052173401974	16722238	114987	54392	133481	23.6658	55245818	150.0
SRR11089985	PRJNA606674	Cultivated	Saccharum hybrid cultivar	Saccharum hybrid cultivar (non-R570)	1	Leaf	NextSeq 500	ISR		PASS	61.8596832803111	18448821	113580	49630	129499	23.817	60150746	150.0
SRR21656241	PRJNA882367	IACSP97-7065	Saccharum hybrid cultivar	Saccharum hybrid cultivar (non-R570)	1	Leaf + 1	Illumina HiSeq 2000	IU		PASS	82.51724030862655	15095024	107873	55527	129451	8.5437	37535180	100.0
SRR21656242	PRJNA882367	IACSP97-7065	Saccharum hybrid cultivar	Saccharum hybrid cultivar (non-R570)	1	Leaf + 1	Illumina HiSeq 2000	IU		PASS	82.71978178181745	13559152	106705	56725	128166	8.2041	33671680	100.0
SRR21656243	PRJNA882367	IACSP94-2094	Saccharum hybrid cultivar	Saccharum hybrid cultivar (non-R570)	1	Leaf + 1	Illumina HiSeq 2000	IU		PASS	84.07783612380744	11157503	104995	58037	124150	7.3513	27315786	100.0
SRR21656244	PRJNA882367	IACSP94-2094	Saccharum hybrid cultivar	Saccharum hybrid cultivar (non-R570)	1	Leaf + 1	Illumina HiSeq 2000	IU		PASS	83.52201381439905	14027351	111550	64387	135176	7.309	34536494	100.0
ERR4165230	PRJEB38368	SP80-3280	Saccharum hybrid cultivar SP80-3280	Saccharum hybrid cultivar (non-R570)	1		Illumina HiSeq 2500	ISR		PASS	83.43575836397221	7342426	94885	61073	109969	7.2136	17609716	100.5349
ERR4165194	PRJEB38368	US85-1008	Saccharum hybrid cultivar	Saccharum hybrid cultivar (non-R570)	1		Illumina HiSeq 2500	ISR		PASS	75.46542795678326	9580607	97058	59170	113665	11.0357	25412036	100.5375
SRR1027649	PRJNA226750	Chunee	Saccharum hybrid cultivar Chunee	Saccharum hybrid cultivar (non-R570)	1		Illumina Genome Analyzer IIx	IU		PASS	60.64079499543078	2645693	82393	45160	86648	5.4769	13306252	38.0
SRR1027648	PRJNA226750	SP70-1143	Saccharum hybrid cultivar SP70-1143	Saccharum hybrid cultivar (non-R570)	1		Illumina Genome Analyzer IIx	IU		PASS	57.34461192859984	2899382	82492	42422	87277	4.428	14457248	38.0
SRR2992249	PRJNA298130	Co 7805	Saccharum hybrid cultivar	Saccharum hybrid cultivar (non-R570)	1		Illumina HiSeq 1000	IU		PASS	34.408574425113734	14452201	21343	9503	21681	1.4989	84003624	96.1141
SRR7252568	PRJNA474275	Co 99004	Saccharum hybrid cultivar	Saccharum hybrid cultivar (non-R570)	1	Meristem	Illumina HiSeq 2500	ISR	low_mapping_rate(<30%)	FLAG	24.578362844395407	6742788	104434	47790	118751	26.5849	55240382	100.0
SRR7252569	PRJNA474275	Co 99004	Saccharum hybrid cultivar	Saccharum hybrid cultivar (non-R570)	1	Meristem	Illumina HiSeq 2500	ISR	low_mapping_rate(<30%)	FLAG	27.19607459237119	4249103	87364	26654	95193	34.449	31672900	100.0
SRR14069285	PRJNA716503	Co 97010	Saccharum hybrid cultivar	Saccharum hybrid cultivar (non-R570)	1	Root	Illumina HiSeq 2500	ISR	low_mapping_rate(<30%)	FLAG	18.862639115811692	24829364	123650	43209	148370	15.711	263562622	100.0
SRR14069284	PRJNA716503	Co 97010	Saccharum hybrid cultivar	Saccharum hybrid cultivar (non-R570)	1	Root	Illumina HiSeq 2500	ISR	low_mapping_rate(<30%)	FLAG	25.107242584703116	33116109	132127	53328	162660	15.9272	264138736	100.0
SRR1203867	PRJNA242578	RB92-5345	Saccharum hybrid cultivar	Saccharum hybrid cultivar (non-R570)	1		Illumina HiScanSQ	IU		PASS	81.45740534123152	22506128	131760	74568	161909	8.5767	55567454	100.0
SRR5384056	PRJNA380333	CoC 671	Saccharum officinarum	Saccharum officinarum	2		Illumina HiSeq 2500	IU		PASS	81.62817568485147	13007440	110999	57173	130415	7.6742	31917598	150.0
SRR10559523	PRJNA580882	R570	Saccharum hybrid cultivar R570	R570 (reference genotype)	0	Leaf	Illumina NovaSeq 6000	ISR		PASS	84.48094467829026	133708999	144598	78891	201052	8.33	317130292	151.0
SRR10559521	PRJNA580883	R570	Saccharum hybrid cultivar R570	R570 (reference genotype)	0	Leaf	Illumina NovaSeq 6000	ISR		PASS	83.10763744601229	93377692	139865	68700	187491	8.3398	225428100	151.0
SRR10559519	PRJNA580884	R570	Saccharum hybrid cultivar R570	R570 (reference genotype)	0	Leaf	Illumina NovaSeq 6000	ISR		PASS	83.92910867957855	92119319	149023	80222	200817	8.7887	219820304	151.0
SRR10559520	PRJNA580885	R570	Saccharum hybrid cultivar R570	R570 (reference genotype)	0	Leaf	Illumina NovaSeq 6000	ISR		PASS	80.47307642262064	150829847	155644	71864	209184	12.737	375457782	151.0
SRR10559517	PRJNA580886	R570	Saccharum hybrid cultivar R570	R570 (reference genotype)	0	Leaf	Illumina NovaSeq 6000	ISR		PASS	80.03250559635853	105760628	145948	74150	196096	11.1803	264837280	151.0
SRR10559518	PRJNA580887	R570	Saccharum hybrid cultivar R570	R570 (reference genotype)	0	Leaf	Illumina NovaSeq 6000	ISR		PASS	80.30035334778914	93529419	143258	77563	194468	11.578	233439888	151.0
SRR10559525	PRJNA580888	R570	Saccharum hybrid cultivar R570	R570 (reference genotype)	0	Leaf	Illumina NovaSeq 6000	ISR		PASS	80.25756482334492	115542056	135623	73180	186330	8.6214	288209244	151.0
SRR10559526	PRJNA580889	R570	Saccharum hybrid cultivar R570	R570 (reference genotype)	0	Leaf	Illumina NovaSeq 6000	ISR		PASS	82.02219252980426	181370274	154020	88474	217326	9.4735	442665180	151.0
SRR10559516	PRJNA580890	R570	Saccharum hybrid cultivar R570	R570 (reference genotype)	0	Leaf	Illumina NovaSeq 6000	ISR		PASS	86.60825058878558	82560808	152479	86904	207094	6.9831	190864214	151.0
SRR10559524	PRJNA580891	R570	Saccharum hybrid cultivar R570	R570 (reference genotype)	0	Leaf	Illumina NovaSeq 6000	ISR		PASS	83.70459575418269	113238778	153080	90271	212889	8.4071	270759516	151.0
SRR10559522	PRJNA580892	R570	Saccharum hybrid cultivar R570	R570 (reference genotype)	0	Leaf	Illumina NovaSeq 6000	ISR		PASS	83.51073513854884	121967741	154658	90419	216044	8.5865	292417380	151.0
SRR10559530	PRJNA580893	R570	Saccharum hybrid cultivar R570	R570 (reference genotype)	0	Leaf	Illumina NovaSeq 6000	ISR		PASS	68.0994746191635	80899268	142366	72642	186788	4.8132	237972812	151.0
SRR10559511	PRJNA580894	R570	Saccharum hybrid cultivar R570	R570 (reference genotype)	0	Leaf	Illumina NovaSeq 6000	ISR		PASS	85.10679701467303	106936253	143122	66656	186585	9.8297	252036004	151.0
SRR10559512	PRJNA580895	R570	Saccharum hybrid cultivar R570	R570 (reference genotype)	0	Leaf	Illumina NovaSeq 6000	ISR		PASS	78.67503186427062	71268396	131477	71224	169600	9.3228	181436424	151.0
SRR10559508	PRJNA580896	R570	Saccharum hybrid cultivar R570	R570 (reference genotype)	0	Leaf	Illumina NovaSeq 6000	ISR		PASS	81.07103399199332	117408992	136302	70858	186961	9.7494	290130004	151.0
SRR10559509	PRJNA580897	R570	Saccharum hybrid cultivar R570	R570 (reference genotype)	0	Leaf	Illumina NovaSeq 6000	ISR		PASS	84.91830714630669	88170117	139223	74218	187980	7.3587	207950544	151.0
SRR10559510	PRJNA580898	R570	Saccharum hybrid cultivar R570	R570 (reference genotype)	0	Leaf	Illumina NovaSeq 6000	ISR		PASS	82.74472906210543	124898251	144733	82107	202026	8.4876	302324120	151.0
SRR10559513	PRJNA580899	R570	Saccharum hybrid cultivar R570	R570 (reference genotype)	0	Leaf	Illumina NovaSeq 6000	ISR		PASS	85.80114594250146	115586831	138326	82548	193636	7.7768	269760616	151.0
SRR10559514	PRJNA580900	R570	Saccharum hybrid cultivar R570	R570 (reference genotype)	0	Leaf	Illumina NovaSeq 6000	ISR		PASS	88.4032019680645	125948155	142117	81895	197737	5.9168	285242160	151.0
SRR10559515	PRJNA580901	R570	Saccharum hybrid cultivar R570	R570 (reference genotype)	0	Leaf	Illumina NovaSeq 6000	ISR		PASS	87.03335755750498	100077113	140571	72054	189662	7.3333	230537180	151.0
SRR10559533	PRJNA580902	R570	Saccharum hybrid cultivar R570	R570 (reference genotype)	0	Leaf	Illumina NovaSeq 6000	ISR		PASS	85.38233655082377	87154727	139637	72274	188172	7.276	204467048	151.0
SRR10559532	PRJNA580903	R570	Saccharum hybrid cultivar R570	R570 (reference genotype)	0	Leaf	Illumina NovaSeq 6000	ISR		PASS	87.14359460878453	102181746	140263	68774	187928	6.9074	234870554	151.0
SRR10559531	PRJNA580904	R570	Saccharum hybrid cultivar R570	R570 (reference genotype)	0	Leaf	Illumina NovaSeq 6000	ISR		PASS	88.97739884394859	131708711	151401	83878	209783	5.9519	296446194	151.0
SRR10559534	PRJNA580905	R570	Saccharum hybrid cultivar R570	R570 (reference genotype)	0	Leaf	Illumina NovaSeq 6000	ISR		PASS	80.04289282306014	100043112	148389	83429	204559	10.337	250140980	151.0
SRR10559527	PRJNA580906	R570	Saccharum hybrid cultivar R570	R570 (reference genotype)	0	Leaf	Illumina NovaSeq 6000	ISR		PASS	86.74997142853209	91353016	147848	78544	199537	6.8632	211044260	151.0
SRR10559529	PRJNA580907	R570	Saccharum hybrid cultivar R570	R570 (reference genotype)	0	Leaf	Illumina NovaSeq 6000	ISR		PASS	85.85852028147055	120876560	145491	85638	203587	7.5063	281974394	151.0
SRR10559528	PRJNA580908	R570	Saccharum hybrid cultivar R570	R570 (reference genotype)	0	Leaf	Illumina NovaSeq 6000	ISR		PASS	83.16258042483572	116562405	151634	88334	211736	8.663	280586600	151.0
SRR10559536	PRJNA580909	R570	Saccharum hybrid cultivar R570	R570 (reference genotype)	0	Leaf	Illumina NovaSeq 6000	ISR		PASS	62.90583819308539	6764880	108324	79445	123035	15.7822	21603500	151.0
SRR10559535	PRJNA580910	R570	Saccharum hybrid cultivar R570	R570 (reference genotype)	0	Leaf	Illumina NovaSeq 6000	ISR		PASS	65.65207516431694	92444517	154534	82856	210711	21.6742	281838970	151.0
